ダウンロード実行日,2026年08月08日現在,件数,6369件
ファンドコード,証券コード,ファンド名,ファンド名（ヨミ）,特定有価証券区分名,特定期1,特定期2,ＥＤＩＮＥＴコード,発行者名
"G01003","","しんきんインデックスファンド２２５","シンキンインデックスファンドニィニィゴ","内国投資信託受益証券","1月13日","","E12422","しんきんアセットマネジメント投信株式会社"
"G01034","","三菱ＵＦＪ　日本株オープン「３５」","ミツビシユーエフジェイニホンカブオープンサンジュウゴ","内国投資信託受益証券","3月23日","","E11518","三菱ＵＦＪアセットマネジメント株式会社"
"G01045","","グローイング・エンジェル","グローイング　エンジェル","内国投資信託受益証券","3月10日","","E06458","ドイチェ・アセット・マネジメント株式会社"
"G01051","","三菱ＵＦＪ　日本成長株オープン","ミツビシユーエフジェイニホンセイチョウカブオープン","内国投資信託受益証券","4月20日","","E11518","三菱ＵＦＪアセットマネジメント株式会社"
"G01060","","損保ジャパン－ＴＣＷ外国株式ファンドＡコース（為替ヘッジあり）／Ｂコース（為替ヘッジなし）","ソンポジャパンティーシーダブリューガイコクカブシキファンド　エーコース　カワセヘッジアリ　　ビーコース　カワセヘッジナシ","内国投資信託受益証券","7月15日","","E12434","ＳＯＭＰＯアセットマネジメント株式会社"
"G01074","","シナプス（Ｓｙｎａｐｓｅ）","シナプス","内国投資信託受益証券","3月22日","","E08957","三井住友ＤＳアセットマネジメント株式会社"
"G01075","","ピクテ・ニッポン・グロース・ファンド","ピクテニッポングロースファンド","内国投資信託受益証券","5月27日","11月27日","E10439","ピクテ・ジャパン株式会社"
"G01097","","東海ＭＲＦ（マネー・リザーブ・ファンド）","トウカイエムアールエフマネーリザーブファンド","内国投資信託受益証券","5月31日","11月30日","E11518","三菱ＵＦＪアセットマネジメント株式会社"
"G01100","","ジャパン・グロース・ファンド","ジャパングロースファンド","内国投資信託受益証券","6月21日","","E12444","三井住友トラスト・アセットマネジメント株式会社"
"G01105","","ＡＬＡＭＣＯ　クオンツ　日本株オープン","アラムコクオンツニホンカブオープン","内国投資信託受益証券","6月22日","","E12447","朝日ライフ　アセットマネジメント株式会社"
"G01107","","大同リサーチ＆アクティブオープン","ダイドーリサーチアンドアクティブオープン","内国投資信託受益証券","6月29日","","E11764","Ｔ＆Ｄアセットマネジメント株式会社"
"G01117","","ニッセイ日本株オープン","ニッセイニホンカブオープン","内国投資信託受益証券","1月25日","7月25日","E12453","ニッセイアセットマネジメント株式会社"
"G01125","","りそな・日経２２５オープン","リソナニッケイニイニイゴオープン","内国投資信託受益証券","7月11日","","E09666","アムンディ・ジャパン株式会社"
"G01126","","三井住友・スーパーアクティブ・オープン","ミツイスミトモスーパーアクティブオープン","内国投資信託受益証券","1月27日","7月27日","E08957","三井住友ＤＳアセットマネジメント株式会社"
"G01131","","ドイチェ・ジャパン・グロース・オープン","ドイチェジャパングロースオープン","内国投資信託受益証券","3月10日","","E06458","ドイチェ・アセット・マネジメント株式会社"
"G01146","","日興エコファンド","ニッコウエコファンド","内国投資信託受益証券","8月19日","","E12430","アモーヴァ・アセットマネジメント株式会社"
"G01156","","さわかみファンド","サワカミファンド","内国投資信託受益証券","8月23日","","E12468","さわかみ投信株式会社"
"G01157","","デジタル情報通信革命","デジタルジョウホウツウシンカクメイ","内国投資信託受益証券","8月20日","","E06748","大和アセットマネジメント株式会社"
"G01158","","損保ジャパン・グリーン・オープン","ソンポジャパングリーンオープン","内国投資信託受益証券","7月15日","","E12434","ＳＯＭＰＯアセットマネジメント株式会社"
"G01164","","三井住友・日本株・成長力ファンド","ミツイスミトモニホンカブセイチョウリョクファンド","内国投資信託受益証券","9月20日","","E08957","三井住友ＤＳアセットマネジメント株式会社"
"G01170","","ノムラ・ボンド＆ローン・ファンド","ノムラ　ボンドアンドローン　ファンド","内国投資信託受益証券","3月15日","9月15日","E12460","野村アセットマネジメント株式会社"
"G01179","","三菱ＵＦＪ　日本株グロースオープン","ミツビシユーエフジェイニホンカブグロースオープン","内国投資信託受益証券","4月20日","10月20日","E11518","三菱ＵＦＪアセットマネジメント株式会社"
"G01186","","ＪＰＭ・Ｅ－フロンティア・オープン","ジェイピーエムイーフロンティアオープン","内国投資信託受益証券","10月28日","","E06264","ＪＰモルガン・アセット・マネジメント株式会社"
"G01189","","損保ジャパン日本株ファンド","ソンポジャパンニホンカブファンド","内国投資信託受益証券","7月15日","","E12434","ＳＯＭＰＯアセットマネジメント株式会社"
"G01194","","アセット・ナビゲーション・ファンド（株式８０）","アセットナビゲーションファンドカブシキハチジュウ","内国投資信託受益証券","10月26日","","E12430","アモーヴァ・アセットマネジメント株式会社"
"G01202","","フィデリティ・テクノロジー厳選株式ファンド","フィデリティテクノロジーゲンセンカブシキファンド","内国投資信託受益証券","2月20日","","E12481","フィデリティ投信株式会社"
"G01204","","ＡＬＡＭＣＯ　リサーチ　日本株オープン","アラムコリサーチニホンカブオープン","内国投資信託受益証券","10月19日","","E12447","朝日ライフ　アセットマネジメント株式会社"
"G01205","","ｎｅｔＷＩＮ　ＧＳテクノロジー株式ファンドＡコース（為替ヘッジあり）／Ｂコース（為替ヘッジなし）","ネットウィン　ジーエス　テクノロジーカブシキファンド　エーコース　カワセヘッジアリ　ビーコース　カワセヘッジナシ","内国投資信託受益証券","11月30日","5月30日","E12457","ゴールドマン・サックス・アセット・マネジメント株式会社"
"G01207","","次世代ファンド","ジセダイファンド","内国投資信託受益証券","11月29日","","E12444","三井住友トラスト・アセットマネジメント株式会社"
"G01208","","ＣＢオープン","シービーオープン","内国投資信託受益証券","11月29日","","E12444","三井住友トラスト・アセットマネジメント株式会社"
"G01213","","ＤＬＩＢＪ公社債オープン（短期コース）","ディエルアイビィジェイコウシャサイオープンタンキコース","内国投資信託受益証券","3月21日","9月21日","E10677","アセットマネジメントＯｎｅ株式会社"
"G01214","","ＤＬＩＢＪ公社債オープン（中期コース）","ディエルアイビィジェイコウシャサイオープンチュウキコース","内国投資信託受益証券","3月21日","9月21日","E10677","アセットマネジメントＯｎｅ株式会社"
"G01217","","ＪＰＭザ・ジャパン","ジェイピーエムザジャパン","内国投資信託受益証券","12月14日","","E06264","ＪＰモルガン・アセット・マネジメント株式会社"
"G01221","","新世代成長株ファンド","シンセダイセイチョウカブファンド","内国投資信託受益証券","12月14日","","E06748","大和アセットマネジメント株式会社"
"G01231","","エコ・パートナーズ","エコパートナーズ","内国投資信託受益証券","1月27日","","E11518","三菱ＵＦＪアセットマネジメント株式会社"
"G01237","","三井住友・日本株グロース・オープン","ミツイスミトモニホンカブグロースオープン","内国投資信託受益証券","1月27日","7月27日","E08957","三井住友ＤＳアセットマネジメント株式会社"
"G01240","","野村国内株式アクティブオープン","ノムラコクナイカブシキアクティブオープン","内国投資信託受益証券","2月27日","8月27日","E12460","野村アセットマネジメント株式会社"
"G01241","","ニッセイグローバルバランスオープン（債券重視型）／ニッセイグローバルバランスオープン（標　準　型）／ニッセイグローバルバランスオープン（株式重視型）","ニッセイグローバルバランスオープンサイケンジュウシガタ　ニッセイグローバルバランスオープンヒョウジュンガタ　ニッセイグローバルバランスオープンカブシキジュウシガタ","内国投資信託受益証券","12月20日","","E12453","ニッセイアセットマネジメント株式会社"
"G01246","","三菱ＵＦＪ　ターゲット・イヤーファンド　２０３０／２０４０","ミツビシユーエフジェイターゲットイヤーファンドニイゼロサンゼロニイゼロヨンゼロ","内国投資信託受益証券","2月7日","8月7日","E11518","三菱ＵＦＪアセットマネジメント株式会社"
"G01247","","三菱ＵＦＪ　ライフ・バランスファンド（安定型）／（安定成長型）／（成長型）／（積極型）","ミツビシユーエフジェイライフバランスファンドアンテイガタアンテイセイチョウガタセイチョウガタセッキョクガタ","内国投資信託受益証券","2月7日","8月7日","E11518","三菱ＵＦＪアセットマネジメント株式会社"
"G01258","","ニッセイ日本株グロースオープン","ニッセイニホンカブグロースオープン","内国投資信託受益証券","2月25日","8月25日","E12453","ニッセイアセットマネジメント株式会社"
"G01259","","新経済大国日本","シンケイザイタイコクニッポン","内国投資信託受益証券","2月24日","8月24日","E06748","大和アセットマネジメント株式会社"
"G01260","","Ｏｎｅ成長株オープン","ワンセイチョウカブオープン","内国投資信託受益証券","1月20日","","E10677","アセットマネジメントＯｎｅ株式会社"
"G01265","","日興クオンツ・アクティブ・ジャパン","ニッコウクオンツアクティブジャパン","内国投資信託受益証券","2月15日","","E12430","アモーヴァ・アセットマネジメント株式会社"
"G01269","","ダイワ・バリュー株・オープン","ダイワバリューカブオープン","内国投資信託受益証券","3月9日","9月9日","E06748","大和アセットマネジメント株式会社"
"G01274","","青のライフキャンバス・ファンド（標準型）赤のライフキャンバス・ファンド（積極型）","アオノライフキャンパスファンドヒョウジュンガタアカノライフキャンパスファンドセッキョクガタ","内国投資信託受益証券","2月15日","","E11764","Ｔ＆Ｄアセットマネジメント株式会社"
"G01276","","ルーミス　グローバル　ボンドファンド（為替ヘッジあり・年２回決算型）","ルーミスグローバルボンドファンドカワセヘッジアリネンニカイケッサンガタ","内国投資信託受益証券","2月24日","8月24日","E12447","朝日ライフ　アセットマネジメント株式会社"
"G01283","","三菱ＵＦＪ　ＭＲＦ（マネー・リザーブ・ファンド）","ミツビシユーエフジェイエムアールエフマネーリザーブファンド","内国投資信託受益証券","4月30日","10月31日","E11518","三菱ＵＦＪアセットマネジメント株式会社"
"G01291","","ハリス　グローバル　バリュー株ファンド（年１回決算型）","ハリスグローバルバリューカブファンドネンイッカイケッサンガタ","内国投資信託受益証券","3月16日","","E12447","朝日ライフ　アセットマネジメント株式会社"
"G01293","","日本株バリュー・ファンド","ニホンカブバリューファンド","内国投資信託受益証券","6月10日","12月10日","E11518","三菱ＵＦＪアセットマネジメント株式会社"
"G01294","","日本株グロース・ファンド","ニホンカブグロースファンド","内国投資信託受益証券","6月10日","12月10日","E11518","三菱ＵＦＪアセットマネジメント株式会社"
"G01295","","日本・小型株・ファンド","ニホンコガタカブファンド","内国投資信託受益証券","6月10日","12月10日","E11518","三菱ＵＦＪアセットマネジメント株式会社"
"G01296","","日本株スタイル・ミックス・ファンド","ニホンカブスタイルミックスファンド","内国投資信託受益証券","6月10日","12月10日","E11518","三菱ＵＦＪアセットマネジメント株式会社"
"G01297","","日本株インカム・ファンド","ニホンカブインカムファンド","内国投資信託受益証券","6月10日","12月10日","E11518","三菱ＵＦＪアセットマネジメント株式会社"
"G01304","","日興エボリューション","ニッコウエボリューション","内国投資信託受益証券","4月20日","","E12430","アモーヴァ・アセットマネジメント株式会社"
"G01315","","フィデリティ・日本優良株・ファンド","フィデリティニホンユウリョウカブファンド","内国投資信託受益証券","10月31日","","E12481","フィデリティ投信株式会社"
"G01316","","フィデリティ・ジャパン・アグレッシブ・グロース","フィデリティジャパンアグレッシブグロース","内国投資信託受益証券","10月31日","","E12481","フィデリティ投信株式会社"
"G01318","","三菱ＵＦＪ　スタイルセレクト・グロースファンド／バリューファンド／ブレンドファンド　ＢＷマネープールファンド","ミツビシユーエフジェイタイルセレクトグロースファンドバリューファンドブレンドファンドビーダブリューマネープールファンド","内国投資信託受益証券","3月10日","9月10日","E11518","三菱ＵＦＪアセットマネジメント株式会社"
"G01321","","三菱ＵＦＪ　トピックスインデックスオープン","ミツビシユーエフジェイ　トピックスインデックスオープン","内国投資信託受益証券","2月20日","","E11518","三菱ＵＦＪアセットマネジメント株式会社"
"G01330","","ＧＳ　日本小型株ファンド","ジーエスニホンコガタカブファンド","内国投資信託受益証券","4月15日","10月15日","E12457","ゴールドマン・サックス・アセット・マネジメント株式会社"
"G01331","","三菱ＵＦＪ　日本株式オープン","ミツビシユーエフジェイ　ニホンカブシキオープン","内国投資信託受益証券","2月15日","","E11518","三菱ＵＦＪアセットマネジメント株式会社"
"G01332","","三菱ＵＦＪ　日本バランスオープン　株式２０型　三菱ＵＦＪ　日本バランスオープン　株式４０型","ミツビシユーエフジェイ　ニホンバランスオープン　カブシキニジュウガタ　　ミツビシユーエフジェイ　ニホンバランスオープン　カブシキヨンジュウガタ","内国投資信託受益証券","2月15日","","E11518","三菱ＵＦＪアセットマネジメント株式会社"
"G01333","","ピクテ・バイオ医薬品ファンド（１年決算型）円コース","ピクテバイオイヤクヒンファンドイチネンケッサンガタエンコース","内国投資信託受益証券","4月13日","","E10439","ピクテ・ジャパン株式会社"
"G01338","","ＪＰＭ中小型株・アクティブ・オープン","ジェイピーエムチュウコガタカブアクティブオープン","内国投資信託受益証券","9月10日","","E06264","ＪＰモルガン・アセット・マネジメント株式会社"
"G01339","","インベスコ　ジャパン・エンタープライズ・オープン","インベスコ　ジャパンエンタープライズオープン","内国投資信託受益証券","4月27日","","E06479","インベスコ・アセット・マネジメント株式会社"
"G01347","","ダイワ投信倶楽部日本債券インデックス","ダイワトウシンクラブニホンサイケンインデックス","内国投資信託受益証券","11月30日","","E06748","大和アセットマネジメント株式会社"
"G01348","","ダイワ投信倶楽部外国株式インデックス","ダイワトウシンクラブガイコクカブシキインデックス","内国投資信託受益証券","11月30日","","E06748","大和アセットマネジメント株式会社"
"G01349","","ダイワライフスタイル２５","ダイワライフスタイルニジュウゴ","内国投資信託受益証券","11月30日","","E06748","大和アセットマネジメント株式会社"
"G01354","","三井住友・げんきシニアライフ・オープン","ミツイスミトモゲンキシニアライフオープン","内国投資信託受益証券","5月25日","11月25日","E08957","三井住友ＤＳアセットマネジメント株式会社"
"G01363","","日本株式インデックス・オープン","ニホンカブシキインデックスオープン","内国投資信託受益証券","5月29日","","E12444","三井住友トラスト・アセットマネジメント株式会社"
"G01364","","外国株式インデックス・オープン","ガイコクカブシキインデックスオープン","内国投資信託受益証券","5月29日","","E12444","三井住友トラスト・アセットマネジメント株式会社"
"G01378","","三菱ＵＦＪ　グローバルイノベーション","ミツビシユーエフジェイ　グローバルイノベーション","内国投資信託受益証券","6月20日","","E11518","三菱ＵＦＪアセットマネジメント株式会社"
"G01379","","三菱　ＭＲＦ（マネー・リザーブ・ファンド）","ミツビシエムアールエフマネーリザーブファンド","内国投資信託受益証券","5月31日","11月30日","E11518","三菱ＵＦＪアセットマネジメント株式会社"
"G01383","","キャッシュフロー経営評価オープン","キャッシュフローケイエイヒョウカオープン","内国投資信託受益証券","6月29日","","E12444","三井住友トラスト・アセットマネジメント株式会社"
"G01384","","中小型株式オープン","チュウコガタカブシキオープン","内国投資信託受益証券","6月29日","","E12444","三井住友トラスト・アセットマネジメント株式会社"
"G01389","","ストラテジック・バリュー・オープン","ストラテジック　バリュー　オープン","内国投資信託受益証券","7月24日","","E12460","野村アセットマネジメント株式会社"
"G01393","","しんきんトピックスオープン","シンキントピックスオープン","内国投資信託受益証券","7月18日","","E12422","しんきんアセットマネジメント投信株式会社"
"G01396","","ニッセイ日本株リサーチオープン","ニッセイニホンカブリサーチオープン","内国投資信託受益証券","1月25日","7月25日","E12453","ニッセイアセットマネジメント株式会社"
"G01406","","三井住友・日経２２５オープン","ミツイスミトモニッケイニィニィゴオープン","内国投資信託受益証券","1月11日","","E08957","三井住友ＤＳアセットマネジメント株式会社"
"G01407","","三菱ＵＦＪ　ライフプラン　２５　三菱ＵＦＪ　ライフプラン　５０　三菱ＵＦＪ　ライフプラン　７５","ミツビシユーエフジェイライフプランニジュウゴミツビシユーエフジェイライフプランゴジュウミツビシユーエフジェイライフプランナナジュウゴ","内国投資信託受益証券","12月15日","","E11518","三菱ＵＦＪアセットマネジメント株式会社"
"G01408","","三菱ＵＦＪ　海外株式オープン","ミツビシユーエフジェイカイガイカブシキオープン","内国投資信託受益証券","12月15日","","E11518","三菱ＵＦＪアセットマネジメント株式会社"
"G01409","","三菱ＵＦＪ　海外債券オープン","ミツビシユーエフジェイカイガイサイケンオープン","内国投資信託受益証券","12月15日","","E11518","三菱ＵＦＪアセットマネジメント株式会社"
"G01411","","三井住友・ＤＣ日本株式リサーチファンド","ミツイスミトモディーシーニホンカブシキリサーチファンド","内国投資信託受益証券","1月17日","","E08957","三井住友ＤＳアセットマネジメント株式会社"
"G01413","","三井住友・グローバル株式年金ファンド　Ａコース　（為替ヘッジあり）　三井住友・グローバル株式年金ファンド　Ｂコース　（為替ヘッジなし）","ミツイスミトモグローバルカブシキネンキンファンドエーコースカワセヘッジアリ　ミツイスミトモグローバルカブシキネンキンファンドビーコースカワセヘッジナシ","内国投資信託受益証券","1月23日","","E08957","三井住友ＤＳアセットマネジメント株式会社"
"G01417","","ハッピーエイジング・ファンド　ハッピーエイジング２０　３０　４０　５０　６０","ハッピーエイジングファンド　ハッピーエイジング　ニジュー　サンジュー　ヨンジュー　ゴジュー　ロクジュー","内国投資信託受益証券","7月15日","","E12434","ＳＯＭＰＯアセットマネジメント株式会社"
"G01418","","損保ジャパン日本債券ファンド","ソンポジャパンニホンサイケンファンド","内国投資信託受益証券","7月15日","","E12434","ＳＯＭＰＯアセットマネジメント株式会社"
"G01419","","損保ジャパン外国債券ファンド","ソンポジャパンガイコクサイケンファンド","内国投資信託受益証券","7月15日","","E12434","ＳＯＭＰＯアセットマネジメント株式会社"
"G01423","","ＪＰＭ日本中小型株ファンド","ジェイピーエムニホンチュウコガタカブファンド","内国投資信託受益証券","7月15日","","E06264","ＪＰモルガン・アセット・マネジメント株式会社"
"G01425","","アムンディ・ターゲット・ジャパン・ファンド","アムンディターゲットジャパンファンド","内国投資信託受益証券","2月20日","8月20日","E09666","アムンディ・ジャパン株式会社"
"G01428","","Ｏｎｅ国内株オープン","ワンコクナイカブオープン","内国投資信託受益証券","8月29日","","E10677","アセットマネジメントＯｎｅ株式会社"
"G01433","","三菱ＵＦＪ　ライフセレクトファンド（安定型）　三菱ＵＦＪ　ライフセレクトファンド（安定成長型）　三菱ＵＦＪ　ライフセレクトファンド（成長型）","ミツビシユーエフジェイライフセレクトファンドアンテイガタミツビシユーエフジェイライフセレクトファンドアンテイセイチョウガタミツビシユーエフジェイライフセレクトファンドセイチョウガタ","内国投資信託受益証券","5月20日","","E11518","三菱ＵＦＪアセットマネジメント株式会社"
"G01434","","三菱ＵＦＪ　外国債券オープン","ミツビシユーエフジェイ　ガイコクサイケンオープン","内国投資信託受益証券","8月10日","","E11518","三菱ＵＦＪアセットマネジメント株式会社"
"G01435","","三井住友・バリュー株式年金ファンド","ミツイスミトモバリューカブシキネンキンファンド","内国投資信託受益証券","2月21日","","E08957","三井住友ＤＳアセットマネジメント株式会社"
"G01443","","ファンド・オブ・オールスター・ファンズ","ファンドオブオールスターファンズ","内国投資信託受益証券","3月27日","9月27日","E11518","三菱ＵＦＪアセットマネジメント株式会社"
"G01445","","ミュータント","ミュータント","内国投資信託受益証券","9月27日","","E12430","アモーヴァ・アセットマネジメント株式会社"
"G01449","","ニッセイ日本ストラテジックオープン","ニッセイニホンストラテジックオープン","内国投資信託受益証券","9月25日","","E12453","ニッセイアセットマネジメント株式会社"
"G01451","","フィデリティ・中小型株・オープン","フィデリティチュウコガタカブオープン","内国投資信託受益証券","3月13日","9月13日","E12481","フィデリティ投信株式会社"
"G01452","","日本インデックスオープン２２５","ニホンインデックスオープンニーニーゴ","内国投資信託受益証券","9月6日","","E12441","ＳＢＩ岡三アセットマネジメント株式会社"
"G01454","","ＡＬＡＭＣＯ　ＳＲＩ　社会貢献ファンド","アラムコエスアールアイシャカイコウケンファンド","内国投資信託受益証券","9月20日","","E12447","朝日ライフ　アセットマネジメント株式会社"
"G01455","","三菱ＵＦＪ　バリューオープン","ミツビシユーエフジェイ　バリューオープン","内国投資信託受益証券","9月25日","","E11518","三菱ＵＦＪアセットマネジメント株式会社"
"G01456","","三井住友・年金プラン３０　三井住友・年金プラン５０　三井住友・年金プラン７０","ミツイスミトモネンキンプランサンジュウ　ミツイスミトモネンキンプランゴジュウ　ミツイスミトモネンキンプランナナジュウ","内国投資信託受益証券","3月6日","","E08957","三井住友ＤＳアセットマネジメント株式会社"
"G01461","","スパークス・ジャパン・スモール・キャップ・ファンド","スパークス　ジャパン　スモール　キャップ　ファンド","内国投資信託受益証券","10月15日","","E11161","スパークス・アセット・マネジメント株式会社"
"G01465","","三菱ＵＦＪ　日本株アクティブ・ファンド","ミツビシユーエフジェイニホンカブアクティブファンド","内国投資信託受益証券","10月30日","","E11518","三菱ＵＦＪアセットマネジメント株式会社"
"G01499","","米国ＮＡＳＤＡＱオープン　Ａコース、米国ＮＡＳＤＡＱオープン　Ｂコース","ベイコクナスダックオープン　エーコース　ベイコクナスダックオープン　ビーコース","内国投資信託受益証券","5月28日","11月28日","E12460","野村アセットマネジメント株式会社"
"G01500","","日興アクティブ・ダイナミクス","ニッコウアクティブダイナミクス","内国投資信託受益証券","12月14日","","E12430","アモーヴァ・アセットマネジメント株式会社"
"G01514","","ＡＬＡＭＣＯ　日経平均ファンド","アラムコニッケイヘイキンファンド","内国投資信託受益証券","11月15日","","E12447","朝日ライフ　アセットマネジメント株式会社"
"G01518","","三菱ＵＦＪ　ＭＶ２０　三菱ＵＦＪ　ＭＶ４０　三菱ＵＦＪ　ＭＶ８０","ミツビシユーエフジェイエムヴイニジュウミツビシユーエフジェイエムヴイヨンジュウミツビシユーエフジェイエムヴイハチジュウ","内国投資信託受益証券","12月12日","","E11518","三菱ＵＦＪアセットマネジメント株式会社"
"G01521","","バランス物語３０（安定型）、バランス物語５０（安定・成長型）、バランス物語７０（成長型）","バランスモノガタリサンジュウ　アンテイガタ　バランスモノガタリゴジュウ　アンテイセイチョウガタ　バランスモノガタリナナジュウ　セイチョウガタ","内国投資信託受益証券","2月25日","8月25日","E10677","アセットマネジメントＯｎｅ株式会社"
"G01537","","［アバディーン・ファンド・セレクション］海外高格付け債ファンド　Ｂコース（為替ヘッジなし）","アバディーン　ファンド　セレクション　カイガイコウカクヅケサイファンド　ビーコース　カワセヘッジナシ","内国投資信託受益証券","6月10日","12月10日","E08163","アバディーン・ジャパン株式会社"
"G01542","","アバディーン・ジャパン・オープン","アバディーン　ジャパン　オープン","内国投資信託受益証券","3月17日","9月17日","E08163","アバディーン・ジャパン株式会社"
"G01552","","ＪＰＭアジア・成長株・ファンド","ジェイピーエムアジアセイチョウカブファンド","内国投資信託受益証券","1月18日","7月18日","E06264","ＪＰモルガン・アセット・マネジメント株式会社"
"G01557","","ＪＰＭグローバル・ＣＢ・オープン’９５","ジェイピーエムグローバルシービーオープンキュウジュウゴ","内国投資信託受益証券","1月30日","7月30日","E06264","ＪＰモルガン・アセット・マネジメント株式会社"
"G01561","","ＪＰＭ中小型株オープン","ジェイピーエムチュウコガタカブオープン","内国投資信託受益証券","4月20日","10月20日","E06264","ＪＰモルガン・アセット・マネジメント株式会社"
"G01563","","ＪＰＭグレーター・チャイナ・オープン","ジェイピーエムグレーターチャイナオープン","内国投資信託受益証券","4月24日","10月24日","E06264","ＪＰモルガン・アセット・マネジメント株式会社"
"G01565","","ＪＰＭ日本株・アクティブ・オープン","ジェイピーエムニホンカブアクティブオープン","内国投資信託受益証券","9月10日","","E06264","ＪＰモルガン・アセット・マネジメント株式会社"
"G01569","","ＪＰＭアジア株・アクティブ・オープン","ジェイピーエムアジアカブアクティブオープン","内国投資信託受益証券","5月15日","11月15日","E06264","ＪＰモルガン・アセット・マネジメント株式会社"
"G01571","","損保ジャパン日本株オープン","ソンポジャパンニホンカブオープン","内国投資信託受益証券","7月15日","","E12434","ＳＯＭＰＯアセットマネジメント株式会社"
"G01613","","ニッセイ／パトナム・インカムオープン","ニッセイパトナムインカムオープン","内国投資信託受益証券","4月15日","10月15日","E12453","ニッセイアセットマネジメント株式会社"
"G01621","","ハイブリッド・セレクション","ハイブリッドセレクション","内国投資信託受益証券","2月17日","","E10677","アセットマネジメントＯｎｅ株式会社"
"G01625","","グローバル・ボンド・ポート（Ｃコース）","グローバルボンドポート　シーコース","内国投資信託受益証券","3月20日","9月20日","E10677","アセットマネジメントＯｎｅ株式会社"
"G01626","","グローバル・ボンド・ポート（Ｄコース）","グローバルボンドポート　ディーコース","内国投資信託受益証券","9月20日","3月20日","E10677","アセットマネジメントＯｎｅ株式会社"
"G01629","","ドルマネーファンド","ドルマネーファンド","内国投資信託受益証券","9月10日","3月12日","E10677","アセットマネジメントＯｎｅ株式会社"
"G01630","","日経２２５ノーロードオープン","ニッケイニーニーゴノーロードオープン","内国投資信託受益証券","8月10日","","E10677","アセットマネジメントＯｎｅ株式会社"
"G01631","","Ｏｎｅジャパン・セレクション","ワンジャパンセレクション","内国投資信託受益証券","3月17日","9月17日","E10677","アセットマネジメントＯｎｅ株式会社"
"G01633","","Ｏｎｅ日本株式オープン","ワンニホンカブシキオープン","内国投資信託受益証券","3月15日","","E10677","アセットマネジメントＯｎｅ株式会社"
"G01648","","インデックスファンド２２５","インデックスファンドニーニーゴー","内国投資信託受益証券","6月16日","","E12430","アモーヴァ・アセットマネジメント株式会社"
"G01650","","インデックスファンドＴＳＰ","インデックスファンドティーエスピー","内国投資信託受益証券","2月12日","","E12430","アモーヴァ・アセットマネジメント株式会社"
"G01654","","キャピタルオープン","キャピタルオープン","内国投資信託受益証券","1月10日","","E12430","アモーヴァ・アセットマネジメント株式会社"
"G01668","","日興アクティブバリュー","ニッコウアクティブバリュー","内国投資信託受益証券","10月25日","","E12430","アモーヴァ・アセットマネジメント株式会社"
"G01693","","インデックスポートフォリオ","インデックスポートフォリオ","内国投資信託受益証券","11月7日","","E12430","アモーヴァ・アセットマネジメント株式会社"
"G01698","","財形株投（一般財形３０）（一般財形５０）（年金・住宅財形３０）","ザイケイカブトウ　イッパンザイケイサンジュウ　イッパンザイケイゴジュウ　ネンキン　ジュウタクザイケイサンジュウ","内国投資信託受益証券","2月1日","","E12430","アモーヴァ・アセットマネジメント株式会社"
"G01704","","低位株オープン","テイイカブオープン","内国投資信託受益証券","5月27日","","E12430","アモーヴァ・アセットマネジメント株式会社"
"G01705","","日本新興株オープン","ニホンシンコウカブオープン","内国投資信託受益証券","12月18日","","E12430","アモーヴァ・アセットマネジメント株式会社"
"G01708","","日興ジャパンオープン","ニッコウジャパンオープン","内国投資信託受益証券","8月20日","","E12430","アモーヴァ・アセットマネジメント株式会社"
"G01713","","日本トレンド・セレクトハイパー・ウェイブリバース・トレンド・オープン日本トレンド・マネーポートフォリオ","ニホントレンドセレクトハイパーウェイブリバーストレンドオープンニホントレンドマネーポートフォリオ","内国投資信託受益証券","1月11日","","E12430","アモーヴァ・アセットマネジメント株式会社"
"G01716","","利益還元成長株オープン","リエキカンゲンセイチョウカブオープン","内国投資信託受益証券","6月25日","","E12430","アモーヴァ・アセットマネジメント株式会社"
"G01722","","公社債投信１２月号","コウシャサイトウシンジュウニガツゴウ","内国投資信託受益証券","12月19日","","E12430","アモーヴァ・アセットマネジメント株式会社"
"G01725","","日興ＭＲＦ（マネー・リザーブ・ファンド）","ニッコウエムアールエフマネーリザーブファンド","内国投資信託受益証券","5月31日","11月30日","E12430","アモーヴァ・アセットマネジメント株式会社"
"G01726","","三井住友・日本株オープン","ミツイスミトモニホンカブオープン","内国投資信託受益証券","9月27日","","E08957","三井住友ＤＳアセットマネジメント株式会社"
"G01730","","三井住友・株式アナライザー・オープン","ミツイスミトモカブシキアナライザーオープン","内国投資信託受益証券","4月22日","10月22日","E08957","三井住友ＤＳアセットマネジメント株式会社"
"G01731","","三井住友・２２５オープン","ミツイスミトモニィニィゴオープン","内国投資信託受益証券","11月10日","","E08957","三井住友ＤＳアセットマネジメント株式会社"
"G01746","","シュローダー日本ファンド","シュローダーニホンファンド","内国投資信託受益証券","2月24日","8月24日","E12586","シュローダー・インベストメント・マネジメント株式会社"
"G01748","","シュローダー日本株式オープン","シュローダーニホンカブシキオープン","内国投資信託受益証券","11月20日","","E12586","シュローダー・インベストメント・マネジメント株式会社"
"G01754","","追加型・公社債証券投資信託（１２月設定）","ツイカガタコウシャサイショウケントウシシンタクジュウニガツセッテイ","内国投資信託受益証券","12月19日","","E11518","三菱ＵＦＪアセットマネジメント株式会社"
"G01761","","夢楽章　日経平均オープン","ユメガクショウニッケイヘイキンオープン","内国投資信託受益証券","11月10日","","E11518","三菱ＵＦＪアセットマネジメント株式会社"
"G01773","","グローバル・エマージング・ボンド・オープン","グローバルエマージングボンドオープン","内国投資信託受益証券","5月10日","11月10日","E11518","三菱ＵＦＪアセットマネジメント株式会社"
"G01780","","三菱ＵＦＪ　ＮＡＳＤＡＱオープン　Ａコース／Ｂコース","ミツビシユーエフジェイナスダックオープンエーコースビーコース","内国投資信託受益証券","7月31日","","E11518","三菱ＵＦＪアセットマネジメント株式会社"
"G01784","","三菱ＵＦＪ　チャイナオープン","ミツビシユーエフジェイチャイナオープン","内国投資信託受益証券","9月20日","","E11518","三菱ＵＦＪアセットマネジメント株式会社"
"G01799","","三菱ＵＦＪ　積立ファンド（日本バランス型）","ミツビシユーエフジェイツミタテファンドニホンバランスガタ","内国投資信託受益証券","7月22日","","E11518","三菱ＵＦＪアセットマネジメント株式会社"
"G01800","","三菱ＵＦＪ　グローバルバランス（安定型）／（積極型）","ミツビシユーエフジェイグローバルバランスアンテイガタセッキョクガタ","内国投資信託受益証券","7月22日","","E11518","三菱ＵＦＪアセットマネジメント株式会社"
"G01807","","インデックスファンド２２５","インデックスファンドニイニイゴ","内国投資信託受益証券","5月22日","","E11518","三菱ＵＦＪアセットマネジメント株式会社"
"G01809","","トピックスオープン","トピックスオープン","内国投資信託受益証券","3月14日","","E11518","三菱ＵＦＪアセットマネジメント株式会社"
"G01812","","ＪＡＰＡＮスタンダードオープン","ジャパンスタンダードオープン","内国投資信託受益証券","9月16日","","E11518","三菱ＵＦＪアセットマネジメント株式会社"
"G01819","","Ｊオープン（小型株）","ジェイオープンコガタカブ","内国投資信託受益証券","6月29日","","E11518","三菱ＵＦＪアセットマネジメント株式会社"
"G01822","","フィデリティ・ジャパン・オープン","フィデリティジャパンオープン","内国投資信託受益証券","3月21日","9月21日","E12481","フィデリティ投信株式会社"
"G01823","","フィデリティ・欧州中小型株・オープンＡコース（為替ヘッジ付き）　フィデリティ・欧州中小型株・オープンＢコース（為替ヘッジなし）","フィデリティオウシュウチュウコガタカブオープンエイコースカワセヘッジツキ　フィデリティオウシュウチュウコガタカブオープンビーコースカワセヘッジナシ","内国投資信託受益証券","5月30日","11月30日","E12481","フィデリティ投信株式会社"
"G01824","","フィデリティ・グローバル・エクイティ・オープンＡコース（限定為替ヘッジ）　フィデリティ・グローバル・エクイティ・オープンＢコース（為替ヘッジなし）","フィデリティグローバルエクイティオープンエイコースゲンテイカワセヘッジ　フィデリティグローバルエクイティオープンビーコースカワセヘッジナシ","内国投資信託受益証券","1月31日","7月31日","E12481","フィデリティ投信株式会社"
"G01825","","フィデリティ・ハイ・イールド・ボンド・オープンポートフォリオＡ（為替ヘッジなし）","フィデリティハイイールドボンドオープンポートフォリオエイカワセヘッジナシ","内国投資信託受益証券","5月22日","11月22日","E12481","フィデリティ投信株式会社"
"G01826","","フィデリティ・ストラテジック・インカム・ファンドＡコース（為替ヘッジ付き）　フィデリティ・ストラテジック・インカム・ファンドＢコース（為替ヘッジなし）","フィデリティストラテジックインカムファンドエイコースカワセヘッジツキ　フィデリティストラテジックインカムファンドビーコースカワセヘッジナシ","内国投資信託受益証券","1月20日","7月20日","E12481","フィデリティ投信株式会社"
"G01827","","フィデリティ・グローバル・ファンド","フィデリティグローバルファンド","内国投資信託受益証券","11月30日","","E12481","フィデリティ投信株式会社"
"G01828","","フィデリティ・バランス・ファンド","フィデリティバランスファンド","内国投資信託受益証券","11月30日","","E12481","フィデリティ投信株式会社"
"G01829","","フィデリティ・日本成長株・ファンド","フィデリティニホンセイチョウカブファンド","内国投資信託受益証券","11月30日","","E12481","フィデリティ投信株式会社"
"G01830","","フィデリティ・日本小型株・ファンド","フィデリティニホンコガタカブファンド","内国投資信託受益証券","11月30日","","E12481","フィデリティ投信株式会社"
"G01831","","フィデリティ・欧州株・ファンド","フィデリティオウシュウカブファンド","内国投資信託受益証券","11月30日","","E12481","フィデリティ投信株式会社"
"G01832","","フィデリティ・米国優良株・ファンド","フィデリティベイコクユウリョウカブファンド","内国投資信託受益証券","11月30日","","E12481","フィデリティ投信株式会社"
"G01833","","フィデリティ・ＵＳハイ・イールド・ファンド（毎月決算型）Ｂ（為替ヘッジなし）","フィデリティユーエスハイイールドファンドマイツキケッサンガタビーカワセヘッジナシ","内国投資信託受益証券","5月22日","11月22日","E12481","フィデリティ投信株式会社"
"G01835","","フィデリティ・アジア株・ファンド","フィデリティアジアカブファンド","内国投資信託受益証券","11月30日","","E12481","フィデリティ投信株式会社"
"G01838","","２２５インデックスファンド","ニーニーゴインデックスファンド","内国投資信託受益証券","10月29日","","E11764","Ｔ＆Ｄアセットマネジメント株式会社"
"G01842","","アクティブ　バリュー　オープン","アクティブバリューオープン","内国投資信託受益証券","2月27日","","E11764","Ｔ＆Ｄアセットマネジメント株式会社"
"G01853","","大型株ファンド","オオガタカブファンド","内国投資信託受益証券","1月10日","","E06748","大和アセットマネジメント株式会社"
"G01854","","ストック　インデックスファンド　２２５","ストックインデックスファンドニイニイゴ","内国投資信託受益証券","9月19日","","E06748","大和アセットマネジメント株式会社"
"G01856","","トピックス・インデックスファンド","トピックスインデックスファンド","内国投資信託受益証券","9月19日","","E06748","大和アセットマネジメント株式会社"
"G01862","","財形給付金ファンド","ザイケイキュウフキンファンド","内国投資信託受益証券","11月19日","","E06748","大和アセットマネジメント株式会社"
"G01863","","ミリオン（従業員積立投資プラン）インデックスポートフォリオ","ミリオンジュウギョウインツミタテトウシプランインデックスポートフォリオ","内国投資信託受益証券","8月17日","","E06748","大和アセットマネジメント株式会社"
"G01864","","ミリオン（従業員積立投資プラン）ボンドミックスポートフォリオ","ミリオンジュウギョウインツミタテトウシプランボンドミックスポートフォリオ","内国投資信託受益証券","8月17日","","E06748","大和アセットマネジメント株式会社"
"G01865","","ミリオン（従業員積立投資プラン）フィナンシャルミックスポートフォリオ","ミリオンジュウギョウインツミタテトウシプランフィナンシャルミックスポートフォリオ","内国投資信託受益証券","8月17日","","E06748","大和アセットマネジメント株式会社"
"G01866","","財形株投（一般財形５０）","ザイケイカブトウイッパンザイケイゴジュウ","内国投資信託受益証券","2月1日","","E06748","大和アセットマネジメント株式会社"
"G01867","","財形株投（一般財形３０）","ザイケイカブトウイッパンザイケイサンジュウ","内国投資信託受益証券","2月1日","","E06748","大和アセットマネジメント株式会社"
"G01868","","財形株投（年金・住宅財形３０）","ザイケイカブトウネンキンジュウタクザイケイサンジュウ","内国投資信託受益証券","2月1日","","E06748","大和アセットマネジメント株式会社"
"G01872","","公社債投信（１２月号）","コウシャサイトウシンジュウニガツゴウ","内国投資信託受益証券","12月19日","","E06748","大和アセットマネジメント株式会社"
"G01878","","ダイワＭＲＦ（マネー・リザーブ・ファンド）","ダイワエムアールエフマネーリザーブファンド","内国投資信託受益証券","5月31日","11月30日","E06748","大和アセットマネジメント株式会社"
"G01889","","大和ベストチョイス・オープン","ダイワベストチョイスオープン","内国投資信託受益証券","3月24日","","E06748","大和アセットマネジメント株式会社"
"G01891","","マネー・オープン","マネーオープン","内国投資信託受益証券","6月28日","","E06748","大和アセットマネジメント株式会社"
"G01906","","ダイワ・ジャパン・オープン","ダイワジャパンオープン","内国投資信託受益証券","4月24日","","E06748","大和アセットマネジメント株式会社"
"G01916","","アクティブ・ニッポン","アクティブニッポン","内国投資信託受益証券","11月19日","","E06748","大和アセットマネジメント株式会社"
"G01935","","ダイワ投信倶楽部マネー","ダイワトウシンクラブマネー","内国投資信託受益証券","11月30日","","E06748","大和アセットマネジメント株式会社"
"G01988","","三菱ＵＦＪ　日本株アクティブオープン","ミツビシユーエフジェイ　ニホンカブアクティブオープン","内国投資信託受益証券","6月20日","","E11518","三菱ＵＦＪアセットマネジメント株式会社"
"G01989","","三菱ＵＦＪ　インデックス２２５オープン","ミツビシユーエフジェイインデックスニニゴオープン","内国投資信託受益証券","11月5日","","E11518","三菱ＵＦＪアセットマネジメント株式会社"
"G01998","","ミリオン（従業員積立投資プラン）インデックスポートフォリオ","ミリオンジュウギョウインツミタテトウシプランインデックスポートフォリオ","内国投資信託受益証券","11月26日","","E12441","ＳＢＩ岡三アセットマネジメント株式会社"
"G01999","","ミリオン（従業員積立投資プラン）ボンドミックスポートフォリオ","ミリオンジュウギョウインツミタテトウシプランボンドミックスポートフォリオ","内国投資信託受益証券","11月26日","","E12441","ＳＢＩ岡三アセットマネジメント株式会社"
"G02004","","日本ＭＲＦ（マネー・リザーブ・ファンド）","ニホンエムアールエフマネーリザーブファンド","内国投資信託受益証券","5月末日","11月末日","E12441","ＳＢＩ岡三アセットマネジメント株式会社"
"G02007","","日本財形給付金ファンド","ニホンザイケイキュウフキンファンド","内国投資信託受益証券","12月19日","","E12441","ＳＢＩ岡三アセットマネジメント株式会社"
"G02010","","日本グロースオープン","ニホングロースオープン","内国投資信託受益証券","3月19日","","E12441","ＳＢＩ岡三アセットマネジメント株式会社"
"G02037","","アライアンス・バーンスタイン・ハイ・イールド・オープン","アライアンス　バーンスタイン　ハイ　イールド　オープン","内国投資信託受益証券","11月20日","5月20日","E12480","アライアンス・バーンスタイン株式会社"
"G02038","","アライアンス・バーンスタイン・グローバル・ハイ・インカム・オープンＡ（為替ヘッジなし）／Ｂ（為替ヘッジあり）","アライアンス　バーンスタイン　グローバル　ハイ　インカム　オープンエー　カワセヘッジナシ　ビー　カワセヘッジアリ","内国投資信託受益証券","5月10日","11月10日","E12480","アライアンス・バーンスタイン株式会社"
"G02039","","アライアンス・バーンスタイン・グローバル・インカム・ファンド","アライアンス　バーンスタイン　グローバル　インカム　ファンド","内国投資信託受益証券","5月25日","11月25日","E12480","アライアンス・バーンスタイン株式会社"
"G02041","","アライアンス・バーンスタイン・グローバル・グロース・オポチュニティーズ（年２回決算型）","アライアンス　バーンスタイン　グローバル　グロース　オポチュニティーズ　ネンニカイケッサンガタ","内国投資信託受益証券","1月20日","7月20日","E12480","アライアンス・バーンスタイン株式会社"
"G02043","","インベスコ　ジャパン・ニューフロンティア・オープン","インベスコ　ジャパンニューフロンティアオープン","内国投資信託受益証券","11月5日","","E06479","インベスコ・アセット・マネジメント株式会社"
"G02044","","ＧＴグローバル　インベストメント・オープン","ジーティーグローバル　インベストメントオープン","内国投資信託受益証券","2月28日","8月28日","E06479","インベスコ・アセット・マネジメント株式会社"
"G02048","","インベスコ　店頭・成長株オープン","インベスコ　テントウ　セイチョウカブオープン","内国投資信託受益証券","12月21日","","E06479","インベスコ・アセット・マネジメント株式会社"
"G02050","","インベスコ　インカムセレクトファンド","インベスコ　インカムセレクトファンド","内国投資信託受益証券","4月24日","10月24日","E06479","インベスコ・アセット・マネジメント株式会社"
"G02067","","パインブリッジ・ワールド株式・オープン","パインブリッジワールドカブシキオープン","内国投資信託受益証券","4月15日","10月15日","E12437","パインブリッジ・インベストメンツ株式会社"
"G02071","","ドイチェ・ユーロスター・オープン","ドイチェユーロスターオープン","内国投資信託受益証券","5月29日","","E06458","ドイチェ・アセット・マネジメント株式会社"
"G02079","","ドイチェ・ライフ・プラン３０／５０／７０","ドイチェライフプラン　サンジュウ　ゴジュウ　ナナジュウ","内国投資信託受益証券","11月15日","","E06458","ドイチェ・アセット・マネジメント株式会社"
"G02251","","農中ＵＳ債券オープン","ノウチュウユーエスサイケンオープン","内国投資信託受益証券","1月13日","","E12882","農林中金全共連アセットマネジメント株式会社"
"G02253","","ＪＡ　ＴＯＰＩＸオープン","ジェイエイトピックスオープン","内国投資信託受益証券","5月25日","","E12882","農林中金全共連アセットマネジメント株式会社"
"G02255","","農中日経２２５オープン","ノウチュウニッケイニイニイゴオープン","内国投資信託受益証券","7月21日","","E12882","農林中金全共連アセットマネジメント株式会社"
"G02262","","スーパーバランス（毎月分配型）","スーパーバランスマイツキブンパイガタ","内国投資信託受益証券","5月9日","11月9日","E12448","明治安田アセットマネジメント株式会社"
"G02263","","ミリオン（従業員積立投資プラン）インデックスポートフォリオ","ミリオンジュウギョウインツミタテトウシプランインデックスポートフォリオ","内国投資信託受益証券","11月17日","","E12448","明治安田アセットマネジメント株式会社"
"G02264","","ミリオン（従業員積立投資プラン）フィナンシャルミックスポートフォリオ","ミリオンジュウギョウインツミタテトウシプランフィナンシャルミックスポートフォリオ","内国投資信託受益証券","11月17日","","E12448","明治安田アセットマネジメント株式会社"
"G02269","","リサーチ・アクティブ・オープン","リサーチアクティブオープン","内国投資信託受益証券","4月30日","10月30日","E12460","野村アセットマネジメント株式会社"
"G02270","","ノムラ・ジャパン・オープン","ノムラ　ジャパン　オープン","内国投資信託受益証券","2月27日","8月27日","E12460","野村アセットマネジメント株式会社"
"G02271","","グローバル・バリュー・オープン","グローバルバリューオープン","内国投資信託受益証券","5月28日","11月28日","E12460","野村アセットマネジメント株式会社"
"G02272","","ノムラ・ジャパン・バリュー・オープン","ノムラジャパンバリューオープン","内国投資信託受益証券","6月25日","12月25日","E12460","野村アセットマネジメント株式会社"
"G02275","","小型ブルーチップオープン","コガタブルーチップオープン","内国投資信託受益証券","1月30日","7月30日","E12460","野村アセットマネジメント株式会社"
"G02276","","ハイ・イールド　ボンド　オープン　Ａコース、ハイ・イールド　ボンド　オープン　Ｂコース","ハイイールド　ボンド　オープン　エーコース　ハイイールド　ボンド　オープン　ビーコース","内国投資信託受益証券","3月28日","9月28日","E12460","野村アセットマネジメント株式会社"
"G02285","","アジア　オープン","アジア　オープン","内国投資信託受益証券","10月26日","","E12460","野村アセットマネジメント株式会社"
"G02286","","チャイナ　オープン","チャイナ　オープン","内国投資信託受益証券","10月13日","","E12460","野村アセットマネジメント株式会社"
"G02290","","スーパー　トレンド　オープン","スーパー　トレンド　オープン","内国投資信託受益証券","2月22日","","E12460","野村アセットマネジメント株式会社"
"G02291","","野村ワールドスター　オープン","ノムラワールドスターオープン","内国投資信託受益証券","1月24日","7月24日","E12460","野村アセットマネジメント株式会社"
"G02293","","米国優先証券オープン","ベイコクユウセンショウケンオープン","内国投資信託受益証券","1月20日","7月20日","E12460","野村アセットマネジメント株式会社"
"G02294","","ノムラ・ボンド・インカム・オープン","ノムラ　ボンド　インカム　オープン","内国投資信託受益証券","3月21日","9月21日","E12460","野村アセットマネジメント株式会社"
"G02297","","野村新興国債券投信Ａコース（毎月分配型）、野村新興国債券投信Ｂコース（毎月分配型）","ノムラシンコウコクサイケントウシンエーコースマイツキブンパイガタ　ノムラシンコウコクサイケントウシンビーコースマイツキブンパイガタ","内国投資信託受益証券","3月5日","9月5日","E12460","野村アセットマネジメント株式会社"
"G02298","","情報エレクトロニクスファンド","ジョウホウエレクトロニクスファンド","内国投資信託受益証券","2月21日","","E12460","野村アセットマネジメント株式会社"
"G02325","","積立て株式ファンド","ツミタテカブシキファンド","内国投資信託受益証券","12月10日","","E12460","野村アセットマネジメント株式会社"
"G02326","","日本低位株ファンド","ニホンテイイカブファンド","内国投資信託受益証券","3月29日","","E12460","野村アセットマネジメント株式会社"
"G02333","","株式インデックス　２２５","カブシキインデックス　ニニゴ","内国投資信託受益証券","2月17日","","E12460","野村アセットマネジメント株式会社"
"G02334","","トピックス・インデックス・オープン","トピックスインデックスオープン","内国投資信託受益証券","9月29日","","E12460","野村アセットマネジメント株式会社"
"G02335","13190","ＮＥＸＴ　ＦＵＮＤＳ　日経３００株価指数連動型上場投信","ネクスト　ファンズ　ニッケイサンビャク　カブカシスウレンドウガタジョウジョウトウシン","内国投資信託受益証券","7月10日","","E12460","野村アセットマネジメント株式会社"
"G02337","","東欧投資ファンド","トウオウトウシファンド","内国投資信託受益証券","7月11日","","E12460","野村アセットマネジメント株式会社"
"G02341","","ミリオン（インデックスポートフォリオ）、ミリオン（バランスポートフォリオ）、ミリオン（ジャパン　ドリーム　ポートフォリオ）、ミリオン（リザーブ　ポートフォリオ）","ミリオン　インデックスポートフォリオ　ミリオン　バランスポートフォリオ　ミリオン　ジャパン　ドリーム　ポートフォリオ　ミリオン　リザーブ　ポートフォリオ","内国投資信託受益証券","11月7日","","E12460","野村アセットマネジメント株式会社"
"G02342","","財形株投（一般財形５０）、財形株投（一般財形３０）、財形株投（年金・住宅財形３０）","ザイケイカブトウ　イッパンザイケイゴジュウ　ザイケイカブトウ　イッパンザイケイサンジュウ　ザイケイカブトウ　ネンキン　ジュウタクザイケイサンジュウ","内国投資信託受益証券","2月1日","","E12460","野村アセットマネジメント株式会社"
"G02349","","野村ＭＲＦ（マネー・リザーブ・ファンド）","ノムラエムアールエフ　マネー　リザーブ　ファンド","内国投資信託受益証券","5月末日","11月末日","E12460","野村アセットマネジメント株式会社"
"G02350","","財形給付金ファンド","ザイケイキュウフキンファンド","内国投資信託受益証券","10月19日","","E12460","野村アセットマネジメント株式会社"
"G02351","","第１２回　公社債投資信託","ダイジュウニカイ　コウシャサイトウシシンタク","内国投資信託受益証券","12月19日","","E12460","野村アセットマネジメント株式会社"
"G02363","","スーパー小型株ポートフォリオ","スーパーコガタカブポートフォリオ","内国投資信託受益証券","3月14日","9月14日","E08957","三井住友ＤＳアセットマネジメント株式会社"
"G02382","","ＢＡＭワールド・ボンド＆カレンシー・ファンド（毎月決算型）","バムワールドボンドアンドカレンシーファンドマイツキケッサンガタ","内国投資信託受益証券","5月10日","11月10日","E11348","ベアリングス・ジャパン株式会社"
"G02386","","アジア未来成長株式ファンド","アジアミライセイチョウカブシキファンド","内国投資信託受益証券","3月27日","","E11348","ベアリングス・ジャパン株式会社"
"G02405","","ステート・ストリート外国株式インデックス・オープン","ステートストリートガイコクカブシキインデックスオープン","内国投資信託受益証券","11月30日","5月30日","E12963","ステート・ストリート・グローバル・アドバイザーズ株式会社"
"G02407","","ピクテ欧州ファンドＡコース（限定為替ヘッジ）ピクテ欧州ファンドＢコース（為替ヘッジなし）","ピクテオウシュウファンドエーコースゲンテイカワセヘッジピクテオウシュウファンドビーコースカワセヘッジナシ","内国投資信託受益証券","4月27日","10月27日","E10439","ピクテ・ジャパン株式会社"
"G02408","","ピクテ・グローバル・バランス・オープン","ピクテグローバルバランスオープン","内国投資信託受益証券","4月20日","10月20日","E10439","ピクテ・ジャパン株式会社"
"G02409","","ピクテ・ヨーロピアン・オープン","ピクテヨーロピアンオープン","内国投資信託受益証券","6月20日","12月20日","E10439","ピクテ・ジャパン株式会社"
"G02412","","ゴールドマン・サックス・世界債券オープンＡコース限定為替ヘッジ／Ｂコース為替ヘッジなし／Ｃコース毎月分配限定為替ヘッジ／Ｄコース毎月分配為替ヘッジなし","ゴールドマン　サックス　セカイサイケンオープンエーコースゲンテイカワセヘッジ　ビーコースカワセヘッジナシ　シーコースマイツキブンパイゲンテイカワセヘッジ　ディーコースマイツキブンパイカワセヘッジナシ","内国投資信託受益証券","6月7日","12月7日","E12457","ゴールドマン・サックス・アセット・マネジメント株式会社"
"G02414","","ＧＳ・日本株ファンド（自動けいぞく）","ジーエスニホンカブファンドジドウケイゾク","内国投資信託受益証券","12月27日","","E12457","ゴールドマン・サックス・アセット・マネジメント株式会社"
"G02417","","ＧＳ外国債券コア・ファンド","ジーエスガイコクサイケンコアファンド","内国投資信託受益証券","1月25日","7月25日","E12457","ゴールドマン・サックス・アセット・マネジメント株式会社"
"G02419","","ガリレオ","ガリレオ","内国投資信託受益証券","4月20日","10月20日","E12457","ゴールドマン・サックス・アセット・マネジメント株式会社"
"G02420","","ダ・ヴィンチ","ダヴィンチ","内国投資信託受益証券","9月14日","","E12457","ゴールドマン・サックス・アセット・マネジメント株式会社"
"G02422","","バラエティ・オープン","バラエティ　オープン","内国投資信託受益証券","5月10日","11月10日","E12457","ゴールドマン・サックス・アセット・マネジメント株式会社"
"G02434","","グローバル・ボンド・オープンＩＭ","グローバルボンドオープンアイエム","内国投資信託受益証券","5月23日","11月23日","E08707","モルガン・スタンレー・インベストメント・マネジメント株式会社"
"G02440","","ＪＡ海外株式ファンド","ジェイエイカイガイカブシキファンド","内国投資信託受益証券","9月16日","","E12882","農林中金全共連アセットマネジメント株式会社"
"G02441","","ＪＡ海外債券ファンド","ジェイエイカイガイサイケンファンド","内国投資信託受益証券","10月16日","","E12882","農林中金全共連アセットマネジメント株式会社"
"G02442","","ＪＡ日本債券ファンド","ジェイエイニホンサイケンファンド","内国投資信託受益証券","7月16日","","E12882","農林中金全共連アセットマネジメント株式会社"
"G02443","","ＪＡ日本株式ファンド","ジェイエイニホンカブシキファンド","内国投資信託受益証券","8月16日","","E12882","農林中金全共連アセットマネジメント株式会社"
"G02455","","公社債投信１月号","コウシャサイトウシンイチガツゴウ","内国投資信託受益証券","1月19日","","E12430","アモーヴァ・アセットマネジメント株式会社"
"G02456","","公社債投信（１月号）","コウシャサイトウシンイチガツゴウ","内国投資信託受益証券","1月19日","","E06748","大和アセットマネジメント株式会社"
"G02457","","第１回　公社債投資信託","ダイイッカイ　コウシャサイトウシシンタク","内国投資信託受益証券","1月19日","","E12460","野村アセットマネジメント株式会社"
"G02459","","追加型・公社債証券投資信託（１月設定）","ツイカガタコウシャサイショウケントウシシンタクイチガツセッテイ","内国投資信託受益証券","1月19日","","E11518","三菱ＵＦＪアセットマネジメント株式会社"
"G02482","","公社債投信９月号","コウシャサイトウシンクガツゴウ","内国投資信託受益証券","9月19日","","E12430","アモーヴァ・アセットマネジメント株式会社"
"G02487","","第９回　公社債投資信託","ダイキュウカイ　コウシャサイトウシシンタク","内国投資信託受益証券","9月19日","","E12460","野村アセットマネジメント株式会社"
"G02490","","追加型・公社債証券投資信託（９月設定）","ツイカガタコウシャサイショウケントウシシンタククガツセッテイ","内国投資信託受益証券","9月19日","","E11518","三菱ＵＦＪアセットマネジメント株式会社"
"G02493","","公社債投信（９月号）","コウシャサイトウシンクガツゴウ","内国投資信託受益証券","9月19日","","E06748","大和アセットマネジメント株式会社"
"G02520","","追加型・公社債証券投資信託（２月設定）","ツイカガタコウシャサイショウケントウシシンタクニガツセッテイ","内国投資信託受益証券","2月19日","","E11518","三菱ＵＦＪアセットマネジメント株式会社"
"G02523","","第２回　公社債投資信託","ダイニカイ　コウシャサイトウシシンタク","内国投資信託受益証券","2月19日","","E12460","野村アセットマネジメント株式会社"
"G02527","","公社債投信（２月号）","コウシャサイトウシンニガツゴウ","内国投資信託受益証券","2月19日","","E06748","大和アセットマネジメント株式会社"
"G02538","","公社債投信２月号","コウシャサイトウシンニガツゴウ","内国投資信託受益証券","2月19日","","E12430","アモーヴァ・アセットマネジメント株式会社"
"G02551","","公社債投信１０月号","コウシャサイトウシンジュウガツゴウ","内国投資信託受益証券","10月19日","","E12430","アモーヴァ・アセットマネジメント株式会社"
"G02552","","第１０回　公社債投資信託","ダイジュッカイ　コウシャサイトウシシンタク","内国投資信託受益証券","10月19日","","E12460","野村アセットマネジメント株式会社"
"G02556","","三井住友・ライフビュー・日本株式ファンド","ミツイスミトモライフビューニホンカブシキファンド","内国投資信託受益証券","1月30日","","E08957","三井住友ＤＳアセットマネジメント株式会社"
"G02557","","三井住友・ライフビュー・日本債券ファンド","ミツイスミトモライフビューニホンサイケンファンド","内国投資信託受益証券","1月30日","","E08957","三井住友ＤＳアセットマネジメント株式会社"
"G02558","","三井住友・ライフビュー・バランスファンド３０（安定型）","ミツイスミトモライフビューバランスファンドサンジュウアンテイガタ","内国投資信託受益証券","1月30日","","E08957","三井住友ＤＳアセットマネジメント株式会社"
"G02559","","三井住友・ライフビュー・バランスファンド５０（標準型）","ミツイスミトモライフビューバランスファンドゴジュウヒョウジュンガタ","内国投資信託受益証券","1月30日","","E08957","三井住友ＤＳアセットマネジメント株式会社"
"G02560","","三井住友・ライフビュー・バランスファンド７０（積極型）","ミツイスミトモライフビューバランスファンドナナジュウセッキョクガタ","内国投資信託受益証券","1月30日","","E08957","三井住友ＤＳアセットマネジメント株式会社"
"G02562","","公社債投信（１０月号）","コウシャサイトウシンジュウガツゴウ","内国投資信託受益証券","10月19日","","E06748","大和アセットマネジメント株式会社"
"G02567","","三菱ＵＦＪ　国内バランス２０","ミツビシユーエフジェイコクナイバランスニジュウ","内国投資信託受益証券","2月27日","","E11518","三菱ＵＦＪアセットマネジメント株式会社"
"G02571","","追加型・公社債証券投資信託（１０月設定）","ツイカガタコウシャサイショウケントウシンタクジュウガツセッテイ","内国投資信託受益証券","10月19日","","E11518","三菱ＵＦＪアセットマネジメント株式会社"
"G02574","","ＪＡ資産設計ファンド（安定型）　ＪＡ資産設計ファンド（成長型）　ＪＡ資産設計ファンド（積極型）","ジェイエイシサンセッケイファンド　アンテイガタ　ジェイエイシサンセッケイファンド　セイチョウガタ　ジェイエイシサンセッケイファンド　セッキョクガタ","内国投資信託受益証券","11月16日","","E12882","農林中金全共連アセットマネジメント株式会社"
"G02595","","公社債投信（３月号）","コウシャサイトウシンサンガツゴウ","内国投資信託受益証券","3月19日","","E06748","大和アセットマネジメント株式会社"
"G02600","","追加型・公社債証券投資信託（３月設定）","ツイカカタコウシャサイショウケントウシシンタクサンガツセッテイ","内国投資信託受益証券","3月19日","","E11518","三菱ＵＦＪアセットマネジメント株式会社"
"G02603","","第３回　公社債投資信託","ダイサンカイ　コウシャサイトウシシンタク","内国投資信託受益証券","3月19日","","E12460","野村アセットマネジメント株式会社"
"G02608","","公社債投信３月号","コウシャサイトウシンサンガツゴウ","内国投資信託受益証券","3月19日","","E12430","アモーヴァ・アセットマネジメント株式会社"
"G02612","","第１１回　公社債投資信託","ダイジュウイッカイ　コウシャサイトウシシンタク","内国投資信託受益証券","11月19日","","E12460","野村アセットマネジメント株式会社"
"G02633","","三菱ＵＦＪ　システムバリューオープン","ミツビシユーエフジェイシステムバリューオープン","内国投資信託受益証券","3月15日","","E11518","三菱ＵＦＪアセットマネジメント株式会社"
"G02634","","三菱ＵＦＪ　トピックスオープン","ミツビシユーエフジェイトピックスオープン","内国投資信託受益証券","3月15日","","E11518","三菱ＵＦＪアセットマネジメント株式会社"
"G02635","","ダイワライフスタイル５０","ダイワライフスタイルゴジュウ","内国投資信託受益証券","11月30日","","E06748","大和アセットマネジメント株式会社"
"G02636","","ダイワライフスタイル７５","ダイワライフスタイルナナジュウゴ","内国投資信託受益証券","11月30日","","E06748","大和アセットマネジメント株式会社"
"G02637","","ダイワ投信倶楽部外国債券インデックス","ダイワトウシンクラブガイコクサイケンインデックス","内国投資信託受益証券","11月30日","","E06748","大和アセットマネジメント株式会社"
"G02646","","三菱ＵＦＪ　ＴＯＰＩＸ・ファンド","ミツビシユーエフジェイトピックスファンド","内国投資信託受益証券","3月25日","","E11518","三菱ＵＦＪアセットマネジメント株式会社"
"G02655","","公社債投信（１１月号）","コウシャサイトウシンジュウイチガツゴウ","内国投資信託受益証券","11月19日","","E06748","大和アセットマネジメント株式会社"
"G02658","","ＰＲＵ海外債券マーケット・パフォーマー","プルカイガイサイケンマーケットパフォーマー","内国投資信託受益証券","12月10日","","E12429","ＰＧＩＭジャパン株式会社"
"G02659","","公社債投信１１月号","コウシャサイトウシンジュウイチガツゴウ","内国投資信託受益証券","11月19日","","E12430","アモーヴァ・アセットマネジメント株式会社"
"G02661","","追加型・公社債証券投資信託（１１月設定）","ツイカガタコウシャサイショウケントウシシンタクジュウイチガツセッテイ","内国投資信託受益証券","11月19日","","E11518","三菱ＵＦＪアセットマネジメント株式会社"
"G02670","","三井住友・ＤＣ年金プラン・ファンド（ターゲット・イヤー型）２０２０　三井住友・ＤＣ年金プラン・ファンド（ターゲット・イヤー型）２０３０　三井住友・ＤＣ年金プラン・ファンド（ターゲット・イヤー型）２０４０","ミツイスミトモディーシーネンキンプランファンドターゲットイヤーガタニィゼロニィゼロ　ミツイスミトモディーシーネンキンプランファンドターゲットイヤーガタニィゼロサンゼロ　ミツイスミトモディーシーネンキンプランファンドターゲットイヤーガタニィゼロヨンゼロ","内国投資信託受益証券","12月20日","","E08957","三井住友ＤＳアセットマネジメント株式会社"
"G02690","","追加型・公社債証券投資信託（４月設定）","ツイカガタコウシャサイショウケントウシシンタクシガツセッテイ","内国投資信託受益証券","4月19日","","E11518","三菱ＵＦＪアセットマネジメント株式会社"
"G02695","","第４回　公社債投資信託","ダイヨンカイ　コウシャサイトウシシンタク","内国投資信託受益証券","4月19日","","E12460","野村アセットマネジメント株式会社"
"G02696","","公社債投信（４月号）","コウシャサイトウシンシガツゴウ","内国投資信託受益証券","4月19日","","E06748","大和アセットマネジメント株式会社"
"G02697","","公社債投信４月号","コウシャサイトウシンシガツゴウ","内国投資信託受益証券","4月19日","","E12430","アモーヴァ・アセットマネジメント株式会社"
"G02730","","公社債投信（６月号）","コウシャサイトウシンロクガツゴウ","内国投資信託受益証券","6月19日","","E06748","大和アセットマネジメント株式会社"
"G02733","","公社債投信６月号","コウシャサイトウシンロクガツゴウ","内国投資信託受益証券","6月19日","","E12430","アモーヴァ・アセットマネジメント株式会社"
"G02738","","追加型・公社債証券投資信託（６月設定）","ツイカガタコウシャサイショウケントウシシンタクロクガツセッテイ","内国投資信託受益証券","6月19日","","E11518","三菱ＵＦＪアセットマネジメント株式会社"
"G02740","","ニッセイＴＯＰＩＸオープン","ニッセイトピックスオープン","内国投資信託受益証券","2月20日","","E12453","ニッセイアセットマネジメント株式会社"
"G02750","","明治安田日本債券オープン（毎月決算型）","メイジヤスダニホンサイケンオープンマイツキケッサンガタ","内国投資信託受益証券","4月10日","10月10日","E12448","明治安田アセットマネジメント株式会社"
"G02752","","明治安田外国債券オープン","メイジヤスダガイコクサイケンオープン","内国投資信託受益証券","4月10日","","E12448","明治安田アセットマネジメント株式会社"
"G02771","","公社債投信５月号","コウシャサイトウシンゴガツゴウ","内国投資信託受益証券","5月19日","","E12430","アモーヴァ・アセットマネジメント株式会社"
"G02775","","公社債投信（５月号）","コウシャサイトウシンゴガツゴウ","内国投資信託受益証券","5月19日","","E06748","大和アセットマネジメント株式会社"
"G02776","","公社債投信（７月号）","コウシャサイトウシンシチガツゴウ","内国投資信託受益証券","7月19日","","E06748","大和アセットマネジメント株式会社"
"G02779","","第５回　公社債投資信託","ダイゴカイ　コウシャサイトウシシンタク","内国投資信託受益証券","5月19日","","E12460","野村アセットマネジメント株式会社"
"G02785","","追加型・公社債証券投資信託（５月設定）","ツイカガタコウシャサイショウケントウシシンタクゴガツセッテイ","内国投資信託受益証券","5月19日","","E11518","三菱ＵＦＪアセットマネジメント株式会社"
"G02796","","バランスセレクト３０","バランスセレクトサンジュウ","内国投資信託受益証券","5月10日","","E12460","野村アセットマネジメント株式会社"
"G02797","","バランスセレクト５０","バランスセレクトゴジュウ","内国投資信託受益証券","5月10日","","E12460","野村アセットマネジメント株式会社"
"G02798","","バランスセレクト７０","バランスセレクトナナジュウ","内国投資信託受益証券","5月10日","","E12460","野村アセットマネジメント株式会社"
"G02803","","公社債投信７月号","コウシャサイトウシンシチガツゴウ","内国投資信託受益証券","7月19日","","E12430","アモーヴァ・アセットマネジメント株式会社"
"G02809","","追加型・公社債証券投資信託（７月設定）","ツイカガタコウシャサイショウケントウシシンタクシチガツセッテイ","内国投資信託受益証券","7月19日","","E11518","三菱ＵＦＪアセットマネジメント株式会社"
"G02825","","公社債投信（８月号）","コウシャサイトウシンハチガツゴウ","内国投資信託受益証券","8月19日","","E06748","大和アセットマネジメント株式会社"
"G02839","","第６回　公社債投資信託","ダイロッカイ　コウシャサイトウシシンタク","内国投資信託受益証券","6月19日","","E12460","野村アセットマネジメント株式会社"
"G02847","","公社債投信８月号","コウシャサイトウシンハチガツゴウ","内国投資信託受益証券","8月19日","","E12430","アモーヴァ・アセットマネジメント株式会社"
"G02855","","アセット・ナビゲーション・ファンド（株式６０）","アセットナビゲーションファンドカブシキロクジュウ","内国投資信託受益証券","10月26日","","E12430","アモーヴァ・アセットマネジメント株式会社"
"G02856","","アセット・ナビゲーション・ファンド（株式４０）","アセットナビゲーションファンドカブシキヨンジュウ","内国投資信託受益証券","10月26日","","E12430","アモーヴァ・アセットマネジメント株式会社"
"G02857","","アセット・ナビゲーション・ファンド（株式２０）","アセットナビゲーションファンドカブシキニジュウ","内国投資信託受益証券","10月26日","","E12430","アモーヴァ・アセットマネジメント株式会社"
"G02861","","第８回　公社債投資信託","ダイハチカイ　コウシャサイトウシシンタク","内国投資信託受益証券","8月19日","","E12460","野村アセットマネジメント株式会社"
"G02863","","追加型・公社債証券投資信託（８月設定）","ツイカガタコウシャサイショウケントウシシンタクハチガツセッテイ","内国投資信託受益証券","8月19日","","E11518","三菱ＵＦＪアセットマネジメント株式会社"
"G02877","","第７回　公社債投資信託","ダイナナカイ　コウシャサイトウシシンタク","内国投資信託受益証券","7月19日","","E12460","野村アセットマネジメント株式会社"
"G02888","","三井住友・ワールド・パッケージ・オープン","ミツイスミトモワールドパッケージオープン","内国投資信託受益証券","6月26日","","E08957","三井住友ＤＳアセットマネジメント株式会社"
"G02918","13210","ＮＥＸＴ　ＦＵＮＤＳ　日経２２５連動型上場投信","ネクスト　ファンズ　ニッケイニニゴレンドウガタジョウジョウトウシン","内国投資信託受益証券","7月8日","","E12460","野村アセットマネジメント株式会社"
"G02921","13050","ｉＦｒｅｅＥＴＦ　ＴＯＰＩＸ（年１回決算型）","アイフリーイーティーエフトピックスネンイッカイケッサンガタ","内国投資信託受益証券","7月10日","","E06748","大和アセットマネジメント株式会社"
"G02922","13200","ｉＦｒｅｅＥＴＦ　日経２２５（年１回決算型）","アイフリーイーティーエフニッケイニイニイゴネンイッカイケッサンガタ","内国投資信託受益証券","7月10日","","E06748","大和アセットマネジメント株式会社"
"G02923","13300","上場インデックスファンド２２５","ジョウジョウインデックスファンドニーニーゴ","内国投資信託受益証券","7月8日","","E12430","アモーヴァ・アセットマネジメント株式会社"
"G02925","13060","ＮＥＸＴ　ＦＵＮＤＳ　ＴＯＰＩＸ連動型上場投信","ネクスト　ファンズ　トピックスレンドウガタジョウジョウトウシン","内国投資信託受益証券","7月10日","","E12460","野村アセットマネジメント株式会社"
"G02944","","マイストーリー・株２５、マイストーリー・株５０、マイストーリー・株７５、マイストーリー・株１００、マイストーリー・日本株１００","マイストーリーカブニジュウゴ　マイストーリーカブゴジュウ　マイストーリーカブナナジュウゴ　マイストーリーカブヒャク　マイストーリーニホンカブヒャク","内国投資信託受益証券","8月29日","","E12460","野村アセットマネジメント株式会社"
"G02955","89520","ジャパンリアルエステイト投資法人","ジャパンリアルエステイトトウシホウジン","内国投資証券","3月31日","9月30日","E13205","ジャパンリアルエステイト投資法人"
"G02956","89510","日本ビルファンド投資法人","ニホンビルファンドトウシホウジン","内国投資証券","6月30日","12月31日","E13206","日本ビルファンド投資法人"
"G02966","","日興・ピムコ・グローバル短期債券ファンド","ニッコウピムコグローバルタンキサイケンファンド","内国投資信託受益証券","3月5日","9月5日","E12430","アモーヴァ・アセットマネジメント株式会社"
"G02981","13290","ｉシェアーズ・コア　日経２２５　ＥＴＦ","アイシェアーズコアニッケイニニゴイーティーエフ","内国投資信託受益証券","2月9日","8月9日","E09096","ブラックロック・ジャパン株式会社"
"G02986","","ＤＣ・ダイワ・トピックス・インデックス（確定拠出年金専用ファンド）","ディーシーダイワトピックスインデックスカクテイキョシュツネンキンセンヨウファンド","内国投資信託受益証券","11月30日","","E06748","大和アセットマネジメント株式会社"
"G02988","","ＪＰＭワールド・ＣＢ・オープン","ジェイピーエムワールドシービーオープン","内国投資信託受益証券","1月30日","7月30日","E06264","ＪＰモルガン・アセット・マネジメント株式会社"
"G02994","","東京海上セレクション・日本株式","トウキョウカイジョウセレクションニホンカブシキ","内国投資信託受益証券","6月20日","","E06433","東京海上アセットマネジメント株式会社"
"G02995","","東京海上セレクション・日本株ＴＯＰＩＸ","トウキョウカイジョウセレクションニホンカブトピックス","内国投資信託受益証券","6月20日","","E06433","東京海上アセットマネジメント株式会社"
"G02996","","東京海上セレクション・外国株式","トウキョウカイジョウセレクションガイコクカブシキ","内国投資信託受益証券","6月20日","","E06433","東京海上アセットマネジメント株式会社"
"G02997","","東京海上セレクション・外国債券","トウキョウカイジョウセレクションガイコクサイケン","内国投資信託受益証券","6月20日","","E06433","東京海上アセットマネジメント株式会社"
"G02999","","東京海上セレクション・バランス３０／東京海上セレクション・バランス５０／東京海上セレクション・バランス７０","トウキョウカイジョウセレクションバランスサンジュウ　トウキョウカイジョウセレクションバランスゴジュウ　トウキョウカイジョウセレクションバランスナナジュウ","内国投資信託受益証券","6月20日","","E06433","東京海上アセットマネジメント株式会社"
"G03006","","ＰＲＵグッドライフ２０３０（年金）","プルグッドライフ　ニゼロサンゼロ　ネンキン","内国投資信託受益証券","12月15日","","E12429","ＰＧＩＭジャパン株式会社"
"G03007","","ＰＲＵグッドライフ２０４０（年金）","プルグッドライフ　ニゼロヨンゼロ　ネンキン","内国投資信託受益証券","12月15日","","E12429","ＰＧＩＭジャパン株式会社"
"G03011","","ＤＣマイセレクション２５","ディーシーマイセレクションニジュウゴ","内国投資信託受益証券","9月30日","","E12444","三井住友トラスト・アセットマネジメント株式会社"
"G03012","","ＤＣマイセレクション５０","ディーシーマイセレクションゴジュウ","内国投資信託受益証券","9月30日","","E12444","三井住友トラスト・アセットマネジメント株式会社"
"G03013","","ＤＣマイセレクション７５","ディーシーマイセレクションナナジュウゴ","内国投資信託受益証券","9月30日","","E12444","三井住友トラスト・アセットマネジメント株式会社"
"G03014","","ＤＣ日本株式インデックス・オープン","ディーシーニホンカブシキインデックスオープン","内国投資信託受益証券","9月30日","","E12444","三井住友トラスト・アセットマネジメント株式会社"
"G03015","","ＤＣ日本債券インデックス・オープン","ディーシーニホンサイケンインデックスオープン","内国投資信託受益証券","9月30日","","E12444","三井住友トラスト・アセットマネジメント株式会社"
"G03016","","ＤＣ外国株式インデックス・オープン","ディーシーガイコクカブシキインデックスオープン","内国投資信託受益証券","9月30日","","E12444","三井住友トラスト・アセットマネジメント株式会社"
"G03017","","ＤＣ外国債券インデックス・オープン","ディーシーガイコクサイケンインデックスオープン","内国投資信託受益証券","9月30日","","E12444","三井住友トラスト・アセットマネジメント株式会社"
"G03019","","三井住友・ＤＣバランスファンド（安定型）　三井住友・ＤＣバランスファンド（安定成長型）　三井住友・ＤＣバランスファンド（成長型）","ミツイスミトモディーシーバランスファンドアンテイガタ　ミツイスミトモディーシーバランスファンドアンテイセイチョウガタ　ミツイスミトモディーシーバランスファンドセイチョウガタ","内国投資信託受益証券","12月15日","","E08957","三井住友ＤＳアセットマネジメント株式会社"
"G03020","","三井住友・ＤＣ国内株式アクティブＳ","ミツイスミトモディーシーコクナイカブシキアクティブエス","内国投資信託受益証券","12月15日","","E08957","三井住友ＤＳアセットマネジメント株式会社"
"G03021","","三井住友・ＤＣ国内債券アクティブ","ミツイスミトモディーシーコクナイサイケンアクティブ","内国投資信託受益証券","12月15日","","E08957","三井住友ＤＳアセットマネジメント株式会社"
"G03022","","三井住友・ＤＣ外国株式アクティブ","ミツイスミトモディーシーガイコクカブシキアクティブ","内国投資信託受益証券","12月15日","","E08957","三井住友ＤＳアセットマネジメント株式会社"
"G03023","","三井住友・ＤＣ外国債券アクティブ","ミツイスミトモディーシーガイコクサイケンアクティブ","内国投資信託受益証券","12月15日","","E08957","三井住友ＤＳアセットマネジメント株式会社"
"G03024","","ハイ・イールド　ボンド　オープン　Ｃコース、ハイ・イールド　ボンド　オープン　Ｄコース","ハイ　イールド　ボンド　オープン　シーコース　ハイ　イールド　ボンド　オープン　ディーコース","内国投資信託受益証券","3月28日","9月28日","E12460","野村アセットマネジメント株式会社"
"G03026","","三井住友・ニュー・チャイナ・ファンド","ミツイスミトモニューチャイナファンド","内国投資信託受益証券","10月20日","","E08957","三井住友ＤＳアセットマネジメント株式会社"
"G03027","","ＤＩＡＭ日本株式オープン＜ＤＣ年金＞","ダイアムニホンカブシキオープンディーシーネンキン","内国投資信託受益証券","6月12日","12月12日","E10677","アセットマネジメントＯｎｅ株式会社"
"G03028","","ＤＩＡＭ外国株式オープン＜ＤＣ年金＞","ダイアムガイコクカブシキオープンディーシーネンキン","内国投資信託受益証券","12月11日","6月13日","E10677","アセットマネジメントＯｎｅ株式会社"
"G03029","","ＤＩＡＭライフサイクル・ファンド＜ＤＣ年金＞１安定型／２安定・成長型／３成長型","ダイアムライフサイクルファンドディーシーネンキンイチアンテイガタニアンテイセイチョウガタサンセイチョウガタ","内国投資信託受益証券","5月25日","11月25日","E10677","アセットマネジメントＯｎｅ株式会社"
"G03037","","三井住友・ＤＣ年金日本債券ファンド","ミツイスミトモディーシーネンキンニホンサイケンファンド","内国投資信託受益証券","3月10日","","E08957","三井住友ＤＳアセットマネジメント株式会社"
"G03038","","２２５ＩＤＸオープン","ニーニーゴアイディエックスオープン","内国投資信託受益証券","3月15日","","E11764","Ｔ＆Ｄアセットマネジメント株式会社"
"G03040","","年金積立　グローバル・ラップ・バランス（安定型）","ネンキンツミタテグローバルラップバランスアンテイガタ","内国投資信託受益証券","3月25日","","E12430","アモーヴァ・アセットマネジメント株式会社"
"G03041","","年金積立　グローバル・ラップ・バランス（安定成長型）","ネンキンツミタテグローバルラップバランスアンテイセイチョウガタ","内国投資信託受益証券","3月25日","","E12430","アモーヴァ・アセットマネジメント株式会社"
"G03042","","年金積立　グローバル・ラップ・バランス（成長型）","ネンキンツミタテグローバルラップバランスセイチョウガタ","内国投資信託受益証券","3月25日","","E12430","アモーヴァ・アセットマネジメント株式会社"
"G03043","","年金積立　グローバル・ラップ・バランス（積極成長型）","ネンキンツミタテグローバルラップバランスセッキョクセイチョウガタ","内国投資信託受益証券","3月25日","","E12430","アモーヴァ・アセットマネジメント株式会社"
"G03044","","年金積立　グローバル・ラップ・バランス（積極型）","ネンキンツミタテグローバルラップバランスセッキョクガタ","内国投資信託受益証券","3月25日","","E12430","アモーヴァ・アセットマネジメント株式会社"
"G03045","","年金積立　アセット・ナビゲーション・ファンド（株式２０）","ネンキンツミタテアセットナビゲーションファンドカブシキニジュウ","内国投資信託受益証券","10月26日","","E12430","アモーヴァ・アセットマネジメント株式会社"
"G03046","","年金積立　アセット・ナビゲーション・ファンド（株式４０）","ネンキンツミタテアセットナビゲーションファンドカブシキヨンジュウ","内国投資信託受益証券","10月26日","","E12430","アモーヴァ・アセットマネジメント株式会社"
"G03047","","年金積立　アセット・ナビゲーション・ファンド（株式６０）","ネンキンツミタテアセットナビゲーションファンドカブシキロクジュウ","内国投資信託受益証券","10月26日","","E12430","アモーヴァ・アセットマネジメント株式会社"
"G03048","","年金積立　アセット・ナビゲーション・ファンド（株式８０）","ネンキンツミタテアセットナビゲーションファンドカブシキハチジュウ","内国投資信託受益証券","10月26日","","E12430","アモーヴァ・アセットマネジメント株式会社"
"G03049","","インデックスファンド日本債券（１年決算型）","インデックスファンドニホンサイケン　イチネンケッサンガタ","内国投資信託受益証券","10月26日","","E12430","アモーヴァ・アセットマネジメント株式会社"
"G03050","","インデックスファンド海外株式（ヘッジなし）","インデックスファンドカイガイカブシキ　ヘッジナシ","内国投資信託受益証券","10月26日","","E12430","アモーヴァ・アセットマネジメント株式会社"
"G03051","","インデックスファンド海外株式（ヘッジあり）","インデックスファンドカイガイカブシキ　ヘッジアリ","内国投資信託受益証券","10月26日","","E12430","アモーヴァ・アセットマネジメント株式会社"
"G03052","","インデックスファンド海外債券（ヘッジなし）１年決算型","インデックスファンドカイガイサイケン　ヘッジナシ　イチネンケッサンガタ","内国投資信託受益証券","10月26日","","E12430","アモーヴァ・アセットマネジメント株式会社"
"G03053","","インデックスファンド海外債券（ヘッジあり）１年決算型","インデックスファンドカイガイサイケン　ヘッジアリ　イチネンケッサンガタ","内国投資信託受益証券","10月26日","","E12430","アモーヴァ・アセットマネジメント株式会社"
"G03054","","三菱ＵＦＪ　＜ＤＣ＞ライフ・バランスファンド（安定型）","ミツビシユーエフジェイディーシーライフバランスファンドアンテイガタ","内国投資信託受益証券","8月14日","","E11518","三菱ＵＦＪアセットマネジメント株式会社"
"G03055","","三菱ＵＦＪ　＜ＤＣ＞ライフ・バランスファンド（安定成長型）","ミツビシユーエフジェイディーシーライフバランスファンドアンテイセイチョウガタ","内国投資信託受益証券","8月14日","","E11518","三菱ＵＦＪアセットマネジメント株式会社"
"G03056","","三菱ＵＦＪ　＜ＤＣ＞ライフ・バランスファンド（成長型）","ミツビシユーエフジェイディーシーライフバランスファンドセイチョウガタ","内国投資信託受益証券","8月14日","","E11518","三菱ＵＦＪアセットマネジメント株式会社"
"G03057","","三菱ＵＦＪ　＜ＤＣ＞ライフ・バランスファンド（積極型）","ミツビシユーエフジェイディーシーライフバランスファンドセッキョクガタ","内国投資信託受益証券","8月14日","","E11518","三菱ＵＦＪアセットマネジメント株式会社"
"G03058","","三菱ＵＦＪ　＜ＤＣ＞海外債券オープン","ミツビシユーエフジェイディーシーカイガイサイケンオープン","内国投資信託受益証券","1月22日","","E11518","三菱ＵＦＪアセットマネジメント株式会社"
"G03059","","三菱ＵＦＪ　＜ＤＣ＞ＴＯＰＩＸ・ファンド","ミツビシユーエフジェイディーシートピックスファンド","内国投資信託受益証券","3月25日","","E11518","三菱ＵＦＪアセットマネジメント株式会社"
"G03062","","アライアンス・バーンスタイン・グローバル・グロース・オポチュニティーズ（年金つみたて向け）","アライアンス　バーンスタイン　グローバル　グロース　オポチュニティーズ　ネンキンツミタテムケ","内国投資信託受益証券","7月20日","","E12480","アライアンス・バーンスタイン株式会社"
"G03066","","年金積立　アクティブ・ダイナミクス","ネンキンツミタテアクティブダイナミクス","内国投資信託受益証券","12月14日","","E12430","アモーヴァ・アセットマネジメント株式会社"
"G03067","","年金積立　日本短期債券オープン","ネンキンツミタテニホンタンキサイケンオープン","内国投資信託受益証券","10月28日","","E12430","アモーヴァ・アセットマネジメント株式会社"
"G03068","","年金積立　クオンツ・アクティブ・ジャパン","ネンキンツミタテクオンツアクティブジャパン","内国投資信託受益証券","2月15日","","E12430","アモーヴァ・アセットマネジメント株式会社"
"G03069","","年金積立　インターナショナル・ボンド・ファンド","ネンキンツミタテインターナショナルボンドファンド","内国投資信託受益証券","4月25日","","E12430","アモーヴァ・アセットマネジメント株式会社"
"G03070","","年金積立　インターナショナル・グロース・ファンド","ネンキンツミタテインターナショナルグロースファンド","内国投資信託受益証券","4月25日","","E12430","アモーヴァ・アセットマネジメント株式会社"
"G03071","","三井住友・ＤＣ年金日本株式２２５ファンド","ミツイスミトモディーシーネンキンニホンカブシキニィニィゴファンド","内国投資信託受益証券","11月10日","","E08957","三井住友ＤＳアセットマネジメント株式会社"
"G03074","","年金積立　エコファンド","ネンキンツミタテエコファンド","内国投資信託受益証券","8月19日","","E12430","アモーヴァ・アセットマネジメント株式会社"
"G03075","","インデックスファンドＴＯＰＩＸ（日本株式）","インデックスファンドトピックス　ニホンカブシキ","内国投資信託受益証券","2月12日","","E12430","アモーヴァ・アセットマネジメント株式会社"
"G03076","","インデックスファンド２２５（日本株式）","インデックスファンドニーニーゴ　ニホンカブシキ","内国投資信託受益証券","6月16日","","E12430","アモーヴァ・アセットマネジメント株式会社"
"G03078","","年金積立　Ｊグロース","ネンキンツミタテジェイグロース","内国投資信託受益証券","6月25日","","E12430","アモーヴァ・アセットマネジメント株式会社"
"G03079","","年金積立　ジャパンオープン","ネンキンツミタテジャパンオープン","内国投資信託受益証券","8月20日","","E12430","アモーヴァ・アセットマネジメント株式会社"
"G03080","","ゴールドマン・サックス・世界債券オープンＡ限定為替ヘッジ（確定拠出年金向け）　Ｂ為替ヘッジなし（確定拠出年金向け）","ゴールドマンサックスセカイサイケンオープンエーゲンテイカワセヘッジカクテイキョシュツネンキンムケ　ビーカワセヘッジナシカクテイキョウシュツネンキンムケ","内国投資信託受益証券","6月7日","","E12457","ゴールドマン・サックス・アセット・マネジメント株式会社"
"G03081","","シュローダー日本ファンド（確定拠出年金向け）","シュローダーニホンファンドカクテイキョシュツネンキンムケ","内国投資信託受益証券","8月24日","","E12586","シュローダー・インベストメント・マネジメント株式会社"
"G03082","","フィデリティ・グローバル・エクイティ・オープン　Ａ（限定為替ヘッジ）（確定拠出年金向け）","フィデリティグローバルエクイティオープン　エイゲンテイカワセヘッジ　カクテイキョシュツネンキンムケ","内国投資信託受益証券","7月31日","","E12481","フィデリティ投信株式会社"
"G03083","","フィデリティ・ジャパン・オープン（確定拠出年金向け）","フィデリティジャパンオープン　カクテイキョシュツネンキンムケ","内国投資信託受益証券","3月21日","","E12481","フィデリティ投信株式会社"
"G03084","","マイストーリー・株２５（確定拠出年金向け）","マイストーリ　カブニイゴウ　カクテイキョシュツネンキンムケ","内国投資信託受益証券","8月29日","","E12460","野村アセットマネジメント株式会社"
"G03085","","マイストーリー・株５０（確定拠出年金向け）","マイストーリー　カブゴジュウ　カクテイキョシュツネンキンムケ","内国投資信託受益証券","8月29日","","E12460","野村アセットマネジメント株式会社"
"G03086","","マイストーリー・株７５（確定拠出年金向け）","マイストーリー　カブナナジュウゴ　カクテイキョシュツネンキンムケ","内国投資信託受益証券","8月29日","","E12460","野村アセットマネジメント株式会社"
"G03087","","マイストーリー・株１００（確定拠出年金向け）","マイストリー　カブヒャク　カクテイキョシュツネンキンムケ","内国投資信託受益証券","8月29日","","E12460","野村アセットマネジメント株式会社"
"G03088","","マイストーリー・日本株１００（確定拠出年金向け）","マイストーリー　ニホンカブヒャク　カクテイキョシュツネンキンムケ","内国投資信託受益証券","8月29日","","E12460","野村アセットマネジメント株式会社"
"G03089","","トピックス・インデックス・オープン（確定拠出年金向け）","トピックスインデックスオープン　カクテイキョシュツネンキンムケ","内国投資信託受益証券","9月29日","","E12460","野村アセットマネジメント株式会社"
"G03090","","リサーチ・アクティブ・オープン　（確定拠出年金向け）","リサーチアクティブオープン　カクテイキョシュツネンキンムケ","内国投資信託受益証券","10月30日","","E12460","野村アセットマネジメント株式会社"
"G03091","","ノムラ・ジャパン・オープン（確定拠出年金向け）","ノムラジャパンオープンカクテイキョシュツネンキンムケ","内国投資信託受益証券","2月27日","","E12460","野村アセットマネジメント株式会社"
"G03092","","野村日本株アクティブ・コアファンド（確定拠出年金向け）","ノムラニホンカブアクティブコアファンドカクテイキョシュツネンキンムケ","内国投資信託受益証券","3月20日","","E12460","野村アセットマネジメント株式会社"
"G03093","","ノムラ日本債券オープン（確定拠出年金向け）","ノムラニホンサイケンオープン　カクテイキョシュツネンキンムケ","内国投資信託受益証券","2月27日","8月27日","E12460","野村アセットマネジメント株式会社"
"G03095","","大同ＤＣ２２５インデックスファンド","ダイドウディシーニーニーゴインデックスファンド","内国投資信託受益証券","3月15日","","E11764","Ｔ＆Ｄアセットマネジメント株式会社"
"G03098","","フランクリン・テンプルトン・米ドル毎月分配型ファンド","フランクリン　テンプルトン　ベイドルマイツキブンパイガタファンド","内国投資信託受益証券","5月18日","11月18日","E12425","フランクリン・テンプルトン・ジャパン株式会社"
"G03101","","シュローダーＤＣアクティブ日本株式","シュローダーディーシーアクティブニホンカブシキ","内国投資信託受益証券","10月25日","","E12586","シュローダー・インベストメント・マネジメント株式会社"
"G03103","","シュローダーＤＣアクティブ外国株式","シュローダーディーシーアクティブガイコクカブシキ","内国投資信託受益証券","10月25日","","E12586","シュローダー・インベストメント・マネジメント株式会社"
"G03105","","シュローダー年金運用ファンド日本株式","シュローダーネンキンウンヨウファンドニホンカブシキ","内国投資信託受益証券","4月25日","","E12586","シュローダー・インベストメント・マネジメント株式会社"
"G03106","","シュローダー年金運用ファンド日本債券","シュローダーネンキンウンヨウファンドニホンサイケン","内国投資信託受益証券","4月25日","","E12586","シュローダー・インベストメント・マネジメント株式会社"
"G03107","","Ｏｎｅジャパン・セレクション＜ＤＣ年金＞","ワンジャパンセレクションディーシーネンキン","内国投資信託受益証券","6月17日","","E10677","アセットマネジメントＯｎｅ株式会社"
"G03110","","損保ジャパン日本株オープン（ＤＣ年金）","ソンポジャパンニホンカブオープン　ディーシーネンキン","内国投資信託受益証券","10月31日","","E12434","ＳＯＭＰＯアセットマネジメント株式会社"
"G03120","","ＪＰＭ日本株・オープン","ジェイピーエムニホンカブオープン","内国投資信託受益証券","11月20日","","E06264","ＪＰモルガン・アセット・マネジメント株式会社"
"G03123","","バランスセレクト３０（確定拠出年金向け）","バランスセレクトサンジュウカクテイキョシュツネンキンムケ","内国投資信託受益証券","5月10日","","E12460","野村アセットマネジメント株式会社"
"G03124","","バランスセレクト５０（確定拠出年金向け）","バランスセレクトゴジュウカクテイキョシュツネンキンムケ","内国投資信託受益証券","5月10日","","E12460","野村アセットマネジメント株式会社"
"G03125","","バランスセレクト７０（確定拠出年金向け）","バランスセレクトナナジュウカクテイキョシュツネンキンムケ","内国投資信託受益証券","5月10日","","E12460","野村アセットマネジメント株式会社"
"G03126","","フィデリティ・グローバル・エクイティ・オープン　Ｂ（為替ヘッジなし）（確定拠出年金向け）","フィデリティグローバルエクイティオープン　ビーカワセヘッジナシ　カクテイキョシュツネンキンムケ","内国投資信託受益証券","7月31日","","E12481","フィデリティ投信株式会社"
"G03128","","三菱ＵＦＪ　＜ＤＣ＞ターゲット・イヤー　ファンド　２０３０／２０４０","ミツビシユーエフジェイディーシーターゲットイヤーファンドニーゼロサンゼロニーゼロヨンゼロ","内国投資信託受益証券","2月14日","","E11518","三菱ＵＦＪアセットマネジメント株式会社"
"G03129","","＜ＤＣ＞日本株スタイル・ミックス・ファンド","ディーシーニホンカブスタイルミックスファンド","内国投資信託受益証券","6月10日","","E11518","三菱ＵＦＪアセットマネジメント株式会社"
"G03130","","＜ＤＣ＞インデックスファンド２２５","ディーシーインデックスファンドニイニイゴ","内国投資信託受益証券","5月22日","","E11518","三菱ＵＦＪアセットマネジメント株式会社"
"G03132","","ＤＣニッセイグローバルアクティブ株式","ディーシーニッセイグローバルアクティブカブシキ","内国投資信託受益証券","12月20日","","E12453","ニッセイアセットマネジメント株式会社"
"G03143","","ＤＣ・ダイワ・バリュー株・オープン","ディーシーダイワバリューカブオープン","内国投資信託受益証券","3月9日","9月9日","E06748","大和アセットマネジメント株式会社"
"G03144","","明治安田ＤＣ日本株式リサーチオープン","メイジヤスダディーシーニホンカブシキリサーチオープン","内国投資信託受益証券","11月29日","","E12448","明治安田アセットマネジメント株式会社"
"G03145","","明治安田ＤＣ日本債券オープン","メイジヤスダディーシーニホンサイケンオープン","内国投資信託受益証券","11月29日","","E12448","明治安田アセットマネジメント株式会社"
"G03146","","明治安田ＤＣグローバルバランスオープン","メイジヤスダディーシーグローバルバランスオープン","内国投資信託受益証券","11月29日","","E12448","明治安田アセットマネジメント株式会社"
"G03147","","明治安田ＤＣハートフルライフ（プラン３０）　明治安田ＤＣハートフルライフ（プラン５０）　明治安田ＤＣハートフルライフ（プラン７０）","メイジヤスダディーシーハートフルライフプランサンジュウ　メイジヤスダディーシーハートフルライフプランゴジュウ　メイジヤスダディーシーハートフルライフプランナナジュウ","内国投資信託受益証券","11月29日","","E12448","明治安田アセットマネジメント株式会社"
"G03148","","明治安田ＤＣ外国株式リサーチオープン","メイジヤスダディーシーガイコクカブシキリサーチオープン","内国投資信託受益証券","11月29日","","E12448","明治安田アセットマネジメント株式会社"
"G03149","","明治安田ＤＣ外国債券オープン","メイジヤスダディーシーガイコクサイケンオープン","内国投資信託受益証券","11月29日","","E12448","明治安田アセットマネジメント株式会社"
"G03154","","ＤＣニッセイバランスアクティブ","ディーシーニッセイバランスアクティブ","内国投資信託受益証券","3月20日","9月20日","E12453","ニッセイアセットマネジメント株式会社"
"G03155","","ＤＣニッセイ国内債券インデックス","ディーシーニッセイコクナイサイケンインデックス","内国投資信託受益証券","2月20日","","E12453","ニッセイアセットマネジメント株式会社"
"G03156","","ＤＣニッセイグローバルバランス（債券重視型）／ＤＣニッセイグローバルバランス（標　準　型）／ＤＣニッセイグローバルバランス（株式重視型）","ディーシーニッセイグローバルバランスサイケンジュウシガタ　ディーシーニッセイグローバルバランスヒョウジュンガタ　ディーシーニッセイグローバルバランスカブシキジュウシガタ","内国投資信託受益証券","12月20日","","E12453","ニッセイアセットマネジメント株式会社"
"G03159","","ＤＣ・ダイワ・ジャパン・オープン（確定拠出年金専用ファンド）","ディーシーダイワジャパンオープンカクテイキョシュツネンキンセンヨウファンド","内国投資信託受益証券","4月24日","","E06748","大和アセットマネジメント株式会社"
"G03160","","いちよしグロース１","イチヨシグロースワン","内国投資信託受益証券","12月20日","","E13343","ＢＮＹメロン・インベストメント・マネジメント・ジャパン株式会社"
"G03161","","三菱ＵＦＪ　＜ＤＣ＞日本債券インデックスファンド","ミツビシユーエフジェイディーシーニホンサイケンインデックスファンド","内国投資信託受益証券","5月12日","","E11518","三菱ＵＦＪアセットマネジメント株式会社"
"G03162","","三菱ＵＦＪ　＜ＤＣ＞外国株式インデックスファンド","ミツビシユーエフジェイディーシーガイコクカブシキインデックスファンド","内国投資信託受益証券","5月12日","","E11518","三菱ＵＦＪアセットマネジメント株式会社"
"G03164","","ダイワ・チャイナ・ファンド","ダイワチャイナファンド","内国投資信託受益証券","12月13日","","E06748","大和アセットマネジメント株式会社"
"G03172","","日立国内株式インデックスファンド","ヒタチコクナイカブシキインデックスファンド","内国投資信託受益証券","5月15日","","E13347","日立投資顧問株式会社"
"G03173","","日立国内債券インデックスファンド","ヒタチコクナイサイケンインデックスファンド","内国投資信託受益証券","5月15日","","E13347","日立投資顧問株式会社"
"G03174","","日立外国株式インデックスファンド","ヒタチガイコクカブシキインデックスファンド","内国投資信託受益証券","5月15日","","E13347","日立投資顧問株式会社"
"G03175","","日立外国債券インデックスファンド","ヒタチガイコクサイケンインデックスファンド","内国投資信託受益証券","5月15日","","E13347","日立投資顧問株式会社"
"G03176","","日立バランスファンド（株式７０）、日立バランスファンド（株式５０）、日立バランスファンド（株式３０）","ヒタチバランスファンド　カブシキナナジュウ　ヒタチバランスファンド　カブシキゴジュウ　ヒタチバランスファンド　カブシキサンジュウ","内国投資信託受益証券","5月15日","","E13347","日立投資顧問株式会社"
"G03177","","三菱ＵＦＪ　ＤＣ厳選日本成長株オープン","ミツビシユーエフジェイディーシーゲンセンニホンセイチョウカブオープン","内国投資信託受益証券","3月23日","","E11518","三菱ＵＦＪアセットマネジメント株式会社"
"G03178","","三菱ＵＦＪ　＜ＤＣ＞海外株式オープン","ミツビシユーエフジェイディーシーカイガイカブシキオープン","内国投資信託受益証券","7月22日","","E11518","三菱ＵＦＪアセットマネジメント株式会社"
"G03179","","三菱ＵＦＪ　＜ＤＣ＞日本債券ファンド","ミツビシユーエフジェイディーシーニホンサイケンファンド","内国投資信託受益証券","2月27日","","E11518","三菱ＵＦＪアセットマネジメント株式会社"
"G03181","","三菱ＵＦＪ　米国債券インカムオープン","ミツビシユーエフジェイベイコクサイケンインカムオープン","内国投資信託受益証券","1月8日","7月8日","E11518","三菱ＵＦＪアセットマネジメント株式会社"
"G03183","","野村日本債券ファンド（確定拠出年金向け）","ノムラニホンサイケンファンド　カクテイキョシュツネンキンムケ","内国投資信託受益証券","1月24日","","E12460","野村アセットマネジメント株式会社"
"G03188","","三菱ＵＦＪ　＜ＤＣ＞外国債券インデックスファンド","ミツビシユーエフジェイディーシーガイコクサイケンインデックスファンド","内国投資信託受益証券","5月12日","","E11518","三菱ＵＦＪアセットマネジメント株式会社"
"G03189","","ＤＣ　　ガリレオ","ディーシー　　ガリレオ","内国投資信託受益証券","4月20日","10月20日","E12457","ゴールドマン・サックス・アセット・マネジメント株式会社"
"G03192","","三菱ＵＦＪ　＜ＤＣ＞インデックス・ライフ・バランス　ファンド（安定型）","ミツビシユーエフジェイディーシーインデックスライフバランスファンドアンテイガタ","内国投資信託受益証券","5月12日","","E11518","三菱ＵＦＪアセットマネジメント株式会社"
"G03193","","三菱ＵＦＪ　＜ＤＣ＞インデックス・ライフ・バランス　ファンド（安定成長型）","ミツビシユーエフジェイディーシーインデックスライフバランスファンドアンテイセイチョウガタ","内国投資信託受益証券","5月12日","","E11518","三菱ＵＦＪアセットマネジメント株式会社"
"G03194","","三菱ＵＦＪ　＜ＤＣ＞インデックス・ライフ・バランス　ファンド（成長型）","ミツビシユーエフジェイディーシーインデックスライフバランスファンドセイチョウガタ","内国投資信託受益証券","5月12日","","E11518","三菱ＵＦＪアセットマネジメント株式会社"
"G03195","","三菱ＵＦＪ　＜ＤＣ＞インデックス・ライフ・バランス　ファンド（積極型）","ミツビシユーエフジェイディーシーインデックスライフバランスファンドセッキョクガタ","内国投資信託受益証券","5月12日","","E11518","三菱ＵＦＪアセットマネジメント株式会社"
"G03196","13080","上場インデックスファンドＴＯＰＩＸ","ジョウジョウインデックスファンドトピックス","内国投資信託受益証券","7月8日","","E12430","アモーヴァ・アセットマネジメント株式会社"
"G03197","","ＴＯＰＩＸインデックスファンド（個人型年金向け）","トピックスインデックスファンドコジンガタネンキンムケ","内国投資信託受益証券","2月12日","","E12430","アモーヴァ・アセットマネジメント株式会社"
"G03198","","海外債券インデックスファンド（個人型年金向け）","カイガイサイケンインデックスファンドコジンガタネンキンムケ","内国投資信託受益証券","10月26日","","E12430","アモーヴァ・アセットマネジメント株式会社"
"G03199","","日本債券インデックスファンド（個人型年金向け）","ニホンサイケンインデックスファンドコジンガタネンキンムケ","内国投資信託受益証券","10月26日","","E12430","アモーヴァ・アセットマネジメント株式会社"
"G03200","","ＤＣ・ダイワ・ストックインデックス２２５（確定拠出年金専用ファンド）","ディーシーダイワストックインデックスニイニイゴカクテイキョシュツネンキンセンヨウファンド","内国投資信託受益証券","9月19日","","E06748","大和アセットマネジメント株式会社"
"G03205","","ニッセイ日本株ファンド","ニッセイニホンカブファンド","内国投資信託受益証券","5月20日","","E12453","ニッセイアセットマネジメント株式会社"
"G03206","","ＤＣニッセイ／パトナム・グローバル債券","ディーシーニッセイパトナムグローバルサイケン","内国投資信託受益証券","12月20日","","E12453","ニッセイアセットマネジメント株式会社"
"G03207","","ＤＣニッセイ国内株式アクティブ","ディーシーニッセイコクナイカブシキアクティブ","内国投資信託受益証券","12月20日","","E12453","ニッセイアセットマネジメント株式会社"
"G03212","","三菱ＵＦＪ　トピックスオープン（確定拠出年金）","ミツビシユーエフジェイ　トピックスオープンカクテイキョシュツネンキン","内国投資信託受益証券","2月20日","","E11518","三菱ＵＦＪアセットマネジメント株式会社"
"G03214","","三井住友・日本債券インデックス・ファンド","ミツイスミトモニホンサイケンインデックスファンド","内国投資信託受益証券","6月20日","","E08957","三井住友ＤＳアセットマネジメント株式会社"
"G03216","","ステート・ストリートＤＣ外国株式インデックス・オープン","ステートストリートディーシーガイコクカブシキインデックスオープン","内国投資信託受益証券","11月30日","5月30日","E12963","ステート・ストリート・グローバル・アドバイザーズ株式会社"
"G03220","","日本インデックス２２５ＤＣファンド","ニホンインデックスニーニーゴディーシーファンド","内国投資信託受益証券","1月6日","","E12441","ＳＢＩ岡三アセットマネジメント株式会社"
"G03222","","野村日本国債インデックスファンド（確定拠出年金向け）","ノムラニホンコクサイインデックスファンドカクテイキョシュツネンキンムケ","内国投資信託受益証券","5月10日","","E12460","野村アセットマネジメント株式会社"
"G03224","","ＨＳＢＣチャイナオープン","エイチエスビーシーチャイナオープン","内国投資信託受益証券","1月30日","","E12492","ＨＳＢＣアセットマネジメント株式会社"
"G03231","","東京海上セレクション・日本債券","トウキョウカイジョウセレクションニホンサイケン","内国投資信託受益証券","6月20日","","E06433","東京海上アセットマネジメント株式会社"
"G03239","","野村外国株式インデックスファンド・ＭＳＣＩ－ＫＯＫＵＳＡＩ（確定拠出年金向け）","ノムラガイコクカブシキインデックスファンドエムエスシーアイコクサイカクテイキョシュツネンキンムケ","内国投資信託受益証券","3月31日","","E12460","野村アセットマネジメント株式会社"
"G03241","","ＤＣファンダメンタル・バリュー　ファンド","ディーシーファンダメンタルバリュー　ファンド","内国投資信託受益証券","1月10日","","E12444","三井住友トラスト・アセットマネジメント株式会社"
"G03242","","ＤＣリサーチ・グロース　ファンド","ディーシーリサーチ　グロース　ファンド","内国投資信託受益証券","1月10日","","E12444","三井住友トラスト・アセットマネジメント株式会社"
"G03243","","ＤＣニッセイ国内債券アクティブ","ディーシーニッセイコクナイサイケンアクティブ","内国投資信託受益証券","12月20日","","E12453","ニッセイアセットマネジメント株式会社"
"G03244","","三菱ＵＦＪ　＜ＤＣ＞グローバルバランス　６０型／４０型／２０型","ミツビシユーエフジェイディーシーグローバルバランスロクジュウガタヨンジュウガタニジュウガタ","内国投資信託受益証券","7月22日","","E11518","三菱ＵＦＪアセットマネジメント株式会社"
"G03247","","野村外国債券パッシブファンド（確定拠出年金向け）","ノムラガイコクサイケンパッシブファンドカクテイキョシュツネンキンムケ","内国投資信託受益証券","5月10日","","E12460","野村アセットマネジメント株式会社"
"G03248","","三菱ＵＦＪ　海外債券オープン（３ヵ月決算型）","ミツビシユーエフジェイカイガイサイケンオープンサンカゲツケッサンガタ","内国投資信託受益証券","6月15日","12月15日","E11518","三菱ＵＦＪアセットマネジメント株式会社"
"G03250","","三菱ＵＦＪ　ＤＣ国内債券インデックスファンド","ミツビシユーエフジェイディーシーコクナイサイケンインデックスファンド","内国投資信託受益証券","3月31日","","E11518","三菱ＵＦＪアセットマネジメント株式会社"
"G03251","","三菱ＵＦＪ　外国債券オープン（確定拠出年金）","ミツビシユーエフジェイ　ガイコクサイケンオープンカクテイキョシュツネンキン","内国投資信託受益証券","8月10日","","E11518","三菱ＵＦＪアセットマネジメント株式会社"
"G03252","","ＤＣ・ダイワ・アクティブ・ニッポン（確定拠出年金専用ファンド）","ディーシーダイワアクティブニッポンカクテイキョシュツネンキンセンヨウファンド","内国投資信託受益証券","11月19日","","E06748","大和アセットマネジメント株式会社"
"G03256","","三井住友・日本債券年金ファンド","ミツイスミトモニホンサイケンネンキンファンド","内国投資信託受益証券","3月6日","","E08957","三井住友ＤＳアセットマネジメント株式会社"
"G03266","","フィデリティ・日本バリュー・ファンド","フィデリティニホンバリューファンド","内国投資信託受益証券","4月30日","","E12481","フィデリティ投信株式会社"
"G03274","89530","日本都市ファンド投資法人","ニホントシファンドトウシホウジン","内国投資証券","2月末日","8月末日","E13410","日本都市ファンド投資法人"
"G03280","","スパークス・日本株・ロング・ショート・ファンド","スパークス　ニホンカブ　ロング　ショート　ファンド","内国投資信託受益証券","3月10日","","E11161","スパークス・アセット・マネジメント株式会社"
"G03284","","ワールド・ソブリンインカム（愛称　十二単衣）","ワールドソブリンインカムアイショウジュウニヒトエ","内国投資信託受益証券","3月25日","9月25日","E12441","ＳＢＩ岡三アセットマネジメント株式会社"
"G03286","","ステート・ストリートＤＣ外国債券インデックス・オープン","ステートストリートディーシーガイコクサイケンインデックスオープン","内国投資信託受益証券","2月20日","8月20日","E12963","ステート・ストリート・グローバル・アドバイザーズ株式会社"
"G03302","13110","ＮＥＸＴ　ＦＵＮＤＳ　ＴＯＰＩＸ　Ｃｏｒｅ　３０連動型上場投信","ネクスト　ファンズ　トピックス　コア　サンジュウレンドウガタジョウジョウトウシン","内国投資信託受益証券","7月15日","","E12460","野村アセットマネジメント株式会社"
"G03305","16150","ＮＥＸＴ　ＦＵＮＤＳ　東証銀行業株価指数連動型上場投信","ネクスト　ファンズ　トウショウギンコウギョウカブカシスウレンドウガタジョウジョウトウシン","内国投資信託受益証券","7月15日","","E12460","野村アセットマネジメント株式会社"
"G03309","","静岡ベンチマーク・ファンド","シズオカベンチマークファンド","内国投資信託受益証券","4月15日","","E06748","大和アセットマネジメント株式会社"
"G03312","","国内債券・株式バランスファンド（確定拠出年金向け）","コクナイサイケンカブシキバランスファンドカクテイキョシュツネンキンムケ","内国投資信託受益証券","5月10日","","E12460","野村アセットマネジメント株式会社"
"G03322","","ダイワ成長株オープン","ダイワセイチョウカブオープン","内国投資信託受益証券","5月9日","","E06748","大和アセットマネジメント株式会社"
"G03328","","アライアンス・バーンスタイン・グローバル・ボンド・ファンド","アライアンス　バーンスタイン　グローバル　ボンド　ファンド","内国投資信託受益証券","5月1日","","E12480","アライアンス・バーンスタイン株式会社"
"G03335","","フランクリン・テンプルトン・ユーロ毎月分配型ファンド","フランクリン　テンプルトン　ユーロマイツキブンパイガタファンド","内国投資信託受益証券","5月18日","11月18日","E12425","フランクリン・テンプルトン・ジャパン株式会社"
"G03338","89540","オリックス不動産投資法人","オリックスフドウサントウシホウジン","内国投資証券","8月31日","2月28日","E13445","オリックス不動産投資法人"
"G03340","","三菱ＵＦＪ　日本株アクティブオープン（確定拠出年金）","ミツビシユーエフジェイニホンカブアクティブオープンカクテイキョシュツネンキン","内国投資信託受益証券","6月20日","","E11518","三菱ＵＦＪアセットマネジメント株式会社"
"G03341","","三菱ＵＦＪ　インデックス２２５オープン（確定拠出年金）","ミツビシユーエフジェイインデックスニニゴオープンカクテイキョシュツネンキン","内国投資信託受益証券","11月5日","","E11518","三菱ＵＦＪアセットマネジメント株式会社"
"G03342","","ゴールドマン・サックス毎月分配債券ファンド","ゴールドマン　サックスマイツキブンパイサイケンファンド","内国投資信託受益証券","6月15日","12月15日","E12457","ゴールドマン・サックス・アセット・マネジメント株式会社"
"G03344","","ＳＢＩ　ＴＯＰＩＸ１００・インデックスファンド＜ＤＣ年金＞","エスビーアイ　トピックスヒャク　インデックスファンド　ディーシーネンキン","内国投資信託受益証券","5月27日","","E13447","ＳＢＩアセットマネジメント株式会社"
"G03345","89550","日本プライムリアルティ投資法人","ニホンプライムリアルティトウシホウジン","内国投資証券","6月30日","12月31日","E13448","日本プライムリアルティ投資法人"
"G03346","","グローバル・バリュー・オープン（確定拠出年金向け）","グローバルバリューオープン　カクテイキョシュツネンキンムケ","内国投資信託受益証券","11月28日","","E12460","野村アセットマネジメント株式会社"
"G03347","","東海３県ファンド","トウカイサンケンファンド","内国投資信託受益証券","3月1日","","E06433","東京海上アセットマネジメント株式会社"
"G03350","","三菱ＵＦＪ　欧州債券オープン（３ヵ月決算型）","ミツビシユーエフジェイオウシュウサイケンオープンサンカゲツケッサンガタ","内国投資信託受益証券","5月15日","11月15日","E11518","三菱ＵＦＪアセットマネジメント株式会社"
"G03362","","ダイワ日本株オープン","ダイワニホンカブオープン","内国投資信託受益証券","7月11日","","E06748","大和アセットマネジメント株式会社"
"G03365","","グローバル・ボンド・ポート　毎月決算コース（為替ヘッジなし）","グローバルボンドポート　マイツキケッサンコース　カワセヘッジナシ","内国投資信託受益証券","3月10日","9月10日","E10677","アセットマネジメントＯｎｅ株式会社"
"G03373","","ニッセイ／パトナム・ユーロインカムオープン","ニッセイパトナムユーロインカムオープン","内国投資信託受益証券","5月15日","11月15日","E12453","ニッセイアセットマネジメント株式会社"
"G03375","","マイバランス３０（確定拠出年金向け）","マイバランスサンジュウカクテイキョシュツネンキンムケ","内国投資信託受益証券","3月31日","","E12460","野村アセットマネジメント株式会社"
"G03376","","マイバランス５０（確定拠出年金向け）","マイバランスゴジュウカクテイキョシュツネンキンムケ","内国投資信託受益証券","3月31日","","E12460","野村アセットマネジメント株式会社"
"G03377","","マイバランス７０（確定拠出年金向け）","マイバランスナナジュウカクテイキョシュツネンキンムケ","内国投資信託受益証券","3月31日","","E12460","野村アセットマネジメント株式会社"
"G03379","","茨城ファンド","イバラギファンド","内国投資信託受益証券","7月29日","","E06748","大和アセットマネジメント株式会社"
"G03384","","しんきん国内債券ファンド","シンキンコクナイサイケンファンド","内国投資信託受益証券","3月10日","","E12422","しんきんアセットマネジメント投信株式会社"
"G03385","","しんきん好配当利回り株ファンド","シンキンコウハイトウリマワリカブファンド","内国投資信託受益証券","8月6日","","E12422","しんきんアセットマネジメント投信株式会社"
"G03387","","野村国内債券インデックスファンド・ＮＯＭＵＲＡ－ＢＰＩ総合（確定拠出年金向け）","ノムラコクナイサイケンインデックスファンドノムラビーピーアイソウゴウカクテイキョシュツネンキンムケ","内国投資信託受益証券","3月31日","","E12460","野村アセットマネジメント株式会社"
"G03392","","三菱ＵＦＪ　外国債券オープン（毎月分配型）","ミツビシユーエフジェイガイコクサイケンオープンマイツキブンパイガタ","内国投資信託受益証券","1月17日","7月17日","E11518","三菱ＵＦＪアセットマネジメント株式会社"
"G03393","","ドイチェ・ヨーロッパ　インカム　オープン","ドイチェ　ヨーロッパ　インカム　オープン","内国投資信託受益証券","2月15日","8月15日","E06458","ドイチェ・アセット・マネジメント株式会社"
"G03394","","第８回　野村短期公社債ファンド","ダイハチカイ　ノムラタンキコウシャサイファンド","内国投資信託受益証券","8月19日","","E12460","野村アセットマネジメント株式会社"
"G03400","","ＤＣ静岡ベンチマーク・ファンド","ディーシーシズオカベンチマークファンド","内国投資信託受益証券","4月15日","","E06748","大和アセットマネジメント株式会社"
"G03404","","第９回　野村短期公社債ファンド","ダイキュウカイ　ノムラタンキコウシャサイファンド","内国投資信託受益証券","9月19日","","E12460","野村アセットマネジメント株式会社"
"G03405","89560","ＮＴＴ都市開発リート投資法人","エヌティティトシカイハツリートトウシホウジン","内国投資証券","4月30日","10月31日","E13484","ＮＴＴ都市開発リート投資法人"
"G03424","","ＤＩＡＭ外国株式インデックスファンド＜ＤＣ年金＞","ダイアムガイコクカブシキインデックスファンド　ディーシーネンキン","内国投資信託受益証券","2月15日","","E10677","アセットマネジメントＯｎｅ株式会社"
"G03425","","ピクテ・ユーロ最高格付国債ファンド（毎月決算型）","ピクテユーロサイコウカクヅケコクサイファンドマイツキケッサンガタ","内国投資信託受益証券","3月15日","9月15日","E10439","ピクテ・ジャパン株式会社"
"G03431","","第１０回　野村短期公社債ファンド","ダイジュッカイ　ノムラタンキコウシャサイファンド","内国投資信託受益証券","10月19日","","E12460","野村アセットマネジメント株式会社"
"G03442","","ダイワ高格付豪ドル債オープン（毎月分配型）","ダイワコウカクツケゴウドルサイオープンマイツキブンパイガタ","内国投資信託受益証券","4月15日","10月15日","E06748","大和アセットマネジメント株式会社"
"G03445","","野村国内株式インデックスファンド・ＴＯＰＩＸ（確定拠出年金向け）","ノムラコクナイカブシキインデックスファンドトピックス　カクテイキョシュツネンキンムケ","内国投資信託受益証券","5月10日","","E12460","野村アセットマネジメント株式会社"
"G03447","","ピクテ・ユーロ最高格付国債ファンド（３ヵ月決算型）","ピクテユーロサイコウカクヅケコクサイファンドサンカゲツケッサンガタ","内国投資信託受益証券","2月15日","8月15日","E10439","ピクテ・ジャパン株式会社"
"G03451","","第１１回　野村短期公社債ファンド","ダイジュウイッカイ　ノムラタンキコウシャサイファンド","内国投資信託受益証券","11月19日","","E12460","野村アセットマネジメント株式会社"
"G03455","","明治安田外国債券オープン（毎月分配型）","メイジヤスダガイコクサイケンオープンマイツキブンパイガタ","内国投資信託受益証券","5月7日","11月7日","E12448","明治安田アセットマネジメント株式会社"
"G03456","","野村外国債券インデックスファンド（確定拠出年金向け）","ノムラガイコクサイケンインデックスファンド　カクテイキョシュツネンキンムケ","内国投資信託受益証券","5月10日","","E12460","野村アセットマネジメント株式会社"
"G03462","","三菱ＵＦＪ　プライムバランス（安定型）（確定拠出年金）","ミツビシユーエフジェイプライムバランスアンテイガタカクテイキョシュツネンキン","内国投資信託受益証券","5月20日","","E11518","三菱ＵＦＪアセットマネジメント株式会社"
"G03463","","三菱ＵＦＪ　プライムバランス（安定成長型）（確定拠出年金）","ミツビシユーエフジェイプライムバランスアンテイセイチョウガタカクテイキョシュツネンキン","内国投資信託受益証券","5月20日","","E11518","三菱ＵＦＪアセットマネジメント株式会社"
"G03464","","三菱ＵＦＪ　プライムバランス（成長型）（確定拠出年金）","ミツビシユーエフジェイプライムバランスセイチョウガタカクテイキョシュツネンキン","内国投資信託受益証券","5月20日","","E11518","三菱ＵＦＪアセットマネジメント株式会社"
"G03470","","パインブリッジ米国優先証券ファンド","パインブリッジベイコクユウセンショウケンファンド","内国投資信託受益証券","5月20日","11月20日","E12437","パインブリッジ・インベストメンツ株式会社"
"G03475","","野村国内債券インデックスファンド","ノムラコクナイサイケンインデックスファンド","内国投資信託受益証券","5月10日","","E12460","野村アセットマネジメント株式会社"
"G03476","","野村外国株式インデックスファンド","ノムラガイコクカブシキインデックスファンド","内国投資信託受益証券","5月10日","","E12460","野村アセットマネジメント株式会社"
"G03477","","野村外国債券インデックスファンド","ノムラガイコクサイケンインデックスファンド","内国投資信託受益証券","5月10日","","E12460","野村アセットマネジメント株式会社"
"G03478","","ＤＩＡＭ国内株式インデックスファンド＜ＤＣ年金＞","ダイアムコクナイカブシキインデックスファンドディーシーネンキン","内国投資信託受益証券","2月7日","","E10677","アセットマネジメントＯｎｅ株式会社"
"G03486","","第１２回　野村短期公社債ファンド","ダイジュウニカイ　ノムラタンキコウシャサイファンド","内国投資信託受益証券","12月19日","","E12460","野村アセットマネジメント株式会社"
"G03493","","三菱ＵＦＪ　ＤＣトピックスオープン","ミツビシユーエフジェイディーシートピックスオープン","内国投資信託受益証券","3月15日","","E11518","三菱ＵＦＪアセットマネジメント株式会社"
"G03494","","ＤＩＡＭ国内債券インデックスファンド＜ＤＣ年金＞","ダイアムコクナイサイケンインデックスファンドディーシーネンキン","内国投資信託受益証券","2月15日","","E10677","アセットマネジメントＯｎｅ株式会社"
"G03500","","三菱ＵＦＪ　ユーロ債券オープン（毎月分配型）","ミツビシユーエフジェイユーロサイケンオープンマイツキブンパイガタ","内国投資信託受益証券","6月17日","12月17日","E11518","三菱ＵＦＪアセットマネジメント株式会社"
"G03503","","ＤＣダイワ外国債券インデックス","ディーシーダイワガイコクサイケンインデックス","内国投資信託受益証券","11月30日","","E06748","大和アセットマネジメント株式会社"
"G03512","","ＤＩＡＭ外国債券インデックスファンド＜ＤＣ年金＞","ダイアムガイコクサイケンインデックスファンド　ディーシーネンキン","内国投資信託受益証券","2月21日","","E10677","アセットマネジメントＯｎｅ株式会社"
"G03513","","インデックスファンド海外債券ヘッジあり（ＤＣ専用）","インデックスファンドカイガイサイケンヘッジアリディーシーセンヨウ","内国投資信託受益証券","10月26日","","E12430","アモーヴァ・アセットマネジメント株式会社"
"G03514","","インデックスファンド海外債券ヘッジなし（ＤＣ専用）","インデックスファンドカイガイサイケンヘッジナシディーシーセンヨウ","内国投資信託受益証券","10月26日","","E12430","アモーヴァ・アセットマネジメント株式会社"
"G03515","","インデックスファンド海外株式ヘッジあり（ＤＣ専用）","インデックスファンドカイガイカブシキヘッジアリディーシーセンヨウ","内国投資信託受益証券","10月26日","","E12430","アモーヴァ・アセットマネジメント株式会社"
"G03516","","インデックスファンド海外株式ヘッジなし（ＤＣ専用）","インデックスファンドカイガイカブシキヘッジナシディーシーセンヨウ","内国投資信託受益証券","10月26日","","E12430","アモーヴァ・アセットマネジメント株式会社"
"G03517","","ＤＣインデックスバランス（株式２０）","ディーシーインデックスバランスカブシキニジュウ","内国投資信託受益証券","11月6日","","E12430","アモーヴァ・アセットマネジメント株式会社"
"G03518","","ＤＣインデックスバランス（株式６０）","ディーシーインデックスバランスカブシキロクジュウ","内国投資信託受益証券","11月6日","","E12430","アモーヴァ・アセットマネジメント株式会社"
"G03519","","ＤＣインデックスバランス（株式４０）","ディーシーインデックスバランスカブシキヨンジュウ","内国投資信託受益証券","11月6日","","E12430","アモーヴァ・アセットマネジメント株式会社"
"G03520","","ＤＣインデックスバランス（株式８０）","ディーシーインデックスバランスカブシキハチジュウ","内国投資信託受益証券","11月6日","","E12430","アモーヴァ・アセットマネジメント株式会社"
"G03523","","ＤＩＡＭバランス・ファンド＜ＤＣ年金＞１安定型、ＤＩＡＭバランス・ファンド＜ＤＣ年金＞２安定・成長型、ＤＩＡＭバランス・ファンド＜ＤＣ年金＞３成長型","ダイアムバランスファンドディーシーネンキンイチアンテイガタ　ダイアムバランスファンドディーシーネンキンニアンテイセイチョウガタ　ダイアムバランスファンドディーシーネンキンサンセイチョウガタ","内国投資信託受益証券","2月25日","","E10677","アセットマネジメントＯｎｅ株式会社"
"G03529","","第１回　野村短期公社債ファンド","ダイイッカイ　ノムラタンキコウシャサイファンド","内国投資信託受益証券","1月19日","","E12460","野村アセットマネジメント株式会社"
"G03534","","彩の国応援ファンド","サイノクニオウエンファンド","内国投資信託受益証券","1月31日","","E06748","大和アセットマネジメント株式会社"
"G03541","","ＤＣニッセイワールドセレクトファンド（債券重視型）／ＤＣニッセイワールドセレクトファンド（標準型）／ＤＣニッセイワールドセレクトファンド（株式重視型）","ディーシーニッセイワールドセレクトファンドサイケンジュウシガタ　ディーシーニッセイワールドセレクトファンドヒョウジュンガタ　ディーシーニッセイワールドセレクトファンドカブシキジュウシガタ","内国投資信託受益証券","2月21日","","E12453","ニッセイアセットマネジメント株式会社"
"G03542","","ＤＣつみたて　アクティブ　バリュー　オープン","ディーシーツミタテアクティブバリューオープン","内国投資信託受益証券","2月27日","","E11764","Ｔ＆Ｄアセットマネジメント株式会社"
"G03544","","三井住友・日本株式インデックス年金ファンド","ミツイスミトモニホンカブシキインデックスネンキンファンド","内国投資信託受益証券","11月30日","","E08957","三井住友ＤＳアセットマネジメント株式会社"
"G03546","","イーストスプリング米国高利回り社債オープン","イーストスプリングベイコクコウリマワリシャサイオープン","内国投資信託受益証券","1月10日","7月10日","E12566","イーストスプリング・インベストメンツ株式会社"
"G03547","","Ｏｎｅグローバル・ボンド・ポート　毎月決算コース２","ワングローバルボンドポートマイツキケッサンコースツー","内国投資信託受益証券","3月10日","9月10日","E10677","アセットマネジメントＯｎｅ株式会社"
"G03549","","第２回　野村短期公社債ファンド","ダイニカイ　ノムラタンキコウシャサイファンド","内国投資信託受益証券","2月19日","","E12460","野村アセットマネジメント株式会社"
"G03550","","スパークス・日本株・Ｌ＆Ｓ","スパークス　ニホンカブ　エルアンドエス","内国投資信託受益証券","2月13日","","E11161","スパークス・アセット・マネジメント株式会社"
"G03554","","ＤＣダイワ日本株式インデックス","ディーシーダイワニホンカブシキインデックス","内国投資信託受益証券","11月30日","","E06748","大和アセットマネジメント株式会社"
"G03555","","ＤＣダイワ日本債券インデックス","ディーシーダイワニホンサイケンインデックス","内国投資信託受益証券","11月30日","","E06748","大和アセットマネジメント株式会社"
"G03556","","ＤＣダイワ外国株式インデックス","ディーシーダイワガイコクカブシキインデックス","内国投資信託受益証券","11月30日","","E06748","大和アセットマネジメント株式会社"
"G03558","","三井住友・ヨーロッパ国債ファンド","ミツイスミトモヨーロッパコクサイファンド","内国投資信託受益証券","2月20日","8月20日","E08957","三井住友ＤＳアセットマネジメント株式会社"
"G03560","","三菱ＵＦＪ　米国債券オープン（毎月分配型）","ミツビシユーエフジェイ　ベイコクサイケンオープンマイツキブンパイガタ","内国投資信託受益証券","2月17日","8月17日","E11518","三菱ＵＦＪアセットマネジメント株式会社"
"G03561","","インベスコ　オーストラリア債券ファンド（毎月決算型）","インベスコ　オーストラリアサイケンファンド　マイツキケッサンガタ","内国投資信託受益証券","2月20日","8月20日","E06479","インベスコ・アセット・マネジメント株式会社"
"G03563","","ＤＣ日本債券インデックス・オープンＳ","ディーシーニホンサイケンインデックスオープンエス","内国投資信託受益証券","9月30日","","E12444","三井住友トラスト・アセットマネジメント株式会社"
"G03565","","ＧＷ７つの卵","ジーダブリュウナナツノタマゴ","内国投資信託受益証券","1月10日","","E12430","アモーヴァ・アセットマネジメント株式会社"
"G03568","","三菱ＵＦＪ　ジャパン・アクティブ・ファンド","ミツビシユーエフジェイジャパンアクティブファンド","内国投資信託受益証券","10月30日","","E11518","三菱ＵＦＪアセットマネジメント株式会社"
"G03571","","ヨーロッパ国債ファンド（毎月決算型）","ヨーロッパコクサイファンドマイツキケッサンガタ","内国投資信託受益証券","2月15日","8月15日","E12444","三井住友トラスト・アセットマネジメント株式会社"
"G03573","","第３回　野村短期公社債ファンド","ダイサンカイ　ノムラタンキコウシャサイファンド","内国投資信託受益証券","3月19日","","E12460","野村アセットマネジメント株式会社"
"G03576","","ニッセイ日本勝ち組ファンド","ニッセイニホンカチグミファンド","内国投資信託受益証券","3月5日","","E12453","ニッセイアセットマネジメント株式会社"
"G03587","","外国債券オープン（毎月決算型）","ガイコクサイケンオープンマイツキケッサンガタ","内国投資信託受益証券","3月19日","9月19日","E12444","三井住友トラスト・アセットマネジメント株式会社"
"G03590","","三菱ＵＦＪ　豪ドル債券インカムオープン","ミツビシユーエフジェイゴウドルサイケンインカムオープン","内国投資信託受益証券","3月8日","9月8日","E11518","三菱ＵＦＪアセットマネジメント株式会社"
"G03593","","日興・ＧＳ　世界ソブリン・ファンド（毎月分配型）","ニッコウジーエスセカイソブリンファンドマイツキブンパイガタ","内国投資信託受益証券","1月15日","7月15日","E12430","アモーヴァ・アセットマネジメント株式会社"
"G03596","","東海３県ファンド（確定拠出年金）","トウカイサンケンファンドカクテイキョシュツネンキン","内国投資信託受益証券","6月20日","","E06433","東京海上アセットマネジメント株式会社"
"G03599","","第４回　野村短期公社債ファンド","ダイヨンカイ　ノムラタンキコウシャサイファンド","内国投資信託受益証券","4月19日","","E12460","野村アセットマネジメント株式会社"
"G03601","","ワールド・インカムオープン","ワールドインカムオープン","内国投資信託受益証券","3月15日","9月15日","E11518","三菱ＵＦＪアセットマネジメント株式会社"
"G03615","","第５回　野村短期公社債ファンド","ダイゴカイ　ノムラタンキコウシャサイファンド","内国投資信託受益証券","5月19日","","E12460","野村アセットマネジメント株式会社"
"G03623","","豪ドル毎月分配型ファンド","ゴウドルマイツキブンパイガタファンド","内国投資信託受益証券","5月15日","11月15日","E11518","三菱ＵＦＪアセットマネジメント株式会社"
"G03624","","ダイワ高格付カナダドル債オープン（毎月分配型）","ダイワコウカクツケカナダドルサイオープンマイツキブンパイガタ","内国投資信託受益証券","5月10日","11月10日","E06748","大和アセットマネジメント株式会社"
"G03631","","ハイグレード・オセアニア・ボンド・オープン（毎月分配型）","ハイグレードオセアニアボンドオープンマイツキブンパイガタ","内国投資信託受益証券","5月15日","11月15日","E06748","大和アセットマネジメント株式会社"
"G03633","","第６回　野村短期公社債ファンド","ダイロッカイ　ノムラタンキコウシャサイファンド","内国投資信託受益証券","6月19日","","E12460","野村アセットマネジメント株式会社"
"G03634","","明治安田ＴＯＰＩＸオープン","メイジヤスダトピックスオープン","内国投資信託受益証券","3月10日","","E12448","明治安田アセットマネジメント株式会社"
"G03635","","ピクテ・ハイインカム・ソブリン・ファンド（毎月決算型）為替ヘッジなしコース","ピクテハイインカムソブリンファンドマイツキケッサンガタカワセヘッジナシコース","内国投資信託受益証券","5月15日","11月15日","E10439","ピクテ・ジャパン株式会社"
"G03648","","三井住友・豪ドル債ファンド","ミツイスミトモゴウドルサイファンド","内国投資信託受益証券","5月5日","11月5日","E08957","三井住友ＤＳアセットマネジメント株式会社"
"G03651","","ピクテ・ユーロ最高格付国債インカム・ファンド（毎月決算型）","ピクテユーロサイコウカクヅケコクサイインカムファンドマイツキケッサンガタ","内国投資信託受益証券","6月10日","12月10日","E10439","ピクテ・ジャパン株式会社"
"G03652","","フランクリン・テンプルトン・オーストラリア毎月分配型ファンド","フランクリン　テンプルトン　オーストラリアマイツキブンパイガタファンド","内国投資信託受益証券","6月10日","12月10日","E12425","フランクリン・テンプルトン・ジャパン株式会社"
"G03656","","三菱ＵＦＪ　グローバル・ボンド・オープン（毎月決算型）","ミツビシユーエフジェイグローバルボンドオープンマイツキケッサンガタ","内国投資信託受益証券","4月20日","10月20日","E11518","三菱ＵＦＪアセットマネジメント株式会社"
"G03664","","しんきん海外ソブリン債セレクション","シンキンカイガイソブリンサイセレクション","内国投資信託受益証券","5月15日","11月15日","E12422","しんきんアセットマネジメント投信株式会社"
"G03666","","第７回　野村短期公社債ファンド","ダイナナカイ　ノムラタンキコウシャサイファンド","内国投資信託受益証券","7月19日","","E12460","野村アセットマネジメント株式会社"
"G03675","","ニッセイ／パトナム・毎月分配インカムオープン","ニッセイパトナムマイツキブンパイインカムオープン","内国投資信託受益証券","4月25日","10月25日","E12453","ニッセイアセットマネジメント株式会社"
"G03677","","Ｏｎｅ高格付インカム・オープン（毎月決算コース）","ワンコウカクヅケインカムオープンマイツキケッサンコース","内国投資信託受益証券","6月5日","12月5日","E10677","アセットマネジメントＯｎｅ株式会社"
"G03684","","日興グローイング・ベンチャーファンド","ニッコウグローイングベンチャーファンド","内国投資信託受益証券","7月17日","","E12430","アモーヴァ・アセットマネジメント株式会社"
"G03693","","ピムコ　ハイ・インカム毎月分配型ファンド","ピムコハイインカムマイツキブンパイガタファンド","内国投資信託受益証券","1月15日","7月15日","E11518","三菱ＵＦＪアセットマネジメント株式会社"
"G03702","","ＵＢＳオーストラリア債券オープン（毎月分配型）","ユービエースオーストラリアサイケンオープン　マイツキブンパイガタ","内国投資信託受益証券","1月17日","7月17日","E12473","ＵＢＳアセット・マネジメント株式会社"
"G03706","","財産３分法ファンド（不動産・債券・株式）毎月分配型","ザイサンサンブンポウファンドフドウサンサイケンカブシキマイツキブンパイガタ","内国投資信託受益証券","1月10日","7月10日","E12430","アモーヴァ・アセットマネジメント株式会社"
"G03707","","高金利先進国債券オープン（毎月分配型）","コウキンリセンシンコクサイケンオープンマイツキブンパイガタ","内国投資信託受益証券","1月10日","7月10日","E12430","アモーヴァ・アセットマネジメント株式会社"
"G03711","","ＪＰＭジャパン・ディスカバリー・ファンド","ジェイピーエムジャパンディスカバリーファンド","内国投資信託受益証券","8月28日","","E06264","ＪＰモルガン・アセット・マネジメント株式会社"
"G03719","89570","東急リアル・エステート投資法人","トウキュウリアルエステートトウシホウジン","内国投資証券","1月31日","7月31日","E13661","東急リアル・エステート投資法人"
"G03726","","野村豪州債券ファンド（年２回決算型）、野村豪州債券ファンド（毎月分配型）","ノムラゴウシュウサイケンファンド　ネンニカイケッサンガタ　ノムラゴウシュウサイケンファンド　マイツキブンパイガタ","内国投資信託受益証券","3月5日","9月5日","E12460","野村アセットマネジメント株式会社"
"G03732","","ハイグレード・オセアニア・ボンド・オープン（３カ月決算型）","ハイグレードオセアニアボンドオープンサンカゲツケッサンガタ","内国投資信託受益証券","3月15日","9月15日","E06748","大和アセットマネジメント株式会社"
"G03733","","ニッセイ／パトナム・毎月分配ユーロインカムオープン","ニッセイパトナムマイツキブンパイユーロインカムオープン","内国投資信託受益証券","5月15日","11月15日","E12453","ニッセイアセットマネジメント株式会社"
"G03736","","三井住友・中小型株ファンド","ミツイスミトモチュウコガタカブファンド","内国投資信託受益証券","9月25日","","E08957","三井住友ＤＳアセットマネジメント株式会社"
"G03737","","オーストラリアインカムオープン","オーストラリアインカムオープン","内国投資信託受益証券","3月15日","9月15日","E11518","三菱ＵＦＪアセットマネジメント株式会社"
"G03744","89580","グローバル・ワン不動産投資法人","グローバルワンフドウサントウシホウジン","内国投資証券","3月31日","9月30日","E13678","グローバル・ワン不動産投資法人"
"G03746","","日興ピムコ・ハイインカム・ソブリン・ファンド毎月分配型（米ドルコース）日興ピムコ・ハイインカム・ソブリン・ファンド毎月分配型（円ヘッジコース）","ニッコウピムコハイインカムソブリンファンドマイツキブンパイガタベイドルコースニッコウピムコハイインカムソブリンファンドマイツキブンパイガタエンヘッジコース","内国投資信託受益証券","1月15日","7月15日","E12430","アモーヴァ・アセットマネジメント株式会社"
"G03747","","日興　豪州　インカム・オープン（毎月分配型）","ニッコウゴウシュウインカムオープンマイツキブンパイガタ","内国投資信託受益証券","1月18日","7月18日","E12430","アモーヴァ・アセットマネジメント株式会社"
"G03752","","ワールド・リート・セレクション（米国）","ワールドリートセレクションベイコク","内国投資信託受益証券","3月12日","9月12日","E12441","ＳＢＩ岡三アセットマネジメント株式会社"
"G03755","","三菱ＵＦＪ　ＤＣ国内株式インデックスファンド","ミツビシユーエフジェイディーシーコクナイカブシキインデックスファンド","内国投資信託受益証券","3月25日","","E11518","三菱ＵＦＪアセットマネジメント株式会社"
"G03764","","三菱ＵＦＪ　オーストラリアボンドファンド（毎月分配型）","ミツビシユーエフジェイオーストラリアボンドファンドマイツキブンパイガタ","内国投資信託受益証券","1月9日","7月9日","E11518","三菱ＵＦＪアセットマネジメント株式会社"
"G03769","","アムンディ・中国株ファンド","アムンディチュウゴクカブファンド","内国投資信託受益証券","11月20日","","E09666","アムンディ・ジャパン株式会社"
"G03771","","ゴールドマン・サックス米国ＲＥＩＴファンドＡコース（毎月分配型、為替ヘッジあり）／Ｂコース（毎月分配型、為替ヘッジなし）","ゴールドマン　サックスベイコクリートファンドエーコース　マイツキブンパイガタ　カワセヘッジアリ　　ビーコース　マイツキブンパイガタ　カワセヘッジナシ","内国投資信託受益証券","4月23日","10月23日","E12457","ゴールドマン・サックス・アセット・マネジメント株式会社"
"G03775","","Ｏｎｅ中国関連株オープン","ワンチュウゴクカンレンカブオープン","内国投資信託受益証券","4月30日","10月30日","E10677","アセットマネジメントＯｎｅ株式会社"
"G03776","","野村リアルグロース・オープン","ノムラリアルグロースオープン","内国投資信託受益証券","10月29日","","E12460","野村アセットマネジメント株式会社"
"G03779","","フィデリティ・ジャパン・グロース・オープン","フィデリティジャパングロースオープン","内国投資信託受益証券","11月30日","","E12481","フィデリティ投信株式会社"
"G03787","","グローバル・ハイインカム・ストック・ファンド","グローバル　ハイインカム　ストック　ファンド","内国投資信託受益証券","1月5日","7月5日","E12460","野村アセットマネジメント株式会社"
"G03788","","オーストラリア債券ファンド","オーストラリアサイケンファンド","内国投資信託受益証券","3月5日","9月5日","E12460","野村アセットマネジメント株式会社"
"G03790","","ＵＢＳ　ＤＣ海外株式ファンド","ユービーエス　ディーシー　カイガイカブシキファンド","内国投資信託受益証券","2月25日","","E12473","ＵＢＳアセット・マネジメント株式会社"
"G03798","","ワールド・ゲノムテクノロジー・オープン　Ａコース、ワールド・ゲノムテクノロジー・オープン　Ｂコース","ワールドゲノムテクノロジーオープン　エーコース　ワールドゲノムテクノロジーオープン　ビーコース","内国投資信託受益証券","11月18日","","E12460","野村アセットマネジメント株式会社"
"G03800","","ダイワＪ－ＲＥＩＴオープン","ダイワジェイリートオープン","内国投資信託受益証券","3月15日","9月15日","E06748","大和アセットマネジメント株式会社"
"G03803","","フランクリン・テンプルトン・グローバル・プラス（毎月分配型）","フランクリン　テンプルトン　グローバル　プラス　マイツキブンパイガタ","内国投資信託受益証券","5月8日","11月8日","E12425","フランクリン・テンプルトン・ジャパン株式会社"
"G03804","","インデックスファンド日本債券（ＤＣ専用）","インデックスファンドニホンサイケンディーシーセンヨウ","内国投資信託受益証券","11月6日","","E12430","アモーヴァ・アセットマネジメント株式会社"
"G03805","","インデックスファンド日本株式（ＤＣ専用）","インデックスファンドニホンカブシキディーシーセンヨウ","内国投資信託受益証券","11月6日","","E12430","アモーヴァ・アセットマネジメント株式会社"
"G03811","","エル・プラス２００３－１１","エルプラスニセンサンジュウイチ","内国投資信託受益証券","2月7日","","E12430","アモーヴァ・アセットマネジメント株式会社"
"G03814","","フィデリティ・ＵＳリート・ファンドＡ（為替ヘッジあり）　フィデリティ・ＵＳリート・ファンドＢ（為替ヘッジなし）","フィデリティユーエスリートファンドエイカワセヘッジアリ　フィデリティユーエスリートファンドビーカワセヘッジナシ","内国投資信託受益証券","3月15日","9月15日","E12481","フィデリティ投信株式会社"
"G03824","","明治安田ＤＣ日本株式アルファオープン","メイジヤスダディーシーニホンカブシキアルファオープン","内国投資信託受益証券","11月25日","","E12448","明治安田アセットマネジメント株式会社"
"G03829","","利回り財産３分法ファンド（不動産・債券・株式）毎月分配型","リマワリザイサンサンブンポウファンドフドウサンサイケンカブシキマイツキブンパイガタ","内国投資信託受益証券","6月15日","12月15日","E12430","アモーヴァ・アセットマネジメント株式会社"
"G03832","","ピムコ　ハイ・インカム毎月分配型ファンド（為替ヘッジ付き）","ピムコハイインカムマイツキブンパイガタファンドカワセヘッジツキ","内国投資信託受益証券","1月15日","7月15日","E11518","三菱ＵＦＪアセットマネジメント株式会社"
"G03839","","ＳＲＩ・ジャパン・オープン","エスアールアイジャパンオープン","内国投資信託受益証券","12月24日","","E12444","三井住友トラスト・アセットマネジメント株式会社"
"G03840","","パインブリッジ世界国債インカムオープン「毎月タイプ」　パインブリッジ世界国債インカムオープン「年金タイプ」","パインブリッジセカイコクサイインカムオープンマイツキタイプ　パインブリッジセカイコクサイインカムオープンネンキンタイプ","内国投資信託受益証券","5月25日","11月25日","E12437","パインブリッジ・インベストメンツ株式会社"
"G03852","","米欧債券・インカムオープン","ベイオウサイケン　インカムオープン","内国投資信託受益証券","6月5日","12月5日","E12460","野村アセットマネジメント株式会社"
"G03857","89600","ユナイテッド・アーバン投資法人","ユナイテッドアーバントウシホウジン","内国投資証券","5月31日","11月30日","E13756","ユナイテッド・アーバン投資法人"
"G03862","","Ｏｎｅ　Ｊ－ＲＥＩＴオープン（毎月決算コース）","ワンジェイリートオープンマイツキケッサンコース","内国投資信託受益証券","1月16日","7月17日","E10677","アセットマネジメントＯｎｅ株式会社"
"G03867","","日興ワールド・カレンシー・ファンド２００４－０１","ニッコウワールドカレンシーファンドニーマルマルヨンゼロイチ","内国投資信託受益証券","1月29日","7月29日","E12430","アモーヴァ・アセットマネジメント株式会社"
"G03869","","日興グローバルＲＥＩＴファンド毎月分配型　Ａ（ヘッジなし）","ニッコウグローバルリートファンドマイツキブンパイガタ　エー　ヘッジナシ","内国投資信託受益証券","1月5日","7月5日","E12430","アモーヴァ・アセットマネジメント株式会社"
"G03875","","きらめきジャパン","キラメキジャパン","内国投資信託受益証券","1月15日","","E10677","アセットマネジメントＯｎｅ株式会社"
"G03876","","チャイナ・ロード","チャイナロード","内国投資信託受益証券","1月28日","7月28日","E12441","ＳＢＩ岡三アセットマネジメント株式会社"
"G03880","","三井住友・グローバル・リート・オープン","ミツイスミトモグローバルリートオープン","内国投資信託受益証券","1月17日","7月17日","E08957","三井住友ＤＳアセットマネジメント株式会社"
"G03883","89610","森トラストリート投資法人","モリトラストリートトウシホウジン","内国投資証券","8月末日","2月末日","E13771","森トラストリート投資法人"
"G03887","","ニッセイ日経２２５インデックスファンド","ニッセイニッケイニニゴインデックスファンド","内国投資信託受益証券","2月15日","","E12453","ニッセイアセットマネジメント株式会社"
"G03889","","ラッセル・インベストメント日本株式ファンド（ＤＣ向け）","ラッセルインベストメントニホンカブシキファンド　ディーシームケ","内国投資信託受益証券","4月18日","","E12450","ラッセル・インベストメント株式会社"
"G03893","","Ｏｎｅ　Ｊ－ＲＥＩＴオープン（２カ月決算コース）","ワンジェイリートオープンニカゲツケッサンコース","内国投資信託受益証券","1月16日","7月16日","E10677","アセットマネジメントＯｎｅ株式会社"
"G03897","","日興ワールド・カレンシー・ファンド２００４－０２","ニッコウワールドカレンシーファンドニーマルマルヨンゼロニ","内国投資信託受益証券","1月29日","7月29日","E12430","アモーヴァ・アセットマネジメント株式会社"
"G03898","","ピムコ・ハイイールド・ファンドＡコース（為替ヘッジなし）ピムコ・ハイイールド・ファンドＢコース（為替ヘッジあり）","ピムコハイイールドファンドエーコースカワセヘッジナシピムコハイイールドファンドビーコースカワセヘッジアリ","内国投資信託受益証券","1月20日","7月20日","E12430","アモーヴァ・アセットマネジメント株式会社"
"G03912","","パインブリッジ米国ＲＥＩＴインカムファンドＡコース（為替ヘッジあり）／Ｂコース（為替ヘッジなし）","パインブリッジベイコクリートインカムファンド　エイコースカワセヘッジアリ　ビーコースカワセヘッジナシ","内国投資信託受益証券","2月20日","8月20日","E12437","パインブリッジ・インベストメンツ株式会社"
"G03917","","ノムラファンドマスターズ日本小型株","ノムラファンドマスターズニホンコガタカブ","内国投資信託受益証券","2月15日","","E12460","野村アセットマネジメント株式会社"
"G03927","","ＤＣグッドカンパニー（社会的責任投資）","ディーシーグッドカンパニーシャカイテキセキニントウシ","内国投資信託受益証券","12月24日","","E12444","三井住友トラスト・アセットマネジメント株式会社"
"G03942","","ワールド・ウォーター・ファンドＡコース　ワールド・ウォーター・ファンドＢコース","ワールドウォーターファンドエイコース　ワールドウォーターファンドビーコース","内国投資信託受益証券","4月10日","","E12460","野村アセットマネジメント株式会社"
"G03947","","ラサール・グローバルＲＥＩＴファンド（毎月分配型）","ラサールグローバルリートファンドマイツキブンパイガタ","内国投資信託受益証券","1月5日","7月5日","E12430","アモーヴァ・アセットマネジメント株式会社"
"G03961","","Ｏｎｅワールド・リート・インカム・オープン（毎月決算コース）","ワンワールドリートインカムオープンマイツキケッサンコース","内国投資信託受益証券","4月9日","10月9日","E10677","アセットマネジメントＯｎｅ株式会社"
"G03967","","ノムラ日米ＲＥＩＴファンド","ノムラニチベイリートファンド","内国投資信託受益証券","4月6日","10月6日","E12460","野村アセットマネジメント株式会社"
"G03975","","スパークス・アクティブ・ジャパン","スパークス　アクティブ　ジャパン","内国投資信託受益証券","4月26日","","E11161","スパークス・アセット・マネジメント株式会社"
"G03980","","三菱ＵＦＪ　外国株式インデックスファンド","ミツビシユーエフジェイガイコクカブシキインデックスファンド","内国投資信託受益証券","2月22日","","E11518","三菱ＵＦＪアセットマネジメント株式会社"
"G03982","","フコクＳＲＩ（社会的責任投資）ファンド","フコクエスアールアイシャカイテキセキニントウシファンド","内国投資信託受益証券","4月21日","","E12422","しんきんアセットマネジメント投信株式会社"
"G03983","","スパークス・ジャパン・オープン","スパークス　ジャパン　オープン","内国投資信託受益証券","5月19日","","E11161","スパークス・アセット・マネジメント株式会社"
"G03984","","日興ワールドＲＥＩＴファンド","ニッコウワールドリートファンド","内国投資信託受益証券","2月21日","8月21日","E12430","アモーヴァ・アセットマネジメント株式会社"
"G03985","","ダイワＪ－ＲＥＩＴオープン（毎月分配型）","ダイワジェイリートオープンマイツキブンパイガタ","内国投資信託受益証券","3月15日","9月15日","E06748","大和アセットマネジメント株式会社"
"G03986","","ダイワ米国リート・ファンド（毎月分配型）　為替ヘッジあり／為替ヘッジなし","ダイワベイコクリートファンドマイツキブンパイガタカワセヘッジアリカワセヘッジナシ","内国投資信託受益証券","3月15日","9月15日","E06748","大和アセットマネジメント株式会社"
"G03991","89630","インヴィンシブル投資法人","インヴィンシブルトウシホウジン","内国投資証券","6月30日","12月31日","E13833","インヴィンシブル投資法人"
"G04006","","野村グローバルＳＲＩ　１００","ノムラグローバルエスアールアイ　ヒャク","内国投資信託受益証券","5月27日","","E12460","野村アセットマネジメント株式会社"
"G04014","","チャイナ・リサーチ・オープン","チャイナリサーチオープン","内国投資信託受益証券","6月15日","","E12444","三井住友トラスト・アセットマネジメント株式会社"
"G04021","","ハイブリッド・インカムオープン","ハイブリッド　インカムオープン","内国投資信託受益証券","3月15日","9月15日","E12460","野村アセットマネジメント株式会社"
"G04023","","三井住友・グローバル・リート・オープン（３カ月決算型）","ミツイスミトモグローバルリートオープンサンカゲツケッサンガタ","内国投資信託受益証券","6月17日","12月17日","E08957","三井住友ＤＳアセットマネジメント株式会社"
"G04043","","日興グローバルＲＥＩＴファンド（６ヵ月決算型）","ニッコウグローバルリートファンドロッカゲツケッサンガタ","内国投資信託受益証券","1月5日","7月5日","E12430","アモーヴァ・アセットマネジメント株式会社"
"G04047","89640","三井不動産商業ファンド投資法人","ミツイフドウサンショウギョウファンドトウシホウジン","内国投資証券","6月30日","12月31日","E13869","三井不動産商業ファンド投資法人"
"G04050","","グローバル・インカム・プラス（毎月分配型）","グローバルインカムプラスマイツキブンパイガタ","内国投資信託受益証券","1月10日","7月10日","E12448","明治安田アセットマネジメント株式会社"
"G04051","","三菱ＵＦＪ　Ｊリートオープン（３ヵ月決算型）","ミツビシユーエフジェイジェイリートオープンサンカゲツケッサンガタ","内国投資信託受益証券","4月10日","10月10日","E11518","三菱ＵＦＪアセットマネジメント株式会社"
"G04065","","ダイワ・ＵＳ－ＲＥＩＴ・オープン（毎月決算型）：Ａコース（為替ヘッジあり）／Ｂコース（為替ヘッジなし）","ダイワユーエスリートオープンマイツキケッサンガタエーコースカワセヘッジアリビーコースカワセヘッジナシ","内国投資信託受益証券","3月17日","9月17日","E06748","大和アセットマネジメント株式会社"
"G04070","","ノムラファンドマスターズ世界債券Ａコース、ノムラファンドマスターズ世界債券Ｂコース","ノムラファンドマスターズセカイサイケンエーコース　ノムラファンドマスターズセカイサイケンビーコース","内国投資信託受益証券","1月20日","7月20日","E12460","野村アセットマネジメント株式会社"
"G04076","","ＤＣ・ダイワＳＲＩファンド","ディーシーダイワエスアールアイファンド","内国投資信託受益証券","5月19日","","E06748","大和アセットマネジメント株式会社"
"G04077","","野村世界ＥＳＧ株式インデックスファンド（確定拠出年金向け）","ノムラセカイイーエスジーカブシキインデックスファンド　カクテイキョシュツネンキンムケ","内国投資信託受益証券","5月27日","","E12460","野村アセットマネジメント株式会社"
"G04089","","りそな・小型株ファンド","リソナコガタカブファンド","内国投資信託受益証券","9月10日","","E09666","アムンディ・ジャパン株式会社"
"G04093","","ノムラファンドマスターズ日本株","ノムラファンドマスターズニホンカブ","内国投資信託受益証券","2月28日","8月28日","E12460","野村アセットマネジメント株式会社"
"G04101","","明治安田ＤＣ・ＴＯＰＩＸオープン","メイジヤスダディーシートピックスオープン","内国投資信託受益証券","8月25日","","E12448","明治安田アセットマネジメント株式会社"
"G04109","","日興グローバル・ボンド＆カレンシー・ロング・ショート　２００４－０９","ニッコウグローバルボンドアンドカレンシーロングショートニゼロゼロヨンゼロキュウ","内国投資信託受益証券","1月22日","7月22日","E12430","アモーヴァ・アセットマネジメント株式会社"
"G04111","","ありがとうファンド","アリガトウファンド","内国投資信託受益証券","8月末日","","E13909","ありがとう投信株式会社"
"G04118","","ピムコ・グローバル・ハイイールド・ファンド（毎月分配型）","ピムコグローバルハイイールドファンドマイツキブンパイガタ","内国投資信託受益証券","6月7日","12月7日","E11518","三菱ＵＦＪアセットマネジメント株式会社"
"G04123","","ＤＣ・ダイワＪ－ＲＥＩＴオープン","ディーシーダイワジェイリートオープン","内国投資信託受益証券","9月15日","","E06748","大和アセットマネジメント株式会社"
"G04124","","ＪＰＭグローバルＣＢプラス","ジェイピーエムグローバルシービープラス","内国投資信託受益証券","4月25日","10月25日","E06264","ＪＰモルガン・アセット・マネジメント株式会社"
"G04129","","パインブリッジ米国優先証券ファンド（為替ヘッジなし）","パインブリッジベイコクユウセンショウケンファンドカワセヘッジナシ","内国投資信託受益証券","2月20日","8月20日","E12437","パインブリッジ・インベストメンツ株式会社"
"G04137","","イーストスプリング・インド株式オープン","イーストスプリングインドカブシキオープン","内国投資信託受益証券","9月30日","","E12566","イーストスプリング・インベストメンツ株式会社"
"G04139","","ＧＳハイ・イールド・ボンド・ファンド","ジーエスハイ　イールド　ボンド　ファンド","内国投資信託受益証券","3月10日","9月10日","E12457","ゴールドマン・サックス・アセット・マネジメント株式会社"
"G04145","","インデックスファンドＪリート（東証ＲＥＩＴ指数）毎月分配型","インデックスファンドジェイリート　トウショウリートシスウ　マイツキブンパイガタ","内国投資信託受益証券","6月15日","12月15日","E12430","アモーヴァ・アセットマネジメント株式会社"
"G04149","","ピクテ・バイオ医薬品ファンド（毎月決算型）為替ヘッジなしコース","ピクテバイオイヤクヒンファンドマイツキケッサンガタカワセヘッジナシコース","内国投資信託受益証券","4月13日","10月13日","E10439","ピクテ・ジャパン株式会社"
"G04160","","フィデリティ・チャイナ・フォーカス・オープン","フィデリティチャイナフォーカスオープン","内国投資信託受益証券","10月31日","","E12481","フィデリティ投信株式会社"
"G04171","","オーストラリア・リート・オープン（毎月決算型）","オーストラリアリートオープンマイツキケッサンガタ","内国投資信託受益証券","5月10日","11月10日","E11518","三菱ＵＦＪアセットマネジメント株式会社"
"G04175","","高利回り社債オープン","コウリマワリシャサイオープン","内国投資信託受益証券","5月5日","11月5日","E12460","野村アセットマネジメント株式会社"
"G04177","","ウツミ屋　日本株ファンド「あゆみ」","ウツミヤニホンカブファンドアユミ","内国投資信託受益証券","11月25日","","E08957","三井住友ＤＳアセットマネジメント株式会社"
"G04180","","三菱ＵＦＪ　ＳＲＩファンド","ミツビシユーエフジェイエスアールアイファンド","内国投資信託受益証券","11月20日","","E11518","三菱ＵＦＪアセットマネジメント株式会社"
"G04181","","りそな・ＴＯＰＩＸオープン","リソナトピックスオープン","内国投資信託受益証券","11月19日","","E09666","アムンディ・ジャパン株式会社"
"G04183","","グローバル・インカム＆プラス（毎月決算型）","グローバルインカムアンドプラスマイツキケッサンガタ","内国投資信託受益証券","5月19日","11月19日","E12444","三井住友トラスト・アセットマネジメント株式会社"
"G04191","","ＨＳＢＣインドオープン","エイチエスビーシーインドオープン","内国投資信託受益証券","11月29日","","E12492","ＨＳＢＣアセットマネジメント株式会社"
"G04194","","ＤＣ日本債券インデックス・オープンＰ","ディーシーニホンサイケンインデックスオープンピー","内国投資信託受益証券","9月30日","","E12444","三井住友トラスト・アセットマネジメント株式会社"
"G04195","","東京海上セレクション・物価連動国債","トウキョウカイジョウセレクションブッカレンドウコクサイ","内国投資信託受益証券","10月26日","","E06433","東京海上アセットマネジメント株式会社"
"G04196","","世界好配当株投信","セカイコウハイトウカブトウシン","内国投資信託受益証券","4月10日","10月10日","E12460","野村アセットマネジメント株式会社"
"G04197","","年金インデックスファンド日本株式（ＴＯＰＩＸ連動型）","ネンキンインデックスファンドニホンカブシキトピックスレンドウガタ","内国投資信託受益証券","5月31日","","E12430","アモーヴァ・アセットマネジメント株式会社"
"G04199","","損保ジャパン欧州国債オープン（毎月分配型）","ソンポジャパンオウシュウコクサイオープン　マイツキブンパイガタ","内国投資信託受益証券","6月1日","12月1日","E12434","ＳＯＭＰＯアセットマネジメント株式会社"
"G04214","","三井住友・ＤＣ外国株式インデックスファンドＳ","ミツイスミトモディーシーガイコクカブシキインデックスファンドエス","内国投資信託受益証券","11月30日","","E08957","三井住友ＤＳアセットマネジメント株式会社"
"G04215","","三井住友・ＤＣ外国債券インデックスファンドＳ","ミツイスミトモディーシーガイコクサイケンインデックスファンドエス","内国投資信託受益証券","12月17日","","E08957","三井住友ＤＳアセットマネジメント株式会社"
"G04216","","三菱ＵＦＪ　バランスインカムオープン（毎月決算型）","ミツビシユーエフジェイバランスインカムオープンマイツキケッサンガタ","内国投資信託受益証券","5月20日","11月20日","E11518","三菱ＵＦＪアセットマネジメント株式会社"
"G04239","","ＡＬＡＭＣＯ　ＤＣ日経平均ファンド","アラムコディーシーニッケイヘイキンファンド","内国投資信託受益証券","11月15日","","E12447","朝日ライフ　アセットマネジメント株式会社"
"G04242","","ドイチェ・インド株式ファンド","ドイチェ　インドカブシキファンド","内国投資信託受益証券","11月30日","","E06458","ドイチェ・アセット・マネジメント株式会社"
"G04245","","日本Ｊリートオープン（毎月分配型）","ニホンジェイリートオープンマイツキブンパイガタ","内国投資信託受益証券","5月20日","11月20日","E12441","ＳＢＩ岡三アセットマネジメント株式会社"
"G04247","","ＳＢＩ中小型成長株ファンド　ジェイネクスト（愛称：ｊｎｅｘｔ）","エスビーアイチュウコガタセイチョウカブファンド　ジェイネクスト　アイショウ　ジェイネクスト","内国投資信託受益証券","1月22日","","E13447","ＳＢＩアセットマネジメント株式会社"
"G04260","","Ｊ－ＲＥＩＴ・リサーチ・オープン（毎月決算型）","ジェイリートリサーチオープンマイツキケッサンガタ","内国投資信託受益証券","6月17日","12月17日","E12444","三井住友トラスト・アセットマネジメント株式会社"
"G04265","","しんきんＪリートオープン（毎月決算型）","シンキンジェイリートオープンマイツキケッサンガタ","内国投資信託受益証券","1月20日","7月20日","E12422","しんきんアセットマネジメント投信株式会社"
"G04268","","グローバル・リート・セレクション","グローバルリートセレクション","内国投資信託受益証券","3月15日","9月15日","E12441","ＳＢＩ岡三アセットマネジメント株式会社"
"G04276","","世界高配当株式ファンド（毎月分配型）","セカイコウハイトウカブシキファンド　マイツキブンパイガタ","内国投資信託受益証券","5月18日","11月18日","E12430","アモーヴァ・アセットマネジメント株式会社"
"G04281","","中国Ａ株ファンド","チュウゴクエーカブファンド","内国投資信託受益証券","9月21日","","E12430","アモーヴァ・アセットマネジメント株式会社"
"G04282","","高利回り社債オープン・為替ヘッジ","コウリマワリシャサイオープン　カワセヘッジ","内国投資信託受益証券","5月5日","11月5日","E12460","野村アセットマネジメント株式会社"
"G04284","89660","平和不動産リート投資法人","ヘイワフドウサンリートトウシホウジン","内国投資証券","5月31日","11月30日","E14005","平和不動産リート投資法人"
"G04287","","ピムコ・エマージング・ボンド・オープン　Ａコース（為替ヘッジなし）／Ｂコース（為替ヘッジあり）","ピムコエマージングボンドオープンエーコースカワセヘッジナシビーコースカワセヘッジアリ","内国投資信託受益証券","5月20日","11月20日","E11518","三菱ＵＦＪアセットマネジメント株式会社"
"G04293","","フィデリティ・グローバル好配当株ファンド","フィデリティグローバルコウハイトウカブファンド","内国投資信託受益証券","6月20日","12月20日","E12481","フィデリティ投信株式会社"
"G04294","","ピクテ・グローバル・インカム株式ファンド（毎月分配型）","ピクテグローバルインカムカブシキファンドマイツキブンパイガタ","内国投資信託受益証券","2月10日","8月10日","E10439","ピクテ・ジャパン株式会社"
"G04312","","りそなジャパンＣＳＲファンド","リソナジャパンシーエスアールファンド","内国投資信託受益証券","3月15日","9月15日","E12437","パインブリッジ・インベストメンツ株式会社"
"G04317","","Ｊ－ＲＥＩＴオープン（毎月決算型）、Ｊ－ＲＥＩＴオープン（年４回決算型）、Ｊ－ＲＥＩＴオープン（資産成長型）","ジェイリートオープンマイツキケッサンガタ　ジェイリートオープンネンヨンカイケッサンガタ　ジェイリートオープンシサンセイチョウガタ","内国投資信託受益証券","1月23日","7月23日","E12460","野村アセットマネジメント株式会社"
"G04318","","グローバルＲＥＩＴオープン","グローバルリートオープン","内国投資信託受益証券","1月23日","7月23日","E12460","野村アセットマネジメント株式会社"
"G04322","","損保ジャパン拡大中国株投信","ソンポジャパンカクダイチュウゴクカブトウシン","内国投資信託受益証券","10月31日","","E12434","ＳＯＭＰＯアセットマネジメント株式会社"
"G04323","","損保ジャパンＳＲＩオープン","ソンポジャパンエスアールアイオープン","内国投資信託受益証券","12月8日","","E12434","ＳＯＭＰＯアセットマネジメント株式会社"
"G04327","","ドイチェ・グローバル好配当株式ファンド（毎月分配型）","ドイチェグローバルコウハイトウカブシキファンドマイツキブンパイガタ","内国投資信託受益証券","6月21日","12月21日","E06458","ドイチェ・アセット・マネジメント株式会社"
"G04340","","アムンディ・東欧株ファンド","アムンディトウオウカブファンド","内国投資信託受益証券","10月20日","","E09666","アムンディ・ジャパン株式会社"
"G04344","","しんきん３資産ファンド（毎月決算型）","シンキンサンシサンファンドマイツキケッサンガタ","内国投資信託受益証券","3月20日","9月20日","E12422","しんきんアセットマネジメント投信株式会社"
"G04345","","日本好配当リバランスオープン","ニホンコウハイトウリバランスオープン","内国投資信託受益証券","1月7日","7月7日","E12441","ＳＢＩ岡三アセットマネジメント株式会社"
"G04346","","日興キャッシュリッチ・ファンド","ニッコウキャッシュリッチファンド","内国投資信託受益証券","4月15日","","E12430","アモーヴァ・アセットマネジメント株式会社"
"G04352","89670","日本ロジスティクスファンド投資法人","ニホンロジスティクスファンドトウシホウジン","内国投資証券","1月31日","7月31日","E14042","日本ロジスティクスファンド投資法人"
"G04356","","ワールド・リート・セレクション（米国）為替ヘッジあり","ワールドリートセレクションベイコクカワセヘッジアリ","内国投資信託受益証券","3月12日","9月12日","E12441","ＳＢＩ岡三アセットマネジメント株式会社"
"G04357","","日本好配当株投信","ニホンコウハイトウカブトウシン","内国投資信託受益証券","4月10日","10月10日","E12460","野村アセットマネジメント株式会社"
"G04365","","野村Ｊ―ＲＥＩＴファンド（確定拠出年金向け）","ノムラジェイリートファンド　カクテイキョシュツネンキンムケ","内国投資信託受益証券","1月6日","","E12460","野村アセットマネジメント株式会社"
"G04395","","Ｏｎｅ世界好配当株オープン（毎月決算コース）","ワンセカイコウハイトウカブオープンマイツキケッサンコース","内国投資信託受益証券","5月26日","11月26日","E10677","アセットマネジメントＯｎｅ株式会社"
"G04397","","三井住友・グローバル好配当株式オープン","ミツイスミトモグローバルコウハイトウカブシキオープン","内国投資信託受益証券","5月12日","11月12日","E08957","三井住友ＤＳアセットマネジメント株式会社"
"G04398","","ＧＳ新成長国債券ファンド","ジーエスシンセイチョウコクサイケンファンド","内国投資信託受益証券","5月17日","11月17日","E12457","ゴールドマン・サックス・アセット・マネジメント株式会社"
"G04401","","みずほ好配当日本株オープン","ミズホコウハイトウニホンカブオープン","内国投資信託受益証券","4月8日","10月8日","E12434","ＳＯＭＰＯアセットマネジメント株式会社"
"G04404","","日本好配当利回り株オープン（３ヵ月決算型）","ニホンコウハイトウリマワリカブオープンサンカゲツケッサンガタ","内国投資信託受益証券","4月7日","10月7日","E11518","三菱ＵＦＪアセットマネジメント株式会社"
"G04408","","マイストーリー分配型（年６回）Ａコース、マイストーリー分配型（年６回）Ｂコース","マイストーリーブンパイガタ　ネンロッカイ　エーコース　マイストーリーブンパイガタ　ネンロッカイ　ビーコース","内国投資信託受益証券","1月20日","7月20日","E12460","野村アセットマネジメント株式会社"
"G04413","89680","福岡リート投資法人","フクオカリートトウシホウジン","内国投資証券","8月31日","2月末日","E14079","福岡リート投資法人"
"G04416","","世界ソブリン債券・日本株ファンド（毎月分配型）","セカイソブリンサイケンニホンカブファンドマイツキブンパイガタ","内国投資信託受益証券","5月8日","11月8日","E11518","三菱ＵＦＪアセットマネジメント株式会社"
"G04417","","日興グローバル・ボンド＆カレンシー・ロング・ショート　２００５－０６","ニッコウグローバルボンドアンドカレンシーロングショートニゼロゼロゴゼロロク","内国投資信託受益証券","1月22日","7月22日","E12430","アモーヴァ・アセットマネジメント株式会社"
"G04418","","野村日経２２５インデックスファンド（確定拠出年金向け）","ノムラニッケイニニゴインデックスファンド　カクテイキョシュツネンキンムケ","内国投資信託受益証券","11月7日","","E12460","野村アセットマネジメント株式会社"
"G04420","","野村世界好配当株投信（確定拠出年金向け）","ノムラセカイコウハイトウカブトウシン　カクテイキョシュツネンキンムケ","内国投資信託受益証券","10月10日","","E12460","野村アセットマネジメント株式会社"
"G04430","","中国Ａ株ファンド２","チュウゴクエーカブファンドニ","内国投資信託受益証券","9月21日","","E12430","アモーヴァ・アセットマネジメント株式会社"
"G04436","","好配当日本株式　オープン","コウハイトウニホンカブシキ　オープン","内国投資信託受益証券","1月10日","7月10日","E12460","野村アセットマネジメント株式会社"
"G04442","","ダイワ・グローバルＲＥＩＴ・オープン（毎月分配型）","ダイワグローバルリートオープンマイツキブンパイガタ","内国投資信託受益証券","3月15日","9月15日","E06748","大和アセットマネジメント株式会社"
"G04443","","ダイワ・ライフ・バランス３０","ダイワライフバランスサンジュウ","内国投資信託受益証券","6月5日","","E06748","大和アセットマネジメント株式会社"
"G04444","","ダイワ・ライフ・バランス５０","ダイワライフバランスゴジュウ","内国投資信託受益証券","6月5日","","E06748","大和アセットマネジメント株式会社"
"G04445","","ダイワ・ライフ・バランス７０","ダイワライフバランスナナジュウ","内国投資信託受益証券","6月5日","","E06748","大和アセットマネジメント株式会社"
"G04453","","野村インド株投資","ノムラインドカブトウシ","内国投資信託受益証券","7月11日","","E12460","野村アセットマネジメント株式会社"
"G04454","","日興グローバル・ボンド＆カレンシー・ロング・ショート　２００５－０７","ニッコウグローバルボンドアンドカレンシーロングショートニゼロゼロゴゼロナナ","内国投資信託受益証券","1月22日","7月22日","E12430","アモーヴァ・アセットマネジメント株式会社"
"G04464","","三井住友・アジア・オセアニア好配当株式オープン","ミツイスミトモアジアオセアニアコウハイトウカブシキオープン","内国投資信託受益証券","1月18日","7月18日","E08957","三井住友ＤＳアセットマネジメント株式会社"
"G04467","89720","ＫＤＸ不動産投資法人","ケイディーエックスフドウサントウシホウジン","内国投資証券","4月30日","10月31日","E14109","ＫＤＸ不動産投資法人"
"G04470","","ダイワ日本好配当株ファンド","ダイワニホンコウハイトウカブファンド","内国投資信託受益証券","1月15日","7月15日","E06748","大和アセットマネジメント株式会社"
"G04481","","たんぎん世界好配当株式ファンド（毎月分配型）","タンギンセカイコウハイトウカブシキファンドマイツキブンパイガタ","内国投資信託受益証券","1月25日","7月25日","E09666","アムンディ・ジャパン株式会社"
"G04488","","ダイワ好配当日本株投信（季節点描）","ダイワコウハイトウニホンカブトウシンキセツテンビョウ","内国投資信託受益証券","4月15日","10月15日","E06748","大和アセットマネジメント株式会社"
"G04493","","ニュー配当利回り株オープン","ニューハイトウリマワリカブオープン","内国投資信託受益証券","1月25日","7月25日","E12444","三井住友トラスト・アセットマネジメント株式会社"
"G04499","","野村世界不動産投信","ノムラセカイフドウサントウシン","内国投資信託受益証券","1月15日","7月15日","E12460","野村アセットマネジメント株式会社"
"G04504","","アライアンス・バーンスタイン・新興国成長株投信Ａコース（為替ヘッジあり）／アライアンス・バーンスタイン・新興国成長株投信Ｂコース（為替ヘッジなし）","アライアンス　バーンスタイン　シンコウコクセイチョウカブトウシンエーコース　カワセヘッジアリ　アライアンス　バーンスタイン　シンコウコクセイチョウカブトウシンビーコース　カワセヘッジナシ","内国投資信託受益証券","8月28日","","E12480","アライアンス・バーンスタイン株式会社"
"G04511","","日本ＥＳＧオープン（愛称　絆（きずな））","ニホンイーエスジーオープンアイショウキズナ","内国投資信託受益証券","8月11日","","E12441","ＳＢＩ岡三アセットマネジメント株式会社"
"G04513","","世界三資産バランスファンド","セカイサンシサンバランスファンド","内国投資信託受益証券","2月15日","8月15日","E12460","野村アセットマネジメント株式会社"
"G04516","89840","大和ハウスリート投資法人","ダイワハウスリートトウシホウジン","内国投資証券","2月28日","8月31日","E14140","大和ハウスリート投資法人"
"G04518","","ソフトバンク＆ＳＢＩグループ株式ファンド","ソフトバンクアンドエスビーアイグループカブシキファンド","内国投資信託受益証券","10月27日","","E13447","ＳＢＩアセットマネジメント株式会社"
"G04521","","ラッセル・インベストメント外国株式ファンド（ＤＣ向け）","ラッセルインベストメントガイコクカブシキファンド　ディーシームケ","内国投資信託受益証券","4月18日","","E12450","ラッセル・インベストメント株式会社"
"G04536","89750","いちごオフィスリート投資法人","イチゴオフィスリートトウシホウジン","内国投資証券","4月末日","10月末日","E14150","いちごオフィスリート投資法人"
"G04538","","三重県応援ファンド","ミエケンオウエンファンド","内国投資信託受益証券","1月20日","7月20日","E12441","ＳＢＩ岡三アセットマネジメント株式会社"
"G04555","","Ｏｎｅ世界インカム・オープン（毎月決算コース）","ワンセカイインカムオープンマイツキケッサンコース","内国投資信託受益証券","6月26日","12月26日","E10677","アセットマネジメントＯｎｅ株式会社"
"G04557","","ＤＣダイワ・グローバルＲＥＩＴインデックスファンド","ディーシーダイワグローバルリートインデックスファンド","内国投資信託受益証券","11月30日","","E06748","大和アセットマネジメント株式会社"
"G04558","","ＤＣダイワ中小型株ファンド","ディーシーダイワチュウコガタカブファンド","内国投資信託受益証券","8月29日","","E06748","大和アセットマネジメント株式会社"
"G04559","","ＤＣダイワ物価連動国債ファンド","ディーシーダイワブッカレンドウコクサイファンド","内国投資信託受益証券","9月10日","","E06748","大和アセットマネジメント株式会社"
"G04560","","ダイワ外債ソブリン・オープン（毎月分配型）","ダイワガイサイソブリンオープンマイツキブンパイガタ","内国投資信託受益証券","2月10日","8月10日","E06748","大和アセットマネジメント株式会社"
"G04563","","グローバル３資産ファンド","グローバルサンシサンファンド","内国投資信託受益証券","3月20日","9月20日","E08957","三井住友ＤＳアセットマネジメント株式会社"
"G04572","","株ちょファンド日本（高配当株・割安株・成長株）毎月分配型","カブチョファンドニッポンコウハイトウカブワリヤスカブセイチョウカブマイツキブンパイガタ","内国投資信託受益証券","5月19日","11月19日","E12430","アモーヴァ・アセットマネジメント株式会社"
"G04575","","フィデリティ・日本配当成長株・ファンド（分配重視型）","フィデリティニホンハイトウセイチョウカブファンド　ブンパイジュウシガタ","内国投資信託受益証券","1月10日","7月10日","E12481","フィデリティ投信株式会社"
"G04576","","パインブリッジ新成長国債券プラス","パインブリッジシンセイチョウコクサイケンプラス","内国投資信託受益証券","3月20日","9月20日","E12437","パインブリッジ・インベストメンツ株式会社"
"G04578","","ＨＳＢＣＢＩＣｓオープン","エイチエスビーシービックスオープン","内国投資信託受益証券","9月29日","","E12492","ＨＳＢＣアセットマネジメント株式会社"
"G04580","","損保ジャパン外国債券ファンド（為替ヘッジなし）","ソンポジャパンガイコクサイケンファンド　カワセヘッジナシ","内国投資信託受益証券","7月15日","","E12434","ＳＯＭＰＯアセットマネジメント株式会社"
"G04581","","ＪＰＭ新興国ソブリン・オープン","ジェイピーエムシンコウコクソブリンオープン","内国投資信託受益証券","3月17日","9月17日","E06264","ＪＰモルガン・アセット・マネジメント株式会社"
"G04582","","フィデリティ・グローバル・エクイティ（野村ＳＭＡ向け）Ａコース（限定為替ヘッジ）　フィデリティ・グローバル・エクイティ（野村ＳＭＡ向け）Ｂコース（為替ヘッジなし）","フィデリティグローバルエクイティノムラエスエムエイムケエイコースゲンテイカワセヘッジ　フィデリティグローバルエクイティノムラエスエムエイムケビーコースカワセヘッジナシ","内国投資信託受益証券","1月31日","7月31日","E12481","フィデリティ投信株式会社"
"G04589","","日興グローバル・ボンド＆カレンシー・ロング・ショート　２００５－１０","ニッコウグローバルボンドアンドカレンシーロングショートニゼロゼロゴイチゼロ","内国投資信託受益証券","1月22日","7月22日","E12430","アモーヴァ・アセットマネジメント株式会社"
"G04593","","世界の財産３分法ファンド（不動産・債券・株式）毎月分配型","セカイノザイサンサンブンポウファンドフドウサンサイケンカブシキマイツキブンパイガタ","内国投資信託受益証券","6月15日","12月15日","E12430","アモーヴァ・アセットマネジメント株式会社"
"G04597","","三井住友・ＤＣ年金バランス３０（債券重点型）、三井住友・ＤＣ年金バランス５０（標準型）、三井住友・ＤＣ年金バランス７０（株式重点型）","ミツイスミトモディーシーネンキンバランスサンジュウサイケンジュウテンガタ　ミツイスミトモディーシーネンキンバランスゴジュウヒョウジュンガタ　ミツイスミトモディーシーネンキンバランスナナジュウカブシキジュウテンガタ","内国投資信託受益証券","2月18日","","E08957","三井住友ＤＳアセットマネジメント株式会社"
"G04598","","ゴールドマン・サックス・世界債券オープンＡ限定為替ヘッジ（野村ＳＭＡ向け）Ｂ為替ヘッジなし（野村ＳＭＡ向け）","ゴールドマン　サックス　セカイサイケンオープンエーゲンテイカワセヘッジ　ノムラエスエムエームケ　ビーカワセヘッジナシ　ノムラエスエムエームエームケ","内国投資信託受益証券","6月7日","12月7日","E12457","ゴールドマン・サックス・アセット・マネジメント株式会社"
"G04600","","ＧＳ日本株式インデックス・プラス","ジーエスニホンカブシキインデックス　プラス","内国投資信託受益証券","3月20日","9月20日","E12457","ゴールドマン・サックス・アセット・マネジメント株式会社"
"G04601","89760","大和証券オフィス投資法人","ダイワショウケンオフィストウシホウジン","内国投資証券","5月31日","11月30日","E14197","大和証券オフィス投資法人"
"G04603","","世界好配当株投信（野村ＳＭＡ向け）","セカイコウハイトウカブトウシン　ノムラエスエムエームケ","内国投資信託受益証券","10月10日","","E12460","野村アセットマネジメント株式会社"
"G04604","","ノムラ日本債券オープン（野村ＳＭＡ向け）","ノムラニホンサイケンオープン　ノムラエスエムエームケ","内国投資信託受益証券","8月27日","","E12460","野村アセットマネジメント株式会社"
"G04605","","野村世界ＲＥＩＴファンドＡコース（野村ＳＭＡ向け）、野村世界ＲＥＩＴファンドＢコース（野村ＳＭＡ向け）","ノムラセカイリートファンドエーコース　ノムラエスエムエームケ　ノムラセカイリートファンドビーコース　ノムラエスエムエームケ","内国投資信託受益証券","7月15日","","E12460","野村アセットマネジメント株式会社"
"G04607","","ハイ・イールド　ボンド　オープンＡコース（野村ＳＭＡ向け）、ハイ・イールド　ボンド　オープンＢコース（野村ＳＭＡ向け）","ハイイールド　ボンド　オープンエーコース　ノムラエスエムエームケ　ハイイールド　ボンド　オープンビーコース　ノムラエスエムエームケ","内国投資信託受益証券","9月28日","","E12460","野村アセットマネジメント株式会社"
"G04609","","大和　ストック　インデックス　２２５　ファンド","ダイワストックインデックスニーニーゴファンド","内国投資信託受益証券","9月19日","","E06748","大和アセットマネジメント株式会社"
"G04614","89770","阪急阪神リート投資法人","ハンキュウハンシンリートトウシホウジン","内国投資証券","5月31日","11月30日","E14207","阪急阪神リート投資法人"
"G04618","","野村世界６資産分散投信（安定コース）、野村世界６資産分散投信（分配コース）、野村世界６資産分散投信（成長コース）、野村世界６資産分散投信（配分変更コース）","ノムラセカイロクシサンブンサントウシンアンテイコース　ノムラセカイロクシサンブンサントウシンブンパイコース　ノムラセカイロクシサンブンサントウシンセイチョウコース　ノムラセカイロクシサンブンサントウシンハイブンヘンコウコース","内国投資信託受益証券","1月10日","7月10日","E12460","野村アセットマネジメント株式会社"
"G04621","","三井住友・フォーカス・ジャパン・オープン","ミツイスミトモフォーカスジャパンオープン","内国投資信託受益証券","4月10日","10月10日","E08957","三井住友ＤＳアセットマネジメント株式会社"
"G04623","","毎月分配パッケージファンド","マイツキブンパイパッケージファンド","内国投資信託受益証券","4月14日","10月14日","E12444","三井住友トラスト・アセットマネジメント株式会社"
"G04624","","ダイワ・バランス３資産（外債・海外リート・好配当日本株）","ダイワバランスサンシサンガイサイカイガイリートコウハイトウニホンカブ","内国投資信託受益証券","2月15日","8月15日","E06748","大和アセットマネジメント株式会社"
"G04628","","京都・滋賀インデックス　ファンド","キョウトシガインデックス　ファンド","内国投資信託受益証券","10月25日","","E12460","野村アセットマネジメント株式会社"
"G04631","","アジア・オセアニア好配当株ファンド（毎月決算型）","アジアオセアニアコウハイトウカブファンドマイツキケッサンガタ","内国投資信託受益証券","4月10日","10月10日","E12441","ＳＢＩ岡三アセットマネジメント株式会社"
"G04641","89790","スターツプロシード投資法人","スターツプロシードトウシホウジン","内国投資証券","4月30日","10月31日","E14223","スターツプロシード投資法人"
"G04644","","りそな・世界資産分散ファンド","リソナセカイシサンブンサンファンド","内国投資信託受益証券","3月9日","9月9日","E06748","大和アセットマネジメント株式会社"
"G04646","","グローバル高配当株式ファンド（奇数月分配型）","グローバルコウハイトウカブシキファンド　キスウヅキブンパイガタ","内国投資信託受益証券","5月21日","11月21日","E12430","アモーヴァ・アセットマネジメント株式会社"
"G04647","","日興グローバル・ボンド＆カレンシー・ロング・ショート　２００５－１１","ニッコウグローバルボンドアンドカレンシーロングショートニゼロゼロゴジュウイチ","内国投資信託受益証券","1月22日","7月22日","E12430","アモーヴァ・アセットマネジメント株式会社"
"G04654","","ＵＢＳニュー・メジャー・バランス・ファンド（毎月分配型）","ユービーエス　ニューメジャーバランスファンド　マイツキブンパイガタ","内国投資信託受益証券","5月25日","11月25日","E12473","ＵＢＳアセット・マネジメント株式会社"
"G04657","","日興中小型グロース・ファンド","ニッコウチュウコガタグロースファンド","内国投資信託受益証券","11月20日","","E12430","アモーヴァ・アセットマネジメント株式会社"
"G04661","","アムンディ・世界好配当株式ファンド（毎月分配型）","アムンディセカイコウハイトウカブシキファンドマイツキブンパイガタ","内国投資信託受益証券","8月25日","2月25日","E09666","アムンディ・ジャパン株式会社"
"G04663","","しんきん世界好配当利回り株ファンド（毎月決算型）","シンキンセカイコウハイトウリマワリカブファンドマイツキケッサンガタ","内国投資信託受益証券","11月10日","5月10日","E12422","しんきんアセットマネジメント投信株式会社"
"G04671","","Ｏｎｅ高格付インカム・オープン＜ＤＣ年金＞","ワンコウカクヅケインカムオープンディーシーネンキン","内国投資信託受益証券","6月6日","","E10677","アセットマネジメントＯｎｅ株式会社"
"G04676","","フィデリティ・オールカントリー・割安好配当株ファンド（年４回決算）","フィデリティオールカントリーワリヤスコウハイトウカブファンドネンヨンカイケッサン","内国投資信託受益証券","6月20日","12月20日","E12481","フィデリティ投信株式会社"
"G04679","","福井県応援ファンド","フクイケンオウエンファンド","内国投資信託受益証券","5月10日","11月10日","E12441","ＳＢＩ岡三アセットマネジメント株式会社"
"G04683","","ＳＢＩ小型成長株ファンド　ジェイクール（愛称：ｊｃｏｏｌ）","エスビーアイコガタセイチョウカブファンド　ジェイクール　アイショウ　ジェイクール","内国投資信託受益証券","12月22日","","E13447","ＳＢＩアセットマネジメント株式会社"
"G04684","","日本バリュースターオープン（愛称　経営進化論）","ニホンバリュースターオープンアイショウケイエイシンカロン","内国投資信託受益証券","11月27日","","E12441","ＳＢＩ岡三アセットマネジメント株式会社"
"G04687","","ダイワ・マルチアセット・ファンド・シリーズ（奇数月分配型）：安定重視ポートフォリオ、インカム重視ポートフォリオ、成長重視ポートフォリオ","ダイワマルチアセットファンドシリーズキスウヅキブンパイガタアンテイジュウシポートフォリオインカムジュウシポートフォリオセイチョウジュウシポートフォリオ","内国投資信託受益証券","5月10日","11月10日","E06748","大和アセットマネジメント株式会社"
"G04695","","三菱ＵＦＪ　３資産分散ファンド（毎月決算型）","ミツビシユーエフジェイサンシサンブンサンファンドマイツキケッサンガタ","内国投資信託受益証券","5月5日","11月5日","E11518","三菱ＵＦＪアセットマネジメント株式会社"
"G04702","","Ｏｎｅパッシブ資産分散ファンド","ワンパッシブシサンブンサンファンド","内国投資信託受益証券","5月7日","11月6日","E10677","アセットマネジメントＯｎｅ株式会社"
"G04714","","世界資源株ファンド","セカイシゲンカブファンド","内国投資信託受益証券","4月19日","10月19日","E11518","三菱ＵＦＪアセットマネジメント株式会社"
"G04715","","パインブリッジ新成長国債インカムオープン","パインブリッジシンセイチョウコクサイインカムオープン","内国投資信託受益証券","5月25日","11月25日","E12437","パインブリッジ・インベストメンツ株式会社"
"G04728","","ＪＰＭ・ＢＲＩＣＳ５・ファンド","ジェイピーエムブリックスファイブファンド","内国投資信託受益証券","1月20日","","E06264","ＪＰモルガン・アセット・マネジメント株式会社"
"G04733","","野村小型株オープン","ノムラコガタカブオープン","内国投資信託受益証券","12月15日","","E12460","野村アセットマネジメント株式会社"
"G04735","89850","ジャパン・ホテル・リート投資法人","ジャパンホテルリートトウシホウジン","内国投資証券","12月31日","","E14273","ジャパン・ホテル・リート投資法人"
"G04745","","ＪＰＭインド株アクティブ・オープン","ジェイピーエム　インドカブアクティブオープン","内国投資信託受益証券","1月27日","7月27日","E06264","ＪＰモルガン・アセット・マネジメント株式会社"
"G04747","","日本株プライムニュートラル・ファンド（ラップ向け）","ニホンカブプライムニュートラルファンドラップムケ","内国投資信託受益証券","2月24日","8月24日","E11518","三菱ＵＦＪアセットマネジメント株式会社"
"G04764","","ＤＣダイワ・ワールドアセット（六つの羽／安定コース）、（六つの羽／６分散コース）、（六つの羽／成長コース）","ディーシーダイワワールドアセットムッツノハネアンテイコースムッツノハネロクブンサンコースムッツノハネセイチョウコース","内国投資信託受益証券","1月10日","","E06748","大和アセットマネジメント株式会社"
"G04765","","シュローダーＢＩＣｓ株式ファンド","シュローダービックスカブシキファンド","内国投資信託受益証券","1月30日","7月30日","E12586","シュローダー・インベストメント・マネジメント株式会社"
"G04766","","アジア・オセアニア配当利回り株オープン","アジアオセアニアハイトウリマワリカブオープン","内国投資信託受益証券","6月15日","12月15日","E12444","三井住友トラスト・アセットマネジメント株式会社"
"G04773","","京都応援バランスファンド（隔月分配型）","キョウトオウエンバランスファンドカクゲツブンパイガタ","内国投資信託受益証券","1月10日","7月10日","E06748","大和アセットマネジメント株式会社"
"G04780","","ノムラファンドマスターズ新興国株　Ａコース、ノムラファンドマスターズ新興国株　Ｂコース","ノムラファンドマスターズシンコウコクカブ　エーコース　ノムラファンドマスターズシンコウコクカブ　ビーコース","内国投資信託受益証券","6月15日","12月15日","E12460","野村アセットマネジメント株式会社"
"G04791","","三菱ＵＦＪ　好配当日本株ファンド（２ヵ月決算型）","ミツビシユーエフジェイコウハイトウニホンカブファンドニカゲツケッサンガタ","内国投資信託受益証券","1月7日","7月7日","E11518","三菱ＵＦＪアセットマネジメント株式会社"
"G04793","","ＤＷＳ　ロシア・欧州新興国株投信","ディーダブリューエスロシアオウシュウシンコウコクカブトウシン","内国投資信託受益証券","10月20日","","E06458","ドイチェ・アセット・マネジメント株式会社"
"G04801","","フィデリティ・世界３資産・ファンド（毎月決算型）","フィデリティセイカイサンシサンファンド　マイツキケッサンガタ","内国投資信託受益証券","5月10日","11月10日","E12481","フィデリティ投信株式会社"
"G04802","","好配当ジャパン・オープン","コウハイトウジャパンオープン","内国投資信託受益証券","4月8日","10月8日","E12434","ＳＯＭＰＯアセットマネジメント株式会社"
"G04803","","明治安田ＤＣ日本株式アクティブ・ポートフォリオ","メイジヤスダディーシーニホンカブシキアクティブポートフォリオ","内国投資信託受益証券","2月15日","","E12448","明治安田アセットマネジメント株式会社"
"G04806","","ニッセイ／パトナム・グローバル好配当株式オープン","ニッセイパトナムグローバルコウハイトウカブシキオープン","内国投資信託受益証券","4月10日","10月10日","E12453","ニッセイアセットマネジメント株式会社"
"G04815","","フィデリティ・世界分散・ファンド（債券重視型）　フィデリティ・世界分散・ファンド（株式重視型）","フィデリティセカイブンサンファンドサイケンジュウシガタ　フィデリティセカイブンサンファンドカブシキジュウシガタ","内国投資信託受益証券","5月10日","11月10日","E12481","フィデリティ投信株式会社"
"G04818","","三菱ＵＦＪ　６資産バランスファンド（２ヵ月分配型）","ミツビシユーエフジェイロクシサンバランスファンドニカゲツブンパイガタ","内国投資信託受益証券","1月5日","7月5日","E11518","三菱ＵＦＪアセットマネジメント株式会社"
"G04819","","三菱ＵＦＪ　６資産バランスファンド（成長型）","ミツビシユーエフジェイロクシサンバランスファンドセイチョウガタ","内国投資信託受益証券","1月5日","7月5日","E11518","三菱ＵＦＪアセットマネジメント株式会社"
"G04821","","日興ＢＲＩＣｓ株式ファンド","ニッコウブリックスカブシキファンド","内国投資信託受益証券","4月15日","","E12430","アモーヴァ・アセットマネジメント株式会社"
"G04824","","フィデリティ・海外株式・ファンド（ＤＣ年金）","フィデリティカイガイカブシキファンド　ディーシーネンキン","内国投資信託受益証券","10月25日","","E12481","フィデリティ投信株式会社"
"G04832","","イーストスプリング・アジア・オセアニア好配当株式オープン（毎月分配型）","イーストスプリングアジアオセアニアコウハイトウカブシキオープンマイツキブンパイガタ","内国投資信託受益証券","3月14日","9月14日","E12566","イーストスプリング・インベストメンツ株式会社"
"G04844","","ＤＣワールド・ソブリンインカム","ディーシーワールドソブリンインカム","内国投資信託受益証券","2月25日","","E12441","ＳＢＩ岡三アセットマネジメント株式会社"
"G04845","","ＤＣグローバル・リート・セレクション","ディーシーグローバルリートセレクション","内国投資信託受益証券","2月15日","","E12441","ＳＢＩ岡三アセットマネジメント株式会社"
"G04847","","しんきん好配当利回り株ファンド（３ヵ月決算型）","シンキンコウハイトウリマワリカブファンドサンカゲツケッサンガタ","内国投資信託受益証券","3月5日","9月5日","E12422","しんきんアセットマネジメント投信株式会社"
"G04848","","ＨＳＢＣブラジルオープン","エイチエスビーシーブラジルオープン","内国投資信託受益証券","3月30日","","E12492","ＨＳＢＣアセットマネジメント株式会社"
"G04857","","ダイワ海外ソブリン・ファンド（毎月分配型）","ダイワカイガイソブリンファンドマイツキブンパイガタ","内国投資信託受益証券","2月10日","8月10日","E06748","大和アセットマネジメント株式会社"
"G04858","","６資産バランスファンド：６資産バランスファンド（分配型）、６資産バランスファンド（成長型）","ロクシサンバランスファンドロクシサンバランスファンドブンパイガタロクシサンバランスファンドセイチョウガタ","内国投資信託受益証券","3月6日","9月6日","E06748","大和アセットマネジメント株式会社"
"G04864","","三井住友・グローバル・リート・オープン（１年決算型）","ミツイスミトモグローバルリートオープンイチネンケッサンガタ","内国投資信託受益証券","1月17日","","E08957","三井住友ＤＳアセットマネジメント株式会社"
"G04867","","シュローダー日本ファンド（野村ＳＭＡ向け）","シュローダーニホンファンドノムラエスエムエームケ","内国投資信託受益証券","2月24日","","E12586","シュローダー・インベストメント・マネジメント株式会社"
"G04870","","フィデリティ・ジャパン・オープン（野村ＳＭＡ向け）","フィデリティジャパンオープン　ノムラエスエムエイムケ","内国投資信託受益証券","9月21日","","E12481","フィデリティ投信株式会社"
"G04871","","フィデリティ・中小型株・オープン（野村ＳＭＡ向け）","フィデリティチュウコガタカブオープン　ノムラエスエムエイムケ","内国投資信託受益証券","9月13日","","E12481","フィデリティ投信株式会社"
"G04872","","ラッセル・インベストメント・グローバル・バランス　安定型／安定成長型／成長型","ラッセルインベストメント　グローバルバランス　アンテイガタ　アンテイセイチョウガタ　セイチョウガタ","内国投資信託受益証券","11月18日","","E12450","ラッセル・インベストメント株式会社"
"G04879","","ＪＰＭ中小型株オープン（野村ＳＭＡ向け）","ジェイピーエムチュウコガタカブオープン　ノムラエスエムエームケ","内国投資信託受益証券","4月20日","10月20日","E06264","ＪＰモルガン・アセット・マネジメント株式会社"
"G04883","","三井住友・インド・中国株オープン","ミツイスミトモインドチュウゴクカブオープン","内国投資信託受益証券","4月15日","10月15日","E08957","三井住友ＤＳアセットマネジメント株式会社"
"G04884","","ノムラ・ジャパン・オープン（野村ＳＭＡ向け）","ノムラジャパンオープン　ノムラエスエムエームケ","内国投資信託受益証券","2月27日","","E12460","野村アセットマネジメント株式会社"
"G04885","","ノムラ・ジャパン・バリュー・オープン（野村ＳＭＡ向け）","ノムラ　ジャパン　バリュー　オープン　ノムラエスエムエームケ","内国投資信託受益証券","12月25日","","E12460","野村アセットマネジメント株式会社"
"G04886","","リサーチ・アクティブ・オープン（野村ＳＭＡ向け）","リサーチアクティブオープン　ノムラエスエムエームケ","内国投資信託受益証券","10月30日","","E12460","野村アセットマネジメント株式会社"
"G04888","","りそな東欧フロンティア株式ファンド","リソナトウオウフロンティアカブシキファンド","内国投資信託受益証券","2月18日","8月18日","E06458","ドイチェ・アセット・マネジメント株式会社"
"G04889","","ドイチェ・ロシア東欧株式ファンド","ドイチェ　ロシアトウオウカブシキファンド","内国投資信託受益証券","5月18日","11月18日","E06458","ドイチェ・アセット・マネジメント株式会社"
"G04891","","ＧＳ日本株・プラス（通貨分散コース）","ジーエスニホンカブプラス　ツウカブンサンコース","内国投資信託受益証券","5月10日","11月10日","E12457","ゴールドマン・サックス・アセット・マネジメント株式会社"
"G04893","","香川県応援ファンド","カガワケンオウエンファンド","内国投資信託受益証券","5月10日","11月10日","E12441","ＳＢＩ岡三アセットマネジメント株式会社"
"G04912","","フィデリティ・ヨーロッパ株式・ファンド","フィデリティヨーロッパカブシキファンド","内国投資信託受益証券","11月30日","","E12481","フィデリティ投信株式会社"
"G04914","","尾瀬紀行","オゼキコウ","内国投資信託受益証券","5月5日","11月5日","E10677","アセットマネジメントＯｎｅ株式会社"
"G04917","","財産四分法ファンド（毎月決算型）","ザイサンヨンブンポウファンドマイツキケッサンガタ","内国投資信託受益証券","5月14日","11月14日","E12444","三井住友トラスト・アセットマネジメント株式会社"
"G04918","","エマージング株式オープン","エマージングカブシキオープン","内国投資信託受益証券","5月29日","","E12444","三井住友トラスト・アセットマネジメント株式会社"
"G04921","","トルコ株式オープン","トルコカブシキオープン","内国投資信託受益証券","1月25日","","E12434","ＳＯＭＰＯアセットマネジメント株式会社"
"G04924","89860","大和証券リビング投資法人","ダイワショウケンリビングトウシホウジン","内国投資証券","3月末日","9月末日","E14380","大和証券リビング投資法人"
"G04925","","アライアンス・バーンスタイン・米国成長株投信Ａコース（為替ヘッジあり）／アライアンス・バーンスタイン・米国成長株投信Ｂコース（為替ヘッジなし）","アライアンス　バーンスタイン　ベイコクセイチョウカブトウシンエーコース　カワセヘッジアリ　アライアンス　バーンスタイン　ベイコクセイチョウカブトウシンビーコース　カワセヘッジナシ","内国投資信託受益証券","6月15日","12月15日","E12480","アライアンス・バーンスタイン株式会社"
"G04933","","ＨＳＢＣ中国株式ファンド（３ヶ月決算型）","エイチエスビーシーチュウゴクカブシキファンドサンカゲツケッサンガタ","内国投資信託受益証券","5月20日","11月20日","E12492","ＨＳＢＣアセットマネジメント株式会社"
"G04934","","三菱ＵＦＪ　ＤＣ海外株式インデックスファンド","ミツビシユーエフジェイディーシーカイガイカブシキインデックスファンド","内国投資信託受益証券","5月12日","","E11518","三菱ＵＦＪアセットマネジメント株式会社"
"G04935","","三菱ＵＦＪ　ＤＣ海外債券インデックスファンド","ミツビシユーエフジェイディーシーカイガイサイケンインデックスファンド","内国投資信託受益証券","5月12日","","E11518","三菱ＵＦＪアセットマネジメント株式会社"
"G04941","","ダイワ金融新時代ファンド","ダイワキンユウシンジダイファンド","内国投資信託受益証券","5月16日","11月16日","E06748","大和アセットマネジメント株式会社"
"G04944","","エマージング・カレンシー・債券ファンド（毎月分配型）","エマージング　カレンシー　サイケンファンド　　マイツキブンパイガタ","内国投資信託受益証券","5月23日","11月23日","E13447","ＳＢＩアセットマネジメント株式会社"
"G04945","","しんきんグローバル６資産ファンド（毎月決算型）","シンキングローバルロクシサンファンドマイツキケッサンガタ","内国投資信託受益証券","6月12日","12月12日","E12422","しんきんアセットマネジメント投信株式会社"
"G04949","","ニッセイ日本勝ち組ファンド（３ヵ月決算型）","ニッセイニホンカチグミファンドサンカゲツケッサンガタ","内国投資信託受益証券","4月5日","10月5日","E12453","ニッセイアセットマネジメント株式会社"
"G04954","","世界高金利債券ファンド","セカイコウキンリサイケンファンド","内国投資信託受益証券","6月18日","12月18日","E08957","三井住友ＤＳアセットマネジメント株式会社"
"G04956","89870","ジャパンエクセレント投資法人","ジャパンエクセレントトウシホウジン","内国投資証券","6月30日","12月31日","E14394","ジャパンエクセレント投資法人"
"G04958","","五大陸株式ファンド","ゴタイリクカブシキファンド","内国投資信託受益証券","5月16日","11月16日","E12430","アモーヴァ・アセットマネジメント株式会社"
"G04959","","五大陸債券ファンド（毎月分配型）","ゴタイリクサイケンファンドマイツキブンパイガタ","内国投資信託受益証券","5月16日","11月16日","E12430","アモーヴァ・アセットマネジメント株式会社"
"G04966","","Ｏｎｅ世界リートインデックスファンド（毎月分配型）","ワンセカイリートインデックスファンドマイツキブンパイガタ","内国投資信託受益証券","5月13日","11月13日","E10677","アセットマネジメントＯｎｅ株式会社"
"G04968","","ニッセイＪ－ＲＥＩＴファンド（毎月決算型）","ニッセイジェイリートファンドマイツキケッサンガタ","内国投資信託受益証券","5月12日","11月12日","E12453","ニッセイアセットマネジメント株式会社"
"G04969","","ピクテ・プレミアム・ブランド・ファンド（３ヵ月決算型）","ピクテプレミアムブランドファンドサンカゲツケッサンガタ","内国投資信託受益証券","5月10日","11月10日","E10439","ピクテ・ジャパン株式会社"
"G04971","","ダイワ日本国債ファンド（毎月分配型）","ダイワニホンコクサイファンドマイツキブンパイガタ","内国投資信託受益証券","3月10日","9月10日","E06748","大和アセットマネジメント株式会社"
"G04972","","世界６資産均等分散ファンド（毎月分配型）","セカイロクシサンキントウブンサンファンドマイツキブンパイガタ","内国投資信託受益証券","3月6日","9月6日","E06748","大和アセットマネジメント株式会社"
"G04973","","日本株式ＳＲＩファンド","ニホンカブシキエスアールアイファンド","内国投資信託受益証券","6月9日","","E12444","三井住友トラスト・アセットマネジメント株式会社"
"G04974","","りそな　ハイグレード・ソブリン・ファンド（毎月決算型）","リソナハイグレードソブリンファンドマイツキケッサンガタ","内国投資信託受益証券","3月9日","9月9日","E06748","大和アセットマネジメント株式会社"
"G04975","","りそな　ワールド・リート・ファンド","リソナワールドリートファンド","内国投資信託受益証券","3月15日","9月15日","E06748","大和アセットマネジメント株式会社"
"G04976","32260","三井不動産アコモデーションファンド投資法人","ミツイフドウサンアコモデーションファンドトウシホウジン","内国投資証券","2月28日","8月31日","E14404","三井不動産アコモデーションファンド投資法人"
"G04978","","フィデリティ・日本・アジア成長株投信","フィデリティニホンアジアセイチョウカブトウシン","内国投資信託受益証券","6月10日","12月10日","E12481","フィデリティ投信株式会社"
"G04984","","ＨＳＢＣ新ＢＩＣｓファンド","エイチエスビーシーシンビックスファンド","内国投資信託受益証券","6月29日","","E12492","ＨＳＢＣアセットマネジメント株式会社"
"G04986","","ニッセイ高金利国債券ファンド","ニッセイコウキンリコクサイケンファンド","内国投資信託受益証券","1月22日","7月22日","E12453","ニッセイアセットマネジメント株式会社"
"G04994","","ダイワ外債ソブリン・ファンド（毎月分配型）","ダイワガイサイソブリンファンドマイツキブンパイガタ","内国投資信託受益証券","6月10日","12月10日","E06748","大和アセットマネジメント株式会社"
"G05004","","ＳＢＩ中小型割安成長株ファンド　ジェイリバイブ　（愛称：ｊｒｅｖｉｖｅ）","エスビーアイチュウコガタワリヤスセイチョウカブファンド　ジェイリバイブ　アイショウ　ジェイリバイブ","内国投資信託受益証券","7月22日","","E13447","ＳＢＩアセットマネジメント株式会社"
"G05007","","三井住友・グローバル・リート・プラス","ミツイスミトモグローバルリートプラス","内国投資信託受益証券","1月17日","7月17日","E08957","三井住友ＤＳアセットマネジメント株式会社"
"G05009","","グローバル不動産投信（隔月決算型）","グローバルフドウサントウシンカクゲツケッサンガタ","内国投資信託受益証券","1月17日","7月17日","E08957","三井住友ＤＳアセットマネジメント株式会社"
"G05011","","日本製鉄グループ株式オープン","ニッポンセイテツグループカブシキオープン","内国投資信託受益証券","7月31日","","E10677","アセットマネジメントＯｎｅ株式会社"
"G05012","","ノムラ・オールインワン・ファンド","ノムラ　オールインワン　ファンド","内国投資信託受益証券","1月20日","7月20日","E12460","野村アセットマネジメント株式会社"
"G05013","","ＤＣニッセイ日本勝ち組ファンド","ディーシーニッセイニホンカチグミファンド","内国投資信託受益証券","3月5日","","E12453","ニッセイアセットマネジメント株式会社"
"G05019","","ＬＭ・米国・ラージ・キャップ・グロース・ファンド","エルエム　ベイコク　ラージ　キャップ　グロース　ファンド","内国投資信託受益証券","7月22日","","E12425","フランクリン・テンプルトン・ジャパン株式会社"
"G05024","","みずほ日本株アクティブ・オープン","ミズホニホンカブアクティブオープン","内国投資信託受益証券","6月21日","12月21日","E10677","アセットマネジメントＯｎｅ株式会社"
"G05025","","野村グローバル・ファンズ・プレミアム（３ヵ月決算型）","ノムラグローバルファンズプレミアム　サンカゲツケッサンガタ","内国投資信託受益証券","1月17日","7月17日","E12460","野村アセットマネジメント株式会社"
"G05027","","グローバル・ボンド・ニューマーケット（毎月決算型）","グローバルボンドニューマーケットマイツキケッサンガタ","内国投資信託受益証券","1月24日","7月24日","E11518","三菱ＵＦＪアセットマネジメント株式会社"
"G05039","","野村ピクテ・プレミアム・ブランド・ファンド　Ａコース、野村ピクテ・プレミアム・ブランド・ファンド　Ｂコース","ノムラピクテプレミアムブランドファンド　エーコース　ノムラピクテプレミアムブランドファンド　ビーコース","内国投資信託受益証券","2月22日","8月22日","E12460","野村アセットマネジメント株式会社"
"G05046","","兵庫応援バランスファンド（毎月分配型）","ヒョウゴオウエンバランスファンドマイツキブンパイガタ","内国投資信託受益証券","6月10日","12月10日","E06748","大和アセットマネジメント株式会社"
"G05049","","三菱ＵＦＪ　ジャパン・アクティブ・プラス","ミツビシユーエフジェイジャパンアクティブプラス","内国投資信託受益証券","8月20日","","E11518","三菱ＵＦＪアセットマネジメント株式会社"
"G05065","","ＤＩＡＭバランス・インカム・オープン（毎月分配型）","ダイアムバランスインカムオープンマイツキブンパイガタ","内国投資信託受益証券","8月8日","2月8日","E10677","アセットマネジメントＯｎｅ株式会社"
"G05074","","ＪＰＭグローバル債券３分散ファンド（毎月決算型）","ジェイピーエムグローバルサイケンサンブンサンファンド　マイツキケッサンガタ","内国投資信託受益証券","3月10日","9月10日","E06264","ＪＰモルガン・アセット・マネジメント株式会社"
"G05075","","パインブリッジ・イレブンプラス＜毎月決算型＞","パインブリッジイレブンプラスマイツキケッサンガタ","内国投資信託受益証券","3月20日","9月20日","E12437","パインブリッジ・インベストメンツ株式会社"
"G05076","","ダイワ日本株・バリュー発掘ファンド（ダイワＳＭＡ専用）","ダイワニホンカブバリューハックツファンドダイワエスエムエイセンヨウ","内国投資信託受益証券","10月10日","","E06748","大和アセットマネジメント株式会社"
"G05077","","三井住友グローバル債券オープン","ミツイスミトモグローバルサイケンオープン","内国投資信託受益証券","3月12日","9月12日","E08957","三井住友ＤＳアセットマネジメント株式会社"
"G05078","","ニッセイ日本インカムオープン","ニッセイニホンインカムオープン","内国投資信託受益証券","3月20日","9月20日","E12453","ニッセイアセットマネジメント株式会社"
"G05082","","ＪＡ海外債券ファンド（隔月分配型）","ジェイエイカイガイサイケンファンド　カクゲツブンパイガタ","内国投資信託受益証券","5月10日","11月10日","E12882","農林中金全共連アセットマネジメント株式会社"
"G05083","","ハッピーライフファンド・株２５、ハッピーライフファンド・株５０、ハッピーライフファンド・株１００","ハッピーライフファンドカブニジュウゴ　ハッピーライフファンドカブゴジュウ　ハッピーライフファンドカブヒャク","内国投資信託受益証券","8月29日","","E12460","野村アセットマネジメント株式会社"
"G05088","","世界ダブルハイインカム（奇数月決算型）","セカイダブルハイインカムキスウヅキケッサンガタ","内国投資信託受益証券","3月19日","9月19日","E12444","三井住友トラスト・アセットマネジメント株式会社"
"G05089","","ダイワ・株／債券／コモディティ・バランスファンド","ダイワカブサイケンコモディティバランスファンド","内国投資信託受益証券","5月10日","11月10日","E06748","大和アセットマネジメント株式会社"
"G05095","","野村ファンドラップ外国債券　Ａコース、野村ファンドラップ外国債券　Ｂコース","ノムラファンドラップガイコクサイケン　エーコース　ノムラファンドラップガイコクサイケン　ビーコース","内国投資信託受益証券","1月20日","7月20日","E12460","野村アセットマネジメント株式会社"
"G05096","","野村ファンドラップ外国株　Ａコース、野村ファンドラップ外国株　Ｂコース","ノムラファンドラップガイコクカブ　エーコース　ノムラファンドラップガイコクカブ　ビーコース","内国投資信託受益証券","1月20日","7月20日","E12460","野村アセットマネジメント株式会社"
"G05099","","野村ファンドラップ日本株","ノムラファンドラップニホンカブ","内国投資信託受益証券","1月20日","7月20日","E12460","野村アセットマネジメント株式会社"
"G05117","","日興スリートップ（隔月分配型）","ニッコウスリートップカクゲツブンパイガタ","内国投資信託受益証券","3月15日","9月15日","E12430","アモーヴァ・アセットマネジメント株式会社"
"G05127","","年金ダイワ日本株式インデックス","ネンキンダイワニホンカブシキインデックス","内国投資信託受益証券","11月30日","","E06748","大和アセットマネジメント株式会社"
"G05131","","イーストスプリング・インド・インフラ株式ファンド","イーストスプリングインドインフラカブシキファンド","内国投資信託受益証券","5月20日","11月20日","E12566","イーストスプリング・インベストメンツ株式会社"
"G05133","","野村国内株式アクティブオープン（確定拠出年金向け）","ノムラコクナイカブシキアクティブオープン　カクテイキョシュツネンキンムケ","内国投資信託受益証券","2月27日","","E12460","野村アセットマネジメント株式会社"
"G05139","","ＤＣマイセレクションＳ２５","ディーシーマイセレクションエスニジュウゴ","内国投資信託受益証券","9月30日","","E12444","三井住友トラスト・アセットマネジメント株式会社"
"G05140","","ＤＣマイセレクションＳ５０","ディーシーマイセレクションエスゴジュウ","内国投資信託受益証券","9月30日","","E12444","三井住友トラスト・アセットマネジメント株式会社"
"G05141","","ＤＣマイセレクションＳ７５","ディーシーマイセレクションエスナナジュウゴ","内国投資信託受益証券","9月30日","","E12444","三井住友トラスト・アセットマネジメント株式会社"
"G05145","","アジア好配当株投信","アジアコウハイトウカブトウシン","内国投資信託受益証券","1月10日","7月10日","E12460","野村アセットマネジメント株式会社"
"G05146","","三菱ＵＦＪ　バランスインカム・グローバル（毎月決算型）","ミツビシユーエフジェイバランスインカムグローバルマイツキケッサンガタ","内国投資信託受益証券","4月25日","10月25日","E11518","三菱ＵＦＪアセットマネジメント株式会社"
"G05147","32340","森ヒルズリート投資法人","モリヒルズリートトウシホウジン","内国投資証券","1月31日","7月31日","E14490","森ヒルズリート投資法人"
"G05156","","ライフハーモニー（ダイワ世界資産分散ファンド）（成長型／安定型／分配型）","ライフハーモニーダイワセカイシサンブンサンファンドセイチョウガタアンテイガタブンパイガタ","内国投資信託受益証券","5月15日","11月15日","E06748","大和アセットマネジメント株式会社"
"G05164","","ＤＩＡＭ世界６資産バランスファンド","ダイアムセカイロクシサンバランスファンド","内国投資信託受益証券","5月8日","11月8日","E10677","アセットマネジメントＯｎｅ株式会社"
"G05165","","Ｏｎｅ　Ｊ－ＲＥＩＴアクティブファンド（毎月決算型）","ワンジェイリートアクティブファンドマイツキケッサンガタ","内国投資信託受益証券","1月16日","7月16日","E10677","アセットマネジメントＯｎｅ株式会社"
"G05170","","野村米国好利回り社債投信　Ａコース、野村米国好利回り社債投信　Ｂコース","ノムラベイコクコウリマワリシャサイトウシン　エーコース　ノムラベイコクコウリマワリシャサイトウシン　ビーコース","内国投資信託受益証券","12月8日","","E12460","野村アセットマネジメント株式会社"
"G05171","","野村米国好利回り社債投信　Ｃコース、野村米国好利回り社債投信　Ｄコース","ノムラベイコクコウリマワリシャサイトウシン　シーコース　ノムラベイコクコウリマワリシャサイトウシン　ディーコース","内国投資信託受益証券","6月8日","12月8日","E12460","野村アセットマネジメント株式会社"
"G05176","","パインブリッジ日本株オープン","パインブリッジニホンカブオープン","内国投資信託受益証券","5月4日","11月4日","E12437","パインブリッジ・インベストメンツ株式会社"
"G05178","","世界のサイフ","セカイノサイフ","内国投資信託受益証券","4月12日","10月12日","E12430","アモーヴァ・アセットマネジメント株式会社"
"G05179","","しんきんＳＲＩファンド","シンキンエスアールアイファンド","内国投資信託受益証券","12月7日","","E12422","しんきんアセットマネジメント投信株式会社"
"G05182","","新生・ＵＴＩインドファンド","シンセイ　ユーティーアイインドファンド","内国投資信託受益証券","12月10日","","E13447","ＳＢＩアセットマネジメント株式会社"
"G05184","","ワールド・リート・セレクション（欧州）","ワールドリートセレクションオウシュウ","内国投資信託受益証券","3月15日","9月15日","E12441","ＳＢＩ岡三アセットマネジメント株式会社"
"G05191","","ピクテ・インカム・コレクション・ファンド（毎月分配型）","ピクテインカムコレクションファンドマイツキブンパイガタ","内国投資信託受益証券","6月15日","12月15日","E10439","ピクテ・ジャパン株式会社"
"G05193","","常陽３分法ファンド","ジョウヨウサンブンポウファンド","内国投資信託受益証券","4月5日","10月5日","E06748","大和アセットマネジメント株式会社"
"G05195","","世界好利回り短期債券ファンド（毎月決算型）","セカイコウリマワリタンキサイケンファンドマイツキケッサンガタ","内国投資信託受益証券","4月12日","10月12日","E11518","三菱ＵＦＪアセットマネジメント株式会社"
"G05196","","野村日本不動産投信","ノムラニホンフドウサントウシン","内国投資信託受益証券","6月15日","12月15日","E12460","野村アセットマネジメント株式会社"
"G05204","","日興・ＤＷＳ・ニュー・リソース・ファンド","ニッコウディーダブリューエスニューリソースファンド","内国投資信託受益証券","12月10日","","E06458","ドイチェ・アセット・マネジメント株式会社"
"G05213","","ＤＩＡＭＤＣバランス３０インデックスファンド、ＤＩＡＭＤＣバランス５０インデックスファンド、ＤＩＡＭＤＣバランス７０インデックスファンド","ダイアムディーシーバランスサンジュウインデックスファンド　ダイアムディーシーバランスゴジュウインデックスファンド　ダイアムディーシーバランスナナジュウインデックスファンド","内国投資信託受益証券","2月25日","","E10677","アセットマネジメントＯｎｅ株式会社"
"G05216","","野村ＤＣ日本株式アクティブファンド","ノムラディーシーニホンカブシキアクティブファンド","内国投資信託受益証券","2月27日","","E12460","野村アセットマネジメント株式会社"
"G05217","","ＤＣダイワＪ－ＲＥＩＴアクティブファンド","ディーシーダイワジェイリートアクティブファンド","内国投資信託受益証券","5月10日","11月10日","E06748","大和アセットマネジメント株式会社"
"G05218","","ＤＷＳ世界新興国株式ファンド","ディーダブリューエスセカイシンコウコクカブシキファンド","内国投資信託受益証券","2月18日","8月18日","E06458","ドイチェ・アセット・マネジメント株式会社"
"G05219","","大和ＤＣ海外株式インデックスファンド","ダイワディーシーカイガイカブシキインデックスファンド","内国投資信託受益証券","11月30日","","E06748","大和アセットマネジメント株式会社"
"G05226","","ＢＮＰパリバ欧州高配当・成長株式ファンド（毎月分配型）","ビーエヌピーパリバオウシュウコウハイトウセイチョウカブシキファンドマイツキブンパイガタ","内国投資信託受益証券","6月10日","12月10日","E10535","ＢＮＰパリバ・アセットマネジメント株式会社"
"G05232","","日本株式インデックス・オープン　（ＳＭＡ専用）","ニホンカブシキインデックスオープン　エスエムエーセンヨウ","内国投資信託受益証券","6月25日","","E12444","三井住友トラスト・アセットマネジメント株式会社"
"G05233","","外国株式インデックス・オープン　（ＳＭＡ専用）","ガイコクカブシキインデックスオープン　エスエムエーセンヨウ","内国投資信託受益証券","6月25日","","E12444","三井住友トラスト・アセットマネジメント株式会社"
"G05234","","日本債券インデックス・オープン　（ＳＭＡ専用）","ニホンサイケンインデックスオープン　エスエムエーセンヨウ","内国投資信託受益証券","5月25日","11月25日","E12444","三井住友トラスト・アセットマネジメント株式会社"
"G05235","","外国債券インデックス・オープン　（ＳＭＡ専用）","ガイコクサイケンインデックスオープン　エスエムエーセンヨウ","内国投資信託受益証券","5月25日","11月25日","E12444","三井住友トラスト・アセットマネジメント株式会社"
"G05241","","世界好配当株投信（毎月分配型）","セカイコウハイトウカブトウシン　マイツキブンパイガタ","内国投資信託受益証券","4月10日","10月10日","E12460","野村アセットマネジメント株式会社"
"G05246","","ＪＰＭ　ＵＳトレジャリ－・インカム・ファンド（ＳＭＡ専用）","ジェイピーエム　ユーエストレジャリーインカムファンドエスエムエーセンヨウ","内国投資信託受益証券","5月25日","11月25日","E06264","ＪＰモルガン・アセット・マネジメント株式会社"
"G05247","","スパークス・Ｍ＆Ｓ・ジャパン・ファンド","スパークス　エムアンドエス　ジャパン　ファンド","内国投資信託受益証券","1月25日","","E11161","スパークス・アセット・マネジメント株式会社"
"G05249","","ピクテ・ユーロ最高格付国債インカム・ファンド（ＳＭＡ専用）","ピクテユーロサイコウカクヅケコクサイインカムファンドエスエムエイセンヨウ","内国投資信託受益証券","5月25日","11月25日","E10439","ピクテ・ジャパン株式会社"
"G05255","","マネックス資産設計ファンド＜隔月分配型＞","マネックスシサンセッケイファンドカクゲツブンパイガタ","内国投資信託受益証券","5月12日","11月11日","E10677","アセットマネジメントＯｎｅ株式会社"
"G05256","","マネックス資産設計ファンド＜育成型＞","マネックスシサンセッケイファンドイクセイガタ","内国投資信託受益証券","1月11日","","E10677","アセットマネジメントＯｎｅ株式会社"
"G05260","","ＤＷＳグローバル新興国株投信","ディーダブリューエスグローバルシンコウコクカブトウシン","内国投資信託受益証券","2月18日","8月18日","E06458","ドイチェ・アセット・マネジメント株式会社"
"G05263","","ＧＳグローバルＲＥＩＴポートフォリオ（毎月分配型）","ジーエスグローバルリートポートフォリオ　マイツキブンパイガタ","内国投資信託受益証券","5月8日","11月8日","E12457","ゴールドマン・サックス・アセット・マネジメント株式会社"
"G05273","","ノムラ・グローバル・オールスターズ","ノムラ　グローバル　オールスターズ","内国投資信託受益証券","1月20日","7月20日","E12460","野村アセットマネジメント株式会社"
"G05280","","ＪＰＭ新興国現地通貨ソブリン・ファンド（毎月決算型）","ジェイピーエムシンコウコクゲンチツウカソブリンファンドマイツキブンパイガタ","内国投資信託受益証券","2月15日","8月15日","E06264","ＪＰモルガン・アセット・マネジメント株式会社"
"G05295","","ＨＳＢＣロシアオープン","エイチエスビーシーロシアオープン","内国投資信託受益証券","3月15日","","E12492","ＨＳＢＣアセットマネジメント株式会社"
"G05296","","ＨＳＢＣ世界資源エネルギーオープン","エイチエスビーシーセカイシゲンエネルギーオープン","内国投資信託受益証券","3月29日","","E12492","ＨＳＢＣアセットマネジメント株式会社"
"G05301","","セゾン・グローバルバランスファンド","セゾングローバルバランスファンド","内国投資信託受益証券","12月10日","","E14561","セゾン投信株式会社"
"G05306","","ＪＰＭアセアン成長株オープン","ジェイピーエムアセアンセイチョウカブオープン","内国投資信託受益証券","3月10日","9月10日","E06264","ＪＰモルガン・アセット・マネジメント株式会社"
"G05309","","三菱ＵＦＪ資産設計ファンド（分配型）　三菱ＵＦＪ資産設計ファンド（バランス型）　三菱ＵＦＪ資産設計ファンド（株式重視型）","ミツビシユーエフジェイシサンセッケイファンドブンパイガタミツビシユーエフジェイシサンセッケイファンドバランスガタミツビシユーエフジェイシサンセッケイファンドカブシキジュウシガタ","内国投資信託受益証券","1月9日","7月9日","E11518","三菱ＵＦＪアセットマネジメント株式会社"
"G05313","","三井住友・中国Ａ株・香港株オープン","ミツイスミトモチュウゴクエーカブホンコンカブオープン","内国投資信託受益証券","3月10日","","E08957","三井住友ＤＳアセットマネジメント株式会社"
"G05319","","野村ユーロ・トップ・カンパニー　Ａコース、野村ユーロ・トップ・カンパニー　Ｂコース","ノムラユーロトップカンパニー　エーコース　ノムラユーロトップカンパニー　ビーコース","内国投資信託受益証券","5月30日","11月30日","E12460","野村アセットマネジメント株式会社"
"G05322","","セゾン資産形成の達人ファンド","セゾンシサンケイセイノタツジンファンド","内国投資信託受益証券","12月10日","","E14561","セゾン投信株式会社"
"G05324","","ＪＰＭ・ＶＩＳＴＡ５・ファンド","ジェイピーエムビスタファイブファンド","内国投資信託受益証券","3月29日","","E06264","ＪＰモルガン・アセット・マネジメント株式会社"
"G05327","","三井住友・Ａ株メインランド・チャイナ・オープン","ミツイスミトモエーカブメインランドチャイナオープン","内国投資信託受益証券","4月10日","","E08957","三井住友ＤＳアセットマネジメント株式会社"
"G05334","","ダイワ・セレクト日本","ダイワセレクトニッポン","内国投資信託受益証券","4月15日","10月15日","E06748","大和アセットマネジメント株式会社"
"G05335","","世界好配当インフラ株ファンド（偶数月分配型）","セカイコウハイトウインフラカブファンド　グウスウヅキブンパイガタ","内国投資信託受益証券","6月12日","12月12日","E12430","アモーヴァ・アセットマネジメント株式会社"
"G05343","","シュローダー・エマージング株式ファンド（１年決算型）","シュローダーエマージングカブシキファンドイチネンケッサンガタ","内国投資信託受益証券","11月15日","","E12586","シュローダー・インベストメント・マネジメント株式会社"
"G05344","","シュローダー・エマージング株式ファンド（３ヵ月決算型）","シュローダーエマージングカブシキファンドサンカゲツケッサンガタ","内国投資信託受益証券","5月15日","11月15日","E12586","シュローダー・インベストメント・マネジメント株式会社"
"G05345","","Ｏｎｅ　ＶＩＰフォーカス・ファンド","ワンビップフォーカスファンド","内国投資信託受益証券","4月27日","","E10677","アセットマネジメントＯｎｅ株式会社"
"G05349","","野村グローバル・コントラリアン・ファンド　Ａコース、野村グローバル・コントラリアン・ファンド　Ｂコース","ノムラグローバルコントラリアンファンド　エーコース　ノムラグローバルコントラリアンファンド　ビーコース","内国投資信託受益証券","5月15日","11月15日","E12460","野村アセットマネジメント株式会社"
"G05350","","日興・アッシュモア・グローイング・マルチストラテジー・ファンド","ニッコウアッシュモアグローイングマルチストラテジーファンド","内国投資信託受益証券","6月17日","12月17日","E12430","アモーヴァ・アセットマネジメント株式会社"
"G05351","","三菱ＵＦＪ　世界国債インデックスファンド（毎月分配型）","ミツビシユーエフジェイセカイコクサイインデックスファンドマイツキブンパイガタ","内国投資信託受益証券","1月17日","7月17日","E11518","三菱ＵＦＪアセットマネジメント株式会社"
"G05353","","ＵＢＳ中国株式ファンド","ユービーエスチュウゴクカブシキファンド","内国投資信託受益証券","5月7日","","E12473","ＵＢＳアセット・マネジメント株式会社"
"G05355","","ＤＩＡＭグローバル・アクティブ・バランスファンド","ダイアムグローバルアクティブバランスファンド","内国投資信託受益証券","5月8日","11月8日","E10677","アセットマネジメントＯｎｅ株式会社"
"G05356","","ＯｎｅワールドＲＥＩＴアクティブファンド（毎月決算型）","ワンワールドリートアクティブファンドマイツキケッサンガタ","内国投資信託受益証券","10月9日","4月9日","E10677","アセットマネジメントＯｎｅ株式会社"
"G05364","","ＨＳＢＣアジア・プラス","エイチエスビーシーアジアプラス","内国投資信託受益証券","5月10日","","E12492","ＨＳＢＣアセットマネジメント株式会社"
"G05365","","ＨＳＢＣアジア・プラス（３ヶ月決算型）","エイチエスビーシーアジアプラスサンカゲツケッサンガタ","内国投資信託受益証券","5月10日","11月10日","E12492","ＨＳＢＣアセットマネジメント株式会社"
"G05366","","メロン世界新興国ソブリン・ファンド","メロンセカイシンコウコクソブリンファンド","内国投資信託受益証券","5月17日","11月17日","E13343","ＢＮＹメロン・インベストメント・マネジメント・ジャパン株式会社"
"G05374","","パインブリッジ現地通貨建て新成長国債インカムオープン＜毎月分配型＞","パインブリッジゲンチツウカダテシンセイチョウコクサイインカムオープンマイツキブンパイガタ","内国投資信託受益証券","5月12日","11月12日","E12437","パインブリッジ・インベストメンツ株式会社"
"G05375","","ピクテ・メジャー・プレイヤーズ・ファンド（３ヵ月決算型）","ピクテメジャープレイヤーズファンドサンカゲツケッサンガタ","内国投資信託受益証券","4月10日","10月10日","E10439","ピクテ・ジャパン株式会社"
"G05380","","インベスコ　世界株式オープン","インベスコセカイカブシキオープン","内国投資信託受益証券","5月30日","11月30日","E06479","インベスコ・アセット・マネジメント株式会社"
"G05387","","野村ＲＡＦＩ（Ｒ）日本株投信","ノムララフィニホンカブトウシン","内国投資信託受益証券","1月13日","7月13日","E12460","野村アセットマネジメント株式会社"
"G05392","","グローバル・カレンシー・ファンド（毎月決算型）","グローバルカレンシーファンドマイツキケッサンガタ","内国投資信託受益証券","4月13日","10月13日","E12430","アモーヴァ・アセットマネジメント株式会社"
"G05393","","アメリカン・ドリーム・ファンド","アメリカン　ドリーム　ファンド","内国投資信託受益証券","6月12日","","E13447","ＳＢＩアセットマネジメント株式会社"
"G05394","","ダイワ資産分散インカムオープン（奇数月決算型）","ダイワシサンブンサンインカムオープンキスウヅキケッサンガタ","内国投資信託受益証券","5月8日","11月8日","E06748","大和アセットマネジメント株式会社"
"G05395","","ダイワ世界リート・ファンド（毎月分配型）","ダイワセカイリートファンドマイツキブンパイガタ","内国投資信託受益証券","3月15日","9月15日","E06748","大和アセットマネジメント株式会社"
"G05399","","三菱ＵＦＪ　欧豪リートファンド（毎月決算型）","ミツビシユーエフジェイオウゴウリートファンドマイツキケッサンガタ","内国投資信託受益証券","5月12日","11月12日","E11518","三菱ＵＦＪアセットマネジメント株式会社"
"G05401","","フィデリティ・日本配当成長株投信","フィデリティニホンハイトウセイチョウカブトウシン","内国投資信託受益証券","4月19日","10月19日","E12481","フィデリティ投信株式会社"
"G05405","","Ｏｎｅ世界３資産オープン（毎月決算型）","ワンセカイサンシサンオープンマイツキケッサンガタ","内国投資信託受益証券","11月8日","5月8日","E10677","アセットマネジメントＯｎｅ株式会社"
"G05411","","世界銀行債券ファンド（毎月分配型）","セカイギンコウサイケンファンドマイツキブンパイガタ","内国投資信託受益証券","4月12日","10月12日","E12430","アモーヴァ・アセットマネジメント株式会社"
"G05416","","アバディーン・スタンダード・インフラ・ファンド","アバディーンスタンダードインフラファンド","内国投資信託受益証券","6月10日","12月10日","E08163","アバディーン・ジャパン株式会社"
"G05417","","フィデリティ・資産分散投信（安定型）　フィデリティ・資産分散投信（成長型）","フィデリティシサンブンサントウシンアンテイガタ　フィデリティシサンブンサントウシンセイチョウガタ","内国投資信託受益証券","4月20日","10月20日","E12481","フィデリティ投信株式会社"
"G05418","","ピクテ・インカム・アルファ・ファンド（毎月分配型）","ピクテインカムアルファファンドマイツキブンパイガタ","内国投資信託受益証券","6月10日","12月10日","E10439","ピクテ・ジャパン株式会社"
"G05421","","（トヨタ　モーター　クレジット）トヨタグループ世界債券ファンド（毎月分配型）、（トヨタ　モーター　クレジット）トヨタグループ世界債券ファンド（年２回分配型）","トヨタモータークレジットトヨタグループセカイサイケンファンドマイツキブンパイガタ　トヨタモータークレジットトヨタグループセカイサイケンファンドネンニカイブンパイガタ","内国投資信託受益証券","6月20日","12月20日","E12460","野村アセットマネジメント株式会社"
"G05423","","野村資産設計ファンド","ノムラシサンセッケイファンド","内国投資信託受益証券","6月22日","12月22日","E12460","野村アセットマネジメント株式会社"
"G05425","","アジアの財産３分法ファンド","アジアノザイサンサンブンポウファンド","内国投資信託受益証券","3月14日","9月14日","E12430","アモーヴァ・アセットマネジメント株式会社"
"G05426","","ＳＢＩインド＆ベトナム株ファンド","エスビーアイインドアンドベトナムカブファンド","内国投資信託受益証券","6月4日","12月4日","E13447","ＳＢＩアセットマネジメント株式会社"
"G05427","","イーストスプリング・グローイング・アジア株式オープン","イーストスプリンググローイングアジアカブシキオープン","内国投資信託受益証券","6月20日","12月20日","E12566","イーストスプリング・インベストメンツ株式会社"
"G05431","","ダイワ／フィデリティ・アジア３資産分散ファンド","ダイワフィデリティアジアサンシサンブンサンファンド","内国投資信託受益証券","6月15日","12月15日","E06748","大和アセットマネジメント株式会社"
"G05435","","三井住友・アジア４大成長国オープン","ミツイスミトモアジアヨンダイセイチョウコクオープン","内国投資信託受益証券","1月12日","7月12日","E08957","三井住友ＤＳアセットマネジメント株式会社"
"G05438","","ワールド・ファイブインカム・ファンド（毎月決算型）","ワールドファイブインカムファンドマイツキケッサンガタ","内国投資信託受益証券","1月5日","7月5日","E12444","三井住友トラスト・アセットマネジメント株式会社"
"G05447","","三菱ＵＦＪ　グローバル・エコ・ウォーター・ファンド","ミツビシユーエフジェイ　グローバルエコウォーターファンド","内国投資信託受益証券","7月22日","","E11518","三菱ＵＦＪアセットマネジメント株式会社"
"G05448","","ダイワ世界好配当株ファンド","ダイワセカイコウハイトウカブファンド","内国投資信託受益証券","1月15日","7月15日","E06748","大和アセットマネジメント株式会社"
"G05455","","ワールド・リート・セレクション（アジア）／ワールド・リート・セレクション（アジア）（年２回決算型）","ワールドリートセレクションアジア　ワールドリートセレクションアジアネンニカイケッサンガタ","内国投資信託受益証券","4月7日","10月7日","E12441","ＳＢＩ岡三アセットマネジメント株式会社"
"G05458","","インベスコ・ニッポン新興成長株ファンド","インベスコニッポンシンコウセイチョウカブファンド","内国投資信託受益証券","7月30日","","E06479","インベスコ・アセット・マネジメント株式会社"
"G05475","13280","ＮＥＸＴ　ＦＵＮＤＳ　金価格連動型上場投信","ネクスト　ファンズ　キンカカクレンドウガタジョウジョウトウシン","内国投資信託受益証券","7月8日","","E12460","野村アセットマネジメント株式会社"
"G05480","","ベトナム・ＡＳＥＡＮ・バランスファンド","ベトナムアセアンバランスファンド","内国投資信託受益証券","8月28日","","E11764","Ｔ＆Ｄアセットマネジメント株式会社"
"G05483","","アジア未来成長株式ファンド（３ヵ月決算型）","アジアミライセイチョウカブシキファンド　サンカゲツケッサンガタ","内国投資信託受益証券","3月27日","9月27日","E11348","ベアリングス・ジャパン株式会社"
"G05484","","ＤＣニッセイＪ－ＲＥＩＴインデックスファンド","ディーシーニッセイジェイリートインデックスファンド","内国投資信託受益証券","5月12日","","E12453","ニッセイアセットマネジメント株式会社"
"G05486","","三菱ＵＦＪ　ＤＣ金利連動アロケーション型バランスファンド","ミツビシユーエフジェイ　ディーシーキンリレンドウアロケーションガタバランスファンド","内国投資信託受益証券","7月22日","","E11518","三菱ＵＦＪアセットマネジメント株式会社"
"G05489","","ＤＷＳ新資源テクノロジー・ファンド","ディーダブリューエスシンシゲンテクノロジーファンド","内国投資信託受益証券","1月15日","7月15日","E06458","ドイチェ・アセット・マネジメント株式会社"
"G05492","","新興国国債オープン（毎月決算型）","シンコウコクコクサイオープンマイツキケッサンガタ","内国投資信託受益証券","2月12日","8月12日","E12441","ＳＢＩ岡三アセットマネジメント株式会社"
"G05493","","新興国国債オープン（１年決算型）","シンコウコクコクサイオープンイチネンケッサンガタ","内国投資信託受益証券","8月12日","","E12441","ＳＢＩ岡三アセットマネジメント株式会社"
"G05500","","野村世界高金利通貨投信","ノムラセカイコウキンリツウカトウシン","内国投資信託受益証券","2月15日","8月15日","E12460","野村アセットマネジメント株式会社"
"G05501","","野村アクア投資　Ａコース、野村アクア投資　Ｂコース","ノムラアクアトウシ　エーコース　ノムラアクアトウシ　ビーコース","内国投資信託受益証券","3月16日","9月16日","E12460","野村アセットマネジメント株式会社"
"G05502","","ＵＢＳ気候変動関連グローバル成長株式ファンド","ユービーエスキコウヘンドウカンレングローバルセイチョウカブシキファンド","内国投資信託受益証券","8月20日","","E12473","ＵＢＳアセット・マネジメント株式会社"
"G05515","","グローバル新成長国オープン","グローバルシンセイチョウコクオープン","内国投資信託受益証券","1月5日","7月5日","E12457","ゴールドマン・サックス・アセット・マネジメント株式会社"
"G05519","","ＨＳＢＣインド株式ファンド（３ヶ月決算型）","エイチエスビーシーインドカブシキファンドサンカゲツケッサンガタ","内国投資信託受益証券","3月10日","9月10日","E12492","ＨＳＢＣアセットマネジメント株式会社"
"G05522","","ＤＣ日本株式インデックス・オープンＳ","ディーシーニホンカブシキインデックスオープンエス","内国投資信託受益証券","5月29日","","E12444","三井住友トラスト・アセットマネジメント株式会社"
"G05527","","新生　フラトンＶＰＩＣファンド","シンセイ　フラトンブイピックファンド","内国投資信託受益証券","8月26日","","E13447","ＳＢＩアセットマネジメント株式会社"
"G05543","","シュローダー・ラテンアメリカ株投資","シュローダーラテンアメリカカブトウシ","内国投資信託受益証券","9月30日","","E12586","シュローダー・インベストメント・マネジメント株式会社"
"G05548","","ＯｎｅワールドＲＥＩＴアクティブファンド＜ＤＣ年金＞","ワンワールドリートアクティブファンドディーシーネンキン","内国投資信託受益証券","12月9日","","E10677","アセットマネジメントＯｎｅ株式会社"
"G05549","","Ｏｎｅ　ＤＣ　国内株式インデックスファンド","ワンディーシーコクナイカブシキインデックスファンド","内国投資信託受益証券","2月7日","","E10677","アセットマネジメントＯｎｅ株式会社"
"G05552","","ＤＣ　ターゲット・イヤー　ファンド","ディーシー　ターゲットイヤー　ファンド","内国投資信託受益証券","8月28日","","E12444","三井住友トラスト・アセットマネジメント株式会社"
"G05553","","マイバランスＤＣ３０","マイバランスディーシーサンジュウ","内国投資信託受益証券","3月31日","","E12460","野村アセットマネジメント株式会社"
"G05554","","マイバランスＤＣ５０","マイバランスディーシーゴジュウ","内国投資信託受益証券","3月31日","","E12460","野村アセットマネジメント株式会社"
"G05555","","マイバランスＤＣ７０","マイバランスディーシーナナジュウ","内国投資信託受益証券","3月31日","","E12460","野村アセットマネジメント株式会社"
"G05556","","野村ＤＣ国内株式インデックスファンド・ＴＯＰＩＸ","ノムラディーシーコクナイカブシキインデックスファンドトピックス","内国投資信託受益証券","5月10日","","E12460","野村アセットマネジメント株式会社"
"G05557","","野村ＤＣ国内債券インデックスファンド・ＮＯＭＵＲＡ－ＢＰＩ総合","ノムラディーシーコクナイサイケンインデックスファンドノムラ　ビーピーアイソウゴウ","内国投資信託受益証券","3月31日","","E12460","野村アセットマネジメント株式会社"
"G05558","","野村ＤＣ外国株式インデックスファンド・ＭＳＣＩ－ＫＯＫＵＳＡＩ","ノムラディーシーガイコクカブシキインデックスファンド　エムエスシーアイ　コクサイ","内国投資信託受益証券","3月31日","","E12460","野村アセットマネジメント株式会社"
"G05559","","野村ＤＣ外国債券インデックスファンド","ノムラディーシーガイコクサイケンインデックスファンド","内国投資信託受益証券","5月10日","","E12460","野村アセットマネジメント株式会社"
"G05567","","キャピタル世界株式ファンド","キャピタルセカイカブシキファンド","内国投資信託受益証券","8月20日","","E14703","キャピタル・インターナショナル株式会社"
"G05568","32490","産業ファンド投資法人","サンギョウファンドトウシホウジン","内国投資証券","1月末日","7月末日","E14705","産業ファンド投資法人"
"G05579","","日興・ジャナス・グローバル・オポチュニティ・ファンド","ニッコウジャナスグローバルオポチュニティファンド","内国投資信託受益証券","9月30日","","E12430","アモーヴァ・アセットマネジメント株式会社"
"G05583","","ダイワファンドラップ　セレクト・シリーズ","ダイワファンドラップセレクトシリーズ","内国投資信託受益証券","6月15日","","E06748","大和アセットマネジメント株式会社"
"G05588","","ＮＥＸＴ　ＦＵＮＤＳ　ラッセル野村小型コア・インデックス連動型上場投信","ネクスト　ファンズ　ラッセルノムラコガタコアインデックスレンドウガタジョウジョウトウシン","内国投資信託受益証券","7月15日","","E12460","野村アセットマネジメント株式会社"
"G05589","13090","ＮＥＸＴ　ＦＵＮＤＳ　ＣｈｉｎａＡＭＣ・中国株式・上証５０連動型上場投信","ネクストファンズチャイナエーエムシーチュウゴクカブシキシャンジャンゴジュウレンドウガタジョウジョウトウシン","内国投資信託受益証券","7月8日","","E12460","野村アセットマネジメント株式会社"
"G05590","","ＵＢＳ海外株式ファンド　Ａコース為替ヘッジあり（野村ＳＭＡ向け）／Ｂコース為替ヘッジなし（野村ＳＭＡ向け）","ユービーエスカイガイカブシキファンド　エーコースカワセヘッジアリ　ノムラエスエムエームケ　ビーコースカワセヘッジナシ　ノムラエスエムエームケ","内国投資信託受益証券","2月25日","","E12473","ＵＢＳアセット・マネジメント株式会社"
"G05596","","ノムラ新興国株ファンズ　Ａコース（野村ＳＭＡ向け）、ノムラ新興国株ファンズ　Ｂコース（野村ＳＭＡ向け）","ノムラシンコウコクカブファンズ　エーコース　ノムラエスエムエームケ　ノムラシンコウコクカブファンズ　ビーコース　ノムラエスエムエームケ","内国投資信託受益証券","6月15日","","E12460","野村アセットマネジメント株式会社"
"G05597","","野村グローバル・アセット・モデル・ファンド（野村ＳＭＡ向け）","ノムラグローバルアセットモデルファンド　ノムラエスエムエームケ","内国投資信託受益証券","3月5日","9月5日","E12460","野村アセットマネジメント株式会社"
"G05598","","ファンド・マネジャー（国内債券）","ファンドマネジャーコクナイサイケン","内国投資信託受益証券","3月25日","","E11518","三菱ＵＦＪアセットマネジメント株式会社"
"G05601","","ＢＮＰパリバ・ブラジル・ファンド（株式型）","ビーエヌピーパリバブラジルファンドカブシキガタ","内国投資信託受益証券","5月10日","11月10日","E10535","ＢＮＰパリバ・アセットマネジメント株式会社"
"G05602","","ＢＮＰパリバ・ブラジル・ファンド（バランス型）","ビーエヌピーパリバブラジルファンドバランスガタ","内国投資信託受益証券","5月10日","11月10日","E10535","ＢＮＰパリバ・アセットマネジメント株式会社"
"G05607","","野村バリュー・フォーカス・ジャパン","ノムラバリューフォーカスジャパン","内国投資信託受益証券","7月24日","","E12460","野村アセットマネジメント株式会社"
"G05609","","Ｏｎｅ新興市場日本株ファンド","ワンシンコウシジョウニホンカブファンド","内国投資信託受益証券","4月17日","","E10677","アセットマネジメントＯｎｅ株式会社"
"G05610","","アセアン成長国株ファンド","アセアンセイチョウコクカブファンド","内国投資信託受益証券","6月13日","12月13日","E08957","三井住友ＤＳアセットマネジメント株式会社"
"G05613","","スパークス・アジア中東株式ファンド（隔月分配型）","スパークス　アジアチュウトウカブシキファンド　カクゲツブンパイガタ","内国投資信託受益証券","11月10日","5月10日","E11161","スパークス・アセット・マネジメント株式会社"
"G05616","","野村新世界高金利通貨投信","ノムラシンセカイコウキンリツウカトウシン","内国投資信託受益証券","5月15日","11月15日","E12460","野村アセットマネジメント株式会社"
"G05631","","パインブリッジ新成長国ダブルプラス＜毎月分配タイプ＞","パインブリッジシンセイチョウコクダブルプラスマイツキブンパイタイプ","内国投資信託受益証券","6月20日","12月20日","E12437","パインブリッジ・インベストメンツ株式会社"
"G05635","","ＳＢＩ資産設計オープン（資産成長型）","エスビーアイ　シサンセッケイオープンシサンセイチョウガタ","内国投資信託受益証券","11月10日","","E12444","三井住友トラスト・アセットマネジメント株式会社"
"G05636","","ＳＢＩ資産設計オープン（分配型）","エスビーアイ　シサンセッケイオープンブンパイガタ","内国投資信託受益証券","5月10日","11月10日","E12444","三井住友トラスト・アセットマネジメント株式会社"
"G05637","","ＳＭＴ　国内債券インデックス・オープン","エスエムティー　コクナイサイケンインデックスオープン","内国投資信託受益証券","5月10日","11月10日","E12444","三井住友トラスト・アセットマネジメント株式会社"
"G05638","","ＳＭＴ　ＴＯＰＩＸインデックス・オープン","エスエムティー　トピックスインデックスオープン","内国投資信託受益証券","5月10日","11月10日","E12444","三井住友トラスト・アセットマネジメント株式会社"
"G05639","","ＳＭＴ　グローバル債券インデックス・オープン","エスエムティー　グローバルサイケンインデックスオープン","内国投資信託受益証券","5月10日","11月10日","E12444","三井住友トラスト・アセットマネジメント株式会社"
"G05640","","ＳＭＴ　グローバル株式インデックス・オープン","エスエムティー　グローバルカブシキインデックスオープン","内国投資信託受益証券","5月10日","11月10日","E12444","三井住友トラスト・アセットマネジメント株式会社"
"G05641","","ＳＭＴ　Ｊ－ＲＥＩＴインデックス・オープン","エスエムティー　ジェイリートインデックスオープン","内国投資信託受益証券","5月10日","11月10日","E12444","三井住友トラスト・アセットマネジメント株式会社"
"G05642","","ＳＭＴ　グローバルＲＥＩＴインデックス・オープン","エスエムティー　グローバルリートインデックスオープン","内国投資信託受益証券","5月10日","11月10日","E12444","三井住友トラスト・アセットマネジメント株式会社"
"G05649","","イーストスプリング・インド株式オープン（３ヵ月決算・予想分配金提示型）","イーストスプリング　インドカブシキオープン　サンカゲツケッサン　ヨソウブンパイキンテイジガタ","内国投資信託受益証券","6月15日","12月15日","E12566","イーストスプリング・インベストメンツ株式会社"
"G05650","","ＤＩＡＭ高金利ソブリン債券ファンド（毎月決算型）","ダイアムコウキンリソブリンサイケンファンド　マイツキケッサンガタ","内国投資信託受益証券","8月8日","2月8日","E10677","アセットマネジメントＯｎｅ株式会社"
"G05651","","東京海上・プレミアムワールド株式ファンド","トウキョウカイジョウプレミアムワールドカブシキファンド","内国投資信託受益証券","5月15日","11月15日","E06433","東京海上アセットマネジメント株式会社"
"G05655","","三菱ＵＦＪ　＜ＤＣ＞Ｊ－ＲＥＩＴファンド","ミツビシユーエフジェイディーシージェイリートファンド","内国投資信託受益証券","1月5日","","E11518","三菱ＵＦＪアセットマネジメント株式会社"
"G05660","","ＵＢＳ原油先物ファンド","ユービーエスゲンユサキモノファンド","内国投資信託受益証券","12月5日","","E12473","ＵＢＳアセット・マネジメント株式会社"
"G05661","","三井住友・アジア・オセアニア好配当株式ファンド","ミツイスミトモアジアオセアニアコウハイトウカブシキファンド","内国投資信託受益証券","5月14日","11月14日","E08957","三井住友ＤＳアセットマネジメント株式会社"
"G05662","","日興新世代新興国株式ファンド","ニッコウシンセダイシンコウコクカブシキファンド","内国投資信託受益証券","12月4日","","E12430","アモーヴァ・アセットマネジメント株式会社"
"G05666","","ダイワ・ダイナミック・インド株ファンド","ダイワダイナミックインドカブファンド","内国投資信託受益証券","6月16日","12月16日","E06748","大和アセットマネジメント株式会社"
"G05672","","パインブリッジ日本株式ＳＲＩファンド＜ＤＣ＞","パインブリッジニホンカブシキエスアールアイファンドディーシー","内国投資信託受益証券","3月15日","","E12437","パインブリッジ・インベストメンツ株式会社"
"G05673","","グローバル高金利通貨ファンド","グローバルコウキンリツウカファンド","内国投資信託受益証券","6月22日","12月22日","E08957","三井住友ＤＳアセットマネジメント株式会社"
"G05681","","ＪＰＭ新興国好利回り債投信","ジェイピーエムシンコウコクコウリマワリサイトウシン","内国投資信託受益証券","2月20日","8月20日","E06264","ＪＰモルガン・アセット・マネジメント株式会社"
"G05683","","アムンディ・アラブ株式ファンド","アムンディアラブカブシキファンド","内国投資信託受益証券","4月15日","10月15日","E09666","アムンディ・ジャパン株式会社"
"G05684","","ピクテ新興国インカム株式ファンド（毎月決算型）","ピクテシンコウコクインカムカブシキファンドマイツキケッサンガタ","内国投資信託受益証券","1月10日","7月10日","E10439","ピクテ・ジャパン株式会社"
"G05708","","新生・ＵＴＩインドインフラ関連株式ファンド","シンセイ　ユーティーアイインドインフラカンレンカブシキファンド","内国投資信託受益証券","10月25日","","E13447","ＳＢＩアセットマネジメント株式会社"
"G05710","","ＮＺＡＭ　日本好配当株オープン（３ヵ月決算型）","エヌザム　ニホンコウハイトウカブオープン　サンカゲツケッサンガタ","内国投資信託受益証券","1月10日","7月10日","E12882","農林中金全共連アセットマネジメント株式会社"
"G05711","","野村日本債券インデックスファンド","ノムラニホンサイケンインデックスファンド","内国投資信託受益証券","1月20日","7月20日","E12460","野村アセットマネジメント株式会社"
"G05712","","ダイワ・ロシア株ファンド","ダイワロシアカブファンド","内国投資信託受益証券","2月20日","8月20日","E06748","大和アセットマネジメント株式会社"
"G05713","","ＯｎｅストラテジックＪ－ＲＥＩＴファンド","ワンストラテジックジェイリートファンド","内国投資信託受益証券","6月15日","12月15日","E10677","アセットマネジメントＯｎｅ株式会社"
"G05719","","メロン世界新興国ソブリン・ファンド（年１回決算型）","メロンセカイシンコウコクソブリンファンドネンイッカイケッサンガタ","内国投資信託受益証券","5月17日","","E13343","ＢＮＹメロン・インベストメント・マネジメント・ジャパン株式会社"
"G05734","","野村日本株インデックス（野村投資一任口座向け）","ノムラニホンカブインデックス　ノムラトウシイチニンコウザムケ","内国投資信託受益証券","1月20日","7月20日","E12460","野村アセットマネジメント株式会社"
"G05735","","野村日本債券インデックス（野村投資一任口座向け）","ノムラニホンサイケンインデックス　ノムラトウシイチニンコウザムケ","内国投資信託受益証券","1月20日","7月20日","E12460","野村アセットマネジメント株式会社"
"G05736","","野村外国株インデックス　Ｂコース（野村投資一任口座向け）","ノムラガイコクカブインデックスビーコースノムラトウシイチニンコウザムケ","内国投資信託受益証券","1月20日","7月20日","E12460","野村アセットマネジメント株式会社"
"G05737","","野村外国債券インデックス　Ｂコース（野村投資一任口座向け）","ノムラガイコクサイケンインデックスビーコースノムラトウシイチニンコウザムケ","内国投資信託受益証券","1月20日","7月20日","E12460","野村アセットマネジメント株式会社"
"G05738","","野村世界ＲＥＩＴインデックス　Ｂコース（野村投資一任口座向け）","ノムラセカイリートインデックスビーコースノムラトウシイチニンコウザムケ","内国投資信託受益証券","1月20日","7月20日","E12460","野村アセットマネジメント株式会社"
"G05739","","野村アフリカ株投資","ノムラアフリカカブトウシ","内国投資信託受益証券","11月17日","","E12460","野村アセットマネジメント株式会社"
"G05740","","シンプレクス・ジャパン・バリューアップ・ファンド","シンプレクスジャパンバリューアップファンド","内国投資信託受益証券","7月31日","","E14415","シンプレクス・アセット・マネジメント株式会社"
"G05743","","東京海上・東南アジア株式ファンド","トウキョウカイジョウトウナンアジアカブシキファンド","内国投資信託受益証券","2月15日","8月15日","E06433","東京海上アセットマネジメント株式会社"
"G05750","","ＤＣダイワ・ターゲットイヤー２０２０","ディーシーダイワターゲットイヤーニセンニジュウ","内国投資信託受益証券","12月18日","","E06748","大和アセットマネジメント株式会社"
"G05751","","ＤＣダイワ・ターゲットイヤー２０３０","ディーシーダイワターゲットイヤーニセンサンジュウ","内国投資信託受益証券","12月18日","","E06748","大和アセットマネジメント株式会社"
"G05752","","ＤＣダイワ・ターゲットイヤー２０４０","ディーシーダイワターゲットイヤーニセンヨンジュウ","内国投資信託受益証券","12月18日","","E06748","大和アセットマネジメント株式会社"
"G05757","","ＤＣグローバル・リート・オープン","ディーシーグローバルリートオープン","内国投資信託受益証券","1月17日","","E08957","三井住友ＤＳアセットマネジメント株式会社"
"G05758","","ＤＣニュー・チャイナ・ファンド","ディーシーニューチャイナファンド","内国投資信託受益証券","10月20日","","E08957","三井住友ＤＳアセットマネジメント株式会社"
"G05766","","ＢＮＹメロン・ラージ・キャップ・セキュリティーズ・ファンド・インク","ビーエヌワイ　メロン　ラージ　キャップ　セキュリティーズ　ファンド　インク","外国投資信託受益証券","1月1日","","E14830","ＢＮＹメロン・ラージ・キャップ・セキュリティーズ・ファンド・インク"
"G05769","","インベスコ・ファンズ－インベスコ・サステイナブル・グローバル・システマティック・エクイティ・ファンド","インベスコファンズインベスコサステイナブルグローバルシステマティックエクイティファンド","外国投資証券","3月1日","","E14832","インベスコ・ファンズ"
"G05771","","デーヴェーエス・イーエスジー・インベスタ","デーヴェーエス　イーエスジー　インベスタ","外国投資信託受益証券","9月末日","","E14834","ＤＷＳ　Ｉｎｖｅｓｔｍｅｎｔ　ＧｍｂＨ"
"G05773","","デーヴェーエス・アーティフィシャル・インテリジェンス","デーヴェーエス　アーティフィシャル　インテリジェンス","外国投資信託受益証券","12月31日","","E14834","ＤＷＳ　Ｉｎｖｅｓｔｍｅｎｔ　ＧｍｂＨ"
"G05775","","アライアンス・バーンスタインＳＩＣＡＶ－インターナショナル・テクノロジー・ポートフォリオ","アライアンスバーンスタインシカブインターナショナルテクノロジーポートフォリオ","外国投資証券","6月1日","","E14837","アライアンス・バーンスタインＳＩＣＡＶ"
"G05779","","インダストリア","インダストリア","外国投資信託受益証券","12月末日","","E14840","アリアンツ・グローバル・インベスターズ・ゲーエムベーハー"
"G05780","","アライアンス・バーンスタインＳＩＣＡＶ－インターナショナル・ヘルス・ケア・ポートフォリオ","アライアンスバーンスタインシカブインターナショナルヘルスケアポートフォリオ","外国投資証券","6月1日","","E14837","アライアンス・バーンスタインＳＩＣＡＶ"
"G05789","","ブラックロック・グローバル・インベストメント・シリーズ－スーパー・マネー・マーケット・ファンド","ブラックロックグローバルインベストメントシリーズスーパーマネーマーケットファンド","外国投資信託受益証券","1月末日","","E31087","ブラックロック・ファンド・マネジメント・カンパニー・エス・エー"
"G05793","","ノムラ外貨ＭＭＦ","ノムラガイカエムエムエフ","外国投資信託受益証券","12月31日","","E14843","グローバル・ファンズ・マネジメント・エス・エー"
"G05794","","ニッコウ・マネー・マーケット・ファンド","ニッコウマネーマーケットファンド","外国投資信託受益証券","12月末日","","E14853","ＳＭＢＣ日興インベストメント・ファンド・マネジメント・カンパニー・エス・エイ"
"G05809","","ダイワ外貨ＭＭＦ","ダイワガイカエムエムエフ","外国投資信託受益証券","12月末日","","E14857","エスエムティー・ファンド・サービシーズ（アイルランド）リミテッド"
"G05810","","パトナム・ハイ・イールド・ファンド","パトナム　ハイ　イールド　ファンド","外国投資信託受益証券","12月1日","","E14863","パトナム・ハイ・イールド・ファンド"
"G05817","","アライアンス・バーンスタインーアメリカン・インカム・ポートフォリオ","アライアンスバーンスタインアメリカンインカムポートフォリオ","外国投資信託受益証券","8月末日","","E14866","アライアンス・バーンスタイン・ルクセンブルグ・エス・エイ・アール・エル"
"G05818","","パトナム・ディバーシファイド・インカム・トラスト","パトナムディバーシファイドインカムトラスト","外国投資信託受益証券","9月末日","","E14867","パトナム・ディバーシファイド・インカム・トラスト"
"G05821","","パトナム・インカム・ファンド","パトナム　インカム　ファンド","外国投資信託受益証券","10月末日","","E14869","パトナム・インカム・ファンド"
"G05822","","外貨建マネー・マーケット・ファンド","ガイカダテマネーマーケットファンド","外国投資信託受益証券","10月末日","","E41205","カーン・グローバル・ファンド・マネージャーズ（ルクセンブルグ）エス・エイ"
"G05825","","ブラックロック・グローバル・インベストメント・シリーズ－インカム・ストラテジー・ポートフォリオ","ブラックロックグローバルインベストメントシリーズインカムストラテジーポートフォリオ","外国投資信託受益証券","1月末日","","E31087","ブラックロック・ファンド・マネジメント・カンパニー・エス・エー"
"G05826","","アライアンス・バーンスタイン－グローバル・ハイ・イールド・ポートフォリオ","アライアンスバーンスタイングローバルハイイールドポートフォリオ","外国投資信託受益証券","8月末日","","E14866","アライアンス・バーンスタイン・ルクセンブルグ・エス・エイ・アール・エル"
"G05827","","アリアンツ・ピムコ・ハイ・イールド・インカム・ファンド","アリアンツピムコハイイールドインカムファンド","外国投資信託受益証券","6月末日","","E14840","アリアンツ・グローバル・インベスターズ・ゲーエムベーハー"
"G05831","","アライアンス・バーンスタイン－ショート・デュレーション・ボンド・ポートフォリオ","アライアンス　バーンスタインショートデュレーションボンドポートフォリオ","外国投資信託受益証券","8月末日","","E14866","アライアンス・バーンスタイン・ルクセンブルグ・エス・エイ・アール・エル"
"G05833","","アセット・バック・セキュリティーズ・ファンド","アセットバックセキュリティーズファンド","外国投資信託受益証券","1月31日","","E14843","グローバル・ファンズ・マネジメント・エス・エー"
"G05836","","マンスリー　ディビデンド　ハイ　イールド　ファンド","マンスリーディビデンドハイイールドファンド","外国投資信託受益証券","3月末日","","E14857","エスエムティー・ファンド・サービシーズ（アイルランド）リミテッド"
"G05862","","ノムラ・グローバル・セレクト・トラスト","ノムラグローバルセレクトトラスト","外国投資信託受益証券","7月末日","","E14843","グローバル・ファンズ・マネジメント・エス・エー"
"G05886","","ＵＢＳ　（Ｌｕｘ）　マネー・マーケット・ファンド","ユービーエスルクスマネーマーケットファンド","外国投資信託受益証券","10月末日","","E14900","ＵＢＳアセット・マネジメント（ヨーロッパ）エス・エイ"
"G05894","","ＵＢＳ（Ｌｕｘ）ボンド・ファンド","ユービーエスラックスボンドファンド","外国投資信託受益証券","3月末日","","E14900","ＵＢＳアセット・マネジメント（ヨーロッパ）エス・エイ"
"G05911","","ＧＳアメリカン・ボンド・インカム","ジーエスアメリカンボンドインカム","外国投資信託受益証券","5月末日","","E14843","グローバル・ファンズ・マネジメント・エス・エー"
"G05912","","ゴールドマン・サックス・ユニット・トラスト（アイルランド）－ゴールドマン・サックス・米ドルファンド","ゴールドマンサックスユニットトラストアイルランドゴールドマンサックスベイドルファンド","外国投資信託受益証券","12月31日","","E34836","ゴールドマン・サックス・アセット・マネジメント・ファンド・サービシズ・リミテッド"
"G05921","","ソル・ジャパン・ファンド","ソルジャパンファンド","外国投資信託受益証券","6月末日","","E14915","スパークス・オーバーシーズ・リミテッド"
"G05953","","ジャナス・グローバル・テクノロジー・ファンド","ジャナスグローバルテクノロジーファンド","外国投資信託受益証券","2月末日","","E14843","グローバル・ファンズ・マネジメント・エス・エー"
"G05955","","マン・ＡＨＬ・マイルストーン","マンエーエッチエルマイルストーン","外国投資信託受益証券","4月1日","","E14924","ＭＵＦＧルクスマネジメントカンパニーＳ．Ａ．"
"G05956","","ジャナス・グローバル・ライフサイエンス・ファンド","ジャナスグローバルライフサイエンスファンド","外国投資信託受益証券","3月末日","","E14843","グローバル・ファンズ・マネジメント・エス・エー"
"G05966","","バンガード・インデックス・ファンズ－バンガード・スモールキャップ・インデックス・ファンド","バンガードインデックスファンズバンガードスモールキャップインデックスファンド","外国投資信託受益証券","12月末日","","E14945","バンガード・インデックス・ファンズ"
"G05968","","サノフィ・シェアーズ","サノフィシェアーズ","外国投資信託受益証券","12月31日","","E35693","アムンディ・アセット・マネジメント"
"G05971","","バンガード・ウェルズリー・インカム・ファンド","バンガードウェルズリーインカムファンド","外国投資信託受益証券","9月末日","","E33990","バンガード・ウェルズリー・インカム・ファンド"
"G05985","","バンガード・インデックス・ファンズーバンガード・トータル・ストック・マーケット・インデックス・ファンド","バンガードインデックスファンズバンガードトータルストックマーケットインデックスファンド","外国投資信託受益証券","12月末日","","E14945","バンガード・インデックス・ファンズ"
"G06003","","アクサ・アクシオナリアＩＩ","アクサアクシオナリアツー","外国投資信託受益証券","12月31日","","E41889","ビー・エヌ・ピー・パリバ・アセット・マネジメント・ヨーロッパ"
"G06013","","タワーＫ１Ｊファンド","タワーケーワンジェーファンド","外国投資信託受益証券","4月1日","","E14979","タワー・アセット・マネジメント・リミテッド"
"G06014","","ＪＡ－ＶＰチャイナ・ニュー・センチュリー・ファンド","ジェイエイブイピーチャイナニューセンチュリーファンド","外国投資信託受益証券","1月1日","","E14980","バリュー・パートナーズ・リミテッド"
"G06066","","ブラックロック・グローバル・ファンズ－アジアン・ドラゴン・ファンド","ブラックロック　グローバル　ファンズ　アジアンドラゴンファンド","外国投資信託受益証券","8月末日","","E31398","ブラックロック・グローバル・ファンズ"
"G06072","","ピムコ・バーミューダ・トラスト－ピムコ・ユーロ・トータル・リターン・ファンド","ピムコバーミューダトラストピムコユーロトータルリターンファンド","外国投資信託受益証券","5月末日","","E15034","パシフィック・インベストメント・マネジメント・カンパニー・エルエルシー"
"G06082","","シュローダー・セレクション","シュローダーセレクション","外国投資信託受益証券","9月末日","","E15044","シュローダー・インベストメント・マネージメント（ヨーロッパ）エス・エイ"
"G06093","","日興フィデリティ・グローバル・セレクション－ジャパン・アドバンテージ・ファンド","ニッコウフィデリティグローバルセレクションジャパンアドバンテージファンド","外国投資信託受益証券","4月末日","","E31084","ＦＩＬ・インベストメント・マネジメント（ルクセンブルグ）エス・エイ・アール・エル"
"G06097","","ＨＳＢＣポートフォリオ・セレクション・ファンド","エイチエスビーシーポートフォリオセレクションファンド","外国投資信託受益証券","6月末日","","E31085","ＨＳＢＣマネジメント（ガーンジー）リミテッド"
"G06109","","ピムコ・バーミューダ・トラスト－ピムコ・リアル・リターン・ファンド","ピムコバーミューダトラストピムコリアルリターンファンド","外国投資信託受益証券","5月31日","","E15034","パシフィック・インベストメント・マネジメント・カンパニー・エルエルシー"
"G06117","","ＵＢＳオーストラリア・ボンド・インカム","ユービーエスオーストラリアボンドインカム","外国投資信託受益証券","6月末日","","E14843","グローバル・ファンズ・マネジメント・エス・エー"
"G06134","","ＦＣファンド－レジット不動産証券投資信託","エフシーファンドレジットフドウサンショウケントウシシンタク","外国投資信託受益証券","8月末日","","E15099","ＦＣインベストメント・リミテッド"
"G06138","","野村ＵＳハイ・イールド・ボンド・インカム","ノムラユーエスハイ　イールド　ボンド　インカム","外国投資信託受益証券","5月末日","","E14843","グローバル・ファンズ・マネジメント・エス・エー"
"G06171","","ブラックロック・グローバル・ファンズ－ワールド・ボンド・ファンド","ブラックロックグローバルファンズワールドボンドファンド","外国投資証券","8月末日","","E31398","ブラックロック・グローバル・ファンズ"
"G06185","","ビー・エヌ・ピー・パリバ・アクショナリア・モンド","ビーエヌピーパリバアクショナリアモンド","外国投資信託受益証券","12月31日","","E15153","ビー・エヌ・ピー・パリバ　アセットマネジメント・ヨーロッパ"
"G06194","","ダイワ・エクイティ・ファンド・シリーズ－ニュー・メジャー・エコノミーズ・ファンド","ダイワエクイティファンドシリーズ　ニューメジャーエコノミーズファンド","外国投資信託受益証券","1月15日","","E14857","エスエムティー・ファンド・サービシーズ（アイルランド）リミテッド"
"G06217","","ケープ・チャイナ・ファンド","ケープチャイナファンド","外国投資信託受益証券","1月1日","","E23274","ケープ・アセット・マネジメント・リミテッド"
"G06220","","ピクテ・グローバル・セレクション・ファンド－日興ピクテ・グローバル・グローイング・マーケット・ファンド","ピクテ　グローバル　セレクション　ファンド　ニッコウピクテ　グローバル　グローイング　マーケット　ファンド","外国投資信託受益証券","12月末日","","E30735","ピクテ・アセット・マネジメント（ヨーロッパ）エス・エイ"
"G06233","","日興　フィデリティ・グローバル・セレクション－インド・アドバンテージ・ファンド","ニッコウフィデリティグローバルセレクションインドアドバンテージファンド","外国投資信託受益証券","4月末日","","E31084","ＦＩＬ・インベストメント・マネジメント（ルクセンブルグ）エス・エイ・アール・エル"
"G06236","","フィデリティ・ワールド・ファンズ　インド・フォーカス・ファンド","フィデリティワールドファンズインドフォーカスファンド","外国投資信託受益証券","4月末日","","E31084","ＦＩＬ・インベストメント・マネジメント（ルクセンブルグ）エス・エイ・アール・エル"
"G06261","","ピムコ・バミューダ・トラストＩＩ－ピムコ・ワールド・ハイインカム","ピムコバミューダトラストツー　ピムコワールドハイインカム","外国投資信託受益証券","10月末日","","E15034","パシフィック・インベストメント・マネジメント・カンパニー・エルエルシー"
"G06268","","ピクテ・グローバル・セレクション・ファンド－好配当世界公共株ファンド","ピクテグローバルセレクションファンド　コウハイトウセカイコウキョウカブファンド","外国投資信託受益証券","12月31日","","E30735","ピクテ・アセット・マネジメント（ヨーロッパ）エス・エイ"
"G06284","","ＦＣ　Ｔ　トラスト　－　海通　－　アイザワ　好配当利回り中国株ファンド","エフシーテートラスト　ハイトン　アイザワ　コウハイトウリマワリチュウゴクカブファンド","外国投資信託受益証券","9月末日","","E15099","ＦＣインベストメント・リミテッド"
"G06291","","ケイマン籍パトナム・ディバーシファイド・インカム・トラスト","ケイマンセキパトナムディバーシファイドインカムトラスト","外国投資信託受益証券","4月末日","","E15262","ザ・パトナム・アドバイザリー・カンパニー・エルエルシー"
"G06292","","ニッポン・オフショア・ファンズ－日興グローバル財産３分法ファンド","ニッポンオフショアファンズニッコウグローバルザイサンサンブンポウファンド","外国投資信託受益証券","3月末日","","E15214","ＢＮＹメロン・インターナショナル・マネジメント・リミテッド"
"G06297","","アクサ・シェアプラン・ジャパン","アクサシェアプランジャパン","外国投資信託受益証券","12月31日","","E41889","ビー・エヌ・ピー・パリバ・アセット・マネジメント・ヨーロッパ"
"G06301","","ノムラ・マルチ・カレンシー・ジャパン・ストック・ファンド","ノムラ　マルチ　カレンシー　ジャパン　ストック　ファンド","外国投資信託受益証券","5月20日","","E14843","グローバル・ファンズ・マネジメント・エス・エー"
"G06303","","リンク・リアル・エステート・インベストメント・トラスト","リンクリアルエステートインベストメントトラスト","外国投資信託受益証券","3月末日","","E15194","リンク・アセット・マネジメント・リミテッド"
"G06324","","ＵＢＳ（Ｌｕｘ）キー・セレクション・シキャブ","ユービーエスルクスキーセレクションシキャブ","外国投資証券","9月末日","","E15296","ＵＢＳ（Ｌｕｘ）キー・セレクション・シキャブ"
"G06326","","ニッポン・オフショア・ファンズ－ＧＷ　セレクト・ファンド　安定型　ＧＷ　セレクト・ファンド　積極型","ニッポンオフショアファンズ　ジーダブリューセレクトファンドアンテイガタ　ジーダブリューセレクトファンドセッキョクガタ","外国投資信託受益証券","3月31日","","E15214","ＢＮＹメロン・インターナショナル・マネジメント・リミテッド"
"G06329","","ＨＳＢＣユニ・フォリオ","エイチエスビーシーユニフォリオ","外国投資信託受益証券","7月末日","","E31085","ＨＳＢＣマネジメント（ガーンジー）リミテッド"
"G06343","","ＦＣグローバル　ベトナムファンド","エフシーグローバルベトナムファンド","外国投資信託受益証券","9月末日","","E15099","ＦＣインベストメント・リミテッド"
"G06356","","日興グローバル・ファンズ","ニッコウグローバルファンズ","外国投資信託受益証券","10月末日","","E14853","ＳＭＢＣ日興インベストメント・ファンド・マネジメント・カンパニー・エス・エイ"
"G06365","","フィリップ－アイザワ　トラスト　タイファンド","フィリップアイザワトラストタイファンド","外国投資信託受益証券","12月末日","","E15099","ＦＣインベストメント・リミテッド"
"G06398","","ＨＳＢＣオルタナティブ・ストラテジー・ファンド","エイチエスビーシーオルタナティブストラテジーファンド","外国投資信託受益証券","4月末日","","E31085","ＨＳＢＣマネジメント（ガーンジー）リミテッド"
"G06399","","ＦＣ　Ｔ　トラスト－海通－アイザワ　中国ナンバーワンファンド","エフシーティートラスト　ハイトン　アイザワ　チュウゴクナンバーワンファンド","外国投資信託受益証券","5月末日","","E15099","ＦＣインベストメント・リミテッド"
"G06404","","プレシャス・トラスト　ベトナム・インフラストラクチャー・ファンド","プレシャストラストベトナムインフラストラクチャーファンド","外国投資信託受益証券","4月末日","","E31086","ＩＱ　ＥＱマネジメント・バミューダ・リミテッド"
"G06425","","サムスンＫＯＤＥＸ２００　証券上場指数投資信託［株式］","サムスンコデックスニヒャク　ショウケンジョウジョウシスウトウシシンタク　カブシキ","外国投資信託受益証券","12月31日","","E15404","サムスン資産運用株式会社"
"G06432","","ゴールドマン・サックス・グローバル・ファンズ　－ＧＳ新成長国通貨債券ファンド　普通（米ドル建て）クラス受益証券、ユーロ・クラス受益証券、日本円クラス受益証券","ゴールドマンサックスグローバルファンズ","外国投資信託受益証券","11月末日","","E34836","ゴールドマン・サックス・アセット・マネジメント・ファンド・サービシズ・リミテッド"
"G06472","","日亜持株組合","ニチアモチカブクミアイ","内国有価証券投資事業権利等","4月30日","","E15447","日亜持株組合"
"G06756","","浪花おふくろファンド","ナニワオフクロファンド","内国投資信託受益証券","3月3日","","E15786","株式会社パリミキアセットマネジメント"
"G06758","","ＤＩＡＭエマージング債券ファンド","ダイアムエマージングサイケンファンド","内国投資信託受益証券","5月12日","11月12日","E10677","アセットマネジメントＯｎｅ株式会社"
"G06761","","スパークス・新・国際優良日本株ファンド","スパークス　シン　コクサイユウリョウニホンカブファンド","内国投資信託受益証券","3月27日","","E11161","スパークス・アセット・マネジメント株式会社"
"G06762","","ダイワ・ブラジル株式ファンド","ダイワブラジルカブシキファンド","内国投資信託受益証券","6月20日","12月20日","E06748","大和アセットマネジメント株式会社"
"G06775","","ＧＳエマージング通貨債券ファンド","ジーエスエマージングツウカサイケンファンド","内国投資信託受益証券","6月22日","12月22日","E12457","ゴールドマン・サックス・アセット・マネジメント株式会社"
"G06779","","ダイワ・エマージング高金利債券ファンド（毎月分配型）","ダイワエマージングコウキンリサイケンファンドマイツキブンパイガタ","内国投資信託受益証券","1月15日","7月15日","E06748","大和アセットマネジメント株式会社"
"G06781","16170","ＮＥＸＴ　ＦＵＮＤＳ　食品（ＴＯＰＩＸ－１７）上場投信","ネクスト　ファンズ　ショクヒン　トピックス　ジュウナナ　ジョウジョウトウシン","内国投資信託受益証券","7月15日","","E12460","野村アセットマネジメント株式会社"
"G06782","16180","ＮＥＸＴ　ＦＵＮＤＳ　エネルギー資源（ＴＯＰＩＸ－１７）上場投信","ネクスト　ファンズ　エネルギーシゲン　トピックス　ジュウナナ　ジョウジョウトウシン","内国投資信託受益証券","7月15日","","E12460","野村アセットマネジメント株式会社"
"G06783","16190","ＮＥＸＴ　ＦＵＮＤＳ　建設・資材（ＴＯＰＩＸ－１７）上場投信","ネクスト　ファンズ　ケンセツ　シザイ　トピックス　ジュウナナ　ジョウジョウトウシン","内国投資信託受益証券","7月15日","","E12460","野村アセットマネジメント株式会社"
"G06784","16200","ＮＥＸＴ　ＦＵＮＤＳ　素材・化学（ＴＯＰＩＸ－１７）上場投信","ネクスト　ファンズ　ソザイ　カガク　トピックス　ジュウナナ　ジョウジョウトウシン","内国投資信託受益証券","7月15日","","E12460","野村アセットマネジメント株式会社"
"G06785","16210","ＮＥＸＴ　ＦＵＮＤＳ　医薬品（ＴＯＰＩＸ－１７）上場投信","ネクスト　ファンズ　イヤクヒン　トピックス　ジュウナナ　ジョウジョウトウシン","内国投資信託受益証券","7月15日","","E12460","野村アセットマネジメント株式会社"
"G06786","16220","ＮＥＸＴ　ＦＵＮＤＳ　自動車・輸送機（ＴＯＰＩＸ－１７）上場投信","ネクスト　ファンズ　ジドウシャ　ユソウキ　トピックス　ジュウナナ　ジョウジョウトウシン","内国投資信託受益証券","7月15日","","E12460","野村アセットマネジメント株式会社"
"G06787","16230","ＮＥＸＴ　ＦＵＮＤＳ　鉄鋼・非鉄（ＴＯＰＩＸ－１７）上場投信","ネクスト　ファンズ　テッコウ　ヒテツ　トピックス　ジュウナナ　ジョウジョウトウシン","内国投資信託受益証券","7月15日","","E12460","野村アセットマネジメント株式会社"
"G06788","16240","ＮＥＸＴ　ＦＵＮＤＳ　機械（ＴＯＰＩＸ－１７）上場投信","ネクスト　ファンズ　キカイ　トピックス　ジュウナナ　ジョウジョウトウシン","内国投資信託受益証券","7月15日","","E12460","野村アセットマネジメント株式会社"
"G06789","16250","ＮＥＸＴ　ＦＵＮＤＳ　電機・精密（ＴＯＰＩＸ－１７）上場投信","ネクスト　ファンズ　デンキ　セイミツ　トピックス　ジュウナナ　ジョウジョウトウシン","内国投資信託受益証券","7月15日","","E12460","野村アセットマネジメント株式会社"
"G06790","16260","ＮＥＸＴ　ＦＵＮＤＳ　情報通信・サービスその他（ＴＯＰＩＸ－１７）上場投信","ネクスト　ファンズ　ジョウホウツウシン　サービスソノタ　トピックス　ジュウナナ　ジョウジョウトウシン","内国投資信託受益証券","7月15日","","E12460","野村アセットマネジメント株式会社"
"G06791","16270","ＮＥＸＴ　ＦＵＮＤＳ　電力・ガス（ＴＯＰＩＸ－１７）上場投信","ネクスト　ファンズ　デンリョク　ガス　トピックス　ジュウナナ　ジョウジョウトウシン","内国投資信託受益証券","7月15日","","E12460","野村アセットマネジメント株式会社"
"G06792","16280","ＮＥＸＴ　ＦＵＮＤＳ　運輸・物流（ＴＯＰＩＸ－１７）上場投信","ネクスト　ファンズ　ウンユ　ブツリュウ　トピックス　ジュウナナ　ジョウジョウトウシン","内国投資信託受益証券","7月15日","","E12460","野村アセットマネジメント株式会社"
"G06793","16290","ＮＥＸＴ　ＦＵＮＤＳ　商社・卸売（ＴＯＰＩＸ－１７）上場投信","ネクスト　ファンズ　ショウシャ　オロシウリ　トピックス　ジュウナナ　ジョウジョウトウシン","内国投資信託受益証券","7月15日","","E12460","野村アセットマネジメント株式会社"
"G06794","16300","ＮＥＸＴ　ＦＵＮＤＳ　小売（ＴＯＰＩＸ－１７）上場投信","ネクスト　ファンズ　コウリ　トピックス　ジュウナナ　ジョウジョウトウシン","内国投資信託受益証券","7月15日","","E12460","野村アセットマネジメント株式会社"
"G06795","16310","ＮＥＸＴ　ＦＵＮＤＳ　銀行（ＴＯＰＩＸ－１７）上場投信","ネクスト　ファンズ　ギンコウ　トピックス　ジュウナナ　ジョウジョウトウシン","内国投資信託受益証券","7月15日","","E12460","野村アセットマネジメント株式会社"
"G06796","16320","ＮＥＸＴ　ＦＵＮＤＳ　金融（除く銀行）（ＴＯＰＩＸ－１７）上場投信","ネクスト　ファンズ　キンユウ　ノゾクギンコウ　トピックス　ジュウナナ　ジョウジョウトウシン","内国投資信託受益証券","7月15日","","E12460","野村アセットマネジメント株式会社"
"G06797","16330","ＮＥＸＴ　ＦＵＮＤＳ　不動産（ＴＯＰＩＸ－１７）上場投信","ネクスト　ファンズ　フドウサン　トピックス　ジュウナナ　ジョウジョウトウシン","内国投資信託受益証券","7月15日","","E12460","野村アセットマネジメント株式会社"
"G06808","","ＳＭＡＭ・グローバルバランスファンド（機動的資産配分型）","エスエムエーエムグローバルバランスファンドキドウテキシサンハイブンガタ","内国投資信託受益証券","4月13日","","E08957","三井住友ＤＳアセットマネジメント株式会社"
"G06809","","三井住友・ＤＣターゲットイヤーファンド２０２０（４資産タイプ）","ミツイスミトモディーシーターゲットイヤーファンドニイゼロニイゼロヨンシサンタイプ","内国投資信託受益証券","4月13日","","E08957","三井住友ＤＳアセットマネジメント株式会社"
"G06810","","三井住友・ＤＣターゲットイヤーファンド２０２５（４資産タイプ）","ミツイスミトモディーシーターゲットイヤーファンドニイゼロニイゴヨンシサンタイプ","内国投資信託受益証券","4月13日","","E08957","三井住友ＤＳアセットマネジメント株式会社"
"G06811","","三井住友・ＤＣターゲットイヤーファンド２０３０（４資産タイプ）","ミツイスミトモディーシーターゲットイヤーファンドニイゼロサンゼロヨンシサンタイプ","内国投資信託受益証券","4月13日","","E08957","三井住友ＤＳアセットマネジメント株式会社"
"G06812","","三井住友・ＤＣターゲットイヤーファンド２０３５（４資産タイプ）","ミツイスミトモディーシーターゲットイヤーファンドニイゼロサンゴヨンシサンタイプ","内国投資信託受益証券","4月13日","","E08957","三井住友ＤＳアセットマネジメント株式会社"
"G06813","","三井住友・ＤＣターゲットイヤーファンド２０４０（４資産タイプ）","ミツイスミトモディーシーターゲットイヤーファンドニイゼロヨンゼロヨンシサンタイプ","内国投資信託受益証券","4月13日","","E08957","三井住友ＤＳアセットマネジメント株式会社"
"G06814","","三井住友・ＤＣターゲットイヤーファンド２０４５（４資産タイプ）","ミツイスミトモディーシーターゲットイヤーファンドニイゼロヨンゴヨンシサンタイプ","内国投資信託受益証券","4月13日","","E08957","三井住友ＤＳアセットマネジメント株式会社"
"G06815","","三菱ＵＦＪ　世界国債インデックスファンド（年１回決算型）","ミツビシユーエフジェイセカイコクサイインデックスファンドネンイッカイケッサンガタ","内国投資信託受益証券","1月17日","","E11518","三菱ＵＦＪアセットマネジメント株式会社"
"G06820","13220","上場インデックスファンド中国Ａ株（パンダ）Ｅ　Ｆｕｎｄ　ＣＳＩ３００","ジョウジョウインデックスファンドチュウゴクエーカブ　パンダ　イー　ファンド　シーエスアイサンビャク","内国投資信託受益証券","1月20日","","E12430","アモーヴァ・アセットマネジメント株式会社"
"G06821","","インデックスファンド海外新興国（エマージング）株式","インデックスファンドカイガイシンコウコク　エマージング　カブシキ","内国投資信託受益証券","11月16日","","E12430","アモーヴァ・アセットマネジメント株式会社"
"G06822","","インデックスファンド海外新興国（エマージング）債券（１年決算型）","インデックスファンドカイガイシンコウコク　エマージング　サイケン　イチネンケッサンガタ","内国投資信託受益証券","11月16日","","E12430","アモーヴァ・アセットマネジメント株式会社"
"G06835","","ＤＩＡＭアジア消費＆インフラ関連株式ファンド","ダイアムアジアショウヒアンドインフラカンレンカブシキファンド","内国投資信託受益証券","4月12日","","E10677","アセットマネジメントＯｎｅ株式会社"
"G06836","","ラッセル・インベストメント世界環境テクノロジー・ファンド","ラッセルインベストメントセカイカンキョウテクノロジーファンド","内国投資信託受益証券","3月10日","9月10日","E12450","ラッセル・インベストメント株式会社"
"G06839","","損保ジャパン・エコ・オープン（配当利回り重視型）","ソンポジャパン　エコ　オープン　ハイトウリマワリジュウシガタ","内国投資信託受益証券","4月8日","10月8日","E12434","ＳＯＭＰＯアセットマネジメント株式会社"
"G06849","","日興高金利通貨ファンド（毎月分配型）","ニッコウコウキンリツウカファンドマイツキブンパイガタ","内国投資信託受益証券","4月20日","10月20日","E12430","アモーヴァ・アセットマネジメント株式会社"
"G06850","","日興高金利通貨ファンド（資産成長型）","ニッコウコウキンリツウカファンドシサンセイチョウガタ","内国投資信託受益証券","4月20日","","E12430","アモーヴァ・アセットマネジメント株式会社"
"G06853","","好配当グリーン・バランス・オープン","コウハイトウグリーン　バランス　オープン","内国投資信託受益証券","3月11日","9月11日","E12434","ＳＯＭＰＯアセットマネジメント株式会社"
"G06856","","ニッセイ健康応援ファンド","ニッセイケンコウオウエンファンド","内国投資信託受益証券","8月20日","","E12453","ニッセイアセットマネジメント株式会社"
"G06861","","イーストスプリング・インド消費関連ファンド","イーストスプリングインドショウヒカンレンファンド","内国投資信託受益証券","2月20日","8月20日","E12566","イーストスプリング・インベストメンツ株式会社"
"G06902","","ダイワ・インド株ファンド","ダイワインドカブファンド","内国投資信託受益証券","6月7日","12月7日","E06748","大和アセットマネジメント株式会社"
"G06904","","ＤＷＳ　ロシア・ルーブル債券投信（毎月分配型）／（年２回決算型）","ディーダブリューエスロシアルーブルサイケントウシンマイツキブンパイガタネンニカイケッサンガタ","内国投資信託受益証券","4月25日","10月25日","E06458","ドイチェ・アセット・マネジメント株式会社"
"G06907","","日興ジャパン高配当株式ファンド","ニッコウジャパンコウハイトウカブシキファンド","内国投資信託受益証券","4月10日","10月10日","E12430","アモーヴァ・アセットマネジメント株式会社"
"G06913","","ダイワ・アクティブＪリート・ファンド（年４回決算型）","ダイワアクティブジェイリートファンドネンヨンカイケッサンガタ","内国投資信託受益証券","5月10日","11月10日","E06748","大和アセットマネジメント株式会社"
"G06934","","アムンディ・中東株式ファンド","アムンディチュウトウカブシキファンド","内国投資信託受益証券","6月10日","","E09666","アムンディ・ジャパン株式会社"
"G06941","","ダイワ／“ＲＩＣＩ”コモディティ・ファンド","ダイワアールアイシーアイコモディティファンド","内国投資信託受益証券","4月25日","10月25日","E06748","大和アセットマネジメント株式会社"
"G06946","","ノムラ・マルチ・カレンシー・アトラクティブ・ディビデンド・ジャパン・ストック・ファンド","ノムラ　マルチ　カレンシー　アトラクティブ　ディビデンド　ジャパン　ストック　ファンド","外国投資信託受益証券","7月10日","","E15291","グローバル・ファンズ・マネジメント・エス・エー"
"G06955","","ピクテ資源国ソブリン・ファンド（毎月分配型）","ピクテシゲンコクソブリンファンドマイツキブンパイガタ","内国投資信託受益証券","6月15日","12月15日","E10439","ピクテ・ジャパン株式会社"
"G06956","","ブラジル株式ファンド","ブラジルカブシキファンド","内国投資信託受益証券","5月15日","11月15日","E12430","アモーヴァ・アセットマネジメント株式会社"
"G06957","","ＤＷＳ　ロシア株式ファンド","ディーダブリューエス　ロシアカブシキファンド","内国投資信託受益証券","6月15日","12月15日","E06458","ドイチェ・アセット・マネジメント株式会社"
"G06982","","ＨＳＢＣブラジル株式ファンド（３ヶ月決算型）","エイチエスビーシーブラジルカブシキファンドサンカゲツケッサンガタ","内国投資信託受益証券","5月15日","11月15日","E12492","ＨＳＢＣアセットマネジメント株式会社"
"G06987","","ＵＢＳブラジル・インデックス・ファンド","ユービーエスブラジルインデックスファンド","内国投資信託受益証券","7月10日","","E12473","ＵＢＳアセット・マネジメント株式会社"
"G06988","","ＵＢＳブラジル・レアル債券投信（毎月分配型）／（年２回決算型）","ユービーエス　ブラジル　レアル　サイケントウシン　マイツキブンパイガタ　ネンニカイケッサンガタ","内国投資信託受益証券","5月20日","11月20日","E12473","ＵＢＳアセット・マネジメント株式会社"
"G07016","13260","ＳＰＤＲゴールド・トラスト","エスピーディーアールゴールドトラスト","外国投資信託受益証券","9月末日","","E21414","ワールド・ゴールド・トラスト・サービシズ・エルエルシー"
"G07017","13250","ＮＥＸＴ　ＦＵＮＤＳ　ブラジル株式指数・ボベスパ連動型上場投信","ネクストファンズブラジルカブシキシスウボベスパレンドウガタジョウジョウトウシン","内国投資信託受益証券","7月8日","","E12460","野村アセットマネジメント株式会社"
"G07018","","ＮＥＸＴ　ＦＵＮＤＳ　ロシア株式指数連動型上場投信","ネクストファンズロシアカブシキシスウレンドウガタジョウジョウトウシン","内国投資信託受益証券","7月8日","","E12460","野村アセットマネジメント株式会社"
"G07019","","ＮＥＸＴ　ＦＵＮＤＳ　南アフリカ株式指数・ＦＴＳＥ／ＪＳＥ　Ａｆｒｉｃａ　Ｔｏｐ４０連動型上場投信","ネクストファンズミナミアフリカカブシキシスウエフティーエスイージェイエスイーアフリカトップフォーティレンドウガタジョウジョウトウシン","内国投資信託受益証券","7月8日","","E12460","野村アセットマネジメント株式会社"
"G07023","","野村外国債券アクティブファンド（確定拠出年金向け）","ノムラガイコクサイケンアクティブファンドカクテイキョシュツネンキンムケ","内国投資信託受益証券","11月15日","","E12460","野村アセットマネジメント株式会社"
"G07024","","野村世界ＲＥＩＴインデックスファンド（確定拠出年金向け）","ノムラセカイリートインデックスファンドカクテイキョシュツネンキンムケ","内国投資信託受益証券","1月20日","","E12460","野村アセットマネジメント株式会社"
"G07032","","モルガン・スタンレー　世界高金利通貨投信（毎月分配型）／（年２回決算型）","モルガンスタンレーセカイコウキンリツウカトウシンマイツキブンパイガタネンニカイケッサンガタ","内国投資信託受益証券","2月15日","8月15日","E08707","モルガン・スタンレー・インベストメント・マネジメント株式会社"
"G07041","","野村新興国株式インデックスファンド（確定拠出年金向け）","ノムラシンコウコクカブシキインデックスファンド　カクテイキョシュツネンキンムケ","内国投資信託受益証券","5月10日","","E12460","野村アセットマネジメント株式会社"
"G07042","","野村新興国債券インデックスファンド（確定拠出年金向け）","ノムラシンコウコクサイケンインデックスファンド　カクテイキョシュツネンキンムケ","内国投資信託受益証券","5月10日","","E12460","野村アセットマネジメント株式会社"
"G07059","","欧州ハイ・イールド・ボンド・ファンド（欧州通貨コース）、欧州ハイ・イールド・ボンド・ファンド（円コース）、欧州ハイ・イールド・ボンド・ファンド（豪ドルコース）","オウシュウハイイールドボンドファンドオウシュウツウカコース　オウシュウハイイールドボンドファンドエンコース　オウシュウハイイールドボンドファンドゴウドルコース","内国投資信託受益証券","1月13日","7月13日","E12460","野村アセットマネジメント株式会社"
"G07083","","オーストラリア株式ファンド","オーストラリアカブシキファンド","内国投資信託受益証券","2月15日","8月15日","E12430","アモーヴァ・アセットマネジメント株式会社"
"G07088","","金銭信託（予定配当率固定型）第１受益権","キンセンシンタクヨテイハイトウリツコテイガタダイイチジュエキケン","内国信託受益証券・信託受益権","3月19日","9月19日","E03628","みずほ信託銀行株式会社"
"G07089","","金銭信託（自由型）","キンセンシンタクジユウガタ","内国信託受益証券・信託受益権","3月25日","9月25日","E03628","みずほ信託銀行株式会社"
"G07095","","ひふみ投信","ヒフミトウシン","内国投資信託受益証券","9月30日","","E21671","レオス・キャピタルワークス株式会社"
"G07104","","ＨＳＢＣブラジル債券オープン（毎月決算型）","エイチエスビーシーブラジルサイケンオープンマイツキケッサンガタ","内国投資信託受益証券","3月25日","9月25日","E12492","ＨＳＢＣアセットマネジメント株式会社"
"G07106","","ＨＳＢＣブラジル債券オープン（１年決算型）","エイチエスビシーブラジルサイケンオープンイチネンケッサンガタ","内国投資信託受益証券","9月18日","","E12492","ＨＳＢＣアセットマネジメント株式会社"
"G07112","13430","ＮＥＸＴ　ＦＵＮＤＳ　東証ＲＥＩＴ指数連動型上場投信","ネクスト　ファンズ　トウショウリートシスウレンドウガタジョウジョウトウシン","内国投資信託受益証券","2月10日","8月10日","E12460","野村アセットマネジメント株式会社"
"G07113","","Ｏｎｅ高格付インカム・オープン（１年決算コース）","ワンコウカクヅケインカムオープンイチネンケッサンコース","内国投資信託受益証券","6月5日","","E10677","アセットマネジメントＯｎｅ株式会社"
"G07114","","Ｏｎｅ高格付外債ファンド","ワンコウカクヅケガイサイファンド","内国投資信託受益証券","3月19日","9月19日","E10677","アセットマネジメントＯｎｅ株式会社"
"G07124","","ユニオンファンド","ユニオンファンド","内国投資信託受益証券","9月末日","","E21708","ユニオン投信株式会社"
"G07127","","ダイワ世界債券ファンド（毎月分配型）","ダイワセカイサイケンファンドマイツキブンパイガタ","内国投資信託受益証券","2月20日","8月20日","E06748","大和アセットマネジメント株式会社"
"G07128","","ダイワ・グローバル債券ファンド（毎月分配型／年２回決算型）","ダイワグローバルサイケンファンドマイツキブンパイガタネンニカイケッサンガタ","内国投資信託受益証券","4月5日","10月5日","E06748","大和アセットマネジメント株式会社"
"G07151","","ブラデスコ　ブラジル債券ファンド（分配重視型）　ブラデスコ　ブラジル債券ファンド（成長重視型）","ブラデスコブラジルサイケンファンドブンパイジュウシガタブラデスコブラジルサイケンファンドセイチョウジュウシガタ","内国投資信託受益証券","4月8日","10月8日","E11518","三菱ＵＦＪアセットマネジメント株式会社"
"G07185","","ダイワ海外ソブリン・ファンド（１年決算型）","ダイワカイガイソブリンファンドイチネンケッサンガタ","内国投資信託受益証券","8月10日","","E06748","大和アセットマネジメント株式会社"
"G07194","","フランクリン・テンプルトン・ブラジル国債ファンド（毎月分配型）　フランクリン・テンプルトン・ブラジル国債ファンド（年２回決算型）","フランクリン　テンプルトン　ブラジルコクサイファンド　マイツキブンパイガタ　フランクリン　テンプルトン　ブラジルコクサイファンド　ネンニカイケッサンガタ","内国投資信託受益証券","3月13日","9月13日","E12425","フランクリン・テンプルトン・ジャパン株式会社"
"G07202","","ＤＷＳ　ブラジル・レアル債券ファンド（年１回決算型）","ディーダブリューエスブラジルレアルサイケンファンドネンイッカイケッサンガタ","内国投資信託受益証券","7月20日","","E06458","ドイチェ・アセット・マネジメント株式会社"
"G07203","","ＤＷＳ　ブラジル・レアル債券ファンド（毎月分配型）","ディーダブリューエスブラジルレアルサイケンファンドマイツキブンパイガタ","内国投資信託受益証券","1月20日","7月20日","E06458","ドイチェ・アセット・マネジメント株式会社"
"G07207","","ワールド・ソブリンインカム（１年決算型）（愛称　十二単衣（１年決算型））","ワールドソブリンインカムイチネンケッサンガタ　アイショウジュウニヒトエイチネンケッサンガタ","内国投資信託受益証券","9月25日","","E12441","ＳＢＩ岡三アセットマネジメント株式会社"
"G07208","13450","上場インデックスファンドＪリート（東証ＲＥＩＴ指数）隔月分配型","ジョウジョウインデックスファンドジェイリートトウショウリートシスウカクゲツブンパイガタ","内国投資信託受益証券","1月8日","7月8日","E12430","アモーヴァ・アセットマネジメント株式会社"
"G07211","","りそな　ブラジル・ソブリン・ファンド（毎月決算型／年２回決算型）","リソナブラジルソブリンファンドマイツキケッサンガタネンニカイケッサンガタ","内国投資信託受益証券","4月25日","10月25日","E06748","大和アセットマネジメント株式会社"
"G07216","","ダイワ・ブラジル・レアル債オープン（毎月分配型／年２回決算型）","ダイワブラジルレアルサイオープンマイツキブンパイガタネンニカイケッサンガタ","内国投資信託受益証券","4月25日","10月25日","E06748","大和アセットマネジメント株式会社"
"G07217","","ブラジル・ボンド・オープン（毎月決算型／年２回決算型）","ブラジルボンドオープンマイツキケッサンガタネンニカイケッサンガタ","内国投資信託受益証券","4月25日","10月25日","E06748","大和アセットマネジメント株式会社"
"G07218","","ハイグレード・オセアニア・ボンド・オープン（年２回決算型）","ハイグレードオセアニアボンドオープンネンニカイケッサンガタ","内国投資信託受益証券","5月15日","11月15日","E06748","大和アセットマネジメント株式会社"
"G07220","","スパークス・アジア中東株式ファンド（資産成長型）","スパークス　アジア　チュウトウカブシキファンド　シサンセイチョウガタ","内国投資信託受益証券","11月10日","","E11161","スパークス・アセット・マネジメント株式会社"
"G07224","","ピクテ・グローバル・インカム株式ファンド（１年決算型）","ピクテグローバルインカムカブシキファンドイチネンケッサンガタ","内国投資信託受益証券","8月10日","","E10439","ピクテ・ジャパン株式会社"
"G07253","","高金利先進国債券オープン（資産成長型）","コウキンリセンシンコクサイケンオープンシサンセイチョウガタ","内国投資信託受益証券","7月10日","","E12430","アモーヴァ・アセットマネジメント株式会社"
"G07254","","世界のサイフ（資産成長型）","セカイノサイフシサンセイチョウガタ","内国投資信託受益証券","10月12日","","E12430","アモーヴァ・アセットマネジメント株式会社"
"G07255","","日興スリートップ（資産成長型）","ニッコウスリートップシサンセイチョウガタ","内国投資信託受益証券","9月15日","","E12430","アモーヴァ・アセットマネジメント株式会社"
"G07256","","日興ピムコ・ハイインカム・ソブリン・ファンド資産成長型（米ドルコース）","ニッコウピムコハイインカムソブリンファンドシサンセイチョウガタベイドルコース","内国投資信託受益証券","1月15日","","E12430","アモーヴァ・アセットマネジメント株式会社"
"G07257","","日興グローバルＲＥＩＴファンド資産成長型（ヘッジなし）","ニッコウグローバルリートファンドシサンセイチョウガタヘッジナシ","内国投資信託受益証券","1月5日","","E12430","アモーヴァ・アセットマネジメント株式会社"
"G07258","","世界高配当株式ファンド（資産成長型）","セカイコウハイトウカブシキファンド　シサンセイチョウガタ","内国投資信託受益証券","11月18日","","E12430","アモーヴァ・アセットマネジメント株式会社"
"G07261","","ＪＰＭジャパン・フォーカス・ファンド","ジェイピーエムジャパンフォーカスファンド","内国投資信託受益証券","11月27日","","E06264","ＪＰモルガン・アセット・マネジメント株式会社"
"G07264","","ホライズン・トラスト－南アフリカ・ランド・マネー・マーケット・ファンド","ホライズントラストミナミアフリカランドマネーマーケットファンド","外国投資信託受益証券","3月末日","","E21970","ＵＴＩインターナショナル（シンガポール）・プライベート・リミテッド"
"G07265","","高金利国際機関債ファンド（毎月決算型）","コウキンリコクサイキカンサイファンドマイツキケッサンガタ","内国投資信託受益証券","5月24日","11月24日","E12448","明治安田アセットマネジメント株式会社"
"G07270","","ダイヤセレクト日本株オープン","ダイヤセレクトニホンカブオープン","内国投資信託受益証券","4月20日","10月20日","E06433","東京海上アセットマネジメント株式会社"
"G07298","","ニッセイ高金利国債券ファンド（１年決算型）","ニッセイコウキンリコクサイケンファンドイチネンケッサンガタ","内国投資信託受益証券","7月22日","","E12453","ニッセイアセットマネジメント株式会社"
"G07309","","ＳＭＴ　新興国株式インデックス・オープン","エスエムティー　シンコウコクカブシキインデックスオープン","内国投資信託受益証券","5月10日","11月10日","E12444","三井住友トラスト・アセットマネジメント株式会社"
"G07310","","ＳＭＴ　新興国債券インデックス・オープン","エスエムティー　シンコウコクサイケンインデックスオープン","内国投資信託受益証券","5月10日","11月10日","E12444","三井住友トラスト・アセットマネジメント株式会社"
"G07313","","フィデリティ・グローバル・ハイ・イールド・ファンド（毎月決算型）","フィデリティグローバルハイイールドファンドマイツキケッサンガタ","内国投資信託受益証券","3月27日","9月27日","E12481","フィデリティ投信株式会社"
"G07316","","ＵＢＳ（Ｌｕｘ）ボンド・シキャブ","ユービーエス　ルクス　ボンド　シキャブ","外国投資証券","5月末日","","E22239","ＵＢＳ（Ｌｕｘ）ボンド・シキャブ"
"G07317","","コモンズ３０ファンド","コモンズサーティファンド","内国投資信託受益証券","1月19日","","E22096","コモンズ投信株式会社"
"G07319","","野村世界高格付債券投信（年２回決算型）","ノムラセカイコウカクヅケサイケントウシンネンニカイケッサンガタ","内国投資信託受益証券","5月18日","11月18日","E12460","野村アセットマネジメント株式会社"
"G07359","","野村米国ハイ・イールド債券投信（通貨選択型）","ノムラベイコクハイイールドサイケントウシンツウカセンタクガタ","内国投資信託受益証券","1月25日","7月25日","E12460","野村アセットマネジメント株式会社"
"G07360","","マネー　セレクト　トラスト　南アフリカ　ランド　ファンド","マネー　セレクト　トラスト　ミナミアフリカ　ランド　ファンド","外国投資信託受益証券","1月末日","","E26445","マスター・トラスト・カンパニー"
"G07361","","世界経済インデックスファンド","セカイケイザイインデックスファンド","内国投資信託受益証券","1月20日","","E12444","三井住友トラスト・アセットマネジメント株式会社"
"G07362","","Ｊリートインデックス・オープン（ＳＭＡ専用）","ジェイリートインデックスオープンエスエムエイセンヨウ","内国投資信託受益証券","8月17日","","E12444","三井住友トラスト・アセットマネジメント株式会社"
"G07363","","グローバルリートインデックス・オープン（ＳＭＡ専用）","グローバルリートインデックスオープンエスエムエイセンヨウ","内国投資信託受益証券","8月17日","","E12444","三井住友トラスト・アセットマネジメント株式会社"
"G07364","","コモディティ・オープン（ＳＭＡ専用）","コモディティオープンエスエムエイセンヨウ","内国投資信託受益証券","8月17日","","E12444","三井住友トラスト・アセットマネジメント株式会社"
"G07366","","中小型株式オープン（ＳＭＡ専用）","チュウコガタカブシキオープンエスエムエイセンヨウ","内国投資信託受益証券","8月17日","","E12444","三井住友トラスト・アセットマネジメント株式会社"
"G07367","","ピクテ日本ナンバーワン・ファンド（毎月決算実績分配型）","ピクテニホンナンバーワンファンドマイツキケッサンジッセキブンパイガタ","内国投資信託受益証券","1月20日","7月20日","E10439","ピクテ・ジャパン株式会社"
"G07380","","ＤＩＡＭコモディティパッシブ・ファンド","ダイアムコモディティパッシブファンド","内国投資信託受益証券","10月12日","","E10677","アセットマネジメントＯｎｅ株式会社"
"G07381","","ＤＩＡＭ国内債券パッシブ・ファンド","ダイアムコクナイサイケンパッシブファンド","内国投資信託受益証券","10月13日","","E10677","アセットマネジメントＯｎｅ株式会社"
"G07382","","ＤＩＡＭ国内株式パッシブ・ファンド","ダイアムコクナイカブシキパッシブファンド","内国投資信託受益証券","10月13日","","E10677","アセットマネジメントＯｎｅ株式会社"
"G07383","","ＤＩＡＭ外国株式パッシブ・ファンド","ダイアムガイコクカブシキパッシブファンド","内国投資信託受益証券","10月12日","","E10677","アセットマネジメントＯｎｅ株式会社"
"G07384","","ＤＩＡＭ外国債券パッシブ・ファンド","ダイアムガイコクサイケンパッシブファンド","内国投資信託受益証券","10月12日","","E10677","アセットマネジメントＯｎｅ株式会社"
"G07403","","ＤＷＳ　ワールド・ファンズ―ＤＷＳ　南アフリカ・ランド・短期債・ファンド","ディーダブリューエスワールドファンズディーダブリューエスミナミアフリカランドタンキサイファンド","外国投資信託受益証券","12月末日","","E14961","ＤＷＳインベストメント・エス・エー"
"G07406","","三菱ＵＦＪ　国内債券インデックスファンド","ミツビシユーエフジェイコクナイサイケンインデックスファンド","内国投資信託受益証券","1月26日","7月26日","E11518","三菱ＵＦＪアセットマネジメント株式会社"
"G07407","","みずほ好配当日本株オープン（ノーロード型）","ミズホコウハイトウニホンカブオープン　ノーロードガタ","内国投資信託受益証券","4月8日","10月8日","E12434","ＳＯＭＰＯアセットマネジメント株式会社"
"G07410","","キャピタル日本株式ファンド","キャピタルニホンカブシキファンド","内国投資信託受益証券","1月20日","7月20日","E14703","キャピタル・インターナショナル株式会社"
"G07417","","アライアンス・バーンスタイン・日本プレミア・バリュー株投信","アライアンス　バーンスタイン　ニホン　プレミア　バリューカブトウシン","内国投資信託受益証券","2月27日","8月27日","E12480","アライアンス・バーンスタイン株式会社"
"G07420","","ブラジル株式オープン","ブラジルカブシキオープン","内国投資信託受益証券","12月20日","","E06748","大和アセットマネジメント株式会社"
"G07428","13460","ＭＡＸＩＳ　日経２２５上場投信","マクシスニッケイニイニイゴジョウジョウトウシン","内国投資信託受益証券","1月16日","7月16日","E11518","三菱ＵＦＪアセットマネジメント株式会社"
"G07434","","優良日本株ファンド","ユウリョウニホンカブファンド","内国投資信託受益証券","6月5日","12月5日","E11518","三菱ＵＦＪアセットマネジメント株式会社"
"G07438","","ＪＰＭ日本債券アルファ","ジェイピーエムニホンサイケンアルファ","内国投資信託受益証券","6月9日","12月9日","E06264","ＪＰモルガン・アセット・マネジメント株式会社"
"G07451","","ダイワ外国債券ファンド（毎月分配型）－ダイワスピリット－","ダイワガイコクサイケンファンドマイツキブンパイガタダイワスピリット","内国投資信託受益証券","2月10日","8月10日","E06748","大和アセットマネジメント株式会社"
"G07453","","ＨＳＢＣグローバル・インベストメント・ファンド","エイチエスビーシーグローバルインベストメントファンド","外国投資証券","3月31日","","E22760","ＨＳＢＣグローバル・インベストメント・ファンド"
"G07460","","ベトナム株ノーロードファンド","ベトナムカブノーロードファンド","内国有価証券投資事業権利等","2月末日","","E22658","グローバルリンクアドバイザーズ株式会社"
"G07461","","ベトナム株ノーロードファンド２","ベトナムカブノーロードファンドニ","内国有価証券投資事業権利等","6月末日","","E22658","グローバルリンクアドバイザーズ株式会社"
"G07464","","損保ジャパン・グローバルＲＥＩＴファンド（毎月分配型）","ソンポジャパン　グローバル　リート　ファンド　マイツキブンパイガタ","内国投資信託受益証券","3月13日","9月13日","E12434","ＳＯＭＰＯアセットマネジメント株式会社"
"G07466","","ＨＳＢＣ中国クオリティ株式オープン","エイチエスビーシーチュウゴククオリティカブシキオープン","内国投資信託受益証券","1月17日","","E12492","ＨＳＢＣアセットマネジメント株式会社"
"G07467","","ＨＳＢＣ中国クオリティ株式ファンド（３ヶ月決算型）","エイチエスビーシーチュウゴククオリティカブシキファンドサンカゲツケッサンガタ","内国投資信託受益証券","1月20日","7月20日","E12492","ＨＳＢＣアセットマネジメント株式会社"
"G07471","","三井住友・米国ハイ・イールド債券ファンド（為替ヘッジ型）","ミツイスミトモベイコクハイイールドサイケンファンドカワセヘッジガタ","内国投資信託受益証券","4月12日","10月12日","E08957","三井住友ＤＳアセットマネジメント株式会社"
"G07472","","三井住友・米国ハイ・イールド債券ファンド（為替ノーヘッジ型）","ミツイスミトモベイコクハイイールドサイケンファンドカワセノーヘッジガタ","内国投資信託受益証券","4月12日","10月12日","E08957","三井住友ＤＳアセットマネジメント株式会社"
"G07473","","野村日本ブランド株投資（通貨選択型）","ノムラニホンブランドカブトウシツウカセンタクガタ","内国投資信託受益証券","4月22日","10月22日","E12460","野村アセットマネジメント株式会社"
"G07477","","ダイワ／ロジャーズ国際コモディティ・ファンド","ダイワロジャーズコクサイコモディティファンド","内国投資信託受益証券","4月25日","10月25日","E06748","大和アセットマネジメント株式会社"
"G07483","","ＤＷＳ　グローバル公益債券ファンド（毎月分配型）Ａコース（為替ヘッジあり）／Ｂコース（為替ヘッジなし）","ディーダブリューエスグローバルコウエキサイケンファンドマイツキブンパイガタエーコースカワセヘッジアリ　ビーコースカワセヘッジナシ","内国投資信託受益証券","4月20日","10月20日","E06458","ドイチェ・アセット・マネジメント株式会社"
"G07487","13480","ＭＡＸＩＳ　トピックス上場投信","マクシストピックスジョウジョウトウシン","内国投資信託受益証券","1月16日","7月16日","E11518","三菱ＵＦＪアセットマネジメント株式会社"
"G07491","","エル・プラス　２００９－０５","エルプラスニゼロゼロキュウゼロゴ","内国投資信託受益証券","2月7日","8月7日","E12430","アモーヴァ・アセットマネジメント株式会社"
"G07493","","コーポレート・ボンド・インカム（為替ノーヘッジ型）","コーポレートボンドインカムカワセノーヘッジガタ","内国投資信託受益証券","5月5日","11月5日","E08957","三井住友ＤＳアセットマネジメント株式会社"
"G07494","","コーポレート・ボンド・インカム（為替ヘッジ型）","コーポレートボンドインカムカワセヘッジガタ","内国投資信託受益証券","5月5日","11月5日","E08957","三井住友ＤＳアセットマネジメント株式会社"
"G07495","","ＤＩＡＭアジア関連日本株ファンド","ダイアムアジアカンレンニホンカブファンド","内国投資信託受益証券","3月1日","","E10677","アセットマネジメントＯｎｅ株式会社"
"G07497","","日興ターゲット・ジャパン・ファンド","ニッコウターゲットジャパンファンド","内国投資信託受益証券","2月20日","","E09666","アムンディ・ジャパン株式会社"
"G07506","","野村新米国ハイ・イールド債券投信（通貨選択型）","ノムラシンベイコクハイイールドサイケントウシンツウカセンタクガタ","内国投資信託受益証券","5月15日","11月15日","E12460","野村アセットマネジメント株式会社"
"G07511","","アライアンス・バーンスタイン・財産設計　２０２０、アライアンス・バーンスタイン・財産設計　２０３０、アライアンス・バーンスタイン・財産設計　２０４０、アライアンス・バーンスタイン・財産設計　２０５０","アライアンス　バーンスタイン　ザイサンセッケイ　ニセンニジュウ　アライアンス　バーンスタイン　ザイサンセッケイ　ニセンサンジュウ　アライアンス　バーンスタイン　ザイサンセッケイ　ニセンヨンジュウ　アライアンス　バーンスタイン　ザイサンセッケイ　ニセンゴジュウ","内国投資信託受益証券","1月18日","","E12480","アライアンス・バーンスタイン株式会社"
"G07520","","エマージング・ボンド・ファンド・カレンシー・セレクション　―　ＵＳＤポートフォリオ、ＥＵＲポートフォリオ、ＡＵＤポートフォリオ、ＺＡＲポートフォリオ","エマージングボンドファンドカレンシーセレクションユーエスディーポートフォリオイーユーアールポートフォリオエーユーディーポートフォリオゼットエーアールポートフォリオ","外国投資信託受益証券","7月末日","","E15174","ルクセンブルク三菱ＵＦＪインベスターサービス銀行Ｓ．Ａ．"
"G07534","","野村ピクテ・ヘルスケア・ファンド","ノムラピクテヘルスケアファンド","内国投資信託受益証券","6月18日","","E12460","野村アセットマネジメント株式会社"
"G07536","","楽天日本株トリプル・ブル","ラクテンニホンカブトリプルブル","内国投資信託受益証券","6月15日","","E15787","楽天投信投資顧問株式会社"
"G07547","13490","ＡＢＦ汎アジア債券インデックスファンド","エービーエフパンアジアサイケンインデックスファンド","外国投資信託受益証券","6月末日","","E23201","ステート・ストリート・グローバル・アドバイザーズ・シンガポール・リミテッド"
"G07555","","スーパーファンド・ジャパン","スーパーファンドジャパン","外国投資信託受益証券","12月末日","","E23303","スーパーファンド・ジャパン・トレーディング（ケイマン）リミテッド"
"G07556","","資源ファンド（株式と通貨）ブラジルレアル・コース、資源ファンド（株式と通貨）南アフリカランド・コース","シゲンファンド　カブシキトツウカ　ブラジルレアル　コース　シゲンファンド　カブシキトツウカ　ミナミアフリカランド　コース","内国投資信託受益証券","6月17日","12月17日","E12430","アモーヴァ・アセットマネジメント株式会社"
"G07557","","日興ピムコ・ハイインカム・ソブリン・ファンド毎月分配型（ブラジルレアルコース）日興ピムコ・ハイインカム・ソブリン・ファンド毎月分配型（トルコリラコース）","ニッコウピムコハイインカムソブリンファンドマイツキブンパイガタブラジルレアルコースニッコウピムコハイインカムソブリンファンドマイツキブンパイガタトルコリラコース","内国投資信託受益証券","1月15日","7月15日","E12430","アモーヴァ・アセットマネジメント株式会社"
"G07560","","ＵＢＳ世界公共インフラ債券投信（通貨選択型）","ユービーエスセカイコウキョウインフラサイケントウシンツウカセンタクガタ","内国投資信託受益証券","4月25日","10月25日","E12473","ＵＢＳアセット・マネジメント株式会社"
"G07564","","東京海上・ニッポン世界債券ファンド","トウキョウカイジョウニッポンセカイサイケンファンド","内国投資信託受益証券","5月20日","11月20日","E06433","東京海上アセットマネジメント株式会社"
"G07565","","野村新興国消費関連株投信","ノムラシンコウコクショウヒカンレンカブトウシン","内国投資信託受益証券","4月12日","","E12460","野村アセットマネジメント株式会社"
"G07571","","日経２２５インデックス・オープン","ニッケイニイニイゴインデックスオープン","内国投資信託受益証券","7月7日","","E12441","ＳＢＩ岡三アセットマネジメント株式会社"
"G07576","","香港ハンセン指数ファンド","ホンコンハンセンシスウファンド","内国投資信託受益証券","8月14日","","E08957","三井住友ＤＳアセットマネジメント株式会社"
"G07580","","ニッポン・オフショア・ファンズ－利回り債券３分法ファンド","ニッポンオフショアファンズリマワリサイケンサンブンホウファンド","外国投資信託受益証券","1月末日","","E15214","ＢＮＹメロン・インターナショナル・マネジメント・リミテッド"
"G07581","","ブラジル債券オープン（毎月決算型）","ブラジルサイケンオープンマイツキケッサンガタ","内国投資信託受益証券","4月8日","10月8日","E11518","三菱ＵＦＪアセットマネジメント株式会社"
"G07582","","新ソブ","シンソブ","内国投資信託受益証券","6月18日","12月18日","E12430","アモーヴァ・アセットマネジメント株式会社"
"G07588","","ゴールドマン・サックス・グローバル・ファンズ　－ＧＳ新成長国通貨債券ファンド　普通（米ドル建て・毎月分配型）クラス受益証券","ゴールドマンサックスグローバルファンズジーエスシンセイチョウコクツウカサイケンファンド","外国投資信託受益証券","11月末日","","E34836","ゴールドマン・サックス・アセット・マネジメント・ファンド・サービシズ・リミテッド"
"G07589","16710","ＷＴＩ原油価格連動型上場投信","ゲンユカカクレンドウガタジョウジョウトウシン","内国投資信託受益証券","1月15日","7月15日","E14415","シンプレクス・アセット・マネジメント株式会社"
"G07592","","野村日本真小型株投信","ノムラニホンシンコガタカブトウシン","内国投資信託受益証券","6月15日","12月15日","E12460","野村アセットマネジメント株式会社"
"G07599","","楽天グローバル・バランス（安定型）／楽天グローバル・バランス（成長型）／楽天グローバル・バランス（積極型）","ラクテングローバルバランスアンテイガタ　ラクテングローバルバランスセイチョウガタ　ラクテングローバルバランスセッキョクガタ","内国投資信託受益証券","8月20日","","E15787","楽天投信投資顧問株式会社"
"G07602","","ウィズダムツリーメタルセキュリティーズリミテッド","ウィズダムツリーメタルセキュリティーズリミテッド","外国投資信託受益証券","12月末日","","E23448","ウィズダムツリー・メタル・セキュリティーズ・リミテッド"
"G07603","","ブラックロック・グローバル・インベストメント・シリーズ－ワールド・インカム・ポートフォリオ","ブラックロックグローバルインベストメントシリーズワールドインカムポートフォリオ","外国投資信託受益証券","1月末日","","E31087","ブラックロック・ファンド・マネジメント・カンパニー・エス・エー"
"G07604","","財産３分法ファンド（不動産・債券・株式）資産成長型","ザイサンサンブンポウファンドフドウサンサイケンカブシキシサンセイチョウガタ","内国投資信託受益証券","7月10日","","E12430","アモーヴァ・アセットマネジメント株式会社"
"G07611","","野村世界業種別投資シリーズ（世界金融株投資）、野村世界業種別投資シリーズ（世界半導体株投資）、野村世界業種別投資シリーズ（世界資源株投資）、野村世界業種別投資シリーズ（世界ヘルスケア株投資）、野村世界業種別投資シリーズ（マネープール・ファンド）","ノムラセカイギョウシュベツトウシシリーズセカイキンユウカブトウシ　ノムラセカイギョウシュベツトウシシリーズセカイハンドウタイカブトウシ　ノムラセカイギョウシュベツトウシシリーズセカイシゲンカブトウシ　ノムラセカイギョウシュベツトウシシリーズセカイヘルスケアカブトウシ　ノムラセカイギョウシュベツトウシシリーズマネープールファンド","内国投資信託受益証券","6月28日","","E12460","野村アセットマネジメント株式会社"
"G07613","","日興レジェンド・イーグル・ファンド（資産成長コース）日興レジェンド・イーグル・ファンド（円ヘッジコース）日興レジェンド・イーグル・ファンド（毎月決算コース）","ニッコウレジェンドイーグルファンドシサンセイチョウコースニッコウレジェンドイーグルファンドエンヘッジコースニッコウレジェンドイーグルファンドマイツキケッサンコース","内国投資信託受益証券","6月5日","12月5日","E09666","アムンディ・ジャパン株式会社"
"G07619","","野村ＰＩＭＣＯ・米国ハイ・イールド債券投信（通貨選択型）","ノムラピムコベイコクハイイールドサイケントウシンツウカセンタクガタ","内国投資信託受益証券","2月25日","8月25日","E12460","野村アセットマネジメント株式会社"
"G07622","","ＵＢＳ中国Ａ株ファンド（年１回決算型）","ユービーエスチュウゴクエイカブファンド　ネンイッカイケッサンガタ","内国投資信託受益証券","9月25日","","E12473","ＵＢＳアセット・マネジメント株式会社"
"G07625","","ノムラ・アジア・シリーズ","ノムラアジアシリーズ","内国投資信託受益証券","9月12日","","E12460","野村アセットマネジメント株式会社"
"G07632","","ＤＷＳ　通貨選択型エマージング・ソブリン・ボンド・ファンド　豪ドルコース（毎月分配型）／ブラジルレアルコース（毎月分配型）／円コース（毎月分配型）","ディーダブリューエス　ツウカセンタクガタエマージング　ソブリン　ボンド　ファンド　ゴウドルコース　マイツキブンパイガタ　ブラジルレアルコース　マイツキブンパイガタ　エンコース　マイツキブンパイガタ","内国投資信託受益証券","6月20日","12月20日","E06458","ドイチェ・アセット・マネジメント株式会社"
"G07636","","ＨＳＢＣインド・インフラ株式オープン","エイチエスビーシーインドインフラカブシキオープン","内国投資信託受益証券","6月17日","","E12492","ＨＳＢＣアセットマネジメント株式会社"
"G07649","","ＤＣ新興国債券インデックス・オープン","ディーシーシンコウコクサイケンインデックスオープン","内国投資信託受益証券","5月10日","","E12444","三井住友トラスト・アセットマネジメント株式会社"
"G07650","","ＤＣ新興国株式インデックス・オープン","ディーシーシンコウコクカブシキインデックスオープン","内国投資信託受益証券","5月10日","","E12444","三井住友トラスト・アセットマネジメント株式会社"
"G07652","16770","上場インデックスファンド海外債券（ＦＴＳＥ　ＷＧＢＩ）毎月分配型","ジョウジョウインデックスファンドカイガイサイケンエフティエスイーウィグビーマイツキブンパイガタ","内国投資信託受益証券","1月10日","7月10日","E12430","アモーヴァ・アセットマネジメント株式会社"
"G07654","","ＤＩＡＭ新興国ソブリンオープン通貨選択シリーズ","ダイアムシンコウコクソブリンオープンツウカセンタクシリーズ","内国投資信託受益証券","4月5日","10月5日","E10677","アセットマネジメントＯｎｅ株式会社"
"G07655","","ＵＢＳ次世代テクノロジー・ファンド","ユービーエスジセダイテクノロジーファンド","内国投資信託受益証券","4月23日","10月23日","E12473","ＵＢＳアセット・マネジメント株式会社"
"G07657","","ノムラ・マスター・セレクト‐ユー・エス・ハイ・イールド・ボンド・ファンド","ノムラ　マスター　セレクト　ユー　エス　ハイ　イールド　ボンド　ファンド","外国投資信託受益証券","10月末日","","E15291","グローバル・ファンズ・マネジメント・エス・エー"
"G07661","","ＳＭＢＣ・日興ニューワールド債券ファンド（ブラジルレアル）ＳＭＢＣ・日興ニューワールド債券ファンド（南アランド）ＳＭＢＣ・日興ニューワールド債券ファンド（中国元）ＳＭＢＣ・日興ニューワールド債券ファンド（豪ドル）ＳＭＢＣ・日興ニューワールド債券ファンド（円）","エスエムビーシーニッコウニューワールドサイケンファンドブラジルレアルエスエムビーシーニッコウニューワールドサイケンファンドナンアランドエスエムビーシーニッコウニューワールドサイケンファンドチュウゴクゲンエスエムビーシーニッコウニューワールドサイケンファンドゴウドルエスエムビーシーニッコウニューワールドサイケンファンドエン","内国投資信託受益証券","4月12日","10月12日","E08957","三井住友ＤＳアセットマネジメント株式会社"
"G07664","","野村北米ＲＥＩＴ投信（通貨選択型）","ノムラホクベイリートトウシンツウカセンタクガタ","内国投資信託受益証券","3月15日","9月15日","E12460","野村アセットマネジメント株式会社"
"G07670","","日本株アジア戦略ファンド","ニホンカブアジアセンリャクファンド","内国投資信託受益証券","4月15日","10月15日","E11518","三菱ＵＦＪアセットマネジメント株式会社"
"G07674","","ＪＰＭ新興国毎月決算ファンド","ジェイピーエムシンコウコクマイツキケッサンファンド","内国投資信託受益証券","3月11日","9月11日","E06264","ＪＰモルガン・アセット・マネジメント株式会社"
"G07677","","国内株式指数ファンド（ＴＯＰＩＸ）","コクナイカブシキシスウファンドトピックス","内国投資信託受益証券","11月30日","","E08957","三井住友ＤＳアセットマネジメント株式会社"
"G07678","","外国株式指数ファンド","ガイコクカブシキシスウファンド","内国投資信託受益証券","11月30日","","E08957","三井住友ＤＳアセットマネジメント株式会社"
"G07681","","インドネシア株式ファンド","インドネシアカブシキファンド","内国投資信託受益証券","6月7日","12月7日","E12457","ゴールドマン・サックス・アセット・マネジメント株式会社"
"G07682","","ｅＭＡＸＩＳ　新興国株式インデックス","イーマクシスシンコウコクカブシキインデックス","内国投資信託受益証券","1月26日","","E11518","三菱ＵＦＪアセットマネジメント株式会社"
"G07683","","ｅＭＡＸＩＳ　先進国リートインデックス（除く日本）","イーマクシスセンシンコクリートインデックスノゾクニホン","内国投資信託受益証券","1月26日","","E11518","三菱ＵＦＪアセットマネジメント株式会社"
"G07684","","ｅＭＡＸＩＳ　先進国債券インデックス（除く日本）","イーマクシスセンシンコクサイケンインデックスノゾクニホン","内国投資信託受益証券","1月26日","","E11518","三菱ＵＦＪアセットマネジメント株式会社"
"G07685","","ｅＭＡＸＩＳ　先進国株式インデックス（除く日本）","イーマクシスセンシンコクカブシキインデックスノゾクニホン","内国投資信託受益証券","1月26日","","E11518","三菱ＵＦＪアセットマネジメント株式会社"
"G07686","","ｅＭＡＸＩＳ　国内リートインデックス","イーマクシスコクナイリートインデックス","内国投資信託受益証券","1月26日","","E11518","三菱ＵＦＪアセットマネジメント株式会社"
"G07687","","ｅＭＡＸＩＳ　国内債券インデックス","イーマクシスコクナイサイケンインデックス","内国投資信託受益証券","1月26日","","E11518","三菱ＵＦＪアセットマネジメント株式会社"
"G07688","","ｅＭＡＸＩＳ　ＴＯＰＩＸインデックス","イーマクシストピックスインデックス","内国投資信託受益証券","1月26日","","E11518","三菱ＵＦＪアセットマネジメント株式会社"
"G07689","","ｅＭＡＸＩＳ　日経２２５インデックス","イーマクシスニッケイニイニイゴインデックス","内国投資信託受益証券","1月26日","","E11518","三菱ＵＦＪアセットマネジメント株式会社"
"G07695","","エマージング債券投信（通貨・代替通貨選択型）","エマージングサイケントウシン　ツウカダイタイツウカセンタクガタ","内国投資信託受益証券","5月10日","11月10日","E11764","Ｔ＆Ｄアセットマネジメント株式会社"
"G07696","","資源株ファンド　通貨選択シリーズ＜ブラジルレアル・コース＞（毎月分配型）","シゲンカブファンド　ツウカセンタクシリーズ　ブラジルレアル　コース　マイツキブンパイガタ","内国投資信託受益証券","6月17日","12月17日","E12430","アモーヴァ・アセットマネジメント株式会社"
"G07697","","ダイワ・ブラジル株式オープン　－リオの風－","ダイワブラジルカブシキオープンリオノカゼ","内国投資信託受益証券","5月24日","11月24日","E06748","大和アセットマネジメント株式会社"
"G07698","","ウィズダムツリー・コモディティ・セキュリティーズ・リミテッド","ウィズダムツリーコモディティセキュリティーズリミテッド","外国投資信託受益証券","12月末日","","E23770","ウィズダムツリー・コモディティ・セキュリティーズ・リミテッド"
"G07703","","イーストスプリング・インドネシア株式オープン","イーストスプリングインドネシアカブシキオープン","内国投資信託受益証券","5月12日","11月12日","E12566","イーストスプリング・インベストメンツ株式会社"
"G07712","","東京海上・アジア中小型成長株ファンド","トウキョウカイジョウアジアチュウコガタセイチョウカブファンド","内国投資信託受益証券","4月20日","10月20日","E06433","東京海上アセットマネジメント株式会社"
"G07716","","ピクテ・エコディスカバリー・アロケーション・ファンド（年２回決算型）為替ヘッジなし","ピクテエコディスカバリーアロケーションファンドネンニカイケッサンガタカワセヘッジナシ","内国投資信託受益証券","5月26日","11月26日","E10439","ピクテ・ジャパン株式会社"
"G07723","16780","ＮＥＸＴ　ＦＵＮＤＳ　インド株式指数・Ｎｉｆｔｙ　５０連動型上場投信","ネクストファンズインドカブシキシスウニフティゴジュウレンドウガタジョウジョウトウシン","内国投資信託受益証券","8月10日","","E12460","野村アセットマネジメント株式会社"
"G07724","","ブラックロック・インド株ファンド","ブラックロックインドカブファンド","内国投資信託受益証券","12月10日","","E09096","ブラックロック・ジャパン株式会社"
"G07725","","ブラックロック・ゴールド・メタル・オープン　Ａ／Ｂ","ブラックロックゴールドメタルオープンエイビー","内国投資信託受益証券","2月23日","8月23日","E09096","ブラックロック・ジャパン株式会社"
"G07726","","ブラックロック米国小型成長株式オープン　Ａコース（為替ヘッジなし）／Ｂコース（為替ヘッジあり）","ブラックロックベイコクコガタセイチョウカブシキオープンエーコースカワセヘッジナシビーコースカワセヘッジアリ","内国投資信託受益証券","9月20日","","E09096","ブラックロック・ジャパン株式会社"
"G07727","","ブラックロック・アクティブ・ジャパン・オープン","ブラックロックアクティブジャパンオープン","内国投資信託受益証券","11月5日","","E09096","ブラックロック・ジャパン株式会社"
"G07729","","ブラックロック・ＵＳベーシック・バリュー・オープン","ブラックロックユーエスベーシックバリューオープン","内国投資信託受益証券","4月20日","10月20日","E09096","ブラックロック・ジャパン株式会社"
"G07730","","ブラックロック・ワールド・ボンド・オープン　為替ヘッジなし／為替ヘッジあり","ブラックロックワールドボンドオープンカワセヘッジナシカワセヘッジアリ","内国投資信託受益証券","3月15日","9月15日","E09096","ブラックロック・ジャパン株式会社"
"G07731","","ブラックロック欧州株式オープン","ブラックロックオウシュウカブシキオープン","内国投資信託受益証券","3月15日","9月15日","E09096","ブラックロック・ジャパン株式会社"
"G07732","","ブラックロック日本小型株オープン","ブラックロックニホンコガタカブオープン","内国投資信託受益証券","3月15日","9月15日","E09096","ブラックロック・ジャパン株式会社"
"G07733","","ブラックロック日本株式オープン","ブラックロックニホンカブシキオープン","内国投資信託受益証券","3月15日","9月15日","E09096","ブラックロック・ジャパン株式会社"
"G07734","","ブラックロック・ワールド債券ファンド　為替ヘッジなし／為替ヘッジあり","ブラックロックワールドサイケンファンドカワセヘッジナシカワセヘッジアリ","内国投資信託受益証券","3月16日","9月16日","E09096","ブラックロック・ジャパン株式会社"
"G07735","","ブラックロック・グローバル・バランス・ファンド","ブラックロックグローバルバランスファンド","内国投資信託受益証券","6月16日","12月16日","E09096","ブラックロック・ジャパン株式会社"
"G07736","","ブラックロック世界バランス・ファンド","ブラックロックセカイバランスファンド","内国投資信託受益証券","6月16日","12月16日","E09096","ブラックロック・ジャパン株式会社"
"G07737","","ブラックロック・ゴールド・ファンド","ブラックロックゴールドファンド","内国投資信託受益証券","1月27日","","E09096","ブラックロック・ジャパン株式会社"
"G07740","","ブラックロック・ワールド・インカム・ストラテジー","ブラックロックワールドインカムストラテジー","内国投資信託受益証券","6月20日","12月20日","E09096","ブラックロック・ジャパン株式会社"
"G07741","","ブラックロック世界好配当株式オープン","ブラックロックセカイコウハイトウカブシキオープン","内国投資信託受益証券","2月25日","8月25日","E09096","ブラックロック・ジャパン株式会社"
"G07744","","ブラックロック・ラテンアメリカ株式ファンド","ブラックロックラテンアメリカカブシキファンド","内国投資信託受益証券","4月1日","10月1日","E09096","ブラックロック・ジャパン株式会社"
"G07749","","ブラックロック・グローバル・フレキシブル・バランス・ファンド","ブラックロックグローバルフレキシブルバランスファンド","内国投資信託受益証券","4月20日","10月20日","E09096","ブラックロック・ジャパン株式会社"
"G07750","","ブラックロック天然資源株ファンド","ブラックロックテンネンシゲンカブファンド","内国投資信託受益証券","5月20日","11月20日","E09096","ブラックロック・ジャパン株式会社"
"G07752","","ダイワ・インド株式オープン　－ガンジスの恵み－","ダイワインドカブシキオープンガンジスノメグミ","内国投資信託受益証券","4月12日","10月12日","E06748","大和アセットマネジメント株式会社"
"G07755","","東京海上・ニッポン世界債券ファンド（為替ヘッジあり）","トウキョウカイジョウニッポンセカイサイケンファンドカワセヘッジアリ","内国投資信託受益証券","5月20日","11月20日","E06433","東京海上アセットマネジメント株式会社"
"G07762","","アジア・オセアニア債券オープン（毎月決算型）","アジアオセアニアサイケンオープンマイツキケッサンガタ","内国投資信託受益証券","5月20日","11月20日","E12441","ＳＢＩ岡三アセットマネジメント株式会社"
"G07763","","日興ブラジル株式ファンド","ニッコウブラジルカブシキファンド","内国投資信託受益証券","9月24日","","E12430","アモーヴァ・アセットマネジメント株式会社"
"G07766","","ドイチェ・グローバルＲＥＩＴ投信（通貨選択型）","ドイチェグローバルリートトウシンツウカセンタクガタ","内国投資信託受益証券","6月15日","12月15日","E06458","ドイチェ・アセット・マネジメント株式会社"
"G07768","16790","Ｓｉｍｐｌｅ－Ｘ　ＮＹダウ・ジョーンズ・インデックス上場投信","ダウジョーンズインデックスジョウジョウトウシン","内国投資信託受益証券","12月6日","","E14415","シンプレクス・アセット・マネジメント株式会社"
"G07769","","三菱ＵＦＪ　ＤＣ新興国株式インデックスファンド","ミツビシユーエフジェイディーシーシンコウコクカブシキインデックスファンド","内国投資信託受益証券","5月12日","","E11518","三菱ＵＦＪアセットマネジメント株式会社"
"G07770","","Ｏｎｅ新興資源国債券ファンド","ワンシンコウシゲンコクサイケンファンド","内国投資信託受益証券","4月19日","10月19日","E10677","アセットマネジメントＯｎｅ株式会社"
"G07773","","東京海上Ｒｏｇｇｅニッポン海外債券ファンド（為替ヘッジあり）","トウキョウカイジョウロゲーニッポンカイガイサイケンファンドカワセヘッジアリ","内国投資信託受益証券","6月20日","12月20日","E06433","東京海上アセットマネジメント株式会社"
"G07774","","ピクテ円インカム・セレクト・ファンド（毎月分配型）","ピクテエンインカムセレクトファンドマイツキブンパイガタ","内国投資信託受益証券","6月10日","12月10日","E10439","ピクテ・ジャパン株式会社"
"G07782","","エマージング・ボンド・ファンド・カレンシー・セレクション－米ドル（ブラジルレアル・ヘッジ）ポートフォリオ－豪ドル（ブラジルレアル・ヘッジ）ポートフォリオ","エマージングボンドファンドカレンシーセレクションベイドルブラジルレアルヘッジポートフォリオゴウドルブラジルレアルヘッジポートフォリオ","外国投資信託受益証券","7月末日","","E15174","ルクセンブルク三菱ＵＦＪインベスターサービス銀行Ｓ．Ａ．"
"G07785","","しんきん公共債ファンド","シンキンコウキョウサイファンド","内国投資信託受益証券","3月6日","9月6日","E12422","しんきんアセットマネジメント投信株式会社"
"G07788","","三重県応援・債券ファンド（毎月決算型）","ミエケンオウエンサイケンファンドマイツキケッサンガタ","内国投資信託受益証券","1月20日","7月20日","E12441","ＳＢＩ岡三アセットマネジメント株式会社"
"G07796","16800","上場インデックスファンド海外先進国株式（ＭＳＣＩ－ＫＯＫＵＳＡＩ）","ジョウジョウインデックスファンドカイガイセンシンコクカブシキエムエスシーアイコクサイ","内国投資信託受益証券","1月20日","","E12430","アモーヴァ・アセットマネジメント株式会社"
"G07797","16810","上場インデックスファンド海外新興国株式（ＭＳＣＩエマージング）","ジョウジョウインデックスファンドカイガイシンコウコクカブシキエムエスシーアイエマージング","内国投資信託受益証券","1月20日","","E12430","アモーヴァ・アセットマネジメント株式会社"
"G07807","","ＳＭＢＣ・日興　世銀債ファンド","エスエムビーシーニッコウセギンサイファンド","内国投資信託受益証券","4月20日","10月20日","E12430","アモーヴァ・アセットマネジメント株式会社"
"G07808","","日興マネー・アカウント・ファンド","ニッコウマネーアカウントファンド","内国投資信託受益証券","10月20日","","E12430","アモーヴァ・アセットマネジメント株式会社"
"G07815","","Ｏｎｅ世界好配当株式ファンド（毎月決算型）","ワンセカイコウハイトウカブシキファンドマイツキケッサンガタ","内国投資信託受益証券","6月21日","12月21日","E10677","アセットマネジメントＯｎｅ株式会社"
"G07818","","ダイワ成長国セレクト債券ファンド（毎月決算型）","ダイワセイチョウコクセレクトサイケンファンドマイツキケッサンガタ","内国投資信託受益証券","1月15日","7月15日","E06748","大和アセットマネジメント株式会社"
"G07821","","日興アッシュモア新興国財産３分法ファンド毎月分配型（ブラジルレアルコース）、日興アッシュモア新興国財産３分法ファンド毎月分配型（インドルピーコース）","ニッコウアッシュモアシンコウコクザイサンサンブンポウファンドマイツキブンパイガタ　ブラジルレアルコース　ニッコウアッシュモアシンコウコクザイサンサンブンポウファンドマイツキブンパイガタ　インドルピーコース","内国投資信託受益証券","2月3日","8月3日","E12430","アモーヴァ・アセットマネジメント株式会社"
"G07822","","日興マネー・アセット・ファンド","ニッコウマネーアセットファンド","内国投資信託受益証券","2月3日","","E12430","アモーヴァ・アセットマネジメント株式会社"
"G07825","","成長国高金利債券ファンド（毎月決算型）","セイチョウコクコウキンリサイケンファンドマイツキケッサンガタ","内国投資信託受益証券","1月11日","7月11日","E06748","大和アセットマネジメント株式会社"
"G07827","","野村新エマージング債券投信（通貨選択型）","ノムラシンエマージングサイケントウシンツウカセンタクガタ","内国投資信託受益証券","6月25日","12月25日","E12460","野村アセットマネジメント株式会社"
"G07828","","外国債券インデックス　為替ヘッジあり（ＳＭＡ専用）","ガイコクサイケンインデックス　カワセヘッジアリエスエムエイセンヨウ","内国投資信託受益証券","5月25日","11月25日","E12444","三井住友トラスト・アセットマネジメント株式会社"
"G07831","","ＮＥＸＴ　ＦＵＮＤＳ　日経・ＪＰＸ白金指数連動型上場投信","ネクストファンズニッケイジェイピーエックスハッキンシスウレンドウガタジョウジョウトウシン","内国投資信託受益証券","2月10日","","E12460","野村アセットマネジメント株式会社"
"G07832","","結い２１０１","ユイニィイチゼロイチ","内国投資信託受益証券","7月19日","","E23943","鎌倉投信株式会社"
"G07839","","ニッセイＪリートオープン（毎月分配型）","ニッセイジェイリートオープンマイツキブンパイガタ","内国投資信託受益証券","5月12日","11月12日","E12453","ニッセイアセットマネジメント株式会社"
"G07843","","世界標準債券ファンド","セカイヒョウジュンサイケンファンド","内国投資信託受益証券","1月17日","7月17日","E12430","アモーヴァ・アセットマネジメント株式会社"
"G07846","","三菱ＵＦＪ　先進国高金利債券ファンド（毎月決算型）","ミツビシユーエフジェイセンシンコクコウキンリサイケンファンドマイツキケッサンガタ","内国投資信託受益証券","4月20日","10月20日","E11518","三菱ＵＦＪアセットマネジメント株式会社"
"G07848","","アムンディ・チャインドネシア株投信","アムンディチャインドネシアカブトウシン","内国投資信託受益証券","12月10日","","E09666","アムンディ・ジャパン株式会社"
"G07849","","チャイナ・グッドカンパニー","チャイナグッドカンパニー","内国投資信託受益証券","3月15日","","E12444","三井住友トラスト・アセットマネジメント株式会社"
"G07850","","ＭＵＧＣ　ＧＳケイマン・ファンド－ＧＳ　バンク・キャピタル証券ファンド（マルチ・カレンシー型）","エムユージーシージーエスケイマンファンドジーエスバンクキャピタルショウケンファンドマルチカレンシーガタ","外国投資信託受益証券","9月末日","","E15174","ルクセンブルク三菱ＵＦＪインベスターサービス銀行Ｓ．Ａ．"
"G07859","","のむラップ・ファンド（保守型）、のむラップ・ファンド（やや保守型）、のむラップ・ファンド（普通型）、のむラップ・ファンド（やや積極型）、のむラップ・ファンド（積極型）","ノムラップファンドホシュガタ　ノムラップファンドヤヤホシュガタ　ノムラップファンドフツウガタ　ノムラップファンドヤヤセッキョクガタ　ノムラップファンドセッキョクガタ","内国投資信託受益証券","2月18日","","E12460","野村アセットマネジメント株式会社"
"G07861","","ニッセイアジア好配当株式ファンド（毎月分配型）","ニッセイアジアコウハイトウカブシキファンドマイツキブンパイガタ","内国投資信託受益証券","2月10日","8月10日","E12453","ニッセイアセットマネジメント株式会社"
"G07866","","ハリス世界株ファンド（毎月決算型）","ハリスセカイカブファンド　マイツキケッサンガタ","内国投資信託受益証券","9月9日","3月9日","E12447","朝日ライフ　アセットマネジメント株式会社"
"G07881","","野村クラウド関連株式投信　Ａコース（為替ヘッジあり）、野村クラウド関連株式投信　Ｂコース（為替ヘッジなし）","ノムラクラウドカンレンカブシキトウシンエーコースカワセヘッジアリ　ノムラクラウドカンレンカブシキトウシンビーコースカワセヘッジナシ","内国投資信託受益証券","4月27日","","E12460","野村アセットマネジメント株式会社"
"G07884","32690","アドバンス・レジデンス投資法人","アドバンスレジデンストウシホウジン","内国投資証券","1月末日","7月末日","E24347","アドバンス・レジデンス投資法人"
"G07885","","野村グローバル・ハイ・イールド債券投信（バスケット通貨選択型）","ノムラグローバルハイイールドサイケントウシンバスケットツウカセンタクガタ","内国投資信託受益証券","3月15日","9月15日","E12460","野村アセットマネジメント株式会社"
"G07891","","東京海上セレクション・外国株式インデックス","トウキョウカイジョウセレクションガイコクカブシキインデックス","内国投資信託受益証券","4月15日","","E06433","東京海上アセットマネジメント株式会社"
"G07892","","東京海上セレクション・外国債券インデックス","トウキョウカイジョウセレクションガイコクサイケンインデックス","内国投資信託受益証券","4月15日","","E06433","東京海上アセットマネジメント株式会社"
"G07893","","東京海上セレクション・日本債券インデックス","トウキョウカイジョウセレクションニホンサイケンインデックス","内国投資信託受益証券","4月15日","","E06433","東京海上アセットマネジメント株式会社"
"G07896","","三菱ＵＦＪ　新興国債券ファンド　通貨選択シリーズ","ミツビシユーエフジェイ　シンコウコクサイケンファンド　ツウカセンタクシリーズ","内国投資信託受益証券","4月20日","10月20日","E11518","三菱ＵＦＪアセットマネジメント株式会社"
"G07898","","ダイワＦＥグローバル・バリュー株ファンド（ダイワＳＭＡ専用）","ダイワエフイーグローバルバリューカブファンドダイワエスエムエイセンヨウ","内国投資信託受益証券","5月19日","","E06748","大和アセットマネジメント株式会社"
"G07899","","ノムラ・マスター・セレクト‐グローバル・リート・ファンド","ノムラ　マスター　セレクト　グローバル　リート　ファンド","外国投資信託受益証券","4月末日","","E15291","グローバル・ファンズ・マネジメント・エス・エー"
"G07900","","フィリピン株ファンド","フィリピンカブファンド","内国投資信託受益証券","5月18日","","E14714","キャピタル　アセットマネジメント株式会社"
"G07904","","みずほＧＳインベストメント・ユニット・トラスト―みずほＧＳハイブリッド証券ファンド","ミズホジーエスインベストメントユニットトラストミズホジーエスハイブリッドショウケンファンド","外国投資信託受益証券","10月末日","","E24426","シーエス（ケイマン）リミテッド"
"G07905","","シュローダー厳選グロース・ジャパン","シュローダーゲンセングロース　ジャパン","内国投資信託受益証券","3月10日","9月10日","E12586","シュローダー・インベストメント・マネジメント株式会社"
"G07909","16980","上場インデックスファンド日本高配当（東証配当フォーカス１００）","ジョウジョウインデックスファンドニホンコウハイトウトウショウハイトウフォーカスヒャク","内国投資信託受益証券","1月8日","7月8日","E12430","アモーヴァ・アセットマネジメント株式会社"
"G07910","16990","ＮＥＸＴ　ＦＵＮＤＳ　ＮＯＭＵＲＡ原油インデックス連動型上場投信","ネクストファンズノムラゲンユインデックスレンドウガタジョウジョウトウシン","内国投資信託受益証券","2月10日","","E12460","野村アセットマネジメント株式会社"
"G07911","","マネックス資産設計ファンド　エボリューション","マネックスシサンセッケイファンド　エボリューション","内国投資信託受益証券","1月11日","","E10677","アセットマネジメントＯｎｅ株式会社"
"G07913","","ピクテ・インデックス・ファンド・シリーズ　－　ブラジル株","ピクテインデックスファンドシリーズブラジルカブ","内国投資信託受益証券","1月25日","7月25日","E10439","ピクテ・ジャパン株式会社"
"G07914","","東京海上・円建て投資適格債券ファンド（毎月決算型）","トウキョウカイジョウエンダテトウシテキカクサイケンファンドマイツキケッサンガタ","内国投資信託受益証券","3月23日","9月23日","E06433","東京海上アセットマネジメント株式会社"
"G07915","","東京海上・円建て投資適格債券ファンド（年２回決算型）","トウキョウカイジョウエンダテトウシテキカクサイケンファンドネンニカイケッサンガタ","内国投資信託受益証券","3月23日","9月23日","E06433","東京海上アセットマネジメント株式会社"
"G07921","","野村アジアＣＢ投信（毎月分配型）","ノムラアジアシービートウシンマイツキブンパイガタ","内国投資信託受益証券","5月20日","11月20日","E12460","野村アセットマネジメント株式会社"
"G07932","","ＰＲＵグッドライフ２０５０（年金）","プルグッドライフ　ニゼロゴゼロ　ネンキン","内国投資信託受益証券","12月15日","","E12429","ＰＧＩＭジャパン株式会社"
"G07934","","ＤＷＳ　欧州ハイ・イールド債券ファンド（通貨選択型）","ディーダブリューエスオウシュウハイイールドサイケンファンドツウカセンタクガタ","内国投資信託受益証券","5月24日","11月24日","E06458","ドイチェ・アセット・マネジメント株式会社"
"G07965","","新興国株式インデックスオープン","シンコウコクカブシキインデックスオープン","内国投資信託受益証券","5月12日","","E11518","三菱ＵＦＪアセットマネジメント株式会社"
"G07966","","グリーン世銀債ファンド","グリーンセギンサイファンド","内国投資信託受益証券","4月20日","10月20日","E12430","アモーヴァ・アセットマネジメント株式会社"
"G07971","","アムンディ・米国・ユーロ投資適格債ファンド","アムンディベイコクユーロトウシテキカクサイファンド","内国投資信託受益証券","5月12日","11月12日","E09666","アムンディ・ジャパン株式会社"
"G07972","","アムンディ・毎月分配ユーロ債券ファンド","アムンディマイツキブンパイユーロサイケンファンド","内国投資信託受益証券","5月14日","11月14日","E09666","アムンディ・ジャパン株式会社"
"G07974","","アムンディ・りそなインド・ファンド","アムンディリソナインドファンド","内国投資信託受益証券","6月15日","12月15日","E09666","アムンディ・ジャパン株式会社"
"G07975","","アムンディ・りそな米国ハイ・イールド債券ファンド","アムンディリソナベイコクハイイールドサイケンファンド","内国投資信託受益証券","4月8日","10月8日","E09666","アムンディ・ジャパン株式会社"
"G07976","","アムンディ・インドネシア・ファンド","アムンディインドネシアファンド","内国投資信託受益証券","3月15日","9月15日","E09666","アムンディ・ジャパン株式会社"
"G07979","","アムンディ・りそなアセアン・ファンド","アムンディリソナアセアンファンド","内国投資信託受益証券","3月15日","9月15日","E09666","アムンディ・ジャパン株式会社"
"G07981","","アムンディ・りそなワールド・セレクト・ファンド","アムンディリソナワールドセレクトファンド","内国投資信託受益証券","5月11日","11月11日","E09666","アムンディ・ジャパン株式会社"
"G07982","","アムンディ・米国・ユーロ高利回り債ファンド","アムンディベイコクユーロコウリマワリサイファンド","内国投資信託受益証券","3月12日","9月12日","E09666","アムンディ・ジャパン株式会社"
"G07983","","アムンディ・グラン・チャイナ・ファンド","アムンディグランチャイナファンド","内国投資信託受益証券","1月15日","7月15日","E09666","アムンディ・ジャパン株式会社"
"G07991","","インベスコ　世界厳選株式オープン（毎月決算型）","インベスコセカイゲンセンカブシキオープンマイツキケッサンガタ","内国投資信託受益証券","6月23日","12月23日","E06479","インベスコ・アセット・マネジメント株式会社"
"G07992","","インベスコ　ジャパン・グロース・ファンド","インベスコジャパングロースファンド","内国投資信託受益証券","3月15日","9月15日","E06479","インベスコ・アセット・マネジメント株式会社"
"G07993","","ＭＳＣＩインデックス・セレクト・ファンド","エムエスシーアイインデックスセレクトファンド","内国投資信託受益証券","11月19日","","E06479","インベスコ・アセット・マネジメント株式会社"
"G07994","","インベスコ　マンスリー・インカム・ファンド","インベスコマンスリーインカムファンド","内国投資信託受益証券","5月10日","11月10日","E06479","インベスコ・アセット・マネジメント株式会社"
"G07995","","インベスコ　ＭＳＣＩコクサイ・インデックス・ファンド","インベスコエムエスシーアイコクサイインデックスファンド","内国投資信託受益証券","11月19日","","E06479","インベスコ・アセット・マネジメント株式会社"
"G07996","","インベスコ　日本株式グロース・ファンド","インベスコニホンカブシキグロースファンド","内国投資信託受益証券","3月15日","9月15日","E06479","インベスコ・アセット・マネジメント株式会社"
"G08000","","楽天ブルベア・マネープール","ラクテンブルベアマネープール","内国投資信託受益証券","6月15日","","E15787","楽天投信投資顧問株式会社"
"G08003","15400","純金上場信託（現物国内保管型）","ジュンキンジョウジョウシンタクゲンブツコクナイホカンガタ","内国信託受益証券・信託受益権","1月20日","","E03626","三菱ＵＦＪ信託銀行株式会社"
"G08004","15410","純プラチナ上場信託（現物国内保管型）","ジュンプラチナジョウジョウシンタクゲンブツコクナイホカンガタ","内国信託受益証券・信託受益権","1月20日","","E03626","三菱ＵＦＪ信託銀行株式会社"
"G08005","15430","純パラジウム上場信託（現物国内保管型）","ジュンパラジウムジョウジョウシンタクゲンブツコクナイホカンガタ","内国信託受益証券・信託受益権","1月20日","","E03626","三菱ＵＦＪ信託銀行株式会社"
"G08006","15420","純銀上場信託（現物国内保管型）","ジュンギンジョウジョウシンタクゲンブツコクナイホカンガタ","内国信託受益証券・信託受益権","1月20日","","E03626","三菱ＵＦＪ信託銀行株式会社"
"G08009","","ベトナム株式ファンド","ベトナムカブシキファンド","内国投資信託受益証券","7月12日","","E08957","三井住友ＤＳアセットマネジメント株式会社"
"G08013","","ＵＢＳ公益・金融社債ファンド（為替ヘッジあり）／（為替ヘッジなし）","ユービーエスコウエキキンユウシャサイファンドカワセヘッジアリカワセヘッジナシ","内国投資信託受益証券","1月10日","7月10日","E12473","ＵＢＳアセット・マネジメント株式会社"
"G08017","","野村グローバルＣＢ投信（バスケット通貨選択型）","ノムラグローバルシービートウシンバスケットツウカセンタクガタ","内国投資信託受益証券","3月20日","9月20日","E12460","野村アセットマネジメント株式会社"
"G08019","","ＤＣダイワ新興国株式ファンダメンタル・インデックスファンド","ディーシーダイワシンコウコクカブシキファンダメンタルインデックスファンド","内国投資信託受益証券","7月5日","","E06748","大和アセットマネジメント株式会社"
"G08020","","ＤＣダイワ新興国債券インデックスファンド","ディーシーダイワシンコウコクサイケンインデックスファンド","内国投資信託受益証券","7月5日","","E06748","大和アセットマネジメント株式会社"
"G08029","","ＣＡＭベトナムファンド","キャムベトナムファンド","内国投資信託受益証券","6月10日","12月10日","E14714","キャピタル　アセットマネジメント株式会社"
"G08031","","ＳＭＴ　日経２２５インデックス・オープン","エスエムティー　ニッケイニーニーゴインデックスオープン","内国投資信託受益証券","5月10日","11月10日","E12444","三井住友トラスト・アセットマネジメント株式会社"
"G08032","","ｅＭＡＸＩＳ　全世界株式インデックス（除く日本）","イーマクシスゼンセカイカブシキインデックスノゾクニホン","内国投資信託受益証券","1月26日","","E11518","三菱ＵＦＪアセットマネジメント株式会社"
"G08037","","いちよし・インベスコ　中小型成長株オープン","イチヨシインベスコチュウコガタセイチョウカブオープン","内国投資信託受益証券","8月17日","","E06479","インベスコ・アセット・マネジメント株式会社"
"G08041","","ストラテジック・バリュー・オープン（野村ＳＭＡ向け）","ストラテジックバリューオープンノムラエスエムエームケ","内国投資信託受益証券","7月24日","","E12460","野村アセットマネジメント株式会社"
"G08042","","野村日本債券インデックス（野村ＳＭＡ向け）","ノムラニホンサイケンインデックスノムラエスエムエームケ","内国投資信託受益証券","7月20日","","E12460","野村アセットマネジメント株式会社"
"G08043","","野村外国債券インデックス（野村ＳＭＡ向け）","ノムラガイコクサイケンインデックスノムラエスエムエームケ","内国投資信託受益証券","7月20日","","E12460","野村アセットマネジメント株式会社"
"G08044","","野村外国債券アクティブファンドＡコース（野村ＳＭＡ向け）、野村外国債券アクティブファンドＢコース（野村ＳＭＡ向け）","ノムラガイコクサイケンアクティブファンドエーコースノムラエスエムエームケ　ノムラガイコクサイケンアクティブファンドビーコースノムラエスエムエームケ","内国投資信託受益証券","8月17日","","E12460","野村アセットマネジメント株式会社"
"G08045","","ノムラ新興国債券ファンズ（野村ＳＭＡ向け）","ノムラシンコウコクサイケンファンズノムラエスエムエームケ","内国投資信託受益証券","7月13日","","E12460","野村アセットマネジメント株式会社"
"G08048","","ＨＳＢＣインドネシア債券オープン（毎月決算型）","エイチエスビーシーインドネシアサイケンオープンマイツキケッサンガタ","内国投資信託受益証券","2月7日","8月7日","E12492","ＨＳＢＣアセットマネジメント株式会社"
"G08050","","ダイワ・ファンド・シリーズ－ダイワ新興国債券ファンド（通貨選択型）－通貨タワー－","ダイワファンドシリーズ　ダイワシンコウコクサイケンファンドツウカセンタクガタ　ツウカタワー","外国投資信託受益証券","11月末日","","E15791","ダイワ・アセット・マネジメント・サービシイズ・リミテッド（ケイマン）"
"G08056","","ブラックロック・グローバル・インベストメント・シリーズ‐グローバル・アロケーション・ポートフォリオ","ブラックロックグローバルインベストメントシリーズグローバルアロケーションポートフォリオ","外国投資信託受益証券","1月末日","","E31087","ブラックロック・ファンド・マネジメント・カンパニー・エス・エー"
"G08061","","楽天ＵＳリート・トリプルエンジン（レアル）毎月分配型","ラクテンユーエスリートトリプルエンジンレアルマイツキブンパイガタ","内国投資信託受益証券","2月17日","8月17日","E15787","楽天投信投資顧問株式会社"
"G08064","15450","ＮＥＸＴ　ＦＵＮＤＳ　ＮＡＳＤＡＱ－１００（Ｒ）（為替ヘッジなし）連動型上場投信","ネクストファンズナスダックヒャクカワセヘッジナシレンドウガタジョウジョウトウシン","内国投資信託受益証券","8月10日","","E12460","野村アセットマネジメント株式会社"
"G08065","15460","ＮＥＸＴ　ＦＵＮＤＳ　ダウ・ジョーンズ工業株３０種平均株価（為替ヘッジなし）連動型上場投信","ネクストファンズダウジョーンズコウギョウカブサンジュウシュヘイキンカブカカワセヘッジナシレンドウガタジョウジョウトウシン","内国投資信託受益証券","8月10日","","E12460","野村アセットマネジメント株式会社"
"G08075","","ＤＩＡＭアジア・オセアニア・リートファンド","ダイアムアジアオセアニアリートファンド","内国投資信託受益証券","1月20日","7月20日","E10677","アセットマネジメントＯｎｅ株式会社"
"G08076","","コクサイ・ケイマン・トラスト‐外貨建　米国ハイ・イールド・ボンド・オープン・カレンシー・セレクション","コクサイケイマントラストガイカダテベイコクハイイールドボンドオープンカレンシーセレクション","外国投資信託受益証券","5月末日","","E30992","ルクセンブルク三菱ＵＦＪインベスターサービス銀行Ｓ．Ａ．"
"G08087","","Ｏｎｅ毎月分配債券ファンド","ワンマイツキブンパイサイケンファンド","内国投資信託受益証券","6月23日","12月23日","E10677","アセットマネジメントＯｎｅ株式会社"
"G08089","","ウエスタン・アセット・オフショア・ファンド・シリーズ　―　ＷＡ　ハイ・インカム社債ファンド　（マルチ・カレンシー型）","ウエスタンアセットオフショアファンドシリーズダブリュエーハイインカムシャサイファンドマルチカレンシーガタ","外国投資信託受益証券","3月末日","","E24736","ウエスタン・アセット・マネジメント・カンパニー・リミテッド"
"G08093","","ｅＭＡＸＩＳ　新興国債券インデックス","イーマクシスシンコウコクサイケンインデックス","内国投資信託受益証券","1月26日","","E11518","三菱ＵＦＪアセットマネジメント株式会社"
"G08104","","明治安田日本株式ファンド","メイジヤスダニホンカブシキファンド","内国投資信託受益証券","1月20日","","E12448","明治安田アセットマネジメント株式会社"
"G08105","","明治安田欧州株式ファンド","メイジヤスダオウシュウカブシキファンド","内国投資信託受益証券","1月20日","","E12448","明治安田アセットマネジメント株式会社"
"G08106","","明治安田日本債券ファンド","メイジヤスダニホンサイケンファンド","内国投資信託受益証券","1月20日","","E12448","明治安田アセットマネジメント株式会社"
"G08107","","明治安田外国債券ファンド","メイジヤスダガイコクサイケンファンド","内国投資信託受益証券","3月9日","","E12448","明治安田アセットマネジメント株式会社"
"G08108","","明治安田アメリカ株式ファンド","メイジヤスダアメリカカブシキファンド","内国投資信託受益証券","4月20日","","E12448","明治安田アセットマネジメント株式会社"
"G08109","","明治安田ライフプランファンド２０明治安田ライフプランファンド５０明治安田ライフプランファンド７０","メイジヤスダライフプランファンドニジュウメイジヤスダライフプランファンドゴジュウメイジヤスダライフプランファンドナナジュウ","内国投資信託受益証券","5月20日","","E12448","明治安田アセットマネジメント株式会社"
"G08110","","明治安田日本株バリューアップ・セレクト１００","メイジヤスダニホンカブバリューアップセレクトヒャク","内国投資信託受益証券","7月25日","","E12448","明治安田アセットマネジメント株式会社"
"G08111","","明治安田セレクト日本株式ファンド","メイジヤスダセレクトニホンカブシキファンド","内国投資信託受益証券","12月20日","","E12448","明治安田アセットマネジメント株式会社"
"G08112","","フコク日本株式ファンド","フコクニホンカブシキファンド","内国投資信託受益証券","7月15日","","E12448","明治安田アセットマネジメント株式会社"
"G08113","","フコク日本債券ファンド","フコクニホンサイケンファンド","内国投資信託受益証券","7月15日","","E12448","明治安田アセットマネジメント株式会社"
"G08114","","フコク株２５大河フコク株５０大河フコク株７５大河","フコクカブニジュウゴタイガフコクカブゴジュウタイガフコクカブナナジュウゴタイガ","内国投資信託受益証券","7月15日","","E12448","明治安田アセットマネジメント株式会社"
"G08115","","小型株ファンド","コガタカブファンド","内国投資信託受益証券","8月12日","","E12448","明治安田アセットマネジメント株式会社"
"G08117","","パン・パシフィック外国債券オープン","パンパシフィックガイコクサイケンオープン","内国投資信託受益証券","8月15日","2月15日","E12448","明治安田アセットマネジメント株式会社"
"G08119","","新成長株ファンド","シンセイチョウカブファンド","内国投資信託受益証券","4月25日","","E12448","明治安田アセットマネジメント株式会社"
"G08123","","明治安田ＤＣトピックスプラス","メイジヤスダディーシートピックスプラス","内国投資信託受益証券","11月16日","","E12448","明治安田アセットマネジメント株式会社"
"G08130","","資産形成ファンド","シサンケイセイファンド","内国投資信託受益証券","11月30日","","E12448","明治安田アセットマネジメント株式会社"
"G08136","","野村円債投資インデックスファンド","ノムラエンサイトウシインデックスファンド","内国投資信託受益証券","3月20日","9月20日","E12460","野村アセットマネジメント株式会社"
"G08137","","ニッポン・オフショア・ファンズ－グローバル・ハイ・イールド・ボンド・ファンド","ニッポンオフショアファンズグローバルハイイールドボンドファンド","外国投資信託受益証券","5月末日","","E15214","ＢＮＹメロン・インターナショナル・マネジメント・リミテッド"
"G08141","","ＢＮＰパリバ・グローバル債券ファンド","ビーエヌピーパリバグローバルサイケンファンド","外国投資信託受益証券","9月末日","","E14903","ＢＮＰパリバ・アセットマネジメント・ルクセンブルグ"
"G08142","","三菱ＵＦＪ　日本国債ファンド（毎月決算型）","ミツビシユーエフジェイニホンコクサイファンドマイツキケッサンガタ","内国投資信託受益証券","1月20日","7月20日","E11518","三菱ＵＦＪアセットマネジメント株式会社"
"G08156","","ダイワ米国高金利社債ファンド（通貨選択型）：米ドル・コース（毎月分配型）、豪ドル・コース（毎月分配型）、ブラジル・レアル・コース（毎月分配型）、日本円・コース（毎月分配型）、南アフリカ・ランド・コース（毎月分配型）、トルコ・リラ・コース（毎月分配型）、通貨セレクト・コース（毎月分配型）","ダイワベイコクコウキンリシャサイファンドツウカセンタクガタベイドルコースマイツキブンパイガタゴウドルコースマイツキブンパイガタブラジルレアルコースマイツキブンパイガタニホンエンコースマイツキブンパイガタミナミアフリカランドコースマイツキブンパイガタトルコリラコースマイツキブンパイガタツウカセレクトコースマイツキブンパイガタ","内国投資信託受益証券","4月12日","10月12日","E06748","大和アセットマネジメント株式会社"
"G08158","","ノムラ・ポートフォリオ・セレクト‐エマージング・ボンド・ファンド","ノムラ　ポートフォリオ　セレクト　エマージング　ボンド　ファンド","外国投資信託受益証券","10月末日","","E15291","グローバル・ファンズ・マネジメント・エス・エー"
"G08162","","三井住友・米国ハイ・イールド債券・ブラジルレアルファンド","ミツイスミトモベイコクハイイールドサイケンブラジルレアルファンド","内国投資信託受益証券","4月12日","10月12日","E08957","三井住友ＤＳアセットマネジメント株式会社"
"G08164","","野村ドイチェ・高配当インフラ関連株投信","ノムラドイチェコウハイトウインフラカンレンカブトウシン","内国投資信託受益証券","3月20日","9月20日","E12460","野村アセットマネジメント株式会社"
"G08165","15470","上場インデックスファンド米国株式（Ｓ＆Ｐ５００）","ジョウジョウインデックスファンドベイコクカブシキエスアンドピーゴヒャク","内国投資信託受益証券","1月20日","","E12430","アモーヴァ・アセットマネジメント株式会社"
"G08168","","Ｏｎｅ円ストラテジー債券ファンド","ワンエンストラテジーサイケンファンド","内国投資信託受益証券","6月23日","12月23日","E10677","アセットマネジメントＯｎｅ株式会社"
"G08170","","野村先進国ヘッジ付き債券ファンド","ノムラセンシンコクヘッジツキサイケンファンド","内国投資信託受益証券","5月13日","11月13日","E12460","野村アセットマネジメント株式会社"
"G08172","","ダイワ・インドネシア・ルピア債オープン（毎月分配型）","ダイワインドネシアルピアサイオープンマイツキブンパイガタ","内国投資信託受益証券","4月17日","10月17日","E06748","大和アセットマネジメント株式会社"
"G08177","","中華圏株式ファンド（毎月分配型）","チュウカケンカブシキファンドマイツキブンパイガタ","内国投資信託受益証券","4月4日","10月4日","E12430","アモーヴァ・アセットマネジメント株式会社"
"G08180","","三菱ＵＦＪ　ＤＣ新興国債券インデックスファンド","ミツビシユーエフジェイディーシーシンコウコクサイケンインデックスファンド","内国投資信託受益証券","1月26日","","E11518","三菱ＵＦＪアセットマネジメント株式会社"
"G08183","","東京海上Ｊ－ＲＥＩＴ投信（通貨選択型）","トウキョウカイジョウジェイリートトウシンツウカセンタクガタ","内国投資信託受益証券","4月25日","10月25日","E06433","東京海上アセットマネジメント株式会社"
"G08192","","コクサイ・ケイマン・トラスト‐外貨建　世界投資適格債オープン・カレンシー・セレクション","コクサイケイマントラストガイカダテセカイトウシテキカクサイオープンカレンシーセレクション","外国投資信託受益証券","12月末日","","E30992","ルクセンブルク三菱ＵＦＪインベスターサービス銀行Ｓ．Ａ．"
"G08198","15500","ＭＡＸＩＳ　海外株式（ＭＳＣＩコクサイ）上場投信","マクシスカイガイカブシキエムエスシーアイコクサイジョウジョウトウシン","内国投資信託受益証券","6月8日","12月8日","E11518","三菱ＵＦＪアセットマネジメント株式会社"
"G08199","","野村インデックスファンド・ＴＯＰＩＸ","ノムラインデックスファンドトピックス","内国投資信託受益証券","9月6日","","E12460","野村アセットマネジメント株式会社"
"G08200","","野村インデックスファンド・日経２２５","ノムラインデックスファンドニッケイニニゴ","内国投資信託受益証券","9月6日","","E12460","野村アセットマネジメント株式会社"
"G08201","","野村インデックスファンド・国内債券","ノムラインデックスファンドコクナイサイケン","内国投資信託受益証券","9月6日","","E12460","野村アセットマネジメント株式会社"
"G08202","","野村インデックスファンド・外国株式","ノムラインデックスファンドガイコクカブシキ","内国投資信託受益証券","9月6日","","E12460","野村アセットマネジメント株式会社"
"G08203","","野村インデックスファンド・外国債券","ノムラインデックスファンドガイコクサイケン","内国投資信託受益証券","9月6日","","E12460","野村アセットマネジメント株式会社"
"G08204","","野村インデックスファンド・Ｊ－ＲＥＩＴ","ノムラインデックスファンドジェイリート","内国投資信託受益証券","9月6日","","E12460","野村アセットマネジメント株式会社"
"G08205","","野村インデックスファンド・外国ＲＥＩＴ","ノムラインデックスファンドガイコクリート","内国投資信託受益証券","9月6日","","E12460","野村アセットマネジメント株式会社"
"G08206","","野村インデックスファンド・新興国株式","ノムラインデックスファンドシンコウコクカブシキ","内国投資信託受益証券","9月6日","","E12460","野村アセットマネジメント株式会社"
"G08207","","野村インデックスファンド・新興国債券","ノムラインデックスファンドシンコウコクサイケン","内国投資信託受益証券","9月6日","","E12460","野村アセットマネジメント株式会社"
"G08208","","野村インデックスファンド・新興国債券・為替ヘッジ型","ノムラインデックスファンドシンコウコクサイケンカワセヘッジガタ","内国投資信託受益証券","9月6日","","E12460","野村アセットマネジメント株式会社"
"G08209","15510","東証スタンダードＴＯＰ２０ＥＴＦ","トウショウスタンダードトップニジュウイーティーエフ","内国投資信託受益証券","7月8日","","E14415","シンプレクス・アセット・マネジメント株式会社"
"G08211","","エマージング・ハイ・イールド・ボンド・ファンド・ブラジルレアルコース、エマージング・ハイ・イールド・ボンド・ファンド（マネープールファンド）","エマージングハイイールドボンドファンドブラジルレアルコース　エマージングハイイールドボンドファンドマネープールファンド","内国投資信託受益証券","2月20日","8月20日","E12430","アモーヴァ・アセットマネジメント株式会社"
"G08226","","ダイワ外国為替債券戦略ファンド（ダイワＳＭＡ専用）","ダイワガイコクカワセサイケンセンリャクファンドダイワエスエムエイセンヨウ","内国投資信託受益証券","2月25日","8月25日","E06748","大和アセットマネジメント株式会社"
"G08229","15530","ＭＡＸＩＳ　Ｓ＆Ｐ東海上場投信","マクシスエスアンドピートウカイジョウジョウトウシン","内国投資信託受益証券","1月16日","7月16日","E11518","三菱ＵＦＪアセットマネジメント株式会社"
"G08230","","フィデリティ・世界インカム株式・ファンド（毎月決算型）","フィデリティセカイインカムカブシキファンドマイツキケッサンガタ","内国投資信託受益証券","6月15日","12月15日","E12481","フィデリティ投信株式会社"
"G08231","","日本ニューテクノロジー・オープン","ニホンニューテクノロジーオープン","内国投資信託受益証券","6月15日","12月15日","E12441","ＳＢＩ岡三アセットマネジメント株式会社"
"G08234","","新興国株式インデックス・オープン（ＳＭＡ専用）","シンコウコクカブシキインデックスオープンエスエムエイセンヨウ","内国投資信託受益証券","11月25日","","E12444","三井住友トラスト・アセットマネジメント株式会社"
"G08235","","ＤＩＡＭ中国Ａ株ファンド","ダイアムチュウゴクエーカブファンド","内国投資信託受益証券","12月16日","","E10677","アセットマネジメントＯｎｅ株式会社"
"G08236","","ピムコ・ルクセンブルグ・トラスト　Ⅳ","ピムコルクセンブルグトラストフォー","外国投資信託受益証券","5月末日","","E25088","ピムコ・グローバル・アドバイザーズ（ルクセンブルグ）エス・エイ"
"G08238","","アムンディ・日経平均オープン","アムンディニッケイヘイキンオープン","内国投資信託受益証券","9月10日","","E09666","アムンディ・ジャパン株式会社"
"G08241","","フランクリン・テンプルトン・ブラジル高配当株ファンド（毎月分配型）","フランクリン　テンプルトン　ブラジルコウハイトウカブファンド　マイツキブンパイガタ","内国投資信託受益証券","1月23日","7月23日","E12425","フランクリン・テンプルトン・ジャパン株式会社"
"G08246","","欧州ハイ・イールド債券オープン（毎月決算型）円コース、欧州ハイ・イールド債券オープン（毎月決算型）ユーロコース","オウシュウハイイールドサイケンオープンマイツキケッサンガタエンコース　オウシュウハイイールドサイケンオープンマイツキケッサンガタユーロコース","内国投資信託受益証券","1月18日","7月18日","E12441","ＳＢＩ岡三アセットマネジメント株式会社"
"G08249","","ＤＷＳ　ユーロ・ハイ・イールド債券ファンド（毎月分配型）Ａコース（円ヘッジあり）／Ｂコース（円ヘッジなし）","ディーダブリューエス　ユーロハイイールドサイケンファンドマイツキブンパイガタ　エーコースエンヘッジアリ　ビーコースエンヘッジナシ","内国投資信託受益証券","5月24日","11月24日","E06458","ドイチェ・アセット・マネジメント株式会社"
"G08250","","バークレイズ・ポートフォリオ","バークレイズポートフォリオ","外国投資証券","8月末日","","E25175","バークレイズ・ポートフォリオ"
"G08253","","楽天ＵＳリート・トリプルエンジン（豪ドル）毎月分配型","ラクテンユーエスリートトリプルエンジンゴウドルマイツキブンパイガタ","内国投資信託受益証券","6月27日","12月27日","E15787","楽天投信投資顧問株式会社"
"G08254","","アムンディ・ジャパン・プラス債券ファンド","アムンディジャパンプラスサイケンファンド","内国投資信託受益証券","1月18日","7月18日","E09666","アムンディ・ジャパン株式会社"
"G08257","","Ｔ＆Ｄインド中小型株ファンド","ティアンドディインドチュウコガタカブファンド","内国投資信託受益証券","2月10日","8月10日","E11764","Ｔ＆Ｄアセットマネジメント株式会社"
"G08260","","三井住友・公益債券投信（毎月決算型）","ミツイスミトモコウエキサイケントウシンマイツキケッサンガタ","内国投資信託受益証券","1月15日","7月15日","E08957","三井住友ＤＳアセットマネジメント株式会社"
"G08261","","豪ドル建　ＤＷＳ　エマージング・ソブリン・ボンド・ファンド（毎月分配型）、米ドル建　ＤＷＳ　エマージング・ソブリン・ボンド・ファンド（毎月分配型）","ゴウドルダテディーダブユーエスエマージングソブリンボンドファンドマイツキブンパイガタベイドルダテディーダブユーエスエマージングソブリンボンドファンドマイツキブンパイガタ","外国投資信託受益証券","12月末日","","E14961","ＤＷＳインベストメント・エス・エー"
"G08262","","アムンディ・欧州ハイ・イールド債券ファンド","アムンディオウシュウハイイールドサイケンファンド","内国投資信託受益証券","4月8日","10月8日","E09666","アムンディ・ジャパン株式会社"
"G08267","","三菱ＵＦＪ　純金ファンド","ミツビシユーエフジェイジュンキンファンド","内国投資信託受益証券","1月20日","","E11518","三菱ＵＦＪアセットマネジメント株式会社"
"G08269","","ＰＩＭＣＯニューワールド円インカムファンド　ＰＩＭＣＯニューワールド米ドルインカムファンド","ピムコ　ニューワールドエンインカムファンド　ピムコ　ニューワールドベイドルインカムファンド","内国投資信託受益証券","5月20日","11月20日","E11518","三菱ＵＦＪアセットマネジメント株式会社"
"G08271","","ステート・ストリートＵＳボンド・オープン（為替ヘッジあり）","ステート　ストリート　ユーエス　ボンド　オープン　カワセヘッジアリ","内国投資信託受益証券","1月10日","7月10日","E12963","ステート・ストリート・グローバル・アドバイザーズ株式会社"
"G08273","","ラッセル・インベストメント・アジア増配継続株１００　Ａ（為替ヘッジあり）、ラッセル・インベストメント・アジア増配継続株１００　Ｂ（為替ヘッジなし）","ラッセルインベストメントアジアゾウハイケイゾクカブヒャク　エー　カワセヘッジアリ　ラッセルインベストメントアジアゾウハイケイゾクカブヒャク　ビー　カワセヘッジナシ","内国投資信託受益証券","2月20日","8月20日","E12450","ラッセル・インベストメント株式会社"
"G08283","","ＢＮＹメロン・新興国ソブリン・ファンド（円ヘッジ）","ビーエヌワイメロンシンコウコクソブリンファンドエンヘッジ","内国投資信託受益証券","2月17日","8月17日","E13343","ＢＮＹメロン・インベストメント・マネジメント・ジャパン株式会社"
"G08289","","野村ＰＩＭＣＯ新興国インフラ関連債券投信（通貨選択型）","ノムラピムコシンコウコクインフラカンレンサイケントウシンツウカセンタクガタ","内国投資信託受益証券","2月18日","8月18日","E12460","野村アセットマネジメント株式会社"
"G08296","","円サポート","エンサポート","内国投資信託受益証券","2月10日","8月10日","E12430","アモーヴァ・アセットマネジメント株式会社"
"G08297","15540","上場インデックスファンド世界株式（ＭＳＣＩ　ＡＣＷＩ）除く日本","ジョウジョウインデックスファンドセカイカブシキエムエスシーアイアクイノゾクニホン","内国投資信託受益証券","1月20日","","E12430","アモーヴァ・アセットマネジメント株式会社"
"G08298","15550","上場インデックスファンド豪州リート（Ｓ＆Ｐ／ＡＳＸ２００　Ａ－ＲＥＩＴ）","ジョウジョウインデックスファンドゴウシュウリートエスアンドピーエーエスエックスニヒャクエーリート","内国投資信託受益証券","1月10日","7月10日","E12430","アモーヴァ・アセットマネジメント株式会社"
"G08299","","ニッセイ次世代医療ファンド","ニッセイジセダイイリョウファンド","内国投資信託受益証券","3月17日","9月17日","E12453","ニッセイアセットマネジメント株式会社"
"G08302","","ピクテ・ハイインカム・ソブリン・ファンド（毎月決算型）為替ヘッジコース","ピクテハイインカムソブリンファンドマイツキケッサンガタカワセヘッジコース","内国投資信託受益証券","5月15日","11月15日","E10439","ピクテ・ジャパン株式会社"
"G08303","","ＤＣチャイナ・ロード","ディーシーチャイナロード","内国投資信託受益証券","1月28日","","E12441","ＳＢＩ岡三アセットマネジメント株式会社"
"G08304","","利金・分配金専用ＭＲＦ（マネー・リザーブ・ファンド）","リキンブンパイキンセンヨウエムアールエフマネーリザーブファンド","内国投資信託受益証券","1月末日","7月末日","E12441","ＳＢＩ岡三アセットマネジメント株式会社"
"G08315","","ピクテ・グローバル・インカム株式ファンド（毎月分配型）円コース","ピクテグローバルインカムカブシキファンドマイツキブンパイガタエンコース","内国投資信託受益証券","2月10日","8月10日","E10439","ピクテ・ジャパン株式会社"
"G08316","","ピクテ・グローバル・セレクション・ファンド－新興国ハイインカム株式ファンド","ピクテグローバルセレクションファンドシンコウコクハイインカムカブシキファンド","外国投資信託受益証券","12月末日","","E30735","ピクテ・アセット・マネジメント（ヨーロッパ）エス・エイ"
"G08317","","野村米国ブランド株投資","ノムラベイコクブランドカブトウシ","内国投資信託受益証券","2月17日","8月17日","E12460","野村アセットマネジメント株式会社"
"G08319","","ステート・ストリートＤＣグローバル株式インデックス・オープン","ステートストリートディーシーグローバルカブシキインデックスオープン","内国投資信託受益証券","11月末日","","E12963","ステート・ストリート・グローバル・アドバイザーズ株式会社"
"G08320","","ステート・ストリートＤＣグローバル債券インデックス・オープン","ステートストリートディーシーグローバルサイケンインデックスオープン","内国投資信託受益証券","2月20日","","E12963","ステート・ストリート・グローバル・アドバイザーズ株式会社"
"G08321","","ハチソン・ポート・ホールディングス・トラスト","ハチソンポートホールディングストラスト","外国投資信託受益証券","12月末日","","E25351","ハチソン・ポート・ホールディングス・マネジメント・ピーティーイー・リミテッド"
"G08326","","ＰＩＭＣＯ　ニューワールドインカムファンド","ピムコニューワールドインカムファンド","内国投資信託受益証券","6月20日","12月20日","E11518","三菱ＵＦＪアセットマネジメント株式会社"
"G08327","","ダイワ／ハリス世界厳選株ファンド、ダイワ／ハリス世界厳選株ファンド・マネー・ポートフォリオ","ダイワハリスセカイゲンセンカブファンドダイワハリスセカイゲンセンカブファンドマネーポートフォリオ","内国投資信託受益証券","4月18日","","E06748","大和アセットマネジメント株式会社"
"G08338","15570","Ｓｔａｔｅ　Ｓｔｒｅｅｔ　ＳＰＤＲ　Ｓ＆Ｐ５００　ＥＴＦ","ステートストリートスパイダーエスアンドピーゴヒャクイーティーエフ","外国投資信託受益証券","9月末日","","E33989","ステート・ストリート・グローバル・アドバイザーズ・トラスト・カンパニー"
"G08344","","ノムラ・グローバルトレンド（バスケット通貨選択型）","ノムラグローバルトレンドバスケットツウカセンタクガタ","内国投資信託受益証券","3月23日","9月23日","E12460","野村アセットマネジメント株式会社"
"G08346","","マイ・ロード","マイロード","内国投資信託受益証券","2月18日","","E12460","野村アセットマネジメント株式会社"
"G08350","","三井住友・ＤＣつみたてＮＩＳＡ・全海外株インデックスファンド","ミツイスミトモディーシーツミタテニーサゼンカイガイカブインデックスファンド","内国投資信託受益証券","11月30日","","E08957","三井住友ＤＳアセットマネジメント株式会社"
"G08351","","三井住友・ＤＣ新興国株式インデックスファンド","ミツイスミトモディーシーシンコウコクカブシキインデックスファンド","内国投資信託受益証券","11月30日","","E08957","三井住友ＤＳアセットマネジメント株式会社"
"G08353","","しんきんアジアＥＴＦ株式ファンド","シンキンアジアイーティーエフカブシキファンド","内国投資信託受益証券","5月20日","11月20日","E12422","しんきんアセットマネジメント投信株式会社"
"G08361","15590","ＮＥＸＴ　ＦＵＮＤＳ　タイ株式ＳＥＴ５０指数連動型上場投信","ネクストファンズタイカブシキセットゴジュウシスウレンドウガタジョウジョウトウシン","内国投資信託受益証券","8月10日","","E12460","野村アセットマネジメント株式会社"
"G08362","15600","ＮＥＸＴ　ＦＵＮＤＳ　ＦＴＳＥブルサ・マレーシアＫＬＣＩ連動型上場投信","ネクストファンズフッツイーブルサマレーシアケーエルシーアイレンドウガタジョウジョウトウシン","内国投資信託受益証券","8月10日","","E12460","野村アセットマネジメント株式会社"
"G08371","","ＤＩＡＭ新興国株式インデックスファンド＜ＤＣ年金＞","ダイアムシンコウコクカブシキインデックスファンドディーシーネンキン","内国投資信託受益証券","4月18日","","E10677","アセットマネジメントＯｎｅ株式会社"
"G08400","","ＪＰＭアジア・オセアニア高配当株式ファンド","ジェイピーエムアジアオセアニアコウハイトウカブシキファンド","内国投資信託受益証券","6月19日","12月19日","E06264","ＪＰモルガン・アセット・マネジメント株式会社"
"G08415","","明治安田Ｊ－ＲＥＩＴ戦略ファンド（毎月分配型）","メイジヤスダジェイリートセンリャクファンドマイツキブンパイガタ","内国投資信託受益証券","6月18日","12月18日","E12448","明治安田アセットマネジメント株式会社"
"G08421","","ダイワ／フィデリティ・アジア・ハイ・イールド債券ファンド（通貨選択型）：日本円・コース（毎月分配型）、ブラジル・レアル・コース（毎月分配型）、アジア通貨・コース（毎月分配型）","ダイワフィデリティアジアハイイールドサイケンファンドツウカセンタクガタニホンエンコースマイツキブンパイガタブラジルレアルコースマイツキブンパイガタアジアツウカコースマイツキブンパイガタ","内国投資信託受益証券","1月3日","7月3日","E06748","大和アセットマネジメント株式会社"
"G08424","","米国小型ハイクオリティファンド（毎月決算型）","ベイコクコガタハイクオリティファンドマイツキケッサンガタ","内国投資信託受益証券","1月24日","7月24日","E08957","三井住友ＤＳアセットマネジメント株式会社"
"G08425","","米国小型ハイクオリティファンド（資産成長型）","ベイコクコガタハイクオリティファンドシサンセイチョウガタ","内国投資信託受益証券","7月24日","","E08957","三井住友ＤＳアセットマネジメント株式会社"
"G08431","","スイス・グローバル・リーダー・ファンド","スイス　グローバル　リーダー　ファンド","内国投資信託受益証券","6月4日","12月4日","E12434","ＳＯＭＰＯアセットマネジメント株式会社"
"G08435","","野村米国ハイ・イールド・ファンド（毎月決算型）、野村米国ハイ・イールド・ファンド（毎月決算型）為替ヘッジあり","ノムラベイコクハイイールドファンドマイツキケッサンガタ　ノムラベイコクハイイールドファンドマイツキケッサンガタカワセヘッジアリ","内国投資信託受益証券","6月12日","12月12日","E12460","野村アセットマネジメント株式会社"
"G08438","","ニッセイ日本債券ファンド（毎月決算型）","ニッセイニホンサイケンファンドマイツキケッサンガタ","内国投資信託受益証券","4月14日","10月14日","E12453","ニッセイアセットマネジメント株式会社"
"G08447","","ＤＩＡＭケイマン・トラスト－グローバル・ハイイールド・ボンド・ファンド・カレンシー・セレクション","ダイアムケイマントラスト　グローバルハイイールドボンドファンドカレンシーセレクション","外国投資信託受益証券","1月末日","","E25766","クイーンズゲート"
"G08451","","野村テンプルトン・トータル・リターン　Ａコース、野村テンプルトン・トータル・リターン　Ｂコース、野村テンプルトン・トータル・リターン　Ｃコース、野村テンプルトン・トータル・リターン　Ｄコース","ノムラテンプルトントータルリターンエーコース　ノムラテンプルトントータルリターンビーコース　ノムラテンプルトントータルリターンシーコース　ノムラテンプルトントータルリターンディーコース","内国投資信託受益証券","5月13日","11月13日","E12460","野村アセットマネジメント株式会社"
"G08454","","ブラックロック・グローバル・インベストメント・シリーズ‐世界株式インカム・ポートフォリオ","ブラックロックグローバルインベストメントシリーズセカイカブシキインカムポートフォリオ","外国投資信託受益証券","1月末日","","E31087","ブラックロック・ファンド・マネジメント・カンパニー・エス・エー"
"G08455","","高成長インド・中型株式ファンド","コウセイチョウインドチュウガタカブシキファンド","内国投資信託受益証券","2月27日","8月27日","E08957","三井住友ＤＳアセットマネジメント株式会社"
"G08462","","エマージング・プラス・円戦略コース、エマージング・プラス・成長戦略コース、エマージング・プラス（マネープールファンド）","エマージングプラスエンセンリャクコース　エマージングプラスセイチョウセンリャクコース　エマージングプラスマネープールファンド","内国投資信託受益証券","2月10日","8月10日","E12430","アモーヴァ・アセットマネジメント株式会社"
"G08470","","フランクリン・テンプルトン・オーストラリア高配当株ファンド","フランクリン　テンプルトン　オーストラリアコウハイトウカブファンド","内国投資信託受益証券","3月20日","9月20日","E12425","フランクリン・テンプルトン・ジャパン株式会社"
"G08472","","りそなアジア・ハイ・イールド債券ファンド　アジア通貨コース、りそなアジア・ハイ・イールド債券ファンド　高金利通貨コース、りそなアジア・ハイ・イールド債券ファンド　ブラジルレアルコース、りそなアジア・ハイ・イールド債券ファンド　米ドルコース、りそなアジア・ハイ・イールド債券ファンド　日本円コース","リソナアジア　ハイ　イールドサイケンファンド　アジアツウカコース　リソナアジア　ハイ　イールドサイケンファンド　コウキンリツウカコース　リソナアジア　ハイ　イールドサイケンファンド　ブラジルレアルコース　リソナアジア　ハイ　イールドサイケンファンド　ベイドルコース　リソナアジア　ハイ　イールドサイケンファンド　ニホンエンコース","内国投資信託受益証券","2月10日","8月10日","E12434","ＳＯＭＰＯアセットマネジメント株式会社"
"G08473","","ダイワ米国株ストラテジーα（通貨選択型）　－トリプルリターンズ－：日本円・コース（毎月分配型）、豪ドル・コース（毎月分配型）、ブラジル・レアル・コース（毎月分配型）、米ドル・コース（毎月分配型）、通貨セレクト・コース（毎月分配型）","ダイワベイコクカブストラテジーアルファツウカセンタクガタトリプルリターンズニホンエンコースマイツキブンパイガタゴウドルコースマイツキブンパイガタブラジルレアルコースマイツキブンパイガタベイドルコースマイツキブンパイガタツウカセレクトコースマイツキブンパイガタ","内国投資信託受益証券","3月7日","9月7日","E06748","大和アセットマネジメント株式会社"
"G08479","","ダイワ・ディスカバリー・ファンド・シリーズ－ダイワ／フィデリティ・アジア・ハイ・イールド債券ファンド（毎月分配型）－通貨ドラゴン－","ダイワディスカバリーファンドシリーズダイワフィデリティアジアハイイールドサイケンファンドマイツキブンパイガタツウカドラゴン","外国投資信託受益証券","3月末日","","E15791","ダイワ・アセット・マネジメント・サービシイズ・リミテッド（ケイマン）"
"G08481","","ＡＢケイマン・トラスト－グローバル・ハイ・インカム・エクイティ・ファンド（外貨建）","エービーケイマン　トラスト　グローバル　ハイ　インカム　エクイティ　ファンド　ガイカダテ","外国投資信託受益証券","9月30日","","E06241","アライアンス・バーンスタイン・エル・ピー"
"G08484","","三菱ＵＦＪ　新興国高利回り社債ファンド　通貨選択シリーズ","ミツビシユーエフジェイシンコウコクコウリマワリシャサイファンドツウカセンタクシリーズ","内国投資信託受益証券","6月13日","12月13日","E11518","三菱ＵＦＪアセットマネジメント株式会社"
"G08493","","ハーベスト　アジア　フロンティア株式ファンド","ハーベスト　アジア　フロンティアカブシキファンド","内国投資信託受益証券","10月25日","","E13447","ＳＢＩアセットマネジメント株式会社"
"G08494","","野村ＤＣ新興国債券（現地通貨建て）インデックスファンド","ノムラディーシーシンコウコクサイケンゲンチツウカダテインデックスファンド","内国投資信託受益証券","2月18日","","E12460","野村アセットマネジメント株式会社"
"G08496","","ＵＢＳ世界ＣＢファンド　円ヘッジコース／米ドルヘッジコース","ユービーエスセカイシービーファンド　エンヘッジコース　ベイドルヘッジコース","内国投資信託受益証券","8月5日","","E12473","ＵＢＳアセット・マネジメント株式会社"
"G08497","","ＧＳアジア・ハイ・イールド債券ファンド　アジア通貨コース","ジーエスアジアハイイールドサイケンファンド　アジアツウカコース","内国投資信託受益証券","4月25日","10月25日","E12457","ゴールドマン・サックス・アセット・マネジメント株式会社"
"G08502","","ネクスト・グロース・ボンド・オープン（毎月決算型）","ネクストグロースボンドオープンマイツキケッサンガタ","内国投資信託受益証券","6月13日","12月13日","E11518","三菱ＵＦＪアセットマネジメント株式会社"
"G08511","","アメリカン・ニュー・ステージ・オープン","アメリカンニューステージオープン","内国投資信託受益証券","4月7日","10月7日","E11518","三菱ＵＦＪアセットマネジメント株式会社"
"G08513","","ＤＣ世界経済インデックスファンド","ディーシーセカイケイザイインデックスファンド","内国投資信託受益証券","1月20日","","E12444","三井住友トラスト・アセットマネジメント株式会社"
"G08517","","ＨＫＴトラスト（愛称　香港テレコム・トラスト）","エイチケイティトラスト　アイショウ　ホンコンテレコム　トラスト","外国投資信託受益証券","12月末日","","E25940","ＨＫＴマネジメント・リミテッド"
"G08518","","東京海上Ｒｏｇｇｅ世界ハイブリッド証券ファンド（通貨選択型）","トウキョウカイジョウロゲーセカイハイブリッドショウケンファンドツウカセンタクガタ","内国投資信託受益証券","3月17日","9月17日","E06433","東京海上アセットマネジメント株式会社"
"G08520","","野村エマージング・ソブリン　円投資型１１１０","ノムラエマージングソブリンエントウシガタイチイチイチゼロ","内国投資信託受益証券","1月24日","7月24日","E12460","野村アセットマネジメント株式会社"
"G08530","","ニッセイグローバル好配当株式プラス（毎月決算型）","ニッセイグローバルコウハイトウカブシキプラスマイツキケッサンガタ","内国投資信託受益証券","4月15日","10月15日","E12453","ニッセイアセットマネジメント株式会社"
"G08536","","楽天ＵＳリート・トリプルエンジン（トルコリラ）毎月分配型","ラクテンユーエスリートトリプルエンジントルコリラマイツキブンパイガタ","内国投資信託受益証券","4月22日","10月22日","E15787","楽天投信投資顧問株式会社"
"G08537","","ＳＭＴ　アジア新興国株式インデックス・オープン","エスエムティー　アジアシンコウコクカブシキインデックス　オープン","内国投資信託受益証券","11月10日","","E12444","三井住友トラスト・アセットマネジメント株式会社"
"G08539","","野村グローバル高配当株プレミアム（円コース）毎月分配型、野村グローバル高配当株プレミアム（円コース）年２回決算型、野村グローバル高配当株プレミアム（通貨セレクトコース）毎月分配型、野村グローバル高配当株プレミアム（通貨セレクトコース）年２回決算型","ノムラグローバルコウハイトウカブプレミアムエンコースマイツキブンパイガタ　ノムラグローバルコウハイトウカブプレミアムエンコースネンニカイケッサンガタ　ノムラグローバルコウハイトウカブプレミアムツウカセレクトコースマイツキブンパイガタ　ノムラグローバルコウハイトウカブプレミアムツウカセレクトコースネンニカイケッサンガタ","内国投資信託受益証券","5月17日","11月17日","E12460","野村アセットマネジメント株式会社"
"G08541","","アセアンＣＡＭ－ＶＩＰファンド","アセアンキャムヴィップファンド","内国投資信託受益証券","5月21日","11月21日","E14714","キャピタル　アセットマネジメント株式会社"
"G08542","","ｅＭＡＸＩＳ　バランス（８資産均等型）","イーマクシスバランスハチシサンキントウガタ","内国投資信託受益証券","1月26日","","E11518","三菱ＵＦＪアセットマネジメント株式会社"
"G08543","","ｅＭＡＸＩＳ　バランス（波乗り型）","イーマクシスバランスナミノリガタ","内国投資信託受益証券","1月26日","","E11518","三菱ＵＦＪアセットマネジメント株式会社"
"G08544","","ニッポン・オフショア・ファンズ－新興国中小型株式アクティブファンド","ニッポンオフショアファンズシンコウコクチュウショウガタカブシキアクティブファンド","外国投資信託受益証券","5月末日","","E15214","ＢＮＹメロン・インターナショナル・マネジメント・リミテッド"
"G08545","","アジア　ハイ・イールド債券オープン（為替ヘッジあり）、アジア　ハイ・イールド債券オープン（為替ヘッジなし）","アジアハイイールドサイケンオープンカワセヘッジアリ　アジアハイイールドサイケンオープンカワセヘッジナシ","内国投資信託受益証券","11月17日","","E12441","ＳＢＩ岡三アセットマネジメント株式会社"
"G08550","","ＡＲＴ　テクニカル運用日本株式ファンド","エーアールティー　テクニカルウンヨウニホンカブシキファンド","内国投資信託受益証券","11月25日","","E12444","三井住友トラスト・アセットマネジメント株式会社"
"G08553","","野村エマージング・ソブリン　円投資型１１１１","ノムラエマージングソブリンエントウシガタイチイチイチイチ","内国投資信託受益証券","5月24日","11月24日","E12460","野村アセットマネジメント株式会社"
"G08562","","野村インド債券ファンド（毎月分配型）、野村インド債券ファンド（年２回決算型）［Ｇ１２３５１と統合］","ノムラインドサイケンファンドマイツキブンパイガタ　ノムラインドサイケンファンドネンニカイケッサンガタ","内国投資信託受益証券","5月13日","11月13日","E12460","野村アセットマネジメント株式会社"
"G08570","15630","東証グロース・コアＥＴＦ","トウショウグロース　コアイーティーエフ","内国投資信託受益証券","7月8日","","E14415","シンプレクス・アセット・マネジメント株式会社"
"G08575","","トルコ・ボンド・オープン（毎月決算型）","トルコボンドオープンマイツキケッサンガタ","内国投資信託受益証券","5月22日","11月22日","E06748","大和アセットマネジメント株式会社"
"G08578","","セレブライフ・ストーリー２０２５、セレブライフ・ストーリー２０３５、セレブライフ・ストーリー２０４５、セレブライフ・ストーリー２０５５","セレブライフ　ストーリー　ニセンニジュウゴ　セレブライフ　ストーリー　ニセンサンジュウゴ　セレブライフ　ストーリー　ニセンヨンジュウゴ　セレブライフ　ストーリー　ニセンゴジュウゴ","内国投資信託受益証券","9月14日","","E13447","ＳＢＩアセットマネジメント株式会社"
"G08580","","三井住友・ＤＣつみたてＮＩＳＡ・日本株インデックスファンド","ミツイスミトモディーシーツミタテニーサニホンカブインデックスファンド","内国投資信託受益証券","11月30日","","E08957","三井住友ＤＳアセットマネジメント株式会社"
"G08584","","野村アジアブランド株式　Ａコース、野村アジアブランド株式　Ｂコース","ノムラアジアブランドカブシキエーコース　ノムラアジアブランドカブシキビーコース","内国投資信託受益証券","6月7日","12月7日","E12460","野村アセットマネジメント株式会社"
"G08588","","しんきんアジア債券ファンド（毎月決算型）","シンキンアジアサイケンファンドマイツキケッサンガタ","内国投資信託受益証券","1月20日","7月20日","E12422","しんきんアセットマネジメント投信株式会社"
"G08590","","ダイワ・ニッポン応援ファンドＶｏｌ．４　－日本の真価－　（高配当株コース／国債コース）","ダイワニッポンオウエンファンドボリュームフォーニッポンノシンカコウハイトウカブコースコクサイコース","内国投資信託受益証券","1月10日","7月10日","E06748","大和アセットマネジメント株式会社"
"G08591","","大塚グループ株式ファンド（確定拠出年金向け）＜大塚ホールディングス株式、アース製薬株式＞","オオツカグループカブシキファンドカクテイキョシュツネンキンムケオオツカホールディングスカブシキアースセイヤクカブシキ","内国投資信託受益証券","12月14日","","E12460","野村アセットマネジメント株式会社"
"G08594","","明治安田ＤＣ中小型株式オープン","メイジヤスダディーシーチュウコガタカブシキオープン","内国投資信託受益証券","11月29日","","E12448","明治安田アセットマネジメント株式会社"
"G08597","","ピクテ・ゴールド（為替ヘッジあり）","ピクテゴールドカワセヘッジアリ","内国投資信託受益証券","7月15日","","E10439","ピクテ・ジャパン株式会社"
"G08599","","明治安田米国中小型成長株式ファンド","メイジヤスダベイコクチュウコガタセイチョウカブシキファンド","内国投資信託受益証券","1月31日","7月31日","E12448","明治安田アセットマネジメント株式会社"
"G08604","","三菱ＵＦＪ　＜ＤＣ＞Ｊ－ＲＥＩＴインデックスファンド","ミツビシユーエフジェイディーシージェイリートインデックスファンド","内国投資信託受益証券","1月26日","","E11518","三菱ＵＦＪアセットマネジメント株式会社"
"G08605","","三菱ＵＦＪ　＜ＤＣ＞先進国ＲＥＩＴインデックスファンド","ミツビシユーエフジェイディーシーセンシンコクリートインデックスファンド","内国投資信託受益証券","1月5日","","E11518","三菱ＵＦＪアセットマネジメント株式会社"
"G08607","","野村アジアハイ・イールド債券投信（通貨選択型）","ノムラアジアハイイールドサイケントウシンツウカセンタクガタ","内国投資信託受益証券","6月22日","12月22日","E12460","野村アセットマネジメント株式会社"
"G08608","","アライアンス・バーンスタイン－アジア・エックス・ジャパン・エクイティ・ポートフォリオ","アライアンスバーンスタインアジアエックスジャパンエクイティポートフォリオ","外国投資信託受益証券","8月31日","","E14866","アライアンス・バーンスタイン・ルクセンブルグ・エス・エイ・アール・エル"
"G08615","","Ｏｎｅ割安日本株ファンド","ワンワリヤスニホンカブファンド","内国投資信託受益証券","6月21日","12月21日","E10677","アセットマネジメントＯｎｅ株式会社"
"G08616","15660","上場インデックスファンド新興国債券","ジョウジョウインデックスファンドシンコウコクサイケン","内国投資信託受益証券","1月10日","7月10日","E12430","アモーヴァ・アセットマネジメント株式会社"
"G08618","","国内債券通貨プラス","コクナイサイケンツウカプラス","内国投資信託受益証券","2月15日","8月15日","E11518","三菱ＵＦＪアセットマネジメント株式会社"
"G08620","","ダイワ・アセアン内需関連株ファンド、ダイワ・アセアン内需関連株ファンド・マネー・ポートフォリオ","ダイワアセアンナイジュカンレンカブファンドダイワアセアンナイジュカンレンカブファンドマネーポートフォリオ","内国投資信託受益証券","2月16日","8月16日","E06748","大和アセットマネジメント株式会社"
"G08626","","野村豪ドル債オープン・プレミアム毎月分配型、野村豪ドル債オープン・プレミアム年２回決算型","ノムラゴウドルサイオープンプレミアムマイツキブンパイガタ　ノムラゴウドルサイオープンプレミアムネンニカイケッサンガタ","内国投資信託受益証券","2月13日","8月13日","E12460","野村アセットマネジメント株式会社"
"G08630","","イーストスプリング・インドネシア債券オープン（毎月決算型）　イーストスプリング・インドネシア債券オープン（年２回決算型）","イーストスプリングインドネシアサイケンオープンマイツキケッサンガタ　イーストスプリングインドネシアサイケンオープンネンニカイケッサンガタ","内国投資信託受益証券","2月18日","8月18日","E12566","イーストスプリング・インベストメンツ株式会社"
"G08631","","三菱ＵＦＪ　プライムバランス（８資産）（確定拠出年金）","ミツビシユーエフジェイプライムバランスハチシサンカクテイキョシュツネンキン","内国投資信託受益証券","5月20日","","E11518","三菱ＵＦＪアセットマネジメント株式会社"
"G08632","","フィデリティ・ハイ・イールド・ボンド・オープンポートフォリオＢ（為替ヘッジあり）","フィデリティハイイールドボンドオープンポートフォリオビーカワセヘッジアリ","内国投資信託受益証券","5月22日","11月22日","E12481","フィデリティ投信株式会社"
"G08633","","ＤＩＡＭケイマン・トラスト－Ａｓｐｅｃｔ　マネージド・フューチャーズ・ファンド","ダイアムケイマントラストアスペクトマネージドフューチャーズファンド","外国投資信託受益証券","11月末日","","E26326","クイーンズゲート"
"G08634","","日本債券インデックスファンド","ニホンサイケンインデックスファンド","内国投資信託受益証券","1月22日","","E12444","三井住友トラスト・アセットマネジメント株式会社"
"G08635","","日本株式インデックスファンド","ニホンカブシキインデックスファンド","内国投資信託受益証券","1月22日","","E12444","三井住友トラスト・アセットマネジメント株式会社"
"G08636","","外国債券インデックスファンド","ガイコクサイケンインデックスファンド","内国投資信託受益証券","2月21日","","E12444","三井住友トラスト・アセットマネジメント株式会社"
"G08637","","外国株式インデックスファンド","ガイコクカブシキインデックスファンド","内国投資信託受益証券","2月21日","","E12444","三井住友トラスト・アセットマネジメント株式会社"
"G08639","","ＤＣ日本株式インデックスファンド","ディーシーニホンカブシキインデックスファンド","内国投資信託受益証券","1月22日","","E12444","三井住友トラスト・アセットマネジメント株式会社"
"G08640","","ＤＣ日本債券インデックスファンド","ディーシーニホンサイケンインデックスファンド","内国投資信託受益証券","1月22日","","E12444","三井住友トラスト・アセットマネジメント株式会社"
"G08641","","ＤＣ外国株式インデックスファンド","ディーシーガイコクカブシキインデックスファンド","内国投資信託受益証券","2月7日","","E12444","三井住友トラスト・アセットマネジメント株式会社"
"G08642","","ＤＣ外国債券インデックスファンド","ディーシーガイコクサイケンインデックスファンド","内国投資信託受益証券","2月7日","","E12444","三井住友トラスト・アセットマネジメント株式会社"
"G08643","","ＤＣ日本株式インデックスファンドＬ","ディーシーニホンカブシキインデックスファンドエル","内国投資信託受益証券","3月末日","","E12444","三井住友トラスト・アセットマネジメント株式会社"
"G08644","","ＤＣ日本株式エクセレント・フォーカス","ディーシーニホンカブシキエクセレント　フォーカス","内国投資信託受益証券","11月末日","","E12444","三井住友トラスト・アセットマネジメント株式会社"
"G08645","","ＤＣ日本株式インデックスファンドＡ","ディーシーニホンカブシキインデックスファンドエー","内国投資信託受益証券","12月10日","","E12444","三井住友トラスト・アセットマネジメント株式会社"
"G08647","","ＤＣ外国株式インデックスファンドＬ","ディーシーガイコクカブシキインデックスファンドエル","内国投資信託受益証券","10月24日","","E12444","三井住友トラスト・アセットマネジメント株式会社"
"G08648","","ＤＣ日本債券インデックスファンドＬ","ディーシーニホンサイケンインデックスファンドエル","内国投資信託受益証券","10月24日","","E12444","三井住友トラスト・アセットマネジメント株式会社"
"G08649","","ＤＣ外国債券インデックスファンドＬ","ディーシーガイコクサイケンインデックスファンドエル","内国投資信託受益証券","10月24日","","E12444","三井住友トラスト・アセットマネジメント株式会社"
"G08650","","Ｊリートファンド","ジェイリートファント","内国投資信託受益証券","2月15日","8月15日","E12444","三井住友トラスト・アセットマネジメント株式会社"
"G08651","","高金利ソブリンオープン","コウキンリソブリンオープン","内国投資信託受益証券","5月17日","11月17日","E12444","三井住友トラスト・アセットマネジメント株式会社"
"G08653","","ＤＣ日産株ファンド","ディーシーニッサンカブファンド","内国投資信託受益証券","4月24日","","E12444","三井住友トラスト・アセットマネジメント株式会社"
"G08654","","日本株配当オープン","ニホンカブハイトウオープン","内国投資信託受益証券","4月10日","10月10日","E12444","三井住友トラスト・アセットマネジメント株式会社"
"G08655","","３資産バランスオープン","サンシサンバランスオープン","内国投資信託受益証券","5月10日","11月10日","E12444","三井住友トラスト・アセットマネジメント株式会社"
"G08656","","３資産バランスオープンアルファ","サンシサンバランスオープンアルファ","内国投資信託受益証券","3月10日","9月10日","E12444","三井住友トラスト・アセットマネジメント株式会社"
"G08658","","ＤＣバランスファンド３０　ＤＣバランスファンド５０　ＤＣバランスファンド７０","ディーシーバランスファンドサンジュウ　ディーシーバランスファンドゴジュウ　ディーシーバランスファンドナナジュウ","内国投資信託受益証券","2月21日","","E12444","三井住友トラスト・アセットマネジメント株式会社"
"G08659","","社会的責任ファンド","シャカイテキセキニンファンド","内国投資信託受益証券","2月26日","8月26日","E12444","三井住友トラスト・アセットマネジメント株式会社"
"G08660","","グローバル３資産バランスオープン","グローバルサンシサンバランスオープン","内国投資信託受益証券","3月10日","9月10日","E12444","三井住友トラスト・アセットマネジメント株式会社"
"G08665","","Ｊリートアクティブファンド（１年決算型）","ジェイリートアクティブファンド　イチネンケッサンガタ","内国投資信託受益証券","9月24日","","E12444","三井住友トラスト・アセットマネジメント株式会社"
"G08668","","グローバル・インデックス・バランス・ファンド","グローバル　インデックス　バランス　ファンド","内国投資信託受益証券","6月10日","","E12444","三井住友トラスト・アセットマネジメント株式会社"
"G08671","","ＳＭＴＡＭダウ・ジョーンズ　インデックスファンド","エスエムティエーエムダウ　ジョーンズ　インデックスファンド","内国投資信託受益証券","4月20日","","E12444","三井住友トラスト・アセットマネジメント株式会社"
"G08672","","日経２２５インデックスファンド","ニッケイニイニイゴインデックスファンド","内国投資信託受益証券","5月15日","","E12444","三井住友トラスト・アセットマネジメント株式会社"
"G08676","","ＰＩＭＣＯ　米国ハイイールド債券　通貨選択型ファンド","ピムコ　ベイコクハイイールドサイケン　ツウカセンタクガタファンド","内国投資信託受益証券","5月20日","11月20日","E12444","三井住友トラスト・アセットマネジメント株式会社"
"G08677","","日本株式インデックスｅ","ニホンカブシキインデックスイー","内国投資信託受益証券","1月22日","","E12444","三井住友トラスト・アセットマネジメント株式会社"
"G08678","","外国株式インデックスｅ","ガイコクカブシキインデックスイー","内国投資信託受益証券","2月7日","","E12444","三井住友トラスト・アセットマネジメント株式会社"
"G08679","","外国債券インデックスｅ","ガイコクサイケンインデックスイー","内国投資信託受益証券","2月7日","","E12444","三井住友トラスト・アセットマネジメント株式会社"
"G08680","","日本債券インデックスｅ","ニホンサイケンインデックスイー","内国投資信託受益証券","1月22日","","E12444","三井住友トラスト・アセットマネジメント株式会社"
"G08681","","オーストラリア公社債ファンド","オーストラリアコウシャサイファンド","内国投資信託受益証券","4月20日","10月20日","E12444","三井住友トラスト・アセットマネジメント株式会社"
"G08683","","インデックスコレクション（国内債券）","インデックスコレクション　コクナイサイケン","内国投資信託受益証券","7月25日","","E12444","三井住友トラスト・アセットマネジメント株式会社"
"G08684","","インデックスコレクション（国内株式）","インデックスコレクション　コクナイカブシキ","内国投資信託受益証券","7月25日","","E12444","三井住友トラスト・アセットマネジメント株式会社"
"G08685","","インデックスコレクション（外国債券）","インデックスコレクション　ガイコクサイケン","内国投資信託受益証券","7月25日","","E12444","三井住友トラスト・アセットマネジメント株式会社"
"G08686","","インデックスコレクション（外国株式）","インデックスコレクション　ガイコクカブシキ","内国投資信託受益証券","7月25日","","E12444","三井住友トラスト・アセットマネジメント株式会社"
"G08687","","インデックスコレクション（バランス株式３０）　インデックスコレクション（バランス株式５０）　インデックスコレクション（バランス株式７０）","インデックスコレクション　バランスカブシキサンジュウ　インデックスコレクション　バランスカブシキゴジュウ　インデックスコレクション　バランスカブシキナナジュウ","内国投資信託受益証券","7月25日","","E12444","三井住友トラスト・アセットマネジメント株式会社"
"G08689","","インドネシア・ソブリン・ファンド（毎月決算型）","インドネシア　ソブリン　ファンド　マイツキケッサンガタ","内国投資信託受益証券","5月15日","11月15日","E12444","三井住友トラスト・アセットマネジメント株式会社"
"G08690","","ＳＭＴＡＭダウ・ジョーンズ　インデックスファンド（為替ヘッジあり）","エスエムティエーエムダウ　ジョーンズ　インデックスファンド　カワセヘッジアリ","内国投資信託受益証券","4月20日","","E12444","三井住友トラスト・アセットマネジメント株式会社"
"G08691","","世界インフラ関連好配当株式　通貨選択型ファンド","セカイインフラカンレンコウハイトウカブシキ　ツウカセンタクガタファンド","内国投資信託受益証券","3月17日","9月17日","E12444","三井住友トラスト・アセットマネジメント株式会社"
"G08692","","ブラジル公社債ファンド","ブラジルコウシャサイファンド","内国投資信託受益証券","1月15日","7月15日","E12444","三井住友トラスト・アセットマネジメント株式会社"
"G08694","","ピクテ・アセット・アロケーション・ファンド（毎月分配型）","ピクテアセットアロケーションファンドマイツキブンパイガタ","内国投資信託受益証券","2月15日","8月15日","E10439","ピクテ・ジャパン株式会社"
"G08697","","ジャパン・オフショア・ファンド・シリーズ－ＮＭ米国投資適格社債ファンド","ジャパンオフショアファンドシリーズエヌエムベイコクトウシテキカクシャサイファンド","外国投資信託受益証券","1月末日","","E15214","ＢＮＹメロン・インターナショナル・マネジメント・リミテッド"
"G08702","","ニッポン・オフショア・ファンズ－新興国社債オープン","ニッポンオフショアファンズシンコウコクシャサイオープン","外国投資信託受益証券","8月末日","","E15214","ＢＮＹメロン・インターナショナル・マネジメント・リミテッド"
"G08706","","日本割安株オープン","ニホンワリヤスカブオープン","内国投資信託受益証券","3月5日","","E08957","三井住友ＤＳアセットマネジメント株式会社"
"G08708","","野村ＤＣ運用戦略ファンド","ノムラディーシーウンヨウセンリャクファンド","内国投資信託受益証券","2月17日","","E12460","野村アセットマネジメント株式会社"
"G08712","","ダイワ・オーストラリア高配当株ファンド、ダイワ・オーストラリア高配当株ファンド・マネー・ポートフォリオ","ダイワオーストラリアコウハイトウカブファンドダイワオーストラリアコウハイトウカブファンドマネーポートフォリオ","内国投資信託受益証券","3月21日","9月21日","E06748","大和アセットマネジメント株式会社"
"G08721","","ＡＭＣ／ステート・ストリート・リスクバジェット型バランス・オープン（ステイブル）","エーエムシーステートストリートリスクバジェットガタバランスオープンステイブル","内国投資信託受益証券","2月20日","","E12963","ステート・ストリート・グローバル・アドバイザーズ株式会社"
"G08731","","野村エマージング・ソブリン　円投資型１２０３","ノムラエマージングソブリンエントウシガタイチニゼロサン","内国投資信託受益証券","3月24日","9月24日","E12460","野村アセットマネジメント株式会社"
"G08741","","メキシコ・ボンド・オープン（毎月決算型）","メキシコボンドオープンマイツキケッサンガタ","内国投資信託受益証券","3月22日","9月22日","E06748","大和アセットマネジメント株式会社"
"G08754","","野村グローバルＲＥＩＴプレミアム（円コース）毎月分配型、野村グローバルＲＥＩＴプレミアム（円コース）年２回決算型、野村グローバルＲＥＩＴプレミアム（通貨セレクトコース）毎月分配型、野村グローバルＲＥＩＴプレミアム（通貨セレクトコース）年２回決算型","ノムラグローバルリートプレミアムエンコースマイツキブンパイガタ　ノムラグローバルリートプレミアムエンコースネンニカイケッサンガタ　ノムラグローバルリートプレミアムツウカセレクトコースマイツキブンパイガタ　ノムラグローバルリートプレミアムツウカセレクトコースネンニカイケッサンガタ","内国投資信託受益証券","2月7日","8月7日","E12460","野村アセットマネジメント株式会社"
"G08755","15700","ＮＥＸＴ　ＦＵＮＤＳ　日経平均レバレッジ・インデックス連動型上場投信","ネクストファンズニッケイヘイキンレバレッジインデックスレンドウガタジョウジョウトウシン","内国投資信託受益証券","5月20日","","E12460","野村アセットマネジメント株式会社"
"G08756","15710","ＮＥＸＴ　ＦＵＮＤＳ　日経平均インバース・インデックス連動型上場投信","ネクストファンズニッケイヘイキンインバースインデックスレンドウガタジョウジョウトウシン","内国投資信託受益証券","5月20日","","E12460","野村アセットマネジメント株式会社"
"G08760","15680","ＴＯＰＩＸブル２倍上場投信","トピックスブルニバイジョウジョウトウシン","内国投資信託受益証券","4月3日","","E14415","シンプレクス・アセット・マネジメント株式会社"
"G08761","15690","ＴＯＰＩＸベア上場投信","トピックスベアジョウジョウトウシン","内国投資信託受益証券","4月3日","","E14415","シンプレクス・アセット・マネジメント株式会社"
"G08762","","ケネディクス・レジデンシャル・ネクスト投資法人","ケネディクスレジデンシャルネクストトウシホウジン","内国投資証券","1月末日","7月末日","E14109","ＫＤＸ不動産投資法人"
"G08763","","ＪＰＭ新興国高配当・成長株ファンド（毎月決算型）／ＪＰＭ新興国高配当・成長株ファンド（年２回決算型）","ジェイピーエムシンコウコクコウハイトウセイチョウカブファンドマイツキケッサンガタネンニカイケッサンガタ","内国投資信託受益証券","4月19日","10月19日","E06264","ＪＰモルガン・アセット・マネジメント株式会社"
"G08770","","米ドル建　ＤＷＳ　エマージング・ソブリン・ボンド・ファンド（豪ドルコース／毎月分配型）","ベイドルダテディーダブリューエスエマージングソブリンボンドファンドゴウドルコースマイツキブンパイガタ","外国投資信託受益証券","12月末日","","E14961","ＤＷＳインベストメント・エス・エー"
"G08774","","パインブリッジ日本住宅金融支援機構債ファンド","パインブリッジニホンジュウタクキンユウシエンキコウサイファンド","内国投資信託受益証券","3月15日","9月15日","E12437","パインブリッジ・インベストメンツ株式会社"
"G08775","","ＧＳグロース・マーケッツ・ファンド　株式Ａコース（米ドル売り円買い）／株式Ｂコース（為替ヘッジなし）","ジーエス　グロース　マーケッツ　ファンド　カブシキエーコース　ベイドルウリエンガイ　カブシキビーコース　カワセヘッジナシ","内国投資信託受益証券","4月17日","10月17日","E12457","ゴールドマン・サックス・アセット・マネジメント株式会社"
"G08780","","三菱ＵＦＪ／マッコーリーグローバル・インフラ債券ファンド＜為替ヘッジあり＞／＜為替ヘッジなし＞（毎月決算型）","ミツビシユーエフジェイマッコーリーグローバルインフラサイケンファンドカワセヘッジアリカワセヘッジナシマイツキケッサンガタ","内国投資信託受益証券","5月10日","11月10日","E11518","三菱ＵＦＪアセットマネジメント株式会社"
"G08781","32790","アクティビア・プロパティーズ投資法人","アクティビアプロパティーズトウシホウジン","内国投資証券","5月末日","11月末日","E26572","アクティビア・プロパティーズ投資法人"
"G08782","","ちゅうぎん日経２２５インデックスファンド","チュウギンニッケイニーニーゴインデックスファンド","内国投資信託受益証券","2月10日","","E26491","中銀アセットマネジメント株式会社"
"G08784","","インド債券ファンド（毎月分配型）","インドサイケンファンドマイツキブンパイガタ","内国投資信託受益証券","5月26日","11月26日","E08957","三井住友ＤＳアセットマネジメント株式会社"
"G08786","","米国短期ハイ・イールド・ボンド・ファンド（為替ヘッジあり）、米国短期ハイ・イールド・ボンド・ファンド（為替ヘッジなし）","ベイコクタンキハイイールドボンドファンドカワセヘッジアリ　ベイコクタンキハイイールドボンドファンドカワセヘッジナシ","内国投資信託受益証券","11月16日","","E08957","三井住友ＤＳアセットマネジメント株式会社"
"G08787","","ひふみプラス","ヒフミプラス","内国投資信託受益証券","9月30日","","E21671","レオス・キャピタルワークス株式会社"
"G08788","","野村エマージング・ソブリン　円投資型１２０５","ノムラエマージングソブリンエントウシガタイチニゼロゴ","内国投資信託受益証券","2月24日","8月24日","E12460","野村アセットマネジメント株式会社"
"G08789","","米国製造業株式ファンド","ベイコクセイゾウギョウカブシキファンド","内国投資信託受益証券","5月17日","","E13343","ＢＮＹメロン・インベストメント・マネジメント・ジャパン株式会社"
"G08793","","フィデリティ・オーストラリア配当株投信","フィデリティオーストラリアハイトウカブトウシン","内国投資信託受益証券","3月15日","9月15日","E12481","フィデリティ投信株式会社"
"G08794","","ダイワ米国厳選株ファンド　－イーグルアイ－：Ａコース（為替ヘッジあり）、Ｂコース（為替ヘッジなし）","ダイワベイコクゲンセンカブファンドイーグルアイエーコースカワセヘッジアリビーコースカワセヘッジナシ","内国投資信託受益証券","5月28日","11月28日","E06748","大和アセットマネジメント株式会社"
"G08796","","インドネシア債券ファンド","インドネシアサイケンファンド","内国投資信託受益証券","4月8日","10月8日","E12430","アモーヴァ・アセットマネジメント株式会社"
"G08797","","ニッセイオーストラリア高配当株ファンド（毎月決算型）／ニッセイマネープールファンド（豪高配当株Ｆ）","ニッセイオーストラリアコウハイトウカブファンドマイツキケッサンガタ　ニッセイマネープールファンドゴウコウハイトウカブエフ","内国投資信託受益証券","5月28日","11月28日","E12453","ニッセイアセットマネジメント株式会社"
"G08799","","ＪＰＭインドネシア債券ファンド（毎月決算型）","ジェイピーエムインドネシアサイケンファンドマイツキケッサンガタ","内国投資信託受益証券","6月6日","12月6日","E06264","ＪＰモルガン・アセット・マネジメント株式会社"
"G08801","","三菱ＵＦＪ　欧州ハイイールド債券ファンド　ユーロ円プレミアム（毎月分配型）","ミツビシユーエフジェイオウシュウハイイールドサイケンファンドユーロエンプレミアムマイツキブンパイガタ","内国投資信託受益証券","4月13日","10月13日","E11518","三菱ＵＦＪアセットマネジメント株式会社"
"G08802","","ニッセイ・ワールドスポーツ・ファンド－メダリスト－Ａコース（為替ヘッジあり）／ニッセイ・ワールドスポーツ・ファンド－メダリスト－Ｂコース（為替ヘッジなし）","ニッセイワールドスポーツファンドメダリストエーコースカワセヘッジアリ　ニッセイワールドスポーツファンドメダリストビーコースカワセヘッジナシ","内国投資信託受益証券","6月18日","","E12453","ニッセイアセットマネジメント株式会社"
"G08803","","三菱ＵＦＪ　インド債券オープン（毎月決算型）","ミツビシユーエフジェイインドサイケンオープンマイツキケッサンガタ","内国投資信託受益証券","3月18日","9月18日","E11518","三菱ＵＦＪアセットマネジメント株式会社"
"G08804","","オーストラリア・高配当株ファンド（毎月決算型）","オーストラリアコウハイトウカブファンドマイツキケッサンガタ","内国投資信託受益証券","6月5日","12月5日","E08957","三井住友ＤＳアセットマネジメント株式会社"
"G08805","","グローバル・ハイブリッド証券ファンド（為替ヘッジ型）グローバル・ハイブリッド証券ファンド（為替ノーヘッジ型）","グローバルハイブリッドショウケンファンドカワセヘッジガタグローバルハイブリッドショウケンファンドカワセノーヘッジガタ","内国投資信託受益証券","6月12日","12月12日","E08957","三井住友ＤＳアセットマネジメント株式会社"
"G08807","","野村日本高配当株プレミアム（円コース）毎月分配型、野村日本高配当株プレミアム（円コース）年２回決算型、野村日本高配当株プレミアム（通貨セレクトコース）毎月分配型、野村日本高配当株プレミアム（通貨セレクトコース）年２回決算型","ノムラニホンコウハイトウカブプレミアムエンコースマイツキブンパイガタ　ノムラニホンコウハイトウカブプレミアムエンコースネンニカイケッサンガタ　ノムラニホンコウハイトウカブプレミアムツウカセレクトコースマイツキブンパイガタ　ノムラニホンコウハイトウカブプレミアムツウカセレクトコースネンニカイケッサンガタ","内国投資信託受益証券","5月22日","11月22日","E12460","野村アセットマネジメント株式会社"
"G08808","","Ｏｎｅオーストラリアリートオープン","ワンオーストラリアリートオープン","内国投資信託受益証券","4月20日","10月20日","E10677","アセットマネジメントＯｎｅ株式会社"
"G08812","","アジア・ハイイールド債券ファンド（為替ヘッジなし）、アジア・ハイイールド債券ファンド（為替ヘッジあり）","アジア　ハイイールドサイケンファンド　カワセヘッジナシ　　アジア　ハイイールドサイケンファンド　カワセヘッジアリ","内国投資信託受益証券","5月15日","11月15日","E12430","アモーヴァ・アセットマネジメント株式会社"
"G08813","","ニッセイ豪州ハイ・インカム株式ファンド（毎月決算型）","ニッセイゴウシュウハイインカムカブシキファンドマイツキケッサンガタ","内国投資信託受益証券","5月28日","11月28日","E12453","ニッセイアセットマネジメント株式会社"
"G08816","","欧州ハイイールド債券ファンド（為替ヘッジあり）／（為替ヘッジなし）","オウシュウハイイールドサイケンファンドカワセヘッジアリカワセヘッジナシ","内国投資信託受益証券","4月13日","10月13日","E11518","三菱ＵＦＪアセットマネジメント株式会社"
"G08818","","新興国連続増配成長株オープン","シンコウコクレンゾクゾウハイセイチョウカブオープン","内国投資信託受益証券","6月10日","12月10日","E12441","ＳＢＩ岡三アセットマネジメント株式会社"
"G08820","","ダイワ日本リート・ファンド、ダイワ日本リート・ファンド・マネー・ポートフォリオ","ダイワニホンリートファンドダイワニホンリートファンドマネーポートフォリオ","内国投資信託受益証券","6月22日","","E06748","大和アセットマネジメント株式会社"
"G08828","","ダイワ先進国リートα：為替ヘッジあり（毎月分配型）、為替ヘッジなし（毎月分配型）","ダイワセンシンコクリートアルファカワセヘッジアリマイツキブンパイガタカワセヘッジナシマイツキブンパイガタ","内国投資信託受益証券","6月13日","12月13日","E06748","大和アセットマネジメント株式会社"
"G08829","","通貨選択型ダイワ先進国リートα：円ヘッジコース（毎月分配型）、通貨セレクトコース（毎月分配型）","ツウカセンタクガタダイワセンシンコクリートアルファエンヘッジコースマイツキブンパイガタツウカセレクトコースマイツキブンパイガタ","内国投資信託受益証券","6月13日","12月13日","E06748","大和アセットマネジメント株式会社"
"G08830","","みずほＡＢトラストシリーズ－みずほＵＳハイインカム・ボンド・ファンド","ミズホエービートラストシリーズミズホユーエスハイインカムボンドファンド","外国投資信託受益証券","7月末日","","E06241","アライアンス・バーンスタイン・エル・ピー"
"G08837","","ワールド・バリュー・アロケーション　Ａコース（為替ヘッジあり）／Ｂコース（為替ヘッジなし）","ワールドバリューアロケーションエーコースカワセヘッジアリビーコースカワセヘッジナシ","内国投資信託受益証券","6月5日","12月5日","E09666","アムンディ・ジャパン株式会社"
"G08838","","ニュージーランド株式ファンド","ニュージーランドカブシキファンド","内国投資信託受益証券","1月15日","7月15日","E26704","カレラアセットマネジメント株式会社"
"G08845","","ＲＳ豪ドル債券ファンド","アールエスゴウドルサイケンファンド","内国投資信託受益証券","5月17日","11月17日","E12430","アモーヴァ・アセットマネジメント株式会社"
"G08851","","ノムラ・ファンド・セレクト－ワールド・ハイ・ディビデンド・イールド・ストック・プレミアム","ノムラファンドセレクトワールドハイディビデンドイールドストックプレミアム","外国投資信託受益証券","11月17日","","E26746","グローバル・ファンズ・トラスト・カンパニー"
"G08852","","三菱ＵＦＪ　米国リートファンドＡ＜為替ヘッジあり＞（毎月決算型）","ミツビシユーエフジェイベイコクリートファンドエーカワセヘッジアリマイツキケッサンガタ","内国投資信託受益証券","6月22日","12月22日","E11518","三菱ＵＦＪアセットマネジメント株式会社"
"G08858","","三菱ＵＦＪ　ヘッジ付外国債券オープン","ミツビシユーエフジェイヘッジツキガイコクサイケンオープン","内国投資信託受益証券","6月15日","","E11518","三菱ＵＦＪアセットマネジメント株式会社"
"G08861","","コア投資戦略ファンド","コアトウシセンリャクファンド","内国投資信託受益証券","7月10日","","E12444","三井住友トラスト・アセットマネジメント株式会社"
"G08867","","オーストラリア好配当株式オープン（毎月決算型）","オーストラリアコウハイトウカブシキオープンマイツキケッサンガタ","内国投資信託受益証券","3月21日","9月21日","E06748","大和アセットマネジメント株式会社"
"G08871","","世界シェールガス株ファンド","セカイシェールガスカブファンド","内国投資信託受益証券","2月5日","8月5日","E14714","キャピタル　アセットマネジメント株式会社"
"G08875","","豪州高配当株ツインαファンド（毎月分配型）","ゴウシュウコウハイトウカブツインアルファファンドマイツキブンパイガタ","内国投資信託受益証券","1月25日","7月25日","E11764","Ｔ＆Ｄアセットマネジメント株式会社"
"G08876","","アジアリートファンド（毎月分配型）","アジアリートファンド　マイツキブンパイガタ","内国投資信託受益証券","6月14日","12月14日","E12430","アモーヴァ・アセットマネジメント株式会社"
"G08877","","ニッポン・オフショア・ファンズ－エマージング・カレンシー・ボンド・ファンド","ニッポンオフショアファンズエマージングカレンシーボンドファンド","外国投資信託受益証券","2月末日","","E15214","ＢＮＹメロン・インターナショナル・マネジメント・リミテッド"
"G08878","","米国リート・プレミアムファンド","ベイコクリートプレミアムファンド","内国投資信託受益証券","1月20日","7月20日","E11764","Ｔ＆Ｄアセットマネジメント株式会社"
"G08879","","新興国債券インデックス・オープン（ＳＭＡ専用）","シンコウコクサイケンインデックス　オープン　エスエムエーセンヨウ","内国投資信託受益証券","6月25日","","E12444","三井住友トラスト・アセットマネジメント株式会社"
"G08880","","アジア　ハイ・イールド・プラス（毎月決算型）（為替ヘッジあり）、アジア　ハイ・イールド・プラス（毎月決算型）（為替ヘッジなし）","アジアハイイールドプラスマイツキケッサンガタカワセヘッジアリ　アジアハイイールドプラスマイツキケッサンガタカワセヘッジナシ","内国投資信託受益証券","5月17日","11月17日","E12441","ＳＢＩ岡三アセットマネジメント株式会社"
"G08881","","野村エマージング・ソブリン　円投資型１２０８","ノムラエマージングソブリンエントウシガタイチニゼロハチ","内国投資信託受益証券","5月24日","11月24日","E12460","野村アセットマネジメント株式会社"
"G08882","","ＤＷＳ　グローバル公益債券ファンドＤＣ　Ａコース（為替ヘッジあり）／Ｂコース（為替ヘッジなし）","ディーダブリューエスグローバルコウエキサイケンファンドディーシーエーコースカワセヘッジアリビーコースカワセヘッジナシ","内国投資信託受益証券","4月20日","","E06458","ドイチェ・アセット・マネジメント株式会社"
"G08888","","オーストラリア・インカム株式ファンド（毎月分配型）","オーストラリア　インカムカブシキファンド　マイツキブンパイガタ","内国投資信託受益証券","2月15日","8月15日","E12430","アモーヴァ・アセットマネジメント株式会社"
"G08889","","ノーロード・パン・アジア高配当株式フォーカス（毎月分配型）","ノーロード　パン　アジアコウハイトウカブシキフォーカス　マイツキブンパイガタ","内国投資信託受益証券","2月15日","8月15日","E12430","アモーヴァ・アセットマネジメント株式会社"
"G08891","","ダイワ日本株・バリュー発掘ファンド・ヘッジ型（ダイワＳＭＡ専用）","ダイワニホンカブバリューハックツファンドヘッジガタダイワエスエムエーセンヨウ","内国投資信託受益証券","4月10日","10月10日","E06748","大和アセットマネジメント株式会社"
"G08894","","日興グラビティ・ファンド","ニッコウグラビティ　ファンド","内国投資信託受益証券","8月28日","","E12430","アモーヴァ・アセットマネジメント株式会社"
"G08896","","ＭＵＧＣ　ＧＳケイマン・ファンド－ＧＳ　オーストラリア・ハイブリッド証券ファンド","エムユージーシージーエスケイマンファンドジーエスオーストラリアハイブリッドショウケンファンド","外国投資信託受益証券","9月末日","","E15174","ルクセンブルク三菱ＵＦＪインベスターサービス銀行Ｓ．Ａ．"
"G08898","","ラッセル・インベストメント新興国増配優良株　Ａ（米ドル円ヘッジ）、ラッセル・インベストメント新興国増配優良株　Ｂ（為替ヘッジなし）","ラッセルインベストメントシンコウコクゾウハイユウリョウカブ　エー　ベイドルエンヘッジ　ラッセルインベストメントシンコウコクゾウハイユウリョウカブ　ビー　カワセヘッジナシ","内国投資信託受益証券","6月3日","12月3日","E12450","ラッセル・インベストメント株式会社"
"G08905","","ダイワ／ミレーアセット・グローバル・グレートコンシューマー株式ファンド：（為替ヘッジあり）、（為替ヘッジなし）","ダイワミレーアセットグローバルグレートコンシューマーカブシキファンドカワセヘッジアリカワセヘッジナシ","内国投資信託受益証券","3月19日","9月19日","E06748","大和アセットマネジメント株式会社"
"G08909","","ＤＩＡＭ　ＤＣ　８資産バランスファンド（新興国１０）、ＤＩＡＭ　ＤＣ　８資産バランスファンド（新興国２０）、ＤＩＡＭ　ＤＣ　８資産バランスファンド（新興国３０）","ダイアムディーシーハチシサンバランスファンドシンコウコクジュウ　ダイアムディーシーハチシサンバランスファンドシンコウコクニジュウ　ダイアムディーシーハチシサンバランスファンドシンコウコクサンジュウ","内国投資信託受益証券","1月11日","","E10677","アセットマネジメントＯｎｅ株式会社"
"G08914","","イーストスプリング・フィリピン株式オープン","イーストスプリングフィリピンカブシキオープン","内国投資信託受益証券","3月7日","9月7日","E12566","イーストスプリング・インベストメンツ株式会社"
"G08920","","ダイワ／ＮＢ・米国債券戦略ファンド：為替ヘッジあり（毎月分配型）、為替ヘッジなし（毎月分配型）","ダイワエヌビーベイコクサイケンセンリャクファンドカワセヘッジアリマイツキブンパイガタカワセヘッジナシマイツキブンパイガタ","内国投資信託受益証券","3月27日","9月27日","E06748","大和アセットマネジメント株式会社"
"G08921","","通貨選択型　ダイワ／ＮＢ・米国債券戦略ファンド：日本円コース（毎月分配型）、通貨セレクトコース（毎月分配型）","ツウカセンタクガタダイワエヌビーベイコクサイケンセンリャクファンドニホンエンコースマイツキブンパイガタツウカセレクトコースマイツキブンパイガタ","内国投資信託受益証券","3月27日","9月27日","E06748","大和アセットマネジメント株式会社"
"G08933","","ダイワ豪ドル建て高利回り証券ファンド　－予想分配金提示型－","ダイワゴウドルダテコウリマワリショウケンファンドヨソウブンパイキンテイジガタ","内国投資信託受益証券","4月17日","10月17日","E06748","大和アセットマネジメント株式会社"
"G08936","","アセアン株式オープン","アセアンカブシキオープン","内国投資信託受益証券","4月23日","10月23日","E11518","三菱ＵＦＪアセットマネジメント株式会社"
"G08937","","野村高配当インフラ関連株プレミアム（円コース）毎月分配型、野村高配当インフラ関連株プレミアム（円コース）年２回決算型、野村高配当インフラ関連株プレミアム（通貨セレクトコース）毎月分配型、野村高配当インフラ関連株プレミアム（通貨セレクトコース）年２回決算型","ノムラコウハイトウインフラカンレンカブプレミアムエンコースマイツキブンパイガタ　ノムラコウハイトウインフラカンレンカブプレミアムエンコースネンニカイケッサンガタ　ノムラコウハイトウインフラカンレンカブプレミアムツウカセレクトコースマイツキブンパイガタ　ノムラコウハイトウインフラカンレンカブプレミアムツウカセレクトコースネンニカイケッサンガタ","内国投資信託受益証券","3月23日","9月23日","E12460","野村アセットマネジメント株式会社"
"G08938","","ノムラ・ファンド・セレクト－アジア・ハイ・イールド・ボンド","ノムラファンドセレクトアジアハイイールドボンド","外国投資信託受益証券","12月22日","","E26746","グローバル・ファンズ・トラスト・カンパニー"
"G08943","","野村エマージング・ソブリン　円投資型１２１０","ノムラエマージングソブリンエントウシガタイチニイチゼロ","内国投資信託受益証券","1月24日","7月24日","E12460","野村アセットマネジメント株式会社"
"G08945","","ニッセイ／ＡＥＷ・ＵＳリートファンド為替ヘッジあり（毎月分配型）　／　ニッセイ／ＡＥＷ・ＵＳリートファンド為替ヘッジなし（毎月分配型）","ニッセイエーイーダブリューユーエスリートファンドカワセヘッジアリマイツキブンパイガタ　ニッセイエーイーダブリューユーエスリートファンドカワセヘッジナシマイツキブンパイガタ","内国投資信託受益証券","4月15日","10月15日","E12453","ニッセイアセットマネジメント株式会社"
"G08947","","ジャパン・アクティブ・セレクト・オープン","ジャパンアクティブセレクトオープン","内国投資信託受益証券","1月25日","","E08957","三井住友ＤＳアセットマネジメント株式会社"
"G08948","","日本株・アクティブ・セレクト・オープン","ニホンカブアクティブセレクトオープン","内国投資信託受益証券","1月30日","","E08957","三井住友ＤＳアセットマネジメント株式会社"
"G08951","","投資のソムリエ","トウシノソムリエ","内国投資信託受益証券","1月11日","7月11日","E10677","アセットマネジメントＯｎｅ株式会社"
"G08952","","クルーズコントロール","クルーズコントロール","内国投資信託受益証券","1月11日","7月11日","E10677","アセットマネジメントＯｎｅ株式会社"
"G08956","","ハイグレード・オセアニア・ボンド・オープン・フレックスヘッジ（毎月決算型）","ハイグレードオセアニアボンドオープンフレックスヘッジマイツキケッサンガタ","内国投資信託受益証券","3月15日","9月15日","E06748","大和アセットマネジメント株式会社"
"G08957","","三菱ＵＦＪ　国内債券インデックスファンド（確定拠出年金）","ミツビシユーエフジェイコクナイサイケンインデックスファンドカクテイキョシュツネンキン","内国投資信託受益証券","2月20日","8月20日","E11518","三菱ＵＦＪアセットマネジメント株式会社"
"G08960","","ニッセイオーストラリア利回り資産ファンド（毎月決算型）","ニッセイオーストラリアリマワリシサンファンドマイツキケッサンガタ","内国投資信託受益証券","5月28日","11月28日","E12453","ニッセイアセットマネジメント株式会社"
"G08961","","東京海上・円資産バランスファンド（毎月決算型）","トウキョウカイジョウエンシサンバランスファンド","内国投資信託受益証券","1月23日","7月23日","E06433","東京海上アセットマネジメント株式会社"
"G08963","","アジア社債ファンド　Ａコース（為替ヘッジあり）、アジア社債ファンド　Ｂコース（為替ヘッジなし）","アジアシャサイファンド　エーコース　カワセヘッジアリ　アジアシャサイファンド　ビーコース　カワセヘッジナシ","内国投資信託受益証券","4月15日","10月15日","E12430","アモーヴァ・アセットマネジメント株式会社"
"G08969","","サイエンティフィック・エクイティ・ファンド","サイエンティフィックエクイティファンド","内国投資信託受益証券","6月20日","12月20日","E09096","ブラックロック・ジャパン株式会社"
"G08971","","グローイング台湾株式ファンド","グローイングタイワンカブシキファンド","内国投資信託受益証券","3月15日","9月15日","E08957","三井住友ＤＳアセットマネジメント株式会社"
"G08972","","ステートストリート・ゴールドファンド（為替ヘッジあり）","ステート　ストリート　ゴールド　ファンド　カワセヘッジアリ","内国投資信託受益証券","8月20日","","E12963","ステート・ストリート・グローバル・アドバイザーズ株式会社"
"G08974","","野村エマージング・ソブリン　円投資型１２１１","ノムラエマージングソブリンエントウシガタイチニイチイチ","内国投資信託受益証券","5月24日","11月24日","E12460","野村アセットマネジメント株式会社"
"G08976","","三菱ＵＦＪ／マッコーリー　オーストラリア・ハイインカム債券ファンド（毎月決算型）","ミツビシユーエフジェイマッコーリーオーストラリアハイインカムサイケンファンドマイツキケッサンガタ","内国投資信託受益証券","4月7日","10月7日","E11518","三菱ＵＦＪアセットマネジメント株式会社"
"G08977","","農林中金＜パートナーズ＞Ｊ－ＲＥＩＴインデックスファンド（毎月分配型）","ノウリンチュウキン　パートナーズ　ジェイリートインデックスファンド　マイツキブンパイガタ","内国投資信託受益証券","4月23日","10月23日","E12882","農林中金全共連アセットマネジメント株式会社"
"G08984","","中国Ａ株オープン","チュウゴクエーカブオープン","内国投資信託受益証券","4月21日","10月21日","E12441","ＳＢＩ岡三アセットマネジメント株式会社"
"G08990","","スイス株式ファンド","スイスカブシキファンド","内国投資信託受益証券","6月15日","12月15日","E26704","カレラアセットマネジメント株式会社"
"G08993","","ロックフェラー・オールアメリカ株式ファンド","ロックフェラー　オールアメリカカブシキファンド","内国投資信託受益証券","9月27日","","E12430","アモーヴァ・アセットマネジメント株式会社"
"G08994","","東京海上ストラテジック・トラストー東京海上Ｒｏｇｇｅグローバル・ハイブリッド・セキュリティーズ・ファンド","トウキョウカイジョウストラテジックトラストトウキョウカイジョウロゲーグローバルハイブリッドセキュリティーズファンド","外国投資信託受益証券","2月末日","","E15174","ルクセンブルク三菱ＵＦＪインベスターサービス銀行Ｓ．Ａ．"
"G08997","32810","ＧＬＰ投資法人","ジーエルピートウシホウジン","内国投資証券","2月末日","8月末日","E27092","ＧＬＰ投資法人"
"G08998","","ブラジル高配当株オープン（毎月決算型）","ブラジルコウハイトウカブオープン　マイツキケッサンガタ","内国投資信託受益証券","4月5日","10月5日","E12444","三井住友トラスト・アセットマネジメント株式会社"
"G09002","","実績配当型金銭信託（信託のチカラ）りそな日本国債オープン","ジッセキハイトウガタキンセンシンタクシンタクノチカラリソナニホンコクサイオープン","内国信託受益証券・信託受益権","6月25日","12月25日","E03538","株式会社りそな銀行"
"G09005","","野村エマージング・ソブリン　円投資型１２１２","ノムラエマージングソブリンエントウシガタイチニイチニ","内国投資信託受益証券","3月24日","9月24日","E12460","野村アセットマネジメント株式会社"
"G09007","15720","中国Ｈ株ブル２倍上場投信","チュウゴクエイチカブブルニバイジョウジョウトウシン","内国投資信託受益証券","12月4日","","E14415","シンプレクス・アセット・マネジメント株式会社"
"G09008","15730","中国Ｈ株ベア上場投信","チュウゴクエイチカブベアジョウジョウトウシン","内国投資信託受益証券","12月4日","","E14415","シンプレクス・アセット・マネジメント株式会社"
"G09012","","フィデリティ・Ｊリート・アクティブ・ファンド","フィデリティジェイリートアクティブファンド","内国投資信託受益証券","4月24日","10月24日","E12481","フィデリティ投信株式会社"
"G09018","","アジア好利回りリート・ファンド","アジアコウリマワリリートファンド","内国投資信託受益証券","3月12日","9月12日","E08957","三井住友ＤＳアセットマネジメント株式会社"
"G09027","","ダイワ・オーストラリア高配当株α（毎月分配型）：株式αコース、通貨αコース、株式＆通貨ツインαコース","ダイワオーストラリアコウハイトウカブアルファマイツキブンパイガタカブシキアルファコースツウカアルファコースカブシキアンドツウカツインアルファコース","内国投資信託受益証券","1月17日","7月17日","E06748","大和アセットマネジメント株式会社"
"G09028","","ストラテジック・リート・ファンド　－予想分配金提示型－　Ａコース（為替ヘッジあり）、Ｂコース（為替ヘッジなし）","ストラテジックリートファンド　ヨソウブンパイキンテイジガタ　エーコースカワセヘッジアリ　ビーコースカワセヘッジナシ","内国投資信託受益証券","5月20日","11月20日","E12448","明治安田アセットマネジメント株式会社"
"G09031","","ＵＳ短期ハイ・イールド社債ファンド（為替ヘッジあり／毎月決算型）","ユーエスタンキハイイールドシャサイファンドカワセヘッジアリマイツキケッサンガタ","内国投資信託受益証券","1月5日","7月5日","E06748","大和アセットマネジメント株式会社"
"G09033","32820","コンフォリア・レジデンシャル投資法人","コンフォリアレジデンシャルトウシホウジン","内国投資証券","1月末日","7月末日","E27159","コンフォリア・レジデンシャル投資法人"
"G09040","","野村エマージング・ソブリン　円投資型１３０１","ノムラエマージングソブリンエントウシガタイチサンゼロイチ","内国投資信託受益証券","1月24日","7月24日","E12460","野村アセットマネジメント株式会社"
"G09043","","ＵＢＳ米国成長株式リスク・コントロール・ファンド","ユービーエスベイコクセイチョウカブシキリスクコントロールファンド","内国投資信託受益証券","2月14日","","E12473","ＵＢＳアセット・マネジメント株式会社"
"G09044","","ネクストコア","ネクストコア","内国投資信託受益証券","2月17日","8月17日","E12460","野村アセットマネジメント株式会社"
"G09045","","好配当グローバルＲＥＩＴプレミアム・ファンド　円ヘッジありコース、好配当グローバルＲＥＩＴプレミアム・ファンド　円ヘッジなしコース","コウハイトウグローバルリートプレミアム　ファンド　エンヘッジアリコース　コウハイトウグローバルリートプレミアム　ファンド　エンヘッジナシコース","内国投資信託受益証券","6月18日","12月18日","E12434","ＳＯＭＰＯアセットマネジメント株式会社"
"G09046","","好配当グローバルＲＥＩＴプレミアム・ファンド　通貨セレクトコース","コウハイトウグローバルリートプレミアム　ファンド　ツウカセレクトコース","内国投資信託受益証券","6月18日","12月18日","E12434","ＳＯＭＰＯアセットマネジメント株式会社"
"G09050","","アジアＲＥＩＴ・リサーチ・オープン（毎月決算型）","アジアリート　リサーチ　オープン　マイツキケッサンガタ","内国投資信託受益証券","1月14日","7月14日","E12444","三井住友トラスト・アセットマネジメント株式会社"
"G09051","","日興ピムコ・ハイインカム・ソブリン・ファンド毎月分配型（メキシコペソコース）","ニッコウピムコ　ハイインカム　ソブリン　ファンドマイツキブンパイガタ　メキシコペソコース","内国投資信託受益証券","1月15日","7月15日","E12430","アモーヴァ・アセットマネジメント株式会社"
"G09054","32830","日本プロロジスリート投資法人","ニッポンプロロジスリートトウシホウジン","内国投資証券","5月末日","11月末日","E27230","日本プロロジスリート投資法人"
"G09056","","カレラＪリートファンド","カレラジェイリートファンド","内国投資信託受益証券","2月15日","8月15日","E26704","カレラアセットマネジメント株式会社"
"G09057","","ピクテ・アセット・アロケーション・ファンド（１年決算型）","ピクテアセットアロケーションファンドイチネンケッサンガタ","内国投資信託受益証券","8月15日","","E10439","ピクテ・ジャパン株式会社"
"G09058","","野村ＤＣテンプルトン・トータル・リターン　Ａコース、野村ＤＣテンプルトン・トータル・リターン　Ｂコース","ノムラディーシーテンプルトントータルリターンエーコース　ノムラディーシーテンプルトントータルリターンビーコース","内国投資信託受益証券","11月13日","","E12460","野村アセットマネジメント株式会社"
"G09060","","ＧＳアジア・ハイ・イールド債券ファンド　米ドルコース／円コース","ジーエスアジアハイイールドサイケンファンド　ベイドルコース　エンコース","内国投資信託受益証券","4月25日","10月25日","E12457","ゴールドマン・サックス・アセット・マネジメント株式会社"
"G09069","","ＤＣニッセイ日本株グロースファンド","ディーシーニッセイニホンカブグロースファンド","内国投資信託受益証券","2月25日","","E12453","ニッセイアセットマネジメント株式会社"
"G09071","","ＤＷＳ　グローバル・ユーティリティ・ボンド・マスター・ファンド","ディーダブリューエスグローバルユーティリティボンドマスターファンド","外国投資信託受益証券","9月末日","","E14961","ＤＷＳインベストメント・エス・エー"
"G09073","","野村エマージング・ソブリン　円投資型１３０２","ノムラエマージングソブリンエントウシガタイチサンゼロニ","内国投資信託受益証券","5月24日","11月24日","E12460","野村アセットマネジメント株式会社"
"G09080","","メキシコ債券ファンド（資産成長型）","メキシコサイケンファンドシサンセイチョウガタ","内国投資信託受益証券","2月26日","","E08957","三井住友ＤＳアセットマネジメント株式会社"
"G09081","","メキシコ債券ファンド（毎月分配型）","メキシコサイケンファンドマイツキブンパイガタ","内国投資信託受益証券","2月26日","8月26日","E08957","三井住友ＤＳアセットマネジメント株式会社"
"G09083","","ＨＳＢＣメキシコ株式オープン","エイチエスビーシーメキシコカブシキオープン","内国投資信託受益証券","3月15日","","E12492","ＨＳＢＣアセットマネジメント株式会社"
"G09085","","ＤＣニッセイ安定収益追求ファンド","ディーシーニッセイアンテイシュウエキツイキュウファンド","内国投資信託受益証券","12月24日","","E12453","ニッセイアセットマネジメント株式会社"
"G09094","","三菱ＵＦＪ／マッコーリー米国ハイインカムリートファンド＜為替ヘッジあり＞／＜為替ヘッジなし＞（毎月決算型）","ミツビシユーエフジェイマッコーリーベイコクハイインカムリートファンドカワセヘッジアリカワセヘッジナシマイツキケッサンガタ","内国投資信託受益証券","6月14日","12月14日","E11518","三菱ＵＦＪアセットマネジメント株式会社"
"G09097","","三井住友マネー・リザーブ・ファンド（三井住友ＭＲＦ）","ミツイスミトモマネーリザーブファンドミツイスミトモエムアールエフ","内国投資信託受益証券","2月28日","8月31日","E08957","三井住友ＤＳアセットマネジメント株式会社"
"G09098","","三井住友・ＤＣ外国債券インデックスファンド","ミツイスミトモディーシーガイコクサイケンインデックスファンド","内国投資信託受益証券","3月31日","","E08957","三井住友ＤＳアセットマネジメント株式会社"
"G09099","","ＤＣトヨタ自動車／トヨタグループ株式ファンド","ディーシートヨタジドウシャトヨタグループカブシキファンド","内国投資信託受益証券","11月13日","","E08957","三井住友ＤＳアセットマネジメント株式会社"
"G09104","","三井住友ＤＳ・海外株式ＥＴＦファンド","ミツイスミトモディーエスカイガイカブシキイーティーエフファンド","内国投資信託受益証券","4月5日","","E08957","三井住友ＤＳアセットマネジメント株式会社"
"G09107","","三井住友・国債プラスファンド（毎月分配型）","ミツイスミトモコクサイプラスファンドマイツキブンパイガタ","内国投資信託受益証券","6月20日","12月20日","E08957","三井住友ＤＳアセットマネジメント株式会社"
"G09110","","中部経済圏株式ファンド","チュウブケイザイケンカブシキファンド","内国投資信託受益証券","10月16日","","E08957","三井住友ＤＳアセットマネジメント株式会社"
"G09112","","三井住友・配当フォーカスオープン","ミツイスミトモハイトウフォーカスオープン","内国投資信託受益証券","1月25日","","E08957","三井住友ＤＳアセットマネジメント株式会社"
"G09113","","トヨタ自動車／トヨタグループ株式ファンド","トヨタジドウシャトヨタグループカブシキファンド","内国投資信託受益証券","11月13日","","E08957","三井住友ＤＳアセットマネジメント株式会社"
"G09115","","ダイワ・ライジング・タイランド株式ファンド","ダイワライジングタイランドカブシキファンド","内国投資信託受益証券","2月27日","8月27日","E06748","大和アセットマネジメント株式会社"
"G09117","","プレミアム・ファンズ　グローバル・コーポレート・ボンド","プレミアムファンズグローバルコーポレートボンド","外国投資信託受益証券","8月末日","","E14853","ＳＭＢＣ日興インベストメント・ファンド・マネジメント・カンパニー・エス・エイ"
"G09119","","日興・新経済成長国エクイティ・ファンド","ニッコウシンケイザイセイチョウコクエクイティファンド","内国投資信託受益証券","3月20日","","E08957","三井住友ＤＳアセットマネジメント株式会社"
"G09123","","ＣｈｉｎａＡＭＣ　ＣＳＩ　３００　Ｉｎｄｅｘ　ＥＴＦ－ＪＤＲ","チャイナエーエムシー　シーエスアイ　サンビャク　インデックス　イーティーエフ　ジェーディーアール","外国信託受益証券・信託受益権","12月末日","","E27312","チャイナ・アセット・マネジメント（香港）・リミテッド"
"G09125","","ＢＮＹメロン・リアル・リターン・ファンド　Ａコース（為替ヘッジあり）／Ｂコース（為替ヘッジなし）","ビーエヌワイメロンリアルリターンファンド　エーコースカワセヘッジアリ　ビーコースカワセヘッジナシ","内国投資信託受益証券","3月17日","","E13343","ＢＮＹメロン・インベストメント・マネジメント・ジャパン株式会社"
"G09126","","ピムコ世界債券戦略ファンド（毎月決算型）　Ａコース（為替ヘッジあり）／ピムコ世界債券戦略ファンド（毎月決算型）　Ｂコース（為替ヘッジなし）","ピムコセカイサイケンセンリャクファンドマイツキケッサンガタ　エーコース　カワセヘッジアリ　ピムコセカイサイケンセンリャクファンドマイツキケッサンガタ　ビーコース　カワセヘッジナシ","内国投資信託受益証券","3月17日","9月17日","E12453","ニッセイアセットマネジメント株式会社"
"G09127","","＜中京＞アジア・オセアニア債券オープン（環境応援寄附付）","チュウキョウアジアオセアニアサイケンオープンカンキョウオウエンキフツキ","内国投資信託受益証券","1月20日","7月20日","E12441","ＳＢＩ岡三アセットマネジメント株式会社"
"G09129","","Ｊリート・アジアミックス・オープン（毎月決算型）","ジェイリートアジアミックスオープンマイツキケッサンガタ","内国投資信託受益証券","3月17日","9月17日","E08957","三井住友ＤＳアセットマネジメント株式会社"
"G09133","15770","ＮＥＸＴ　ＦＵＮＤＳ　野村日本株高配当７０連動型上場投信","ネクストファンズノムラニホンカブコウハイトウナナジュウレンドウガタジョウジョウトウシン","内国投資信託受益証券","4月7日","10月7日","E12460","野村アセットマネジメント株式会社"
"G09135","","ダイワ／フィデリティ北米株式ファンド　－パラダイムシフト－","ダイワフィデリティホクベイカブシキファンドパラダイムシフト","内国投資信託受益証券","3月18日","","E06748","大和アセットマネジメント株式会社"
"G09136","","ＵＳストラテジック・インカム・ファンド　Ａコース（為替ヘッジあり）、ＵＳストラテジック・インカム・ファンド　Ｂコース（為替ヘッジなし）","ユーエスストラテジックインカムファンドエーコースカワセヘッジアリ　ユーエスストラテジックインカムファンドビーコースカワセヘッジナシ","内国投資信託受益証券","2月23日","8月23日","E10677","アセットマネジメントＯｎｅ株式会社"
"G09139","","メキシコ株式ファンド","メキシコカブシキファンド","内国投資信託受益証券","3月15日","9月15日","E26704","カレラアセットマネジメント株式会社"
"G09140","","野村エマージング・ソブリン　円投資型１３０３","ノムラエマージングソブリンエントウシガタイチサンゼロサン","内国投資信託受益証券","3月24日","9月24日","E12460","野村アセットマネジメント株式会社"
"G09141","","ノムラ・ファンド・セレクト－ターキッシュ・ボンド","ノムラファンドセレクトターキッシュボンド","外国投資信託受益証券","8月末日","","E26746","グローバル・ファンズ・トラスト・カンパニー"
"G09143","","ウエスタン・アセット・オフショア・ファンド・シリーズ　－　ＷＡ　バンクローン・ファンド（マルチ・カレンシー型）","ウエスタンアセットオフショアファンドシリーズダブリュエーバンクローンファンドマルチカレンシーガタ","外国投資信託受益証券","3月末日","","E24736","ウエスタン・アセット・マネジメント・カンパニー・リミテッド"
"G09144","","ＡＬＡＭＣＯ・ＭＳＣＩ・グローイング・アセアン株式ファンド","アラムコエムエスシーアイグローイングアセアンカブシキファンド","内国投資信託受益証券","1月18日","7月18日","E12447","朝日ライフ　アセットマネジメント株式会社"
"G09146","","利回り株チャンス１３－０３（年４回決算型）","リマワリカブチャンスジュウサンゼロサンネンヨンカイケッサンガタ","内国投資信託受益証券","1月15日","7月15日","E06748","大和アセットマネジメント株式会社"
"G09153","","楽天みらいファンド","ラクテンミライファンド","内国投資信託受益証券","1月20日","","E15787","楽天投信投資顧問株式会社"
"G09154","15780","上場インデックスファンド日経２２５（ミニ）","ジョウジョウインデックスファンドニッケイニーニーゴ　ミニ","内国投資信託受益証券","1月8日","7月8日","E12430","アモーヴァ・アセットマネジメント株式会社"
"G09159","","高格付債券ファンド（為替ヘッジ７０）資産成長型","コウカクヅケサイケンファンド　カワセヘッジナナジュウ　シサンセイチョウガタ","内国投資信託受益証券","1月10日","","E12430","アモーヴァ・アセットマネジメント株式会社"
"G09160","","高格付債券ファンド（為替ヘッジ７０）毎月分配型","コウカクヅケサイケンファンド　カワセヘッジナナジュウ　マイツキブンパイガタ","内国投資信託受益証券","1月10日","7月10日","E12430","アモーヴァ・アセットマネジメント株式会社"
"G09161","","ファイン・ブレンド（資産成長型）","ファイン　ブレンド　シサンセイチョウガタ","内国投資信託受益証券","3月8日","","E12430","アモーヴァ・アセットマネジメント株式会社"
"G09162","","ファイン・ブレンド（毎月分配型）","ファイン　ブレンド　マイツキブンパイガタ","内国投資信託受益証券","3月8日","9月8日","E12430","アモーヴァ・アセットマネジメント株式会社"
"G09163","","日興ＪＰＭ環太平洋ディスカバリー・ファンド","ニッコウジェイピーエムカンタイヘイヨウディスカバリーファンド","内国投資信託受益証券","12月20日","","E06264","ＪＰモルガン・アセット・マネジメント株式会社"
"G09164","","ＪＰＭ北米高配当・成長株ファンド（為替ヘッジなし、３ヵ月決算型）／ＪＰＭ北米高配当・成長株ファンド（米ドル対円ヘッジあり、３ヵ月決算型）／ＪＰＭ北米高配当・成長株ファンド（為替ヘッジなし、年２回決算型）／ＪＰＭ北米高配当・成長株ファンド（米ドル対円ヘッジあり、年２回決算型）","ジェイピーエムホクベイコウハイトウセイチョウカブファンドカワセヘッジナシサンカゲツケッサンガタジェイピーエムホクベイコウハイトウセイチョウカブファンドベイドルタイエンヘッジアリサンカゲツケッサンガタジェイピーエムホクベイコウハイトウセイチョウカブファンドカワセヘッジナシネンニカイケッサンガタジェイピーエムホクベイコウハイトウセイチョウカブファンドベイドルタイエンヘッジアリネンニカイケッサンガタ","内国投資信託受益証券","2月26日","8月26日","E06264","ＪＰモルガン・アセット・マネジメント株式会社"
"G09172","","分散投資コア戦略ファンド","ブンサントウシコアセンリャクファンド","内国投資信託受益証券","7月10日","","E12444","三井住友トラスト・アセットマネジメント株式会社"
"G09176","","野村ＤＣ運用戦略ファンド（マイルド）","ノムラディーシーウンヨウセンリャクファンドマイルド","内国投資信託受益証券","2月17日","","E12460","野村アセットマネジメント株式会社"
"G09178","","野村Ｊリートファンド","ノムラジェイリートファンド","内国投資信託受益証券","1月6日","7月6日","E12460","野村アセットマネジメント株式会社"
"G09180","","ダイワ・ライジング・アセアン株式ファンド","ダイワライジングアセアンカブシキファンド","内国投資信託受益証券","4月15日","10月15日","E06748","大和アセットマネジメント株式会社"
"G09183","","ＤＩＡＭ－ジャナス　グローバル債券コアプラス・ファンド＜ＤＣ年金＞","ダイアムジャナスグローバルサイケンコアプラスファンドディーシーネンキン","内国投資信託受益証券","4月18日","","E10677","アセットマネジメントＯｎｅ株式会社"
"G09185","","みのりの投信","ミノリノトウシン","内国投資信託受益証券","3月末日","","E27426","株式会社ポートフォリア"
"G09186","","オランダ株式ファンド","オランダカブシキファンド","内国投資信託受益証券","4月15日","10月15日","E26704","カレラアセットマネジメント株式会社"
"G09191","","ＥＸＥ－ｉ　先進国株式ファンド","エグゼアイセンシンコクカブシキファンド","内国投資信託受益証券","5月12日","","E13447","ＳＢＩアセットマネジメント株式会社"
"G09192","","ＥＸＥ－ｉ　新興国株式ファンド","エグゼアイシンコウコクカブシキファンド","内国投資信託受益証券","5月12日","","E13447","ＳＢＩアセットマネジメント株式会社"
"G09193","","ＳＢＩ・ｉシェアーズ・全世界債券インデックス・ファンド","エスビーアイ　アイシェアーズ　ゼンセカイサイケンインデックス　ファンド","内国投資信託受益証券","5月12日","","E13447","ＳＢＩアセットマネジメント株式会社"
"G09194","","ＥＸＥ－ｉ　全世界ＲＥＩＴファンド","エグゼアイゼンセカイリートファンド","内国投資信託受益証券","5月12日","","E13447","ＳＢＩアセットマネジメント株式会社"
"G09196","","ＥＸＥ－ｉ　全世界中小型株式ファンド","エグゼアイゼンセカイチュウコガタカブシキファンド","内国投資信託受益証券","5月12日","","E13447","ＳＢＩアセットマネジメント株式会社"
"G09197","","日本債券ベアファンド（５倍型）","ニホンサイケンベアファンドゴバイガタ","内国投資信託受益証券","4月11日","","E11764","Ｔ＆Ｄアセットマネジメント株式会社"
"G09199","","債券総合型ファンド（為替ヘッジあり）　債券総合型ファンド（為替ヘッジなし）","サイケンソウゴウガタファンド　カワセヘッジアリ　サイケンソウゴウガタファンド　カワセヘッジナシ","内国投資信託受益証券","4月10日","10月10日","E12444","三井住友トラスト・アセットマネジメント株式会社"
"G09200","","シェール関連株オープン","シェールカンレンカブオープン","内国投資信託受益証券","4月9日","10月9日","E12441","ＳＢＩ岡三アセットマネジメント株式会社"
"G09202","","野村カルミニャック・ファンド　Ａコース、野村カルミニャック・ファンド　Ｂコース","ノムラカルミニャックファンドエーコース　ノムラカルミニャックファンドビーコース","内国投資信託受益証券","5月13日","11月13日","E12460","野村アセットマネジメント株式会社"
"G09203","","東京海上・ジャパン・オーナーズ株式オープン","トウキョウカイジョウジャパンオーナーズカブシキオープン","内国投資信託受益証券","1月18日","7月18日","E06433","東京海上アセットマネジメント株式会社"
"G09206","","コドモファンド","コドモファンド","内国投資信託受益証券","2月25日","","E15786","株式会社パリミキアセットマネジメント"
"G09217","","アメリカ高配当株オープン（毎月決算型）　アメリカ高配当株オープン（年２回決算型）","アメリカコウハイトウカブオープン　マイツキケッサンガタ　アメリカコウハイトウカブオープン　ネンニカイケッサンガタ","内国投資信託受益証券","3月5日","9月5日","E12444","三井住友トラスト・アセットマネジメント株式会社"
"G09226","","フィデリティ・ストラテジック・インカム・ファンド（資産成長型）Ｃコース（為替ヘッジ付き）　フィデリティ・ストラテジック・インカム・ファンド（資産成長型）Ｄコース（為替ヘッジなし）","フィデリティストラテジックインカムファンドシサンセイチョウガタシーコースカワセヘッジツキ　フィデリティストラテジックインカムファンドシサンセイチョウガタディーコースカワセヘッジナシ","内国投資信託受益証券","1月20日","","E12481","フィデリティ投信株式会社"
"G09227","","アジアＲＥＩＴオープン（毎月分配型）","アジアリートオープン　マイツキブンパイガタ","内国投資信託受益証券","6月14日","12月14日","E12430","アモーヴァ・アセットマネジメント株式会社"
"G09228","","野村インデックスファンド・外国株式・為替ヘッジ型","ノムラインデックスファンドガイコクカブシキカワセヘッジガタ","内国投資信託受益証券","9月6日","","E12460","野村アセットマネジメント株式会社"
"G09229","","米国エネルギー革命関連ファンド　Ａコース（為替ヘッジあり）、米国エネルギー革命関連ファンド　Ｂコース（為替ヘッジなし）","ベイコクエネルギーカクメイカンレンファンドエーコースカワセヘッジアリ　ベイコクエネルギーカクメイカンレンファンドビーコースカワセヘッジナシ","内国投資信託受益証券","5月27日","11月27日","E12460","野村アセットマネジメント株式会社"
"G09231","15790","日経平均ブル２倍上場投信","ニッケイヘイキンブルニバイジョウジョウトウシン","内国投資信託受益証券","4月3日","","E14415","シンプレクス・アセット・マネジメント株式会社"
"G09232","15800","日経平均ベア上場投信","ニッケイヘイキンベアジョウジョウトウシン","内国投資信託受益証券","4月3日","","E14415","シンプレクス・アセット・マネジメント株式会社"
"G09235","","ダイワ／ミレーアセット・アジア・セクターリーダー株ファンド","ダイワミレーアセットアジアセクターリーダーカブファンド","内国投資信託受益証券","5月22日","11月22日","E06748","大和アセットマネジメント株式会社"
"G09236","","スマート・ミックス・Ｄガード（為替ヘッジあり）","スマートミックスディーガードカワセヘッジアリ","内国投資信託受益証券","5月8日","","E06748","大和アセットマネジメント株式会社"
"G09241","","次世代米国代表株ファンド","ジセダイベイコクダイヒョウカブファンド","内国投資信託受益証券","3月7日","9月7日","E11518","三菱ＵＦＪアセットマネジメント株式会社"
"G09242","","Ｏｎｅ新興企業日本株ファンド","ワンシンコウキギョウニホンカブファンド","内国投資信託受益証券","5月15日","","E10677","アセットマネジメントＯｎｅ株式会社"
"G09245","","フィデリティ・ＵＳハイ・イールド・ファンド（資産成長型）Ｄ（為替ヘッジなし）","フィデリティユーエスハイイールドファンドシサンセイチョウガタディーカワセヘッジナシ","内国投資信託受益証券","5月22日","","E12481","フィデリティ投信株式会社"
"G09246","","日本復活成長株ファンド","ニッポンフッカツセイチョウカブファンド","内国投資信託受益証券","5月17日","","E13343","ＢＮＹメロン・インベストメント・マネジメント・ジャパン株式会社"
"G09248","","ＭＵＧＣ　ＧＳケイマン・ファンド－ＧＳエマージング・ハイ・イールド債券ファンド（マルチ・カレンシー型）","エムユージーシージーエスケイマンファンドジーエスエマージングハイイールドサイケンファンドマルチカレンシーガタ","外国投資信託受益証券","9月末日","","E15174","ルクセンブルク三菱ＵＦＪインベスターサービス銀行Ｓ．Ａ．"
"G09249","","ＧＳ米国成長株集中投資ファンド　毎月決算コース／年４回決算コース","ジーエスベイコクセイチョウカブシュウチュウトウシファンド　マイツキケッサンコース　ネンヨンカイケッサンコース","内国投資信託受益証券","2月10日","8月10日","E12457","ゴールドマン・サックス・アセット・マネジメント株式会社"
"G09252","","日本株・市場リスクコントロールファンド","ニホンカブ　シジョウリスクコントロールファンド","内国投資信託受益証券","3月15日","9月15日","E12434","ＳＯＭＰＯアセットマネジメント株式会社"
"G09253","","インフラ関連好配当資産ファンド（毎月決算型）（円投資型）／インフラ関連好配当資産ファンド（毎月決算型）（米ドル投資型）／インフラ関連好配当資産ファンド（毎月決算型）（豪ドル投資型）","インフラカンレンコウハイトウシサンファンドマイツキケッサンガタエントウシガタ　インフラカンレンコウハイトウシサンファンドマイツキケッサンガタベイドルトウシガタ　インフラカンレンコウハイトウシサンファンドマイツキケッサンガタゴウドルトウシガタ","内国投資信託受益証券","5月14日","11月14日","E12441","ＳＢＩ岡三アセットマネジメント株式会社"
"G09256","","日興エドモン・ドゥ・ロスチャイルド・ラグジュアリーファンド","ニッコウエドモンドゥロスチャイルドラグジュアリーファンド","内国投資信託受益証券","6月26日","","E08957","三井住友ＤＳアセットマネジメント株式会社"
"G09259","","ＤＩＡＭシェール株ファンド","ダイアムシェールカブファンド","内国投資信託受益証券","6月12日","","E10677","アセットマネジメントＯｎｅ株式会社"
"G09263","","ＲＳ日本株式ファンド","アールエスニホンカブシキファンド","内国投資信託受益証券","6月16日","","E12430","アモーヴァ・アセットマネジメント株式会社"
"G09268","","ダイワ日本株ストラテジーα（通貨選択型）　－ジャパン・トリプルリターンズ－：日本円・コース（毎月分配型）、豪ドル・コース（毎月分配型）、ブラジル・レアル・コース（毎月分配型）、米ドル・コース（毎月分配型）、通貨セレクト・コース（毎月分配型）","ダイワニホンカブストラテジーアルファツウカセンタクガタジャパントリプルリターンズニホンエンコースマイツキブンパイガタゴウドルコースマイツキブンパイガタブラジルレアルコースマイツキブンパイガタベイドルコースマイツキブンパイガタツウカセレクトコースマイツキブンパイガタ","内国投資信託受益証券","6月8日","12月8日","E06748","大和アセットマネジメント株式会社"
"G09269","","シュローダー・インカムアセット・アロケーション（毎月決算型）　Ａコース（為替ヘッジなし）、シュローダー・インカムアセット・アロケーション（毎月決算型）　Ｂコース（為替ヘッジあり）","シュローダーインカムアセットアロケーションマイツキケッサンガタエーコースカワセヘッジナシシュローダーインカムアセットアロケーションマイツキケッサンガタビーコースカワセヘッジアリ","内国投資信託受益証券","6月3日","12月3日","E12586","シュローダー・インベストメント・マネジメント株式会社"
"G09272","","グローバル・リート・トリプル・プレミアム・ファンド（毎月分配型）（愛称：トリプル・プレミアム）","グローバル　リート　トリプル　プレミアム　ファンド　マイツキブンパイガタ　アイショウ　トリプル　プレミアム","内国投資信託受益証券","6月17日","12月17日","E13447","ＳＢＩアセットマネジメント株式会社"
"G09274","","日本経済『大転換』ファンド","ニホンケイザイダイテンカンファンド","内国投資信託受益証券","3月12日","9月12日","E10677","アセットマネジメントＯｎｅ株式会社"
"G09277","","イーストスプリング・タイ株式オープン","イーストスプリングタイカブシキオープン","内国投資信託受益証券","6月10日","12月10日","E12566","イーストスプリング・インベストメンツ株式会社"
"G09278","","三菱ＵＦＪ　米国高配当株式プラス＜為替ヘッジあり＞／＜為替ヘッジなし＞（毎月決算型）","ミツビシユーエフジェイベイコクコウハイトウカブシキプラスカワセヘッジアリカワセヘッジナシマイツキケッサンガタ","内国投資信託受益証券","4月24日","10月24日","E11518","三菱ＵＦＪアセットマネジメント株式会社"
"G09282","","スマート・ミックス・Ｄガード（為替ヘッジなし）","スマートミックスディーガードカワセヘッジナシ","内国投資信託受益証券","5月8日","","E06748","大和アセットマネジメント株式会社"
"G09284","","フィデリティ・ＵＳリート・ファンド（資産成長型）Ｃ（為替ヘッジあり）　フィデリティ・ＵＳリート・ファンド（資産成長型）Ｄ（為替ヘッジなし）","フィデリティユーエスリートファンドシサンセイチョウガタシーカワセヘッジアリ　フィデリティユーエスリートファンドシサンセイチョウガタデーカワセヘッジナシ","内国投資信託受益証券","3月15日","","E12481","フィデリティ投信株式会社"
"G09286","","ノーロード・シンガポール高配当株式フォーカス（毎月分配型）","ノーロード　シンガポールコウハイトウカブシキフォーカス　マイツキブンパイガタ","内国投資信託受益証券","6月15日","12月15日","E12430","アモーヴァ・アセットマネジメント株式会社"
"G09288","","ニッセイＪリートインデックスファンド＜購入・換金手数料なし＞","ニッセイジェイリートインデックスファンドコウニュウカンキンテスウリョウナシ","内国投資信託受益証券","5月12日","","E12453","ニッセイアセットマネジメント株式会社"
"G09289","","野村エマージング債券プレミアム毎月分配型、野村エマージング債券プレミアム年２回決算型","ノムラエマージングサイケンプレミアムマイツキブンパイガタ　ノムラエマージングサイケンプレミアムネンニカイケッサンガタ","内国投資信託受益証券","5月27日","11月27日","E12460","野村アセットマネジメント株式会社"
"G09290","","ＤＷＳ　グローバル・ユーティリティ・ボンド・マスター・ファンド（年１回分配型）","ディーダブリューエスグローバルユーティリティボンドマスターファンドネンイチカイブンパイガタ","外国投資信託受益証券","9月末日","","E14961","ＤＷＳインベストメント・エス・エー"
"G09291","32870","星野リゾート・リート投資法人","ホシノリゾートリートトウシホウジン","内国投資証券","4月末日","10月末日","E27652","星野リゾート・リート投資法人"
"G09293","","新経済成長ジャパン","シンケイザイセイチョウジャパン","内国投資信託受益証券","6月17日","12月17日","E12441","ＳＢＩ岡三アセットマネジメント株式会社"
"G09294","","米国成長株式ファンド","ベイコクセイチョウカブシキファンド","内国投資信託受益証券","6月26日","","E12444","三井住友トラスト・アセットマネジメント株式会社"
"G09296","","ＭＵＧＣ／フィデリティ・トラスト－フィデリティ・北米経済圏・新成長株式ファンド","エムユージーシーフィデリティトラストフィデリティホクベイケイザイケンシンセイチョウカブシキファンド","外国投資信託受益証券","5月末日","","E30992","ルクセンブルク三菱ＵＦＪインベスターサービス銀行Ｓ．Ａ．"
"G09299","","野村通貨選択日本株投信","ノムラツウカセンタクニホンカブトウシン","内国投資信託受益証券","5月22日","11月22日","E12460","野村アセットマネジメント株式会社"
"G09302","","ニッセイＪリートオープン（年１回決算型）","ニッセイジェイリートオープンネンイッカイケッサンガタ","内国投資信託受益証券","5月12日","","E12453","ニッセイアセットマネジメント株式会社"
"G09303","","ニッセイアジア好配当株式ファンド（年１回決算型）","ニッセイアジアコウハイトウカブシキファンドネンイッカイケッサンガタ","内国投資信託受益証券","2月10日","","E12453","ニッセイアセットマネジメント株式会社"
"G09308","","ＪＰＭジャパンマイスター","ジェイピーエムジャパンマイスター","内国投資信託受益証券","7月11日","","E06264","ＪＰモルガン・アセット・マネジメント株式会社"
"G09310","","米国国債ファンド（年１回決算型）：為替ヘッジあり、為替ヘッジなし、フレックスヘッジ","ベイコクコクサイファンドネンイッカイケッサンガタカワセヘッジアリカワセヘッジナシフレックスヘッジ","内国投資信託受益証券","3月26日","","E06748","大和アセットマネジメント株式会社"
"G09311","","高利回り社債オープン・為替ヘッジ（年１回決算型）高利回り社債オープン（年１回決算型）","コウリマワリシャサイオープンカワセヘッジネンイチカイケッサンガタコウリマワリシャサイオープンネンイチカイケッサンガタ","内国投資信託受益証券","11月5日","","E12460","野村アセットマネジメント株式会社"
"G09312","","野村新興国債券投信・為替ヘッジあり（年１回決算型）野村新興国債券投信・為替ヘッジなし（年１回決算型）","ノムラシンコウコクサイケントウシンカワセヘッジアリネンイチカイケッサンガタノムラシンコウコクサイケントウシンカワセヘッジナシネンイチカイケッサンガタ","内国投資信託受益証券","3月5日","","E12460","野村アセットマネジメント株式会社"
"G09313","","日興グラビティ・グローバル・ファンド","ニッコウグラビティ　グローバル　ファンド","内国投資信託受益証券","7月12日","","E12430","アモーヴァ・アセットマネジメント株式会社"
"G09314","","ノーロードＪリート・フォーカス（毎月分配型）","ノーロードジェイリート　フォーカス　マイツキブンパイガタ","内国投資信託受益証券","6月15日","12月15日","E12430","アモーヴァ・アセットマネジメント株式会社"
"G09315","","ピムコ世界債券戦略ファンド（年１回決算型）　Ｃコース（為替ヘッジあり）／ピムコ世界債券戦略ファンド（年１回決算型）　Ｄコース（為替ヘッジなし）","ピムコセカイサイケンセンリャクファンド　ネンイッカイケッサンガタ　シーコース　　カワセヘッジアリ　ピムコセカイサイケンセンリャクファンド　ネンイッカイケッサンガタ　ディーコース　　カワセヘッジナシ","内国投資信託受益証券","3月17日","","E12453","ニッセイアセットマネジメント株式会社"
"G09317","","通貨選択型ニッセイ世界高配当株ファンド（毎月決算型）／通貨選択型ニッセイ世界高配当株ファンド（年２回決算型）","ツウカセンタクガタニッセイセカイコウハイトウカブファンドマイツキケッサンガタ　ツウカセンタクガタニッセイセカイコウハイトウカブファンドネンニカイケッサンガタ","内国投資信託受益証券","1月20日","7月20日","E12453","ニッセイアセットマネジメント株式会社"
"G09319","","ニッセイ世界高配当株ファンド（毎月決算型）／ニッセイ世界高配当株ファンド（年２回決算型）","ニッセイセカイコウハイトウカブファンドマイツキケッサンガタ　ニッセイセカイコウハイトウカブファンドネンニカイケッサンガタ","内国投資信託受益証券","1月20日","7月20日","E12453","ニッセイアセットマネジメント株式会社"
"G09327","","コアバランス","コアバランス","内国投資信託受益証券","5月12日","","E11518","三菱ＵＦＪアセットマネジメント株式会社"
"G09328","","ＪＰＭグローバル医療関連株式ファンド","ジェイピーエムグローバルイリョウカンレンカブシキファンド","内国投資信託受益証券","1月25日","7月25日","E06264","ＪＰモルガン・アセット・マネジメント株式会社"
"G09329","","みずほジャパン・アクティブ・ストラテジー（通貨選択型）","ミズホジャパンアクティブストラテジーツウカセンタクガタ","内国投資信託受益証券","5月21日","11月21日","E10677","アセットマネジメントＯｎｅ株式会社"
"G09332","","短期ロシアルーブル債オープン（毎月分配型）","タンキロシアルーブルサイオープンマイツキブンパイガタ","内国投資信託受益証券","4月25日","10月25日","E11518","三菱ＵＦＪアセットマネジメント株式会社"
"G09333","","ニッセイアメリカ高配当株ファンド（毎月決算型）／ニッセイアメリカ高配当株ファンド（年２回決算型）","ニッセイアメリカコウハイトウカブファンドマイツキケッサンガタ　ニッセイアメリカコウハイトウカブファンドネンニカイケッサンガタ","内国投資信託受益証券","6月28日","12月28日","E12453","ニッセイアセットマネジメント株式会社"
"G09334","","インドネシア・ルピア債券ファンド（毎月決算型）","インドネシア　ルピアサイケンファンド　マイツキケッサンガタ","内国投資信託受益証券","5月15日","11月15日","E12444","三井住友トラスト・アセットマネジメント株式会社"
"G09335","","ＤＣ世界経済インデックスファンド（株式シフト型）","ディーシーセカイケイザイインデックスファンド　カブシキシフトガタ","内国投資信託受益証券","1月20日","","E12444","三井住友トラスト・アセットマネジメント株式会社"
"G09336","","ＤＣ世界経済インデックスファンド（債券シフト型）","ディーシーセカイケイザイインデックスファンド　サイケンシフトガタ","内国投資信託受益証券","1月20日","","E12444","三井住友トラスト・アセットマネジメント株式会社"
"G09339","","カタール・アブダビ株式ファンド","カタール　アブダビカブシキファンド","内国投資信託受益証券","1月15日","7月15日","E26704","カレラアセットマネジメント株式会社"
"G09341","","スマート・アロケーション・Ｄガード","スマートアロケーションディーガード","内国投資信託受益証券","5月8日","","E06748","大和アセットマネジメント株式会社"
"G09342","","インド・ボンド・オープン（毎月決算型）","インドボンドオープンマイツキケッサンガタ","内国投資信託受益証券","5月12日","11月12日","E06748","大和アセットマネジメント株式会社"
"G09343","","スマート・ファイブ（１年決算型）","スマート　ファイブ　イチネンケッサンガタ","内国投資信託受益証券","4月8日","","E12430","アモーヴァ・アセットマネジメント株式会社"
"G09344","","スマート・ファイブ（毎月決算型）","スマート　ファイブ　マイツキブンパイガタ","内国投資信託受益証券","4月8日","10月8日","E12430","アモーヴァ・アセットマネジメント株式会社"
"G09345","","米国好配当株プレミアム戦略ファンド（毎月分配型）株式コース、米国好配当株プレミアム戦略ファンド（毎月分配型）株式＆通貨コース","ベイコクコウハイトウカブプレミアムセンリャクファンド　マイツキブンパイガタ　カブシキコース　ベイコクコウハイトウカブプレミアムセンリャクファンド　マイツキブンパイガタ　カブシキアンドツウカコース","内国投資信託受益証券","1月26日","7月26日","E13447","ＳＢＩアセットマネジメント株式会社"
"G09347","","りそな日本株リサーチ戦略ファンド（オープン型）","リソナニホンカブリサーチセンリャクファンドオープンガタ","内国投資信託受益証券","7月25日","","E09666","アムンディ・ジャパン株式会社"
"G09348","","スパークス・少数精鋭・日本株ファンド","スパークス　ショウスウセイエイ　ニホンカブファンド","内国投資信託受益証券","8月25日","","E11161","スパークス・アセット・マネジメント株式会社"
"G09351","","ＵＳ債券ＮＢ戦略ファンド：為替ヘッジあり／年１回決算型、為替ヘッジなし／年１回決算型","ユーエスサイケンエヌビーセンリャクファンドカワセヘッジアリネンイッカイケッサンガタカワセヘッジナシネンイッカイケッサンガタ","内国投資信託受益証券","3月27日","","E06748","大和アセットマネジメント株式会社"
"G09352","","ダイワ／ＮＢ・米国債券戦略ファンド（年１回決算型）：為替ヘッジあり、為替ヘッジなし","ダイワエヌビーベイコクサイケンセンリャクファンドネンイッカイケッサンガタカワセヘッジアリカワセヘッジナシ","内国投資信託受益証券","3月27日","","E06748","大和アセットマネジメント株式会社"
"G09353","","Ｂａｙｖｉｅｗ　日本株式ロングショート　ファンド","ベイビューニホンカブシキロングショートファンド","内国投資信託受益証券","11月25日","5月25日","E27736","ベイビュー・アセット・マネジメント株式会社"
"G09354","","ニッセイ安定収益追求ファンド","ニッセイアンテイシュウエキツイキュウファンド","内国投資信託受益証券","2月25日","","E12453","ニッセイアセットマネジメント株式会社"
"G09358","","ＤＷＳ　グローバル公益債券ファンド（年１回決算型）Ｃコース（為替ヘッジあり）／Ｄコース（為替ヘッジなし）","ディーダブリューエスグローバルコウエキサイケンファンドネンイッカイケッサンガタシーコースカワセヘッジアリ　ディーコースカワセヘッジナシ","内国投資信託受益証券","4月20日","","E06458","ドイチェ・アセット・マネジメント株式会社"
"G09359","","バリュー・ボンド・ファンド＜為替リスク軽減型＞／＜為替ヘッジなし＞（毎月決算型）","バリューボンドファンドカワセリスクケイゲンガタカワセヘッジナシマイツキケッサンガタ","内国投資信託受益証券","4月6日","10月6日","E11518","三菱ＵＦＪアセットマネジメント株式会社"
"G09360","","バリュー・ボンド・ファンド＜為替リスク軽減型＞／＜為替ヘッジなし＞（年１回決算型）","バリューボンドファンドカワセリスクケイゲンガタカワセヘッジナシネンイッカイケッサンガタ","内国投資信託受益証券","4月6日","","E11518","三菱ＵＦＪアセットマネジメント株式会社"
"G09364","","ゴールドマン・サックス（ケイマン諸島）ユニット・トラスト－ＧＳ米国フォーカス・グロース","ゴールドマンサックスケイマンショトウユニットトラストジーエスベイコクフォーカスグロース","外国投資信託受益証券","12月末日","","E24426","シーエス（ケイマン）リミテッド"
"G09373","","米国・シェールＭＬＰ・高配当株ファンド","ベイコク　シェールエムエルピー　コウハイトウカブファンド","内国投資信託受益証券","2月27日","8月27日","E11776","あいグローバル・アセット・マネジメント株式会社"
"G09374","","Ｔ＆Ｄ日本株式投信（通貨選択型）米ドルコース","ティアンドディニホンカブシキトウシンツウカセンタクガタベイドルコース","内国投資信託受益証券","5月7日","11月7日","E11764","Ｔ＆Ｄアセットマネジメント株式会社"
"G09375","","インベスコ　日本株式アドバンテージ・ファンド","インベスコ　ニホンカブシキアドバンテージファンド","内国投資信託受益証券","8月10日","","E06479","インベスコ・アセット・マネジメント株式会社"
"G09377","","ダイワ日本国債ファンド（年１回決算型）","ダイワニホンコクサイファンドネンイッカイケッサンガタ","内国投資信託受益証券","3月10日","","E06748","大和アセットマネジメント株式会社"
"G09378","","ダイワ高格付カナダドル債オープン（年１回決算型）","ダイワコウカクヅケカナダドルサイオープンネンイッカイケッサンガタ","内国投資信託受益証券","5月10日","","E06748","大和アセットマネジメント株式会社"
"G09379","","通貨選択型ダイワ米国厳選株ファンド　－イーグルアイⅡ－　予想分配金提示型：日本円・コース、豪ドル・コース、ブラジル・レアル・コース、米ドル・コース、通貨セレクト・コース","ツウカセンタクガタダイワベイコクゲンセンカブファンドイーグルアイツーヨソウブンパイキンテイジガタニホンエンコースゴウドルコースブラジルレアルコースベイドルコースツウカセレクトコース","内国投資信託受益証券","5月28日","11月28日","E06748","大和アセットマネジメント株式会社"
"G09381","","日本金融ハイブリッド証券オープン（毎月分配型）　円ヘッジありコース、日本金融ハイブリッド証券オープン（毎月分配型）　円ヘッジなしコース","ニホンキンユウハイブリッドショウケンオープン　マイツキブンパイガタ　エンヘッジアリコース　ニホンキンユウハイブリッドショウケンオープン　マイツキブンパイガタ　エンヘッジナシコース","内国投資信託受益証券","6月14日","12月14日","E12434","ＳＯＭＰＯアセットマネジメント株式会社"
"G09382","","ノムラ　ＴＨＥ　ＵＳＡ　Ａコース、ノムラ　ＴＨＥ　ＵＳＡ　Ｂコース","ノムラザユーエスエーエーコース　ノムラザユーエスエービーコース","内国投資信託受益証券","2月21日","8月21日","E12460","野村アセットマネジメント株式会社"
"G09386","","ピムコＵＳハイインカム・ローン・ファンド（毎月分配型）為替ヘッジなし、ピムコＵＳハイインカム・ローン・ファンド（毎月分配型）為替ヘッジあり","ピムコユーエスハイインカム　ローン　ファンド　マイツキブンパイガタ　カワセヘッジナシ　ピムコユーエスハイインカム　ローン　ファンド　マイツキブンパイガタ　カワセヘッジアリ","内国投資信託受益証券","5月15日","11月15日","E12430","アモーヴァ・アセットマネジメント株式会社"
"G09388","","トルコ・ボンド・オープン（年１回決算型）","トルコボンドオープンネンイッカイケッサンガタ","内国投資信託受益証券","11月22日","","E06748","大和アセットマネジメント株式会社"
"G09389","","ロシア株式ファンド","ロシアカブシキファンド","内国投資信託受益証券","2月15日","8月15日","E26704","カレラアセットマネジメント株式会社"
"G09390","","ｅＭＡＸＩＳ　ＮＹダウインデックス","イーマクシスニューヨークダウインデックス","内国投資信託受益証券","1月26日","","E11518","三菱ＵＦＪアセットマネジメント株式会社"
"G09394","","三菱ＵＦＪ　メキシコ債券オープン＜為替ヘッジなし＞／＜為替アクティブヘッジ＞（毎月決算型）","ミツビシユーエフジェイメキシコサイケンオープンカワセヘッジナシカワセアクティブヘッジマイツキケッサンガタ","内国投資信託受益証券","5月4日","11月4日","E11518","三菱ＵＦＪアセットマネジメント株式会社"
"G09395","","シュローダー・インカムアセット・アロケーション（１年決算型）　Ａコース（為替ヘッジなし）、シュローダー・インカムアセット・アロケーション（１年決算型）　Ｂコース（為替ヘッジあり）","シュローダーインカムアセットアロケーションイチネンケッサンガタエーコースカワセヘッジナシシュローダーインカムアセットアロケーションイチネンケッサンガタビーコースカワセヘッジアリ","内国投資信託受益証券","6月3日","","E12586","シュローダー・インベストメント・マネジメント株式会社"
"G09398","","ダイワ欧州高配当株ファンド：為替ヘッジあり、為替ヘッジなし","ダイワオウシュウコウハイトウカブファンドカワセヘッジアリカワセヘッジナシ","内国投資信託受益証券","2月22日","8月22日","E06748","大和アセットマネジメント株式会社"
"G09399","","ブラジル・ボンド・オープン（年１回決算型）","ブラジルボンドオープンネンイッカイケッサンガタ","内国投資信託受益証券","4月25日","","E06748","大和アセットマネジメント株式会社"
"G09406","","サムスンＫＯＤＥＸサムスングループ株証券上場指数投資信託［株式］","サムスンコデックスサムスングループカブショウケンジョウジョウシスウトウシシンタクカブシキ","外国投資信託受益証券","12月31日","","E15404","サムスン資産運用株式会社"
"G09410","","東京海上・ニッポン世界債券ファンド（為替ヘッジあり）（年１回決算型）","トウキョウカイジョウニッポンセカイサイケンファンドカワセヘッジアリネンイッカイケッサンガタ","内国投資信託受益証券","11月20日","","E06433","東京海上アセットマネジメント株式会社"
"G09411","","東京海上・米国新興成長株式ファンド","トウキョウカイジョウベイコクシンコウセイチョウカブシキファンド","内国投資信託受益証券","6月22日","12月22日","E06433","東京海上アセットマネジメント株式会社"
"G09414","","ＤＷＳ　欧州ハイ・イールド債券ファンド（メキシコペソコース）（毎月分配型）／（トルコリラコース）（毎月分配型）","ディーダブリューエスオウシュウハイイールドサイケンファンドメキシコペソコースマイツキブンパイガタトルコリラコースマイツキブンパイガタ","内国投資信託受益証券","5月24日","11月24日","E06458","ドイチェ・アセット・マネジメント株式会社"
"G09416","","実績配当型金銭信託（信託のチカラ）りそな世界公共・金融債オープン","ジッセキハイトウガタキンセンシンタクシンタクノチカラリソナセカイコウキョウキンユウサイオープン","内国信託受益証券・信託受益権","3月25日","9月25日","E03538","株式会社りそな銀行"
"G09419","","ｉシェアーズ　ゴールドインデックス・ファンド（為替ヘッジなし）","アイシェアーズゴールドインデックスファンドカワセヘッジナシ","内国投資信託受益証券","11月2日","","E09096","ブラックロック・ジャパン株式会社"
"G09420","","ｉシェアーズ　コモディティインデックス・ファンド","アイシェアーズコモディティインデックスファンド","内国投資信託受益証券","11月2日","","E09096","ブラックロック・ジャパン株式会社"
"G09421","","ｉシェアーズ　先進国リートインデックス・ファンド","アイシェアーズセンシンコクリートインデックスファンド","内国投資信託受益証券","11月2日","","E09096","ブラックロック・ジャパン株式会社"
"G09422","","ｉシェアーズ　国内リートインデックス・ファンド","アイシェアーズコクナイリートインデックスファンド","内国投資信託受益証券","11月2日","","E09096","ブラックロック・ジャパン株式会社"
"G09425","","ｉシェアーズ　新興国株式インデックス・ファンド","アイシェアーズシンコウコクカブシキインデックスファンド","内国投資信託受益証券","5月2日","","E09096","ブラックロック・ジャパン株式会社"
"G09428","","ｉシェアーズ　米国株式（Ｓ＆Ｐ５００）インデックス・ファンド","アイシェアーズベイコクカブシキエスアンドピーゴヒャクインデックスファンド","内国投資信託受益証券","5月2日","","E09096","ブラックロック・ジャパン株式会社"
"G09429","","ｉシェアーズ　先進国株式インデックス・ファンド","アイシェアーズセンシンコクカブシキインデックスファンド","内国投資信託受益証券","5月2日","","E09096","ブラックロック・ジャパン株式会社"
"G09430","","ｉシェアーズ　国内株式インデックス・ファンド","アイシェアーズコクナイカブシキインデックスファンド","内国投資信託受益証券","5月2日","","E09096","ブラックロック・ジャパン株式会社"
"G09432","","ｉシェアーズ　ハイイールド債券インデックス・ファンド","アイシェアーズハイイールドサイケンインデックスファンド","内国投資信託受益証券","8月2日","","E09096","ブラックロック・ジャパン株式会社"
"G09435","","ｉシェアーズ　先進国債券インデックス・ファンド","アイシェアーズセンシンコクサイケンインデックスファンド","内国投資信託受益証券","8月2日","","E09096","ブラックロック・ジャパン株式会社"
"G09436","","ｉシェアーズ　国内債券インデックス・ファンド","アイシェアーズコクナイサイケンインデックスファンド","内国投資信託受益証券","8月2日","","E09096","ブラックロック・ジャパン株式会社"
"G09437","","アジアＲＥＩＴ・リサーチ・オープン（年２回決算型）","アジアリート　リサーチ　オープン　ネンニカイケッサンガタ","内国投資信託受益証券","1月14日","7月14日","E12444","三井住友トラスト・アセットマネジメント株式会社"
"G09438","","ダイワ米国リート・ファンドⅡ（年１回決算型）","ダイワベイコクリートファンドツーネンイッカイケッサンガタ","内国投資信託受益証券","9月17日","","E06748","大和アセットマネジメント株式会社"
"G09439","","ダイワ・ＵＳ－ＲＥＩＴ・オープン（年１回決算型）為替ヘッジなし","ダイワユーエスリートオープンネンイッカイケッサンガタカワセヘッジナシ","内国投資信託受益証券","9月17日","","E06748","大和アセットマネジメント株式会社"
"G09440","","ハイグレード・オセアニア・ボンド・オープン（年１回決算型）","ハイグレードオセアニアボンドオープンネンイッカイケッサンガタ","内国投資信託受益証券","5月15日","","E06748","大和アセットマネジメント株式会社"
"G09446","","ＥＴＦバランス・ファンド","イーティーエフバランスファンド","内国投資信託受益証券","8月26日","","E08957","三井住友ＤＳアセットマネジメント株式会社"
"G09447","","日経２２５リスクコントロールオープン","ニッケイニーニーゴリスクコントロールオープン","内国投資信託受益証券","8月8日","","E10677","アセットマネジメントＯｎｅ株式会社"
"G09452","","コーポレート・ボンド・インカム（為替ヘッジ型／１年決算型）","コーポレートボンドインカムカワセヘッジガタイチネンケッサンガタ","内国投資信託受益証券","11月5日","","E08957","三井住友ＤＳアセットマネジメント株式会社"
"G09453","","コーポレート・ボンド・インカム（為替ノーヘッジ型／１年決算型）","コーポレートボンドインカムカワセノーヘッジガタイチネンケッサンガタ","内国投資信託受益証券","11月5日","","E08957","三井住友ＤＳアセットマネジメント株式会社"
"G09454","","キャピタル・エマージング・ストラテジー・ファンドＡコース（年２回決算／米ドル売り円買い）／Ｂコース（年２回決算／為替ヘッジなし）／Ｃコース（毎月分配／米ドル売り円買い）／Ｄコース（毎月分配／為替ヘッジなし）","キャピタルエマージングストラテジーファンドエイコースネンニカイケッサンベイドルウリエンガイビーコースネンニカイケッサンカワセヘッジナシシーコースマイツキブンパイベイドルウリエンガイディーコースマイツキブンパイカワセヘッジナシ","内国投資信託受益証券","6月20日","12月20日","E14703","キャピタル・インターナショナル株式会社"
"G09455","","フィデリティ・日本中小型株・リサーチ・ファンド","フィデリティニホンチュウコガタリサーチファンド","内国投資信託受益証券","7月15日","","E12481","フィデリティ投信株式会社"
"G09458","","ニッセイ日本インカムオープン（年１回決算型）","ニッセイニホンインカムオープンネンイッカイケッサンガタ","内国投資信託受益証券","9月20日","","E12453","ニッセイアセットマネジメント株式会社"
"G09462","","レッド・アーク・グローバル・インベストメンツ（ケイマン）トラスト－テンプルトン世界債券ファンド　外貨建てシリーズ","レッドアークグローバルインベストメンツケイマントラスト　テンプルトンセカイサイケンファンド　ガイカダテシリーズ","外国投資信託受益証券","6月末日","","E22200","シティグループ・ファースト・インベストメント・マネジメント・リミテッド"
"G09465","","ＳＭＢＣ・日興資産成長ナビゲーション","エスエムビーシーニッコウシサンセイチョウナビゲーション","内国投資信託受益証券","8月10日","","E08957","三井住友ＤＳアセットマネジメント株式会社"
"G09466","","米国連続増配成長株オープン","ベイコクレンゾクゾウハイセイチョウカブオープン","内国投資信託受益証券","9月26日","","E12441","ＳＢＩ岡三アセットマネジメント株式会社"
"G09471","","日本物価連動国債ファンド","ニホンブッカレンドウコクサイファンド","内国投資信託受益証券","3月10日","9月10日","E06748","大和アセットマネジメント株式会社"
"G09472","","ダイワ・トップ・オブ・ジャパン","ダイワトップオブジャパン","内国投資信託受益証券","3月17日","9月17日","E06748","大和アセットマネジメント株式会社"
"G09473","","通貨選択型ダイワ・トップ・オブ・ジャパン（米ドル投資型）","ツウカセンタクガタダイワトップオブジャパンベイドルトウシガタ","内国投資信託受益証券","3月17日","9月17日","E06748","大和アセットマネジメント株式会社"
"G09474","","ピクテ日本厳選株アルファ・プラス　円コース","ピクテニホンゲンセンカブアルファプラスエンコース","内国投資信託受益証券","1月15日","7月15日","E10439","ピクテ・ジャパン株式会社"
"G09475","","ＵＢＳグローバルＣＢオープン（年１回決算型・為替ヘッジあり）／（年１回決算型・為替ヘッジなし）","ユービーエスグローバルシービーオープン　マイツキケッサンガタ　カワセヘッジアリ　マイツキケッサンガタ　カワセヘッジナシ","内国投資信託受益証券","9月17日","","E12473","ＵＢＳアセット・マネジメント株式会社"
"G09476","","ＵＢＳグローバルＣＢオープン（毎月決算型・為替ヘッジあり）／（毎月決算型・為替ヘッジなし）","ユービーエスグローバルシービーオープン　マイツキケッサンガタ　カワセヘッジアリ　マイツキケッサンガタ　カワセヘッジナシ","内国投資信託受益証券","3月17日","9月17日","E12473","ＵＢＳアセット・マネジメント株式会社"
"G09477","","米国短期ハイ・イールド債券オープン","ベイコクタンキハイイールドサイケンオープン","内国投資信託受益証券","3月25日","9月25日","E12441","ＳＢＩ岡三アセットマネジメント株式会社"
"G09482","","ダイワ外国債券ファンド（年１回決算型）－ダイワスピリット（年１回）－","ダイワガイコクサイケンファンドネンイッカイケッサンガタダイワスピリットネンイッカイ","内国投資信託受益証券","8月10日","","E06748","大和アセットマネジメント株式会社"
"G09483","","ダイワ・インドネシア・ルピア債オープン（年１回決算型）","ダイワインドネシアルピアサイオープンネンイッカイケッサンガタ","内国投資信託受益証券","10月17日","","E06748","大和アセットマネジメント株式会社"
"G09484","","ダイワ・エマージング高金利債券ファンド（年１回決算型）","ダイワエマージングコウキンリサイケンファンドネンイッカイケッサンガタ","内国投資信託受益証券","7月15日","","E06748","大和アセットマネジメント株式会社"
"G09485","","東京海上Ｒｏｇｇｅニッポン海外債券ファンド（為替ヘッジあり）（年１回決算型）","トウキョウカイジョウロゲーニッポンカイガイサイケンファンドカワセヘッジアリネンイッカイケッサンガタ","内国投資信託受益証券","6月20日","","E06433","東京海上アセットマネジメント株式会社"
"G09487","","ピクテ資源国ソブリン・ファンド（１年決算型）","ピクテシゲンコクソブリンファンドイチネンケッサンガタ","内国投資信託受益証券","12月15日","","E10439","ピクテ・ジャパン株式会社"
"G09491","","Ｏｎｅ新興企業日本株オープン　米ドル型","ワンシンコウキギョウニホンカブオープンベイドルガタ","内国投資信託受益証券","9月17日","","E10677","アセットマネジメントＯｎｅ株式会社"
"G09496","","野村インデックスファンド・外国債券・為替ヘッジ型","ノムラインデックスファンドガイコクサイケンカワセヘッジガタ","内国投資信託受益証券","9月6日","","E12460","野村アセットマネジメント株式会社"
"G09497","","野村インデックスファンド・外国ＲＥＩＴ・為替ヘッジ型","ノムラインデックスファンドガイコクリートカワセヘッジガタ","内国投資信託受益証券","9月6日","","E12460","野村アセットマネジメント株式会社"
"G09498","","野村インデックスファンド・内外７資産バランス・為替ヘッジ型","ノムラインデックスファンドナイガイナナシサンバランスカワセヘッジガタ","内国投資信託受益証券","9月6日","","E12460","野村アセットマネジメント株式会社"
"G09499","","野村インデックスファンド・海外５資産バランス","ノムラインデックスファンドカイガイゴシサンバランス","内国投資信託受益証券","9月6日","","E12460","野村アセットマネジメント株式会社"
"G09500","","ＢＡＭワールド・ボンド＆カレンシー・ファンド（１年決算型）","バムワールドボンドアンドカレンシーファンドイチネンケッサンガタ","内国投資信託受益証券","11月10日","","E11348","ベアリングス・ジャパン株式会社"
"G09502","","ワールド・リート・セレクション（米国）（１年決算型）","ワールドリートセレクションベイコクイチネンケッサンガタ","内国投資信託受益証券","9月12日","","E12441","ＳＢＩ岡三アセットマネジメント株式会社"
"G09503","","ワールド・リート・セレクション（米国）為替ヘッジあり（１年決算型）","ワールドリートセレクションベイコクカワセヘッジアリイチネンケッサンガタ","内国投資信託受益証券","9月12日","","E12441","ＳＢＩ岡三アセットマネジメント株式会社"
"G09504","32900","Ｏｎｅリート投資法人","ワンリートトウシホウジン","内国投資証券","2月末日","8月末日","E27884","Ｏｎｅリート投資法人"
"G09505","","資源株ファンド　通貨選択シリーズ＜米ドル・コース＞（毎月分配型）","シゲンカブファンド　ツウカセンタクシリーズ　ベイドル　コース　マイツキブンパイガタ","内国投資信託受益証券","6月17日","12月17日","E12430","アモーヴァ・アセットマネジメント株式会社"
"G09507","","ブラックロック・ヘルスサイエンス・ファンド（為替ヘッジあり）／（為替ヘッジなし）","ブラックロックヘルスサイエンスファンドカワセヘッジアリカワセヘッジナシ","内国投資信託受益証券","2月20日","8月20日","E09096","ブラックロック・ジャパン株式会社"
"G09509","","利回り株チャンス　米ドル型（年４回決算型）","リマワリカブチャンスベイドルガタネンヨンカイケッサンガタ","内国投資信託受益証券","1月15日","7月15日","E06748","大和アセットマネジメント株式会社"
"G09510","15860","上場インデックスファンドＴＯＰＩＸ　Ｅｘ‐Ｆｉｎａｎｃｉａｌｓ","ジョウジョウインデックスファンドトピックス　イーエックス　ファイナンシャルズ","内国投資信託受益証券","1月8日","7月8日","E12430","アモーヴァ・アセットマネジメント株式会社"
"G09514","","日興ＪＰＭグローバル中小型株式ディスカバリー・ファンド","ニッコウジェイピーエムグローバルチュウコガタカブシキディスカバリーファンド","内国投資信託受益証券","10月24日","","E06264","ＪＰモルガン・アセット・マネジメント株式会社"
"G09515","","ＧＳ債券戦略ファンド　Ａコース（毎月決算型、為替ヘッジあり）／Ｂコース（毎月決算型、為替ヘッジなし）／Ｃコース（年２回決算型、為替ヘッジあり）／Ｄコース（年２回決算型、為替ヘッジなし）","ジーエスサイケンセンリャクファンド　エーコース　マイツキケッサンガタ　カワセヘッジアリ　ビーコース　マイツキケッサンガタ　カワセヘッジナシ　シーコース　ネンニカイケッサンガタ　カワセヘッジアリ　ディーコース　ネンニカイケッサンガタ　カワセヘッジナシ","内国投資信託受益証券","1月23日","7月23日","E12457","ゴールドマン・サックス・アセット・マネジメント株式会社"
"G09517","15850","ｉＦｒｅｅＥＴＦ　ＴＯＰＩＸ　Ｅｘ‐Ｆｉｎａｎｃｉａｌｓ","アイフリーイーティーエフトピックスエクスフィナンシャルズ","内国投資信託受益証券","1月10日","7月10日","E06748","大和アセットマネジメント株式会社"
"G09518","","三菱ＵＦＪ　米国バンクローンファンド　通貨選択シリーズ","ミツビシユーエフジェイベイコクバンクローンファンドツウカセンタクシリーズ","内国投資信託受益証券","4月11日","10月11日","E11518","三菱ＵＦＪアセットマネジメント株式会社"
"G09526","","バンクローン・オープン（ＳＭＡ専用）","バンクローン　オープン　エスエムエーセンヨウ","内国投資信託受益証券","7月10日","","E12444","三井住友トラスト・アセットマネジメント株式会社"
"G09527","","国内債券ＳＭＴＢセレクション（ＳＭＡ専用）","コクナイサイケンエスエムティービーセレクション　エスエムエーセンヨウ","内国投資信託受益証券","7月10日","","E12444","三井住友トラスト・アセットマネジメント株式会社"
"G09529","","アジア・オセアニア好配当株ファンド（１年決算型）","アジアオセアニアコウハイトウカブファンドイチネンケッサンガタ","内国投資信託受益証券","10月10日","","E12441","ＳＢＩ岡三アセットマネジメント株式会社"
"G09533","","ダイワ米国国債ファンド－ラダー１０－：為替ヘッジあり、為替ヘッジなし","ダイワベイコクコクサイファンドラダーテンカワセヘッジアリカワセヘッジナシ","内国投資信託受益証券","3月10日","9月10日","E06748","大和アセットマネジメント株式会社"
"G09535","","マルチ・ストラテジーズ・ファンド－トルコリラ・マネー・マーケット・ファンド","マルチストラテジーズファンドトルコリラマネーマーケットファンド","外国投資信託受益証券","3月19日","","E14984","インターナショナル・マネジメント・サービシズ・リミテッド"
"G10000","","ピクテ新興国インカム株式ファンド（１年決算型）","ピクテシンコウコクインカムカブシキファンドイチネンケッサンガタ","内国投資信託受益証券","1月10日","","E10439","ピクテ・ジャパン株式会社"
"G10003","","好配当米国株式プレミアム・ファンド　通貨セレクト・プレミアムコース","コウハイトウベイコクカブシキプレミアムファンド　ツウカセレクトプレミアムコース","内国投資信託受益証券","4月24日","10月24日","E12434","ＳＯＭＰＯアセットマネジメント株式会社"
"G10004","","おとなのお財布＜奇数月定額払出型＞","オトナノオサイフキスウヅキテイガクハライダシガタ","内国投資信託受益証券","5月20日","11月20日","E12453","ニッセイアセットマネジメント株式会社"
"G10006","","三井住友・公益債券投信（資産成長型）","ミツイスミトモコウエキサイケントウシンシサンセイチョウガタ","内国投資信託受益証券","1月15日","","E08957","三井住友ＤＳアセットマネジメント株式会社"
"G10010","","２１世紀東京　日本株式ファンド","ニジュウイッセイキトウキョウ　ニホンカブシキファンド","内国投資信託受益証券","4月15日","10月15日","E26704","カレラアセットマネジメント株式会社"
"G10011","","三菱ＵＦＪ　バランス・イノベーション（株式抑制型）／（株式重視型）／（新興国投資型）","ミツビシユーエフジェイバランスイノベーションカブシキヨクセイガタカブシキジュウシガタシンコウコクトウシガタ","内国投資信託受益証券","3月25日","","E11518","三菱ＵＦＪアセットマネジメント株式会社"
"G10012","","フランクリン・テンプルトン・オーストラリア債券ファンド（年２回決算型）","フランクリン　テンプルトン　オーストラリアサイケンファンド　ネンニカイケッサンガタ","内国投資信託受益証券","6月10日","12月10日","E12425","フランクリン・テンプルトン・ジャパン株式会社"
"G10014","","三菱ＵＦＪ／ピムコ　トータル・リターン・ファンド＜米ドルヘッジ型＞／＜為替ヘッジなし＞（毎月決算型）","ミツビシユーエフジェイピムコトータルリターンファンドベイドルヘッジガタカワセヘッジナシマイツキケッサンガタ","内国投資信託受益証券","3月8日","9月8日","E11518","三菱ＵＦＪアセットマネジメント株式会社"
"G10015","","三菱ＵＦＪ／ピムコ　トータル・リターン・ファンド＜米ドルヘッジ型＞／＜為替ヘッジなし＞（年１回決算型）","ミツビシユーエフジェイピムコトータルリターンファンドベイドルヘッジガタカワセヘッジナシネンイッカイケッサンガタ","内国投資信託受益証券","9月8日","","E11518","三菱ＵＦＪアセットマネジメント株式会社"
"G10016","","ゴールドマン・サックス米国ＲＥＩＴファンドＣコース（年１回決算型、為替ヘッジあり）／Ｄコース（年１回決算型、為替ヘッジなし）","ゴールドマン　サックスベイコクリートファンドシーコース　ネンイッカイケッサンガタ　カワセヘッジアリ　ディーコース　ネンイッカイケッサンガタ　カワセヘッジナシ","内国投資信託受益証券","10月23日","","E12457","ゴールドマン・サックス・アセット・マネジメント株式会社"
"G10017","","コア投資戦略ファンド（切替型）","コアトウシセンリャクファンド　キリカエガタ","内国投資信託受益証券","7月10日","","E12444","三井住友トラスト・アセットマネジメント株式会社"
"G10018","","ＧＡＲＳファンド","ジーエーアールエスファンド","内国投資信託受益証券","10月10日","","E12444","三井住友トラスト・アセットマネジメント株式会社"
"G10021","","ＤＩＡＭ　Ｊ－ＲＥＩＴアクティブファンド（１年決算型）","ダイアムジェイリートアクティブファンドイチネンケッサンガタ","内国投資信託受益証券","7月16日","","E10677","アセットマネジメントＯｎｅ株式会社"
"G10022","","ダイワ外国３資産バランス・ファンド：部分為替ヘッジあり、為替ヘッジなし","ダイワガイコクサンシサンバランスファンドブブンカワセヘッジアリカワセヘッジナシ","内国投資信託受益証券","6月26日","","E06748","大和アセットマネジメント株式会社"
"G10023","","しんきん世界アロケーションファンド","シンキンセカイアロケーションファンド","内国投資信託受益証券","2月14日","","E12422","しんきんアセットマネジメント投信株式会社"
"G10024","","ニッセイ世界リートオープン（毎月決算型）／ニッセイ世界リートオープン（年２回決算型）","ニッセイセカイリートオープンマイツキケッサンガタ　ニッセイセカイリートオープンネンニカイケッサンガタ","内国投資信託受益証券","4月25日","10月25日","E12453","ニッセイアセットマネジメント株式会社"
"G10030","","りそな　ダイナミック・アロケーション・ファンド","リソナダイナミックアロケーションファンド","内国投資信託受益証券","5月8日","","E06748","大和アセットマネジメント株式会社"
"G10032","","ラサール・グローバルＲＥＩＴファンド（１年決算型）","ラサール　グローバルリートファンド　イチネンケッサンガタ","内国投資信託受益証券","7月5日","","E12430","アモーヴァ・アセットマネジメント株式会社"
"G10033","","ＵＳストラテジック・インカム・アルファ　毎月決算型","ユーエスストラテジックインカムアルファマイツキケッサンガタ","内国投資信託受益証券","2月23日","8月23日","E10677","アセットマネジメントＯｎｅ株式会社"
"G10034","","ＵＳストラテジック・インカム・アルファ　年１回決算型","ユーエスストラテジックインカムアルファネンイッカイケッサンガタ","内国投資信託受益証券","8月23日","","E10677","アセットマネジメントＯｎｅ株式会社"
"G10037","","ニッセイＪ－ＲＥＩＴファンド（年１回決算型）","ニッセイジェイリートファンドネンイッカイケッサンガタ","内国投資信託受益証券","11月12日","","E12453","ニッセイアセットマネジメント株式会社"
"G10039","","Ｊリート・アジアミックス・オープン（資産成長型）","ジェイリートアジアミックスオープンシサンセイチョウガタ","内国投資信託受益証券","9月17日","","E08957","三井住友ＤＳアセットマネジメント株式会社"
"G10040","","三井住友・バンクローン・ファンド（為替ヘッジあり）毎月決算型、三井住友・バンクローン・ファンド（為替ヘッジあり）年２回決算型","ミツイスミトモバンクローンファンドカワセヘッジアリマイツキケッサンガタ　ミツイスミトモバンクローンファンドカワセヘッジアリネンニカイケッサンガタ","内国投資信託受益証券","4月26日","10月26日","E08957","三井住友ＤＳアセットマネジメント株式会社"
"G10046","","ダイワ成長国セレクト債券ファンド（年１回決算型）","ダイワセイチョウコクセレクトサイケンファンドネンイッカイケッサンガタ","内国投資信託受益証券","7月15日","","E06748","大和アセットマネジメント株式会社"
"G10051","","ピムコ・エマージング・ボンド・オープン　Ｃコース（為替ヘッジなし）／Ｄコース（為替ヘッジあり）（年１回決算型）","ピムコエマージングボンドオープンシーコースカワセヘッジナシディーコースカワセヘッジアリネンイッカイケッサンガタ","内国投資信託受益証券","11月20日","","E11518","三菱ＵＦＪアセットマネジメント株式会社"
"G10052","","投資のソムリエ＜ＤＣ年金＞","トウシノソムリエディーシーネンキン","内国投資信託受益証券","1月11日","7月11日","E10677","アセットマネジメントＯｎｅ株式会社"
"G10053","","世界経済インデックスファンド（株式シフト型）","セカイケイザイインデックスファンド　カブシキシフトガタ","内国投資信託受益証券","1月20日","","E12444","三井住友トラスト・アセットマネジメント株式会社"
"G10054","","世界経済インデックスファンド（債券シフト型）","セカイケイザイインデックスファンド　サイケンシフトガタ","内国投資信託受益証券","1月20日","","E12444","三井住友トラスト・アセットマネジメント株式会社"
"G10055","32920","イオンリート投資法人","イオンリートトウシホウジン","内国投資証券","1月末日","7月末日","E30064","イオンリート投資法人"
"G10059","","ダイワ・ダブルバランス・ファンド（Ｄガード付／部分為替ヘッジあり）","ダイワダブルバランスファンドディーガードツキブブンカワセヘッジアリ","内国投資信託受益証券","5月8日","","E06748","大和アセットマネジメント株式会社"
"G10060","","ダイワ外国３資産アロケーション・ファンド（部分為替ヘッジあり）","ダイワガイコクサンシサンアロケーションファンドブブンカワセヘッジアリ","内国投資信託受益証券","5月8日","","E06748","大和アセットマネジメント株式会社"
"G10061","","ダイワ６資産バランス・ファンド（Ｄガード付）：為替ヘッジあり、為替ヘッジなし","ダイワロクシサンバランスファンドディーガードツキカワセヘッジアリカワセヘッジナシ","内国投資信託受益証券","5月8日","","E06748","大和アセットマネジメント株式会社"
"G10062","","ＨＳＢＣニューフロンティア株式オープン","エイチエスビーシーニューフロンティアカブシキオープン","内国投資信託受益証券","11月20日","","E12492","ＨＳＢＣアセットマネジメント株式会社"
"G10063","","米国ハイ・インカムＢＤＣファンド（年１回決算型）","ベイコクハイインカムビーディーシーファンドネンイッカイケッサンガタ","内国投資信託受益証券","11月12日","","E08957","三井住友ＤＳアセットマネジメント株式会社"
"G10064","","米国ハイ・インカムＢＤＣファンド（毎月決算型）","ベイコクハイインカムビーディーシーファンドマイツキケッサンガタ","内国投資信託受益証券","5月12日","11月12日","E08957","三井住友ＤＳアセットマネジメント株式会社"
"G10066","","野村米国ハイ・イールド・ファンド（年１回決算型）、野村米国ハイ・イールド・ファンド（年１回決算型）為替ヘッジあり","ノムラベイコクハイイールドファンドネンイッカイケッサンガタ　ノムラベイコクハイイールドファンドネンイッカイケッサンガタカワセヘッジアリ","内国投資信託受益証券","6月12日","","E12460","野村アセットマネジメント株式会社"
"G10067","","ダイワ・インフラビジネス・ファンド　－インフラ革命－：為替ヘッジあり、為替ヘッジなし","ダイワインフラビジネスファンドインフラカクメイカワセヘッジアリカワセヘッジナシ","内国投資信託受益証券","4月21日","10月21日","E06748","大和アセットマネジメント株式会社"
"G10068","","みずほ・ケイマン・トラスト－ＵＳバンクローン・オープン（米ドル建）","ミズホケイマントラストユーエスバンクローンオープンベイドルダテ","外国投資信託受益証券","12月末日","","E31086","ＩＱ　ＥＱマネジメント・バミューダ・リミテッド"
"G10073","","ＤＩＡＭ８資産バランスファンドＮ＜ＤＣ年金＞","ダイアムハチシサンバランスファンドエヌディーシーネンキン","内国投資信託受益証券","1月11日","","E10677","アセットマネジメントＯｎｅ株式会社"
"G10074","","アジア・オセアニア債券オープン（１年決算型）","アジアオセアニアサイケンオープンイチネンケッサンガタ","内国投資信託受益証券","11月20日","","E12441","ＳＢＩ岡三アセットマネジメント株式会社"
"G10077","","ｅＭＡＸＩＳ　新興国リートインデックス","イーマクシスシンコウコクリートインデックス","内国投資信託受益証券","1月26日","","E11518","三菱ＵＦＪアセットマネジメント株式会社"
"G10080","","東京海上Ｒｏｇｇｅ世界ハイブリッド証券ファンド　円コース（年１回決算型）　米ドルコース（年１回決算型）","トウキョウカイジョウロゲーセカイハイブリッドショウケンファンド","内国投資信託受益証券","9月17日","","E06433","東京海上アセットマネジメント株式会社"
"G10081","","野村グローバル・ボンド・アクティブ・ファンド（野村ＳＭＡ向け）","ノムラグローバルボンドアクティブファンドノムラエスエムエームケ","内国投資信託受益証券","2月10日","","E12460","野村アセットマネジメント株式会社"
"G10082","","野村Ｊ－ＲＥＩＴファンド（野村ＳＭＡ向け）","ノムラジェイリートファンドノムラエスエムエームケ","内国投資信託受益証券","1月6日","","E12460","野村アセットマネジメント株式会社"
"G10083","","野村米国国債部分ラダーファンド　Ａコース（野村ＳＭＡ向け）、野村米国国債部分ラダーファンド　Ｂコース（野村ＳＭＡ向け）","ノムラベイコクコクサイブブンラダーファンドエーコースノムラエスエムエームケ　ノムラベイコクコクサイブブンラダーファンドビーコースノムラエスエムエームケ","内国投資信託受益証券","5月21日","","E12460","野村アセットマネジメント株式会社"
"G10084","","野村豪州債券ファンド　Ａコース（野村ＳＭＡ向け）、野村豪州債券ファンド　Ｂコース（野村ＳＭＡ向け）","ノムラゴウシュウサイケンファンドエーコースノムラエスエムエームケ　ノムラゴウシュウサイケンファンドビーコースノムラエスエムエームケ","内国投資信託受益証券","9月5日","","E12460","野村アセットマネジメント株式会社"
"G10086","","ＵＢＳ公益・金融社債ファンド（年１回決算型・為替ヘッジあり）","ユービーエスコウエキキンユウシャサイファンドネンイッカイケッサンガタカワセヘッジアリ","内国投資信託受益証券","7月10日","","E12473","ＵＢＳアセット・マネジメント株式会社"
"G10089","","ダイワ・インデックスセレクト　日経２２５","ダイワインデックスセレクトニッケイニイニイゴ","内国投資信託受益証券","9月19日","","E06748","大和アセットマネジメント株式会社"
"G10090","","ダイワ・インデックスセレクト　ＴＯＰＩＸ","ダイワインデックスセレクトトピックス","内国投資信託受益証券","9月19日","","E06748","大和アセットマネジメント株式会社"
"G10091","","ダイワ・インデックスセレクト　日本債券","ダイワインデックスセレクトニホンサイケン","内国投資信託受益証券","11月30日","","E06748","大和アセットマネジメント株式会社"
"G10092","","ダイワ・インデックスセレクト　Ｊ－ＲＥＩＴ","ダイワインデックスセレクトジェイリート","内国投資信託受益証券","9月15日","","E06748","大和アセットマネジメント株式会社"
"G10093","","ダイワ・インデックスセレクト　外国株式","ダイワインデックスセレクトガイコクカブシキ","内国投資信託受益証券","11月30日","","E06748","大和アセットマネジメント株式会社"
"G10094","","ダイワ・インデックスセレクト　外国債券","ダイワインデックスセレクトガイコクサイケン","内国投資信託受益証券","11月30日","","E06748","大和アセットマネジメント株式会社"
"G10095","","ダイワ・インデックスセレクト　グローバルＲＥＩＴ","ダイワインデックスセレクトグローバルリート","内国投資信託受益証券","11月30日","","E06748","大和アセットマネジメント株式会社"
"G10096","","ＵＢＳ日本株式リスク・コントロール・ファンド","ユービーエスニホンカブシキリスクコントロールファンド","内国投資信託受益証券","12月19日","","E12473","ＵＢＳアセット・マネジメント株式会社"
"G10097","","ＳＭＴ　ダウ・ジョーンズ　インデックス・オープン","エスエムティー　ダウ　ジョーンズ　インデックス　オープン","内国投資信託受益証券","4月20日","10月20日","E12444","三井住友トラスト・アセットマネジメント株式会社"
"G10101","","Ｏｎｅ日本経済成長戦略ファンド","ワンニホンケイザイセイチョウセンリャクファンド","内国投資信託受益証券","12月1日","","E10677","アセットマネジメントＯｎｅ株式会社"
"G10104","","日本Ｊリートオープン（１年決算型）","ニホンジェイリートオープンイチネンケッサンガタ","内国投資信託受益証券","11月20日","","E12441","ＳＢＩ岡三アセットマネジメント株式会社"
"G10105","","ザ・コリア・ファンド・インク","ザコリアファンドインク","外国投資信託受益証券","6月末日","","E05803","ザ・コリア・ファンド・インク"
"G10106","","Ｊ－ＲＥＩＴ・リサーチ・オープン（年２回決算型）","ジェイリートリサーチオープンネンニカイケッサンガタ","内国投資信託受益証券","6月17日","12月17日","E12444","三井住友トラスト・アセットマネジメント株式会社"
"G10108","","ニッセイグローバルリートインデックスファンド＜購入・換金手数料なし＞","ニッセイグローバルリートインデックスファンドコウニュウカンキンテスウリョウナシ","内国投資信託受益証券","11月20日","","E12453","ニッセイアセットマネジメント株式会社"
"G10110","","米国バンクローンファンド＜為替ヘッジあり＞／＜為替ヘッジなし＞（毎月分配型）","ベイコクバンクローンファンドカワセヘッジアリカワセヘッジナシマイツキブンパイガタ","内国投資信託受益証券","4月11日","10月11日","E11518","三菱ＵＦＪアセットマネジメント株式会社"
"G10111","","ニッセイ外国債券インデックスファンド＜購入・換金手数料なし＞","ニッセイガイコクサイケンインデックスファンドコウニュウカンキンテスウリョウナシ","内国投資信託受益証券","11月20日","","E12453","ニッセイアセットマネジメント株式会社"
"G10112","","ニッセイ外国株式インデックスファンド＜購入・換金手数料なし＞","ニッセイガイコクカブシキインデックスファンドコウニュウカンキンテスウリョウナシ","内国投資信託受益証券","11月20日","","E12453","ニッセイアセットマネジメント株式会社"
"G10115","","三菱ＵＦＪ　Ｓ＆Ｐ５００配当貴族インデックスファンド＜為替ヘッジなし＞／＜為替ヘッジあり＞","ミツビシユーエフジェイエスアンドピーゴヒャクハイトウキゾクインデックスファンドカワセヘッジナシカワセヘッジアリ","内国投資信託受益証券","5月24日","11月24日","E11518","三菱ＵＦＪアセットマネジメント株式会社"
"G10118","","東京海上・日本債券オープン（野村ＳＭＡ向け）","トウキョウカイジョウニホンサイケンオープンノムラエスエムエームケ","内国投資信託受益証券","8月27日","","E06433","東京海上アセットマネジメント株式会社"
"G10124","","ＳＭＴＡＭコモディティ・オープン","エスエムティーエーエムコモディティ　オープン","内国投資信託受益証券","2月17日","8月17日","E12444","三井住友トラスト・アセットマネジメント株式会社"
"G10126","","イタリア株式ファンド","イタリアカブシキファンド","内国投資信託受益証券","6月15日","12月15日","E26704","カレラアセットマネジメント株式会社"
"G10129","","ダイワＵＳ短期ハイ・イールド社債ファンド（為替ヘッジあり／年１回決算型）","ダイワユーエスタンキハイイールドシャサイファンドカワセヘッジアリネンイッカイケッサンガタ","内国投資信託受益証券","7月5日","","E06748","大和アセットマネジメント株式会社"
"G10132","","三菱ＵＦＪ　Ｊリートオープン（年１回決算型）","ミツビシユーエフジェイジェイリートオープンネンイッカイケッサンガタ","内国投資信託受益証券","10月10日","","E11518","三菱ＵＦＪアセットマネジメント株式会社"
"G10134","","米国エネルギー革命関連ファンド（年１回決算型）為替ヘッジあり、米国エネルギー革命関連ファンド（年１回決算型）為替ヘッジなし","ベイコクエネルギーカクメイカンレンファンドネンイッカイケッサンガタカワセヘッジアリ　ベイコクエネルギーカクメイカンレンファンドネンイッカイケッサンガタカワセヘッジナシ","内国投資信託受益証券","11月27日","","E12460","野村アセットマネジメント株式会社"
"G10135","","米国ＭＬＰファンド（毎月分配型）Ａコース（円ヘッジあり）／Ｂコース（円ヘッジなし）","ベイコクエムエルピーファンドマイツキブンパイガタエーコースエンヘッジアリ　ビーコースエンヘッジナシ","内国投資信託受益証券","1月19日","7月19日","E06458","ドイチェ・アセット・マネジメント株式会社"
"G10138","","米国エネルギー・ハイインカム・ファンド","ベイコクエネルギーハイインカムファンド","内国投資信託受益証券","2月20日","8月20日","E14732","ソシエテ・ジェネラル・オスマン・マネジメント株式会社"
"G10139","","米国ツイン・スターズ・ファンド　－予想分配金提示型－　Ａコース（為替ヘッジあり）、Ｂコース（為替ヘッジなし）","ベイコクツインスターズファンド　ヨソウブンパイキンテイジガタ　エーコースカワセヘッジアリ　ビーコースカワセヘッジナシ","内国投資信託受益証券","3月2日","9月2日","E12448","明治安田アセットマネジメント株式会社"
"G10140","","Ｏｎｅ　Ｊ－ＲＥＩＴオープン（１年決算コース）","ワンジェイリートオープンイチネンケッサンコース","内国投資信託受益証券","7月16日","","E10677","アセットマネジメントＯｎｅ株式会社"
"G10141","","ピクテ・マルチアセット・アロケーション・ファンド","ピクテマルチアセットアロケーションファンド","内国投資信託受益証券","2月15日","8月15日","E10439","ピクテ・ジャパン株式会社"
"G10142","","ノムラ　ＴＨＥ　ＮＩＰＰＯＮ","ノムラザニッポン","内国投資信託受益証券","6月12日","12月12日","E12460","野村アセットマネジメント株式会社"
"G10143","","ダイワ・スイス高配当株ツインα（毎月分配型）","ダイワスイスコウハイトウカブツインアルファマイツキブンパイガタ","内国投資信託受益証券","6月17日","12月17日","E06748","大和アセットマネジメント株式会社"
"G10144","","ダイワ・インデックスセレクト　新興国株式","ダイワインデックスセレクトシンコウコクカブシキ","内国投資信託受益証券","7月5日","","E06748","大和アセットマネジメント株式会社"
"G10145","","ダイワ・インデックスセレクト　新興国債券","ダイワインデックスセレクトシンコウコクサイケン","内国投資信託受益証券","7月5日","","E06748","大和アセットマネジメント株式会社"
"G10146","","日本中小型成長株アクティブ・ファンド","ニッポンチュウコガタセイチョウカブアクティブファンド","内国投資信託受益証券","12月17日","","E13343","ＢＮＹメロン・インベストメント・マネジメント・ジャパン株式会社"
"G10148","","三菱ＵＦＪ　豪ドル債券インカムオープン（年１回決算型）","ミツビシユーエフジェイゴウドルサイケンインカムオープンネンイッカイケッサンガタ","内国投資信託受益証券","3月8日","","E11518","三菱ＵＦＪアセットマネジメント株式会社"
"G10149","","Ｊキャップ日本株ファンド","ジェイキャップニホンカブファンド","内国投資信託受益証券","11月25日","","E12430","アモーヴァ・アセットマネジメント株式会社"
"G10151","","Ｏｎｅ割安日本株ファンド（年１回決算型）","ワンワリヤスニホンカブファンドネンイッカイケッサンガタ","内国投資信託受益証券","12月21日","","E10677","アセットマネジメントＯｎｅ株式会社"
"G10161","","ダイワＪ－ＲＥＩＴオープン（年１回決算型）","ダイワジェイリートオープンネンイッカイケッサンガタ","内国投資信託受益証券","9月15日","","E06748","大和アセットマネジメント株式会社"
"G10162","","Ｄ－Ｉ’ｓ　ＴＯＰＩＸインデックス","ディーアイズトピックスインデックス","内国投資信託受益証券","9月19日","","E06748","大和アセットマネジメント株式会社"
"G10163","","Ｄ－Ｉ’ｓ　日経２２５インデックス","ディーアイズニッケイニイニイゴインデックス","内国投資信託受益証券","9月19日","","E06748","大和アセットマネジメント株式会社"
"G10165","","Ｄ－Ｉ’ｓ　外国株式インデックス","ディーアイズガイコクカブシキインデックス","内国投資信託受益証券","11月30日","","E06748","大和アセットマネジメント株式会社"
"G10166","","Ｄ－Ｉ’ｓ　外国債券インデックス","ディーアイズガイコクサイケンインデックス","内国投資信託受益証券","11月30日","","E06748","大和アセットマネジメント株式会社"
"G10167","","Ｄ－Ｉ’ｓ　グローバルＲＥＩＴインデックス","ディーアイズグローバルリートインデックス","内国投資信託受益証券","11月30日","","E06748","大和アセットマネジメント株式会社"
"G10168","","Ｄ－Ｉ’ｓ　新興国株式インデックス","ディーアイズシンコウコクカブシキインデックス","内国投資信託受益証券","7月5日","","E06748","大和アセットマネジメント株式会社"
"G10169","","Ｄ－Ｉ’ｓ　新興国債券インデックス","ディーアイズシンコウコクサイケンインデックス","内国投資信託受益証券","7月5日","","E06748","大和アセットマネジメント株式会社"
"G10177","","ＢＮＹメロン・日本株式ファンド　市場リスク管理型","ビーエヌワイメロンニッポンカブシキファンドシジョウリスクカンリガタ","内国投資信託受益証券","1月14日","","E13343","ＢＮＹメロン・インベストメント・マネジメント・ジャパン株式会社"
"G10178","","明治安田ＤＣ日本債券パッシブファンド","メイジヤスダディーシーニホンサイケンパッシブファンド","内国投資信託受益証券","10月27日","","E12448","明治安田アセットマネジメント株式会社"
"G10179","","みずほ好配当日本株オープン（年１回決算型）","ミズホコウハイトウニホンカブオープン　ネンイッカイケッサンガタ","内国投資信託受益証券","4月8日","","E12434","ＳＯＭＰＯアセットマネジメント株式会社"
"G10180","","ザ・２０２０ビジョン","ザトゥエンティトゥエンティビジョン","内国投資信託受益証券","12月19日","","E22096","コモンズ投信株式会社"
"G10184","","三菱ＵＦＪ　グローバル・ボンド・オープン（年１回決算型）","ミツビシユーエフジェイグローバルボンドオープンネンイッカイケッサンガタ","内国投資信託受益証券","4月20日","","E11518","三菱ＵＦＪアセットマネジメント株式会社"
"G10185","","ＵＳストラテジック・インカム・ファンド（年１回決算型）為替ヘッジあり、ＵＳストラテジック・インカム・ファンド（年１回決算型）為替ヘッジなし","ユーエスストラテジックインカムファンドネンイッカイケッサンガタカワセヘッジアリ　ユーエスストラテジックインカムファンドネンイッカイケッサンガタカワセヘッジナシ","内国投資信託受益証券","2月23日","","E10677","アセットマネジメントＯｎｅ株式会社"
"G10188","","ＳＭＴ　米ドル建新興国債券インデックス・オープン（為替ヘッジあり）","エスエムティー　ベイドルダテシンコウコクサイケンインデックス　オープン　カワセヘッジアリ","内国投資信託受益証券","4月20日","10月20日","E12444","三井住友トラスト・アセットマネジメント株式会社"
"G10189","","ＰＩＭＣＯ　米国ハイイールド債券　通貨選択型ファンド（年１回決算型）","ピムコ　ベイコクハイイールドサイケン　ツウカセンタクガタファンド　ネンイッカイケッサンガタ","内国投資信託受益証券","10月16日","","E12444","三井住友トラスト・アセットマネジメント株式会社"
"G10192","","ダイワ・ＵＳ－ＲＥＩＴ・オープン（年１回決算型）為替ヘッジあり","ダイワユーエスリートオープンネンイッカイケッサンガタカワセヘッジアリ","内国投資信託受益証券","9月17日","","E06748","大和アセットマネジメント株式会社"
"G10193","","ＳＭＴ　グローバル債券インデックス・オープン（為替ヘッジあり）","エスエムティー　グローバルサイケンインデックス　オープン　カワセヘッジアリ","内国投資信託受益証券","4月20日","10月20日","E12444","三井住友トラスト・アセットマネジメント株式会社"
"G10195","","三井住友・ＮＹダウ・ジョーンズ・インデックスファンド（為替ノーヘッジ型）","ミツイスミトモニューヨークダウジョーンズインデックスファンドカワセノーヘッジガタ","内国投資信託受益証券","11月5日","","E08957","三井住友ＤＳアセットマネジメント株式会社"
"G10198","32950","ヒューリックリート投資法人","ヒューリックリートトウシホウジン","内国投資証券","2月末日","8月末日","E30291","ヒューリックリート投資法人"
"G10201","","ダイワ新興国ソブリン債券ファンド：資産成長コース、通貨αコース","ダイワシンコウコクソブリンサイケンファンドシサンセイチョウコースツウカアルファコース","内国投資信託受益証券","1月17日","7月17日","E06748","大和アセットマネジメント株式会社"
"G10204","","日興・米国バンクローン・ファンド（為替ヘッジあり）１４－０１","ニッコウベイコクバンクローンファンドカワセヘッジアリイチヨンゼロイチ","内国投資信託受益証券","1月26日","7月26日","E08957","三井住友ＤＳアセットマネジメント株式会社"
"G10206","","２０２３年満期日本公共債ファンド","ニセンニジュウサンネンマンキニホンコウキョウサイファンド","内国投資信託受益証券","12月25日","","E12430","アモーヴァ・アセットマネジメント株式会社"
"G10208","","三菱ＵＦＪ　東京関連オープン（米ドル投資型）／（円投資型）","ミツビシユーエフジェイ　トウキョウカンレンオープンベイドルトウシガタエントウシガタ","内国投資信託受益証券","1月15日","","E11518","三菱ＵＦＪアセットマネジメント株式会社"
"G10210","","ＭＵＡＭグローバル・ケイマン・トラスト－ＵＳバンクローンファンド　米ドル建／ＵＳバンクローンファンド　豪ドル建　豪ドルヘッジ","エムユーエーエムグローバルケイマントラストユーエスバンクローンファンドベイドルダテユーエスバンクローンファンドゴウドルダテゴウドルヘッジ","外国投資信託受益証券","10月末日","","E15174","ルクセンブルク三菱ＵＦＪインベスターサービス銀行Ｓ．Ａ．"
"G10211","","三井住友・ＮＹダウ・ジョーンズ・インデックスオープン","ミツイスミトモニューヨークダウジョーンズインデックスオープン","内国投資信託受益証券","11月5日","","E08957","三井住友ＤＳアセットマネジメント株式会社"
"G10214","","しんきんＪリートオープン（１年決算型）","シンキンジェイリートオープンイチネンケッサンガタ","内国投資信託受益証券","1月20日","","E12422","しんきんアセットマネジメント投信株式会社"
"G10215","","ＪＰＸ日経４００ノーロードオープン","ジェイピーエックスニッケイヨンヒャクノーロードオープン","内国投資信託受益証券","1月15日","","E10677","アセットマネジメントＯｎｅ株式会社"
"G10217","","ダイワＪＰＸ日経４００ファンド","ダイワジェイピーエックスニッケイヨンヒャクファンド","内国投資信託受益証券","3月22日","","E06748","大和アセットマネジメント株式会社"
"G10218","","ダイワＪＰＸ日経４００ファンド（米ドル投資型）","ダイワジェイピーエックスニッケイヨンヒャクファンドベイドルトウシガタ","内国投資信託受益証券","3月22日","","E06748","大和アセットマネジメント株式会社"
"G10219","","フィデリティ・世界インカム株式・ファンド（資産成長型）","フィデリティセカイインカムカブシキファンドシサンセイチョウガタ","内国投資信託受益証券","12月15日","","E12481","フィデリティ投信株式会社"
"G10225","","イオングループ・ファンド","イオングループファンド","内国投資信託受益証券","2月22日","8月22日","E12441","ＳＢＩ岡三アセットマネジメント株式会社"
"G10226","","ＳＭＴ　ＪＰＸ日経インデックス４００・オープン","エスエムティー　ジェイピーエックスニッケイインデックスヨンヒャク　オープン","内国投資信託受益証券","4月20日","10月20日","E12444","三井住友トラスト・アセットマネジメント株式会社"
"G10229","","ＨＫエレクトリック・インベストメンツ（愛称　香港電力インベストメンツ）","エイチケイエレクトリック　インベストメンツ　アイショウ　ホンコンデンリョクインベストメンツ","外国投資信託受益証券","12月末日","","E30309","ＨＫエレクトリック・インベストメンツ・マネジャー・リミテッド"
"G10230","","ＧＳ日本株・プラス（米ドルコース）","ジーエス　ニホンカブプラス　ベイドルコース","内国投資信託受益証券","5月10日","11月10日","E12457","ゴールドマン・サックス・アセット・マネジメント株式会社"
"G10231","15910","ＮＥＸＴ　ＦＵＮＤＳ　ＪＰＸ日経インデックス４００連動型上場投信","ネクストファンズジェイピーエックスニッケイインデックスヨンヒャクレンドウガタジョウジョウトウシン","内国投資信託受益証券","4月7日","10月7日","E12460","野村アセットマネジメント株式会社"
"G10232","","りそな・ＪＰＸ日経４００オープン","リソナジェイピーエックスニッケイヨンヒャクオープン","内国投資信託受益証券","11月19日","","E09666","アムンディ・ジャパン株式会社"
"G10233","15920","上場インデックスファンドＪＰＸ日経インデックス４００","ジョウジョウインデックスファンドジェーピーエックスニッケイインデックスヨンヒャク","内国投資信託受益証券","1月8日","7月8日","E12430","アモーヴァ・アセットマネジメント株式会社"
"G10240","","三重県応援・債券ファンド（１年決算型）","ミエケンオウエンサイケンファンドイチネンケッサンガタ","内国投資信託受益証券","1月20日","","E12441","ＳＢＩ岡三アセットマネジメント株式会社"
"G10241","","日米４資産スマートバランス","ニチベイヨンシンサンスマートバランス","内国投資信託受益証券","1月8日","","E12434","ＳＯＭＰＯアセットマネジメント株式会社"
"G10250","","インデックスファンドＪＰＸ日経４００","インデックスファンドジェーピーエックスニッケイヨンヒャク","内国投資信託受益証券","2月8日","","E12430","アモーヴァ・アセットマネジメント株式会社"
"G10252","","ＭＬＰ関連証券ファンド（為替ヘッジあり）　ＭＬＰ関連証券ファンド（為替ヘッジなし）","エムエルピーカンレンショウケンファンド　カワセヘッジアリ　エムエルピーカンレンショウケンファンド　カワセヘッジナシ","内国投資信託受益証券","1月26日","7月26日","E12444","三井住友トラスト・アセットマネジメント株式会社"
"G10253","","ＪＰＸ日経４００ファンド","ジェイピーエックスニッケイヨンヒャクファンド","内国投資信託受益証券","9月6日","","E12460","野村アセットマネジメント株式会社"
"G10254","","日興・米国バンクローン・ファンド（為替ヘッジあり）１４－０２","ニッコウベイコクバンクローンファンドカワセヘッジアリイチヨンゼロニ","内国投資信託受益証券","2月26日","8月26日","E08957","三井住友ＤＳアセットマネジメント株式会社"
"G10255","","ニュージーランド公社債ファンド（毎月分配型）","ニュージーランドコウシャサイファンド　マイツキブンパイガタ","内国投資信託受益証券","1月18日","7月18日","E12430","アモーヴァ・アセットマネジメント株式会社"
"G10256","","ダイワ・インデックスセレクト　ＪＰＸ日経４００","ダイワインデックスセレクトジェイピーエックスニッケイヨンヒャク","内国投資信託受益証券","3月22日","","E06748","大和アセットマネジメント株式会社"
"G10265","15930","ＭＡＸＩＳ　ＪＰＸ日経インデックス４００上場投信","マクシスジェーピーエックスニッケイインデックスヨンヒャクジョウジョウトウシン","内国投資信託受益証券","1月16日","7月16日","E11518","三菱ＵＦＪアセットマネジメント株式会社"
"G10270","","コクサイ・ケイマン・トラスト－米ドル建　米ドルヘッジ　国際・キャピタル　日本株式オープン　豪ドル建　豪ドルヘッジ　国際・キャピタル　日本株式オープン","コクサイケンマントラストベイドルダテベイドルヘッジコクサイキャピタルニホンカブシキオープンゴウドルダテゴウドルヘッジコクサイキャピタルニホンカブシキオープン","外国投資信託受益証券","9月末日","","E30992","ルクセンブルク三菱ＵＦＪインベスターサービス銀行Ｓ．Ａ．"
"G10273","15960","ＮＺＡＭ　上場投信　ＴＯＰＩＸ　Ｅｘ－Ｆｉｎａｎｃｉａｌｓ","エヌザム　ジョウジョウトウシン　トピックス　エクスフィナンシャルズ","内国投資信託受益証券","1月15日","7月15日","E12882","農林中金全共連アセットマネジメント株式会社"
"G10274","15950","ＮＺＡＭ　上場投信　東証ＲＥＩＴ指数","エヌザム　ジョウジョウトウシン　トウショウリートシスウ","内国投資信託受益証券","4月15日","10月15日","E12882","農林中金全共連アセットマネジメント株式会社"
"G10276","","フランクリン・テンプルトン・ニュージーランド債券ファンド（毎月分配型）　フランクリン・テンプルトン・ニュージーランド債券ファンド（年２回決算型）","フランクリン　テンプルトン　ニュージーランドサイケンファンド　マイツキブンパイガタ　フランクリン　テンプルトン　ニュージーランドサイケンファンド　ネンニカイケッサンガタ","内国投資信託受益証券","2月15日","8月15日","E12425","フランクリン・テンプルトン・ジャパン株式会社"
"G10277","","三井住友・ＪＰＸ日経４００オープン","ミツイスミトモジェイピーエックスニッケイヨンヒャクオープン","内国投資信託受益証券","2月14日","","E08957","三井住友ＤＳアセットマネジメント株式会社"
"G10278","","日興グラビティ・ヨーロピアン・ファンド","ニッコウグラビティヨーロピアンファンド","内国投資信託受益証券","2月26日","","E08957","三井住友ＤＳアセットマネジメント株式会社"
"G10281","","インデックスファンドＭＬＰ（毎月分配型）","インデックスファンドエムエルピー　マイツキブンパイガタ","内国投資信託受益証券","5月20日","11月20日","E12430","アモーヴァ・アセットマネジメント株式会社"
"G10284","","ダイワ新興アセアン中小型株ファンド　－５つの芽－","ダイワシンコウアセアンチュウコガタカブファンドイツツノメ","内国投資信託受益証券","2月27日","8月27日","E06748","大和アセットマネジメント株式会社"
"G10285","","ニッセイＪＰＸ日経４００アクティブファンド","ニッセイジェイピーエックスニッケイヨンヒャクアクティブファンド","内国投資信託受益証券","1月25日","7月25日","E12453","ニッセイアセットマネジメント株式会社"
"G10293","","米国国債ファンド　為替ヘッジなし（毎月決算型）","ベイコクコクサイファンドカワセヘッジナシマイツキケッサンガタ","内国投資信託受益証券","3月26日","9月26日","E06748","大和アセットマネジメント株式会社"
"G10294","","ジャパン・エクセレント","ジャパンエクセレント","内国投資信託受益証券","1月21日","7月21日","E06748","大和アセットマネジメント株式会社"
"G10298","","ＭＵＡＭグローバル・ケイマン・トラスト－ＰＩＭＣＯ　インカム・ファンド　米ドル／ＰＩＭＣＯ　インカム・ファンド　円","エムユーエーエムグローバルケイマントラストピムコインカムファンドベイドルピムコインカムファンドエン","外国投資信託受益証券","10月末日","","E15174","ルクセンブルク三菱ＵＦＪインベスターサービス銀行Ｓ．Ａ．"
"G10300","","米国割安株ファンド","ベイコクワリヤスカブファンド","内国投資信託受益証券","3月19日","9月19日","E10677","アセットマネジメントＯｎｅ株式会社"
"G10301","15970","ＭＡＸＩＳ　Ｊリート上場投信","マクシスジェイリートジョウジョウトウシン","内国投資信託受益証券","6月8日","12月8日","E11518","三菱ＵＦＪアセットマネジメント株式会社"
"G10304","","ＳＢＩ日本小型成長株選抜ファンド（愛称：センバツ）","エスビーアイニホンコガタセイチョウカブセンバツファンド　アイショウ　センバツ","内国投資信託受益証券","6月22日","12月22日","E13447","ＳＢＩアセットマネジメント株式会社"
"G10307","","フランス株式ファンド","フランスカブシキファンド","内国投資信託受益証券","3月15日","9月15日","E26704","カレラアセットマネジメント株式会社"
"G10309","","日興・米国バンクローン・ファンド（為替ヘッジあり）１４－０３","ニッコウベイコクバンクローンファンドカワセヘッジアリイチヨンゼロサン","内国投資信託受益証券","3月26日","9月26日","E08957","三井住友ＤＳアセットマネジメント株式会社"
"G10312","","ダイワ米国バイバック・ファンド：為替ヘッジあり、為替ヘッジなし","ダイワベイコクバイバックファンドカワセヘッジアリカワセヘッジナシ","内国投資信託受益証券","3月18日","9月18日","E06748","大和アセットマネジメント株式会社"
"G10316","","インデックスファンドＤＡＸ（ドイツ株式）","インデックスファンドダックス　ドイツカブシキ","内国投資信託受益証券","2月20日","","E12430","アモーヴァ・アセットマネジメント株式会社"
"G10322","","ＲＯＥ日本株ファンド","アールオーイーニホンカブファンド","内国投資信託受益証券","2月5日","8月5日","E11764","Ｔ＆Ｄアセットマネジメント株式会社"
"G10323","","野村インデックスファンド・ＪＰＸ日経４００","ノムラインデックスファンドジェイピーエックスニッケイヨンヒャク","内国投資信託受益証券","9月6日","","E12460","野村アセットマネジメント株式会社"
"G10329","","中小型成長株オープン","チュウコガタセイチョウカブオープン","内国投資信託受益証券","3月4日","9月4日","E12441","ＳＢＩ岡三アセットマネジメント株式会社"
"G10330","","日興ＪＰＭ日本ディスカバリー・ファンド","ニッコウジェイピーエムニホンディスカバリーファンド","内国投資信託受益証券","3月25日","","E06264","ＪＰモルガン・アセット・マネジメント株式会社"
"G10334","","東京海上・米国優先リートファンド","トウキョウカイジョウベイコクユウセンリートファンド","内国投資信託受益証券","6月2日","12月2日","E06433","東京海上アセットマネジメント株式会社"
"G10341","15990","ｉＦｒｅｅＥＴＦ　ＪＰＸ日経４００","アイフリーイーティーエフジェイピーエックスニッケイヨンヒャク","内国投資信託受益証券","1月10日","7月10日","E06748","大和アセットマネジメント株式会社"
"G10342","","Ｔ＆Ｄ　ＪＰＸ日経４００投信（通貨選択型）米ドルコース","ティアンドディ　ジェイピーエックスニッケイヨンヒャクトウシン　ツウカセンタクガタ　ベイドルコース","内国投資信託受益証券","4月20日","10月20日","E11764","Ｔ＆Ｄアセットマネジメント株式会社"
"G10343","","プレミアム・ファンズ　シュローダー日本株式ファンド","プレミアムファンズシュローダーニホンカブシキファンド","外国投資信託受益証券","10月末日","","E14853","ＳＭＢＣ日興インベストメント・ファンド・マネジメント・カンパニー・エス・エイ"
"G10344","","インデックスファンドＮＹダウ３０（アメリカ株式）","インデックスファンドニューヨークダウサンジュウ　アメリカカブシキ","内国投資信託受益証券","3月20日","","E12430","アモーヴァ・アセットマネジメント株式会社"
"G10345","","ＪＰＸ日経４００インデックスファンド","ジェイピーエックスニッケイヨンヒャクインデックスファンド","内国投資信託受益証券","1月15日","","E10677","アセットマネジメントＯｎｅ株式会社"
"G10346","32960","日本リート投資法人","ニッポンリートトウシホウジン","内国投資証券","6月末日","12月末日","E30513","日本リート投資法人"
"G10349","","日興・米国バンクローン・ファンド（為替ヘッジあり）１４－０４","ニッコウベイコクバンクローンファンドカワセヘッジアリイチヨンゼロヨン","内国投資信託受益証券","4月26日","10月26日","E08957","三井住友ＤＳアセットマネジメント株式会社"
"G10350","","楽天ボラティリティ・ファンド（毎月分配型）、楽天ボラティリティ・ファンド（資産成長型）","ラクテンボラティリティファンドマイツキブンパイガタ　ラクテンボラティリティファンドシサンセイチョウガタ","内国投資信託受益証券","4月12日","10月12日","E15787","楽天投信投資顧問株式会社"
"G10352","","ダイワ・ニッポン応援ファンドＶｏｌ．５　－ライジング・ジャパン－","ダイワニッポンオウエンファンドボリュームファイブライジングジャパン","内国投資信託受益証券","4月16日","10月16日","E06748","大和アセットマネジメント株式会社"
"G10354","","日本優良成長株オープン（米ドル投資型）、日本優良成長株オープン（円投資型）","ニホンユウリョウセイチョウカブオープンベイドルトウシガタ　ニホンユウリョウセイチョウカブオープンエントウシガタ","内国投資信託受益証券","4月6日","10月6日","E12441","ＳＢＩ岡三アセットマネジメント株式会社"
"G10355","","日本経済再生戦略株式ファンド","ニホンケイザイサイセイセンリャクカブシキファンド","内国投資信託受益証券","3月20日","9月20日","E11518","三菱ＵＦＪアセットマネジメント株式会社"
"G10356","","ｅＭＡＸＩＳ　ＪＰＸ日経４００インデックス","イーマクシスジェーピーエックスニッケイヨンヒャクインデックス","内国投資信託受益証券","1月26日","","E11518","三菱ＵＦＪアセットマネジメント株式会社"
"G10358","","ＪＰＸ日経４００プラスにいがた・アクティブ","ジェーピーエックスニッケイヨンヒャクプラスニイガタアクティブ","内国投資信託受益証券","4月5日","10月5日","E12441","ＳＢＩ岡三アセットマネジメント株式会社"
"G10368","","フィデリティ・グローバル・ハイ・イールド・ファンド（資産成長型）","フィデリティグローバルハイイールドファンドシサンセイチョウガタ","内国投資信託受益証券","3月27日","","E12481","フィデリティ投信株式会社"
"G10377","","ＵＳバンクローンファンド・為替ヘッジあり（毎月分配型）、ＵＳバンクローンファンド・為替ヘッジなし（毎月分配型）、ＵＳバンクローンファンド・為替ヘッジあり（年２回決算型）、ＵＳバンクローンファンド・為替ヘッジなし（年２回決算型）","ユーエスバンクローンファンドカワセヘッジアリマイツキブンパイガタ　ユーエスバンクローンファンドカワセヘッジナシマイツキブンパイガタ　ユーエスバンクローンファンドカワセヘッジアリネンニカイケッサンガタ　ユーエスバンクローンファンドカワセヘッジナシネンニカイケッサンガタ","内国投資信託受益証券","5月19日","11月19日","E12460","野村アセットマネジメント株式会社"
"G10378","","グローバル変動金利債券ファンド　円ヘッジありコース　グローバル変動金利債券ファンド　円ヘッジなしコース","グローバルヘンドウキンリサイケンファンド　エンヘッジアリコース　グローバルヘンドウキンリサイケンファンド　エンヘッジナシコース","内国投資信託受益証券","4月20日","","E12434","ＳＯＭＰＯアセットマネジメント株式会社"
"G10380","","グローバルＲＥＩＴオープン（資産成長型）","グローバルリートオープンシサンセイチョウガタ","内国投資信託受益証券","1月23日","7月23日","E12460","野村アセットマネジメント株式会社"
"G10385","","野村サービス関連株ファンド","ノムラサービスカンレンカブファンド","内国投資信託受益証券","8月20日","","E12460","野村アセットマネジメント株式会社"
"G10386","","明治安田米国リート・インカム・プレミアム・ファンド（毎月決算型）","メイジヤスダベイコクリートインカムプレミアムファンドマイツキケッサンガタ","内国投資信託受益証券","2月1日","8月1日","E12448","明治安田アセットマネジメント株式会社"
"G10389","","インベスコ・オフィス・ジェイリート投資法人","インベスコオフィスジェイリートトウシホウジン","内国投資証券","2月末日","","E30620","インベスコ・オフィス・ジェイリート投資法人"
"G10390","","日興・米国バンクローン・ファンド（為替ヘッジあり）１４－０５","ニッコウベイコクバンクローンファンドカワセヘッジアリイチヨンゼロゴー","内国投資信託受益証券","5月26日","11月26日","E08957","三井住友ＤＳアセットマネジメント株式会社"
"G10392","","三井住友・ピムコ・ストラテジック・インカムファンド（為替ヘッジあり／３カ月決算型）、三井住友・ピムコ・ストラテジック・インカムファンド（為替ヘッジなし／３カ月決算型）","ミツイスミトモピムコストラテジックインカムファンドカワセヘッジアリサンカゲツケッサンガタミツイスミトモピムコストラテジックインカムファンドカワセヘッジナシサンカゲツケッサンガタ","内国投資信託受益証券","5月12日","11月12日","E08957","三井住友ＤＳアセットマネジメント株式会社"
"G10393","","三井住友・ピムコ・ストラテジック・インカムファンド（為替ヘッジあり／年１回決算型）、三井住友・ピムコ・ストラテジック・インカムファンド（為替ヘッジなし／年１回決算型）","ミツイスミトモピムコストラテジックインカムファンドカワセヘッジアリネンイッカイケッサンガタミツイスミトモピムコストラテジックインカムファンドカワセヘッジナシネンイッカイケッサンガタ","内国投資信託受益証券","5月12日","","E08957","三井住友ＤＳアセットマネジメント株式会社"
"G10396","","米国バンクローン・オープン＜為替ヘッジあり＞／＜為替ヘッジなし＞（年１回決算型）","ベイコクバンクローンオープンカワセヘッジアリカワセヘッジナシネンイッカイケッサンガタ","内国投資信託受益証券","5月20日","","E11518","三菱ＵＦＪアセットマネジメント株式会社"
"G10397","","米国バンクローン・オープン＜為替ヘッジあり＞／＜為替ヘッジなし＞（毎月決算型）","ベイコクバンクローンオープンカワセヘッジアリカワセヘッジナシマイツキケッサンガタ","内国投資信託受益証券","5月20日","11月20日","E11518","三菱ＵＦＪアセットマネジメント株式会社"
"G10398","","ＵＢＳ（Ｌｕｘ）エクイティ・シキャブ","ユービーエスルクスエクイティシキャブ","外国投資証券","5月末日","","E30637","ＵＢＳ（Ｌｕｘ）エクイティ・シキャブ"
"G10401","","ダイワ英国高配当株ツインα（毎月分配型）","ダイワエイコクコウハイトウカブツインアルファマイツキブンパイガタ","内国投資信託受益証券","5月17日","11月17日","E06748","大和アセットマネジメント株式会社"
"G10402","","ダイワ英国高配当株ファンド、ダイワ英国高配当株ファンド・マネー・ポートフォリオ","ダイワエイコクコウハイトウカブファンドダイワエイコクコウハイトウカブファンドマネーポートフォリオ","内国投資信託受益証券","5月17日","11月17日","E06748","大和アセットマネジメント株式会社"
"G10406","","ブラックロック世界分散投資ファンド","ブラックロックセカイブンサントウシファンド","内国投資信託受益証券","8月2日","","E09096","ブラックロック・ジャパン株式会社"
"G10409","","ＰＩＭＣＯ　インカム戦略ファンド＜円インカム＞（毎月分配型）／（年２回分配型）ＰＩＭＣＯ　インカム戦略ファンド＜米ドルインカム＞（毎月分配型）／（年２回分配型）","ピムコインカムセンリャクファンドエンインカムマイツキブンパイガタネンニカイブンパイガタ　ピムコインカムセンリャクファンドベイドルインカムマイツキブンパイガタネンニカイブンパイガタ","内国投資信託受益証券","4月20日","10月20日","E11518","三菱ＵＦＪアセットマネジメント株式会社"
"G10410","","ニッセイアジアリートファンド（毎月決算型）","ニッセイアジアリートファンドマイツキケッサンガタ","内国投資信託受益証券","3月25日","9月25日","E12453","ニッセイアセットマネジメント株式会社"
"G10411","","ニッセイアジアリートファンド（毎月決算型）限定為替ヘッジあり","ニッセイアジアリートファンドマイツキケッサンガタゲンテイカワセヘッジアリ","内国投資信託受益証券","3月25日","9月25日","E12453","ニッセイアセットマネジメント株式会社"
"G10412","","インド株式フォーカス（奇数月分配型）","インドカブシキフォーカス　キスウヅキブンパイガタ","内国投資信託受益証券","3月14日","9月14日","E12430","アモーヴァ・アセットマネジメント株式会社"
"G10415","","ピクテ・グローバル・インカム株式ファンドＤＣ","ピクテグローバルインカムカブシキファンドディーシー","内国投資信託受益証券","2月10日","8月10日","E10439","ピクテ・ジャパン株式会社"
"G10416","","欧州成長株式ファンド","オウシュウセイチョウカブシキファンド","内国投資信託受益証券","6月5日","","E12444","三井住友トラスト・アセットマネジメント株式会社"
"G10417","","ＵＢＳ（Ｌｕｘ）ストラテジー・エクストラ・シキャブ－バランスド（米ドル）","ユービーエスルクスストラテジーエクストラシキャブバランスドベイドル","外国投資証券","10月末日","","E30664","ＵＢＳ（Ｌｕｘ）ストラテジー・エクストラ・シキャブ"
"G10418","","ＬＭ・ニュージーランド公社債ファンド（毎月分配型）","エルエム　ニュージーランドコウシャサイファンド　マイツキブンパイガタ","内国投資信託受益証券","5月15日","11月15日","E12425","フランクリン・テンプルトン・ジャパン株式会社"
"G10421","","しんきんＪＰＸ日経４００オープン","シンキンジェイピーエックスニッケイヨンヒャクオープン","内国投資信託受益証券","6月5日","","E12422","しんきんアセットマネジメント投信株式会社"
"G10422","","女性活力日本株ファンド","ジョセイカツリョクニッポンカブファンド","内国投資信託受益証券","4月17日","10月17日","E13343","ＢＮＹメロン・インベストメント・マネジメント・ジャパン株式会社"
"G10423","","ＭＵＧＣ　ＧＳケイマン・ファンド－ＧＳ　ＣｏＣｏｓ＆キャピタル証券ファンド","エムユージーシージーエスケイマンファンドジーエスココスアンドキャピタルショウケンファンド","外国投資信託受益証券","9月末日","","E15174","ルクセンブルク三菱ＵＦＪインベスターサービス銀行Ｓ．Ａ．"
"G10425","13560","ＴＯＰＩＸベア２倍上場投信","トピックスベアニバイジョウジョウトウシン","内国投資信託受益証券","4月3日","","E14415","シンプレクス・アセット・マネジメント株式会社"
"G10431","","ファイブスター・バリコレ・ファンド","ファイブスターバリコレファンド","内国投資信託受益証券","11月25日","","E27917","ファイブスター投信投資顧問株式会社"
"G10433","","世界標準債券ファンド（１年決算型）","セカイヒョウジュンサイケンファンド　イチネンケッサンガタ","内国投資信託受益証券","7月17日","","E12430","アモーヴァ・アセットマネジメント株式会社"
"G10434","","三菱ＵＦＪ　ＤＣバランス・イノベーション（ＫＡＫＵＳＨＩＮ）","ミツビシユーエフジェイ　ディーシーバランスイノベーションカクシン","内国投資信託受益証券","3月25日","","E11518","三菱ＵＦＪアセットマネジメント株式会社"
"G10435","","３つの財布　欧州リートファンド","ミッツノサイフ　オウシュウリートファンド","内国投資信託受益証券","6月15日","12月15日","E26704","カレラアセットマネジメント株式会社"
"G10437","","ダイワ豪ドル建て高利回り証券α（毎月分配型）","ダイワゴウドルダテコウリマワリショウケンアルファマイツキブンパイガタ","内国投資信託受益証券","4月17日","10月17日","E06748","大和アセットマネジメント株式会社"
"G10440","","日興・米国バンクローン・ファンド（為替ヘッジあり）１４－０６","ニッコウベイコクバンクローンファンドカワセヘッジアリイチヨンゼロロク","内国投資信託受益証券","6月26日","12月26日","E08957","三井住友ＤＳアセットマネジメント株式会社"
"G10443","","トヨタグループ・バランスファンド","トヨタグループバランスファンド","内国投資信託受益証券","5月13日","11月13日","E08957","三井住友ＤＳアセットマネジメント株式会社"
"G10446","","ＮＮ欧州リート・ファンド（毎月決算コース／為替ヘッジなし）ＮＮ欧州リート・ファンド（資産形成コース／為替ヘッジなし）","エヌエヌオウシュウリートファンドマイツキケッサンコースカワセヘッジナシエヌエヌオウシュウリートファンドシサンケイセイコースカワセヘッジナシ","内国投資信託受益証券","6月15日","12月15日","E12457","ゴールドマン・サックス・アセット・マネジメント株式会社"
"G10451","","ブラックロック世界株式絶対収益追求ファンド（為替ヘッジあり）／（為替ヘッジなし）","ブラックロックセカイカブシキゼッタイシュウエキツイキュウファンドカワセヘッジアリカワセヘッジナシ","内国投資信託受益証券","1月15日","7月15日","E09096","ブラックロック・ジャパン株式会社"
"G10454","","ＪＰＭグローバルマイスター","ジェイピーエムグローバルマイスター","内国投資信託受益証券","6月26日","","E06264","ＪＰモルガン・アセット・マネジメント株式会社"
"G10455","","日興ブラックロック・ハイ・クオリティ・アロケーション・ファンド（為替ヘッジなし）、日興ブラックロック・ハイ・クオリティ・アロケーション・ファンド（限定為替ヘッジ）","ニッコウブラックロックハイクオリティアロケーションファンドカワセヘッジナシ　ニッコウブラックロックハイクオリティアロケーションファンドゲンテイカワセヘッジ","内国投資信託受益証券","6月26日","","E08957","三井住友ＤＳアセットマネジメント株式会社"
"G10456","","ミューズニッチ米国ＢＤＣファンド（毎月分配型）、ミューズニッチ米国ＢＤＣファンド（年２回決算型）","ミューズニッチベイコクビーディシーファンド　マイツキブンパイガタ　ミューズニッチベイコクビーディシーファンド　ネンニカイケッサンガタ","内国投資信託受益証券","5月20日","11月20日","E12430","アモーヴァ・アセットマネジメント株式会社"
"G10457","","ＰＩＭＣＯ　インカム戦略ファンド＜世界通貨分散コース＞（毎月分配型）／（年２回分配型）","ピムコインカムセンリャクファンドセカイツウカブンサンコースマイツキブンパイガタネンニカイブンパイガタ","内国投資信託受益証券","4月20日","10月20日","E11518","三菱ＵＦＪアセットマネジメント株式会社"
"G10458","","通貨選択型ダイワ／ミレーアセット・グローバル・グレートコンシューマー株式ファンドⅡ：豪ドル・コース（毎月分配型）、ブラジル・レアル・コース（毎月分配型）、通貨セレクト・コース（毎月分配型）","ツウカセンタクガタダイワミレーアセットグローバルグレートコンシューマーカブシキファンドツーゴウドルコースマイツキブンパイガタブラジルレアルコースマイツキブンパイガタツウカセレクトコースマイツキブンパイガタ","内国投資信託受益証券","3月19日","9月19日","E06748","大和アセットマネジメント株式会社"
"G10462","","三菱ＵＦＪ／マッコーリー　オーストラリア・ハイインカム債券ファンド　豪ドル円プレミアム（毎月決算型）","ミツビシユーエフジェイマッコーリーオーストラリアハイインカムサイケンファンドゴウドルエンプレミアムマイツキケッサンガタ","内国投資信託受益証券","4月7日","10月7日","E11518","三菱ＵＦＪアセットマネジメント株式会社"
"G10464","","ＧＩＭケイマン・トラストⅠ－日興グローバル金融機関ハイブリッド証券ファンド","ジイアイエムケイマントラストワンニッコウグローバルキンユウキカンハイブリッドショウケンファンド","外国投資信託受益証券","1月末日","","E26661","ＪＰＭＡＭジャパン・ケイマン・ファンド・リミテッド"
"G10466","","三井住友・ＮＹダウ・ジョーンズ指数オープン（為替ヘッジあり）、三井住友・ＮＹダウ・ジョーンズ指数オープン（為替ヘッジなし）","ミツイスミトモニューヨークダウジョーンズシスウオープンカワセヘッジアリ　ミツイスミトモニューヨークダウジョーンズシスウオープンカワセヘッジナシ","内国投資信託受益証券","11月5日","","E08957","三井住友ＤＳアセットマネジメント株式会社"
"G10471","","ヘッジ付先進国株式インデックスオープン","ヘッジツキセンシンコクカブシキインデックスオープン","内国投資信託受益証券","5月12日","","E11518","三菱ＵＦＪアセットマネジメント株式会社"
"G10473","","ニッセイ欧州株式厳選ファンド　フルインベストメントコース／ニッセイ欧州株式厳選ファンド　リスクコントロールコース","ニッセイオウシュウカブシキゲンセンファンドフルインベストメントコース　ニッセイオウシュウカブシキゲンセンファンドリスクコントロールコース","内国投資信託受益証券","1月20日","7月20日","E12453","ニッセイアセットマネジメント株式会社"
"G10478","","日興・米国バンクローン・ファンド（為替ヘッジあり）１４－０７","ニッコウベイコクバンクローンファンドカワセヘッジアリイチヨンゼロナナ","内国投資信託受益証券","1月26日","7月26日","E08957","三井住友ＤＳアセットマネジメント株式会社"
"G10481","","ブルーベイ　クレジットＬＳファンド（ＳＭＡ専用）","ブルーベイ　クレジットエルエスファンド　エスエムエーセンヨウ","内国投資信託受益証券","4月10日","","E12444","三井住友トラスト・アセットマネジメント株式会社"
"G10483","","ピクテ・グローバル・インカム株式ファンド（毎月分配型）フレックス・コース","ピクテグローバルインカムカブシキファンドマイツキブンパイガタフレックスコース","内国投資信託受益証券","1月10日","7月10日","E10439","ピクテ・ジャパン株式会社"
"G10484","","ピクテ・グローバル・インカム株式ファンド（１年決算型）フレックス・コース","ピクテグローバルインカムカブシキファンドイチネンケッサンガタフレックスコース","内国投資信託受益証券","7月10日","","E10439","ピクテ・ジャパン株式会社"
"G10491","","アムンディ・グローバル・サステナブル・バリュー・ファンド","アムンディグローバルサステナブルバリューファンド","内国投資信託受益証券","6月5日","12月5日","E09666","アムンディ・ジャパン株式会社"
"G10493","","Ｏｎｅ厳選米国株式ファンド","ワンゲンセンベイコクカブシキファンド","内国投資信託受益証券","7月15日","","E10677","アセットマネジメントＯｎｅ株式会社"
"G10498","","ダイワ高格付カナダドル債オープン・為替アクティブヘッジ（毎月分配型）","ダイワコウカクヅケカナダドルサイオープンカワセアクティブヘッジマイツキブンパイガタ","内国投資信託受益証券","5月10日","11月10日","E06748","大和アセットマネジメント株式会社"
"G10502","13570","ＮＥＸＴ　ＦＵＮＤＳ　日経平均ダブルインバース・インデックス連動型上場投信","ネクストファンズニッケイヘイキンダブルインバースインデックスレンドウガタジョウジョウトウシン","内国投資信託受益証券","5月20日","","E12460","野村アセットマネジメント株式会社"
"G10506","","メディカル・サイエンス・ファンド","メディカルサイエンスファンド","内国投資信託受益証券","1月23日","7月23日","E10677","アセットマネジメントＯｎｅ株式会社"
"G10508","","グローバル変動金利債券ファンド（毎月分配型）円ヘッジありコース　グローバル変動金利債券ファンド（毎月分配型）円ヘッジなしコース","グローバルヘンドウキンリサイケンファンド　マイツキブンパイガタ　エンヘッジアリコース　グローバルヘンドウキンリサイケンファンド　マイツキブンパイガタ　エンヘッジナシコース","内国投資信託受益証券","4月20日","10月20日","E12434","ＳＯＭＰＯアセットマネジメント株式会社"
"G10510","","三菱ＵＦＪ　米国バンクローンファンド　米ドル円プレミアム（毎月分配型）","ミツビシユーエフジェイベイコクバンクローンファンドベイドルエンプレミアムマイツキブンパイガタ","内国投資信託受益証券","4月11日","10月11日","E11518","三菱ＵＦＪアセットマネジメント株式会社"
"G10515","","りそなスイス・グローバル・リーダー・ファンド","リソナスイスグローバルリーダーファンド","内国投資信託受益証券","6月13日","12月13日","E12434","ＳＯＭＰＯアセットマネジメント株式会社"
"G10516","","アムンディ・英国債ファンド（毎月決算型）、アムンディ・英国債ファンド（年２回決算型）","アムンディエイコクサイファンドマイツキケッサンガタ　アムンディエイコクサイファンドネンニカイケッサンガタ","内国投資信託受益証券","4月25日","10月25日","E09666","アムンディ・ジャパン株式会社"
"G10518","","ベトナム成長株インカムファンド","ベトナムセイチョウカブインカムファンド","内国投資信託受益証券","2月20日","8月20日","E14714","キャピタル　アセットマネジメント株式会社"
"G10519","","欧州社債ファンド　Ａコース（為替ヘッジあり）、欧州社債ファンド　Ｂコース（為替ヘッジなし）","オウシュウシャサイファンド　エーコース　カワセヘッジアリ　オウシュウシャサイファンド　ビーコース　カワセヘッジナシ","内国投資信託受益証券","5月15日","11月15日","E12430","アモーヴァ・アセットマネジメント株式会社"
"G10520","","イーストスプリング・ジャパン中小型厳選バリュー株ファンド","イーストスプリングジャパンチュウコガタゲンセンバリューカブファンド","内国投資信託受益証券","7月27日","","E12566","イーストスプリング・インベストメンツ株式会社"
"G10521","","野村グローバルボンド投信　Ａコース、野村グローバルボンド投信　Ｂコース、野村グローバルボンド投信　Ｃコース、野村グローバルボンド投信　Ｄコース、野村グローバルボンド投信　Ｅコース、野村グローバルボンド投信　Ｆコース","ノムラグローバルボンドトウシンエーコース　ノムラグローバルボンドトウシンビーコース　ノムラグローバルボンドトウシンシーコース　ノムラグローバルボンドトウシンディーコース　ノムラグローバルボンドトウシンイーコース　ノムラグローバルボンドトウシンエフコース","内国投資信託受益証券","2月6日","8月6日","E12460","野村アセットマネジメント株式会社"
"G10523","","バンクローン・オープン（為替ヘッジあり）　バンクローン・オープン（為替ヘッジなし）","バンクローン　オープン　カワセヘッジアリ　バンクローン　オープン　カワセヘッジナシ","内国投資信託受益証券","1月10日","7月10日","E12444","三井住友トラスト・アセットマネジメント株式会社"
"G10525","","ワールド・リゾート関連株式ファンド","ワールドリゾートカンレンカブシキファンド","内国投資信託受益証券","8月1日","","E08957","三井住友ＤＳアセットマネジメント株式会社"
"G10527","","Ｏｎｅジャナス米国中小型株式ファンド","ワンジャナスベイコクチュウコガタカブシキファンド","内国投資信託受益証券","1月23日","7月23日","E10677","アセットマネジメントＯｎｅ株式会社"
"G10529","","日興・米国バンクローン・ファンド（為替ヘッジあり）１４－０８","ニッコウベイコクバンクローンファンドカワセヘッジアリイチヨンゼロハチ","内国投資信託受益証券","2月26日","8月26日","E08957","三井住友ＤＳアセットマネジメント株式会社"
"G10530","","４資産分散投資・ハイクラス＜ＤＣ年金＞","ヨンシサンブンサントウシハイクラスディーシーネンキン","内国投資信託受益証券","2月25日","","E10677","アセットマネジメントＯｎｅ株式会社"
"G10536","","アライアンス・バーンスタイン・新興国成長株投信Ｃコース毎月決算型（為替ヘッジあり）予想分配金提示型／アライアンス・バーンスタイン・新興国成長株投信Ｄコース毎月決算型（為替ヘッジなし）予想分配金提示型","アライアンスバーンスタインシンコウコクセイチョウカブトウシンシーコースマイツキケッサンガタカワセヘッジアリヨソウブンパイキンテイジガタ　アライアンスバーンスタインシンコウコクセイチョウカブトウシンディーコースマイツキケッサンガタカワセヘッジナシヨソウブンパイキンテイジガタ","内国投資信託受益証券","2月28日","8月28日","E12480","アライアンス・バーンスタイン株式会社"
"G10537","","ニュージーランド債券オープン＜為替ヘッジなし＞（毎月分配型）、ニュージーランド債券オープン＜為替ヘッジなし＞（年２回決算型）、ニュージーランド債券オープン＜為替アクティブヘッジ＞（毎月分配型）、ニュージーランド債券オープン＜為替アクティブヘッジ＞（年２回決算型）","ニュージーランドサイケンオープンカワセヘッジナシマイツキブンパイガタ　ニュージーランドサイケンオープンカワセヘッジナシネンニカイケッサンガタ　ニュージーランドサイケンオープンカワセアクティブヘッジマイツキブンパイガタ　ニュージーランドサイケンオープンカワセアクティブヘッジネンニカイケッサンガタ","内国投資信託受益証券","2月12日","8月12日","E12460","野村アセットマネジメント株式会社"
"G10546","","ＤＣダイナミック・アロケーション・ファンド","ディーシーダイナミックアロケーションファンド","内国投資信託受益証券","5月8日","","E06748","大和アセットマネジメント株式会社"
"G10550","","アライアンス・バーンスタイン・米国成長株投信Ｃコース毎月決算型（為替ヘッジあり）予想分配金提示型／アライアンス・バーンスタイン・米国成長株投信Ｄコース毎月決算型（為替ヘッジなし）予想分配金提示型","アライアンスバーンスタインベイコクセイチョウカブトウシンシーコースマイツキケッサンガタカワセヘッジアリヨソウブンパイキンテイジガタ　アライアンスバーンスタインベイコクセイチョウカブトウシンディーコースマイツキケッサンガタカワセヘッジナシヨソウブンパイキンテイジガタ","内国投資信託受益証券","6月15日","12月15日","E12480","アライアンス・バーンスタイン株式会社"
"G10551","","アセアン真成長株式ファンド","アセアンシンセイチョウカブシキファンド","内国投資信託受益証券","6月10日","12月10日","E11518","三菱ＵＦＪアセットマネジメント株式会社"
"G10552","","アセアン社債ファンド（毎月決算型）","アセアンシャサイファンドマイツキケッサンガタ","内国投資信託受益証券","6月15日","12月15日","E11518","三菱ＵＦＪアセットマネジメント株式会社"
"G10553","13580","上場インデックスファンド日経レバレッジ指数","ジョウジョウインデックスファンドニッケイレバレッジシスウ","内国投資信託受益証券","7月10日","","E12430","アモーヴァ・アセットマネジメント株式会社"
"G10554","","ＵＢＳグローバルＣＢオープン（年４回決算型・為替ヘッジあり）／（年４回決算型・為替ヘッジなし）","ユービーエス　グローバル　シービー　オープン　ネンヨンカイケッサンガタ　カワセヘッジアリ　ネンヨンカイケッサンガタ　カワセヘッジナシ","内国投資信託受益証券","3月17日","9月17日","E12473","ＵＢＳアセット・マネジメント株式会社"
"G10558","","ノムラ・ルクセンブルグ・セレクト－野村ブラジル債券ファンド","ノムラルクセンブルグセレクトノムラブラジルサイケンファンド","外国投資信託受益証券","6月末日","","E14843","グローバル・ファンズ・マネジメント・エス・エー"
"G10559","","ＳＭＴＡＭ　ＪＰＸ日経インデックス４００オープン","エスエムティーエーエム　ジェイピーエックスニッケイインデックスヨンヒャクオープン","内国投資信託受益証券","9月8日","","E12444","三井住友トラスト・アセットマネジメント株式会社"
"G10560","","ＳＭＴＡＭ　ＮＹダウインデックスオープン　ＳＭＴＡＭ　ＮＹダウインデックスオープン（為替ヘッジあり）","エスエムティーエーエム　ニューヨークダウインデックスオープン　エスエムティーエーエム　ニューヨークダウインデックスオープン　カワセヘッジアリ","内国投資信託受益証券","9月8日","","E12444","三井住友トラスト・アセットマネジメント株式会社"
"G10561","","スマート・ラップ・ジャパン（毎月分配型）","スマート　ラップ　ジャパン　マイツキブンパイガタ","内国投資信託受益証券","1月20日","7月20日","E12430","アモーヴァ・アセットマネジメント株式会社"
"G10562","","スマート・ラップ・ジャパン（１年決算型）","スマート　ラップ　ジャパン　イチネンケッサンガタ","内国投資信託受益証券","7月20日","","E12430","アモーヴァ・アセットマネジメント株式会社"
"G10564","","日米４資産スマートバランス（ＤＣ年金）","ニチベイヨンシサンスマートバランスディーシーネンキン","内国投資信託受益証券","1月8日","","E12434","ＳＯＭＰＯアセットマネジメント株式会社"
"G10565","","ＧＳ　ＭＬＰインフラ関連証券ファンド　毎月決算コース／年２回決算コース","ジーエスエムエルピーインフラカンレンショウケンファンド　マイツキケッサンコース　ネンニカイケッサンコース","内国投資信託受益証券","5月11日","11月11日","E12457","ゴールドマン・サックス・アセット・マネジメント株式会社"
"G10566","","グローバルＣｏＣｏ債ファンド（為替ヘッジなし・毎月分配型）、グローバルＣｏＣｏ債ファンド（為替ヘッジあり・毎月分配型）","グローバルココサイファンド　カワセヘッジナシ　マイツキブンパイガタ　　グローバルココサイファンド　カワセヘッジアリ　マイツキブンパイガタ","内国投資信託受益証券","2月17日","8月17日","E12430","アモーヴァ・アセットマネジメント株式会社"
"G10567","","グローバルＣｏＣｏ債ファンド　先進国高金利通貨コース　グローバルＣｏＣｏ債ファンド　新興国高金利通貨コース","グローバルココサイファンド　センシンコクコウキンリツウカコース　グローバルココサイファンド　シンコウコクコウキンリツウカコース","内国投資信託受益証券","2月17日","8月17日","E12430","アモーヴァ・アセットマネジメント株式会社"
"G10570","","日興・米国バンクローン・ファンド（為替ヘッジあり）１４－０９","ニッコウベイコクバンクローンファンドカワセヘッジアリイチヨンゼロキュウ","内国投資信託受益証券","3月26日","9月26日","E08957","三井住友ＤＳアセットマネジメント株式会社"
"G10572","","ノムラ・ファンド・セレクト－ヨーロピアン・ハイ・イールド・ボンド・ファンド","ノムラファンドセレクトヨーロピアンハイイールドボンドファンド","外国投資信託受益証券","8月末日","","E26746","グローバル・ファンズ・トラスト・カンパニー"
"G10573","","野村ニュージーランド債券ファンド（毎月分配型）、野村ニュージーランド債券ファンド（年２回決算型）","ノムラニュージーランドサイケンファンドマイツキブンパイガタ　ノムラニュージーランドサイケンファンドネンニカイケッサンガタ","内国投資信託受益証券","2月12日","8月12日","E12460","野村アセットマネジメント株式会社"
"G10579","","ニッセイ短期インド債券ファンド（毎月決算型）／ニッセイ短期インド債券ファンド（年２回決算型）","ニッセイタンキインドサイケンファンドマイツキケッサンガタ　ニッセイタンキインドサイケンファンドネンニカイケッサンガタ","内国投資信託受益証券","1月15日","7月15日","E12453","ニッセイアセットマネジメント株式会社"
"G10580","","ニッセイ・インド厳選株式ファンド","ニッセイインドゲンセンカブシキファンド","内国投資信託受益証券","1月15日","7月15日","E12453","ニッセイアセットマネジメント株式会社"
"G10581","","ダイワ新成長株主還元株ファンド　－株主の微笑み－","ダイワシンセイチョウカブヌシカンゲンカブファンドカブヌシノホホエミ","内国投資信託受益証券","3月17日","9月17日","E06748","大和アセットマネジメント株式会社"
"G10583","","ＪＰＭベスト・インカム（年１回決算型）","ジェイピーエムベストインカムネンイッカイケッサンガタ","内国投資信託受益証券","9月15日","","E06264","ＪＰモルガン・アセット・マネジメント株式会社"
"G10586","","ＪＰＭベスト・インカム（毎月決算型）","ジェイピーエムベストインカムマイツキケッサンガタ","内国投資信託受益証券","3月15日","9月15日","E06264","ＪＰモルガン・アセット・マネジメント株式会社"
"G10595","","ニッセイ世界ハイブリッド証券戦略ファンド（毎月決算型・通貨プレミアムコース）","ニッセイセカイハイブリッドショウケンセンリャクファンドマイツキケッサンガタツウカプレミアムコース","内国投資信託受益証券","3月17日","9月17日","E12453","ニッセイアセットマネジメント株式会社"
"G10596","","ニッセイ世界ハイブリッド証券戦略ファンド（毎月決算型・為替ヘッジありコース）／ニッセイ世界ハイブリッド証券戦略ファンド（毎月決算型・為替ヘッジなしコース）","ニッセイセカイハイブリッドショウケンセンリャクファンドマイツキケッサンガタカワセヘッジアリコース　ニッセイセカイハイブリッドショウケンセンリャクファンドマイツキケッサンガタカワセヘッジナシコース","内国投資信託受益証券","3月17日","9月17日","E12453","ニッセイアセットマネジメント株式会社"
"G10597","","優先リート・オープン","ユウセンリートオープン","内国投資信託受益証券","3月22日","9月22日","E06748","大和アセットマネジメント株式会社"
"G10600","","３つの財布　欧州銀行株式ファンド（毎月分配型）","ミッツノサイフ　オウシュウギンコウカブシキファンド　マイツキブンパイガタ","内国投資信託受益証券","4月14日","10月14日","E26704","カレラアセットマネジメント株式会社"
"G10601","","ＢＮＰパリバ・グローバル金融機関ハイブリッド証券ファンド（為替ヘッジあり）","ビーエヌピーパリバグローバルキンユウキカンハイブリッドショウケンファンドカワセヘッジアリ","内国投資信託受益証券","3月26日","9月26日","E08957","三井住友ＤＳアセットマネジメント株式会社"
"G10603","","ＪＰＸ日経インデックス４００・コアプラス","ジェイピーエックスニッケイインデックスヨンヒャクコアプラス","内国投資信託受益証券","3月7日","9月7日","E12441","ＳＢＩ岡三アセットマネジメント株式会社"
"G10608","","野村高配当インフラ関連株ファンド（通貨選択型）","ノムラコウハイトウインフラカンレンカブファンドツウカセンタクガタ","内国投資信託受益証券","3月19日","9月19日","E12460","野村アセットマネジメント株式会社"
"G10611","","日興ＵＳグローイング・ベンチャーファンド","ニッコウユーエスグローイング　ベンチャーファンド","内国投資信託受益証券","9月10日","","E12430","アモーヴァ・アセットマネジメント株式会社"
"G10612","","アジア・リートオープン（毎月決算型）","アジアリートオープンマイツキケッサンガタ","内国投資信託受益証券","6月22日","12月22日","E12460","野村アセットマネジメント株式会社"
"G10613","","ＤＣニッセイ国内株式インデックス","ディーシーニッセイコクナイカブシキインデックス","内国投資信託受益証券","2月20日","","E12453","ニッセイアセットマネジメント株式会社"
"G10614","","日興・米国バンクローン・ファンド（為替ヘッジあり）１４－１０","ニッコウベイコクバンクローンファンドカワセヘッジアリイチヨンイチゼロ","内国投資信託受益証券","4月26日","10月26日","E08957","三井住友ＤＳアセットマネジメント株式会社"
"G10617","","ダイワ米国ＭＬＰファンド（毎月分配型）：米ドルコース、日本円コース、通貨αコース","ダイワベイコクエムエルピーファンドマイツキブンパイガタベイドルコースニホンエンコースツウカアルファコース","内国投資信託受益証券","4月20日","10月20日","E06748","大和アセットマネジメント株式会社"
"G10621","","スパークス・日本株式スチュワードシップ・ファンド","スパークスニホンカブシキスチュワードシップファンド","内国投資信託受益証券","10月15日","","E11161","スパークス・アセット・マネジメント株式会社"
"G10624","","日本の未来図（米ドル投資型）、日本の未来図（円投資型）","ニホンノミライズベイドルトウシガタ　ニホンノミライズエントウシガタ","内国投資信託受益証券","10月6日","","E12441","ＳＢＩ岡三アセットマネジメント株式会社"
"G10629","","フィデリティ・ターゲット・デート・ファンド（アクティブ）２０５０","フィデリティターゲットデートファンドアクティブニセンゴジュウ","内国投資信託受益証券","9月25日","","E12481","フィデリティ投信株式会社"
"G10630","","フィデリティ・ターゲット・デート・ファンド（ベーシック）２０５０","フィデリティターゲットデートファンドベーシックニセンゴジュウ","内国投資信託受益証券","9月25日","","E12481","フィデリティ投信株式会社"
"G10632","","ＭＡＳＡＭＩＴＳＵ日本株戦略ファンド","マサミツニホンカブセンリャクファンド","内国投資信託受益証券","10月25日","","E27917","ファイブスター投信投資顧問株式会社"
"G10640","","グローバル・ハイブリッド・プレミア（為替ヘッジなし）、グローバル・ハイブリッド・プレミア（為替ヘッジあり）","グローバル　ハイブリッド　プレミア　カワセヘッジナシ　グローバル　ハイブリッド　プレミア　カワセヘッジアリ","内国投資信託受益証券","2月17日","8月17日","E12430","アモーヴァ・アセットマネジメント株式会社"
"G10649","34510","トーセイ・リート投資法人","トーセイリートトウシホウジン","内国投資証券","4月末日","10月末日","E30997","トーセイ・リート投資法人"
"G10650","","日興・米国バンクローン・ファンド（為替ヘッジあり）１４－１１","ニッコウベイコクバンクローンファンドカワセヘッジアリイチヨンイチイチ","内国投資信託受益証券","5月26日","11月26日","E08957","三井住友ＤＳアセットマネジメント株式会社"
"G10654","","東京海上・円資産バランスファンド（年１回決算型）","トウキョウカイジョウエンシサンバランスファンドネンイッカイケッサンガタ","内国投資信託受益証券","7月23日","","E06433","東京海上アセットマネジメント株式会社"
"G10655","13600","日経平均ベア２倍上場投信","ニッケイヘイキンベアニバイジョウジョウトウシン","内国投資信託受益証券","4月3日","","E14415","シンプレクス・アセット・マネジメント株式会社"
"G10661","","ｅＭＡＸＩＳ　国内物価連動国債インデックス","イーマクシスコクナイブッカレンドウコクサイインデックス","内国投資信託受益証券","1月26日","","E11518","三菱ＵＦＪアセットマネジメント株式会社"
"G10663","","インデックスファンドＭＬＰ（１年決算型）","インデックスファンドエムエルピー　イチネンケッサンガタ","内国投資信託受益証券","11月20日","","E12430","アモーヴァ・アセットマネジメント株式会社"
"G10671","33090","積水ハウス・リート投資法人","セキスイハウスリートトウシホウジン","内国投資証券","10月末日","4月末日","E31038","積水ハウス・リート投資法人"
"G10672","","日興ワールド・トラスト－日興ブラックロック・ハイ・クオリティ・アロケーション・ファンド（米ドル建て）","ニッコウワールドトラストニッコウブラックロックハイクオリティアロケーションファンドベイドルダテ","外国投資信託受益証券","9月末日","","E14853","ＳＭＢＣ日興インベストメント・ファンド・マネジメント・カンパニー・エス・エイ"
"G10675","","いちよしインフラ関連成長株ファンド","イチヨシインフラカンレンセイチョウカブファンド","内国投資信託受益証券","12月5日","","E30994","いちよしアセットマネジメント株式会社"
"G10679","","ＳＢＩグローバル・ラップファンド（安定型）（積極型）","エスビーアイ　グローバル　ラップファンド　アンテイガタ　セッキョクガタ","内国投資信託受益証券","12月15日","","E13447","ＳＢＩアセットマネジメント株式会社"
"G10681","","ミューズニッチ米国ＢＤＣファンド（為替ヘッジあり・毎月分配型）、ミューズニッチ米国ＢＤＣファンド（為替ヘッジあり・年２回決算型）","ミューズニッチベイコクビーディシーファンド　カワセヘッジアリ　マイツキブンパイガタ　ミューズニッチベイコクビーディシーファンド　カワセヘッジアリ　ネンニカイケッサンガタ","内国投資信託受益証券","5月20日","11月20日","E12430","アモーヴァ・アセットマネジメント株式会社"
"G10683","","ラップ・コンシェルジュ（安定タイプ／ミドルタイプ／成長タイプ）","ラップコンシェルジュアンテイタイプミドルタイプセイチョウタイプ","内国投資信託受益証券","6月15日","","E06748","大和アセットマネジメント株式会社"
"G10690","","インベスコ　プレミア・プラス・ファンド","インベスコプレミアプラスファンド","内国投資信託受益証券","5月20日","11月20日","E06479","インベスコ・アセット・マネジメント株式会社"
"G10694","","日興・米国バンクローン・ファンド（為替ヘッジあり）１４－１２","ニッコウベイコクバンクローンファンドカワセヘッジアリイチヨンイチニイ","内国投資信託受益証券","6月26日","12月26日","E08957","三井住友ＤＳアセットマネジメント株式会社"
"G10696","","ブラジル株式ツインαファンド（毎月分配型）","ブラジルカブシキツインアルファファンドマイツキブンパイガタ","内国投資信託受益証券","4月25日","10月25日","E11764","Ｔ＆Ｄアセットマネジメント株式会社"
"G10697","","ＳＭＴ　新興国ＲＥＩＴインデックス・オープン","エスエムティー　シンコウコクリートインデックス　オープン","内国投資信託受益証券","4月20日","10月20日","E12444","三井住友トラスト・アセットマネジメント株式会社"
"G10698","","ＳＭＴ　インデックスバランス・オープン","エスエムティー　インデックスバランス　オープン","内国投資信託受益証券","4月20日","10月20日","E12444","三井住友トラスト・アセットマネジメント株式会社"
"G10701","13640","ｉシェアーズ　ＪＰＸ日経４００　ＥＴＦ","アイシェアーズジェイピーエックスニッケイヨンヒャクイーティーエフ","内国投資信託受益証券","2月9日","8月9日","E09096","ブラックロック・ジャパン株式会社"
"G10706","","スロベニア・クロアチア・ギリシャ株式ファンド","スロベニアクロアチアギリシャカブシキファンド","内国投資信託受益証券","6月15日","12月15日","E26704","カレラアセットマネジメント株式会社"
"G10707","","ダイワ日本株ニュー・グロース・ファンド（ダイワＳＭＡ専用）","ダイワニホンカブニューグロースファンドダイワエスエムエイセンヨウ","内国投資信託受益証券","12月4日","","E06748","大和アセットマネジメント株式会社"
"G10715","","日本株式セレクト－アクティブ・ウーマン－","ニホンカブシキセレクトアクティブウーマン","内国投資信託受益証券","4月14日","10月14日","E12453","ニッセイアセットマネジメント株式会社"
"G10722","","アジア・ヘルスケア株式ファンド","アジア　ヘルスケアカブシキファンド","内国投資信託受益証券","6月21日","12月21日","E12430","アモーヴァ・アセットマネジメント株式会社"
"G10725","","三菱ＵＦＪ　優良日本株ファンド","ミツビシユーエフジェイユウリョウニホンカブファンド","内国投資信託受益証券","6月5日","12月5日","E11518","三菱ＵＦＪアセットマネジメント株式会社"
"G10728","","ＰＨＥＩＭ　ＡＳＥＡＮ株式ファンド","フェイムアセアンカブシキファンド","内国投資信託受益証券","11月20日","","E14601","ＰａｙＰａｙアセットマネジメント株式会社"
"G10730","","三井住友・ＤＣ年金バランスゼロ（債券型）","ミツイスミトモディーシーネンキンバランスゼロサイケンガタ","内国投資信託受益証券","2月18日","","E08957","三井住友ＤＳアセットマネジメント株式会社"
"G10738","","スマート・ラップ・グローバル・インカム（毎月分配型）","スマート　ラップ　グローバル　インカム　マイツキブンパイガタ","内国投資信託受益証券","1月20日","7月20日","E12430","アモーヴァ・アセットマネジメント株式会社"
"G10739","","スマート・ラップ・グローバル・インカム（１年決算型）","スマート　ラップ　グローバル　インカム　イチネンケッサンガタ","内国投資信託受益証券","1月20日","","E12430","アモーヴァ・アセットマネジメント株式会社"
"G10740","","ＰＩＭＣＯ　米国バンクローンファンド＜円インカム＞（毎月分配型）／（年２回分配型）ＰＩＭＣＯ　米国バンクローンファンド＜米ドルインカム＞（毎月分配型）／（年２回分配型）","ピムコベイコクバンクローンファンドエンインカムマイツキブンパイガタネンニカイブンパイガタピムコベイコクバンクローンファンドベイドルインカムマイツキブンパイガタネンニカイブンパイガタ","内国投資信託受益証券","4月11日","10月11日","E11518","三菱ＵＦＪアセットマネジメント株式会社"
"G10741","","コモンズ３０＋しずぎんファンド","コモンズサーティープラスシズギンファンド","内国投資信託受益証券","12月18日","","E22096","コモンズ投信株式会社"
"G10742","","東京海上・ＵＳ優先リートオープン","トウキョウカイジョウユーエスユウセンリートオープン","内国投資信託受益証券","6月10日","12月10日","E06433","東京海上アセットマネジメント株式会社"
"G10745","","三菱ＵＦＪ　バランス・イノベーション（債券重視型）","ミツビシユーエフジェイバランスイノベーションサイケンジュウシガタ","内国投資信託受益証券","3月25日","","E11518","三菱ＵＦＪアセットマネジメント株式会社"
"G10749","","日興・米国バンクローン・ファンド（為替ヘッジあり）１５－０１","ニッコウベイコクバンクローンファンドカワセヘッジアリイチゴゼロイチ","内国投資信託受益証券","1月26日","7月26日","E08957","三井住友ＤＳアセットマネジメント株式会社"
"G10752","","ダイワ米国バンクローン・オープン：為替ヘッジあり、為替ヘッジなし","ダイワベイコクバンクローンオープンカワセヘッジアリカワセヘッジナシ","内国投資信託受益証券","1月19日","7月19日","E06748","大和アセットマネジメント株式会社"
"G10753","","ダイワ短期国際機関債ファンド（毎月分配型／年２回決算型）－成長の絆－","ダイワタンキコクサイキカンサイファンドマイツキブンパイガタネンニカイケッサンガタセイチョウノキズナ","内国投資信託受益証券","1月21日","7月21日","E06748","大和アセットマネジメント株式会社"
"G10754","","ＮＮ欧州リート・ファンド（毎月決算コース／為替ヘッジあり）ＮＮ欧州リート・ファンド（資産形成コース／為替ヘッジあり）","エヌエヌオウシュウリートファンドマイツキケッサンコースカワセヘッジアリエヌエヌオウシュウリートファンドシサンケイセイコースカワセヘッジアリ","内国投資信託受益証券","6月15日","12月15日","E12457","ゴールドマン・サックス・アセット・マネジメント株式会社"
"G10755","","東京海上Ｒｏｇｇｅグローバルインフラ・ハイイールド債ファンド","トウキョウカイジョウロゲーグローバルインフラハイイールドサイファンド","内国投資信託受益証券","6月13日","12月13日","E06433","東京海上アセットマネジメント株式会社"
"G10756","","ちゅうぎん日本大型株アクティブファンド","チュウギンニホンオオガタカブアクティブファンド","内国投資信託受益証券","1月29日","","E26491","中銀アセットマネジメント株式会社"
"G10758","","ニッセイ国内債券インデックスファンド＜購入・換金手数料なし＞","ニッセイコクナイサイケンインデックスファンドコウニュウカンキンテスウリョウナシ","内国投資信託受益証券","11月20日","","E12453","ニッセイアセットマネジメント株式会社"
"G10759","","ニッセイＪＰＸ日経４００インデックスファンド＜購入・換金手数料なし＞","ニッセイジェイピーエックスニッケイヨンヒャクインデックスファンドコウニュウカンキンテスウリョウナシ","内国投資信託受益証券","11月20日","","E12453","ニッセイアセットマネジメント株式会社"
"G10760","","ケネディクス商業リート投資法人","ケネディクスショウギョウリートトウシホウジン","内国投資証券","9月末日","3月末日","E14109","ＫＤＸ不動産投資法人"
"G10764","13650","ｉＦｒｅｅＥＴＦ　日経平均レバレッジ・インデックス","アイフリーイーティーエフニッケイヘイキンレバレッジインデックス","内国投資信託受益証券","1月10日","","E06748","大和アセットマネジメント株式会社"
"G10765","","三井住友・米国ハイクオリティ株式ファンド（為替ヘッジあり）、三井住友・米国ハイクオリティ株式ファンド（為替ヘッジなし）","ミツイスミトモベイコクハイクオリティカブシキファンドカワセヘッジアリ　ミツイスミトモベイコクハイクオリティカブシキファンドカワセヘッジナシ","内国投資信託受益証券","1月10日","","E08957","三井住友ＤＳアセットマネジメント株式会社"
"G10766","13660","ｉＦｒｅｅＥＴＦ　日経平均ダブルインバース・インデックス","アイフリーイーティーエフニッケイヘイキンダブルインバースインデックス","内国投資信託受益証券","1月10日","","E06748","大和アセットマネジメント株式会社"
"G10767","13670","ｉＦｒｅｅＥＴＦ　ＴＯＰＩＸレバレッジ（２倍）指数","アイフリーイーティーエフトピックスレバレッジニバイシスウ","内国投資信託受益証券","1月10日","","E06748","大和アセットマネジメント株式会社"
"G10769","13680","ｉＦｒｅｅＥＴＦ　ＴＯＰＩＸダブルインバース（－２倍）指数","アイフリーイーティーエフトピックスダブルインバースマイナスニバイシスウ","内国投資信託受益証券","1月10日","","E06748","大和アセットマネジメント株式会社"
"G10775","","ジャパン・ストラテジック・バリュー","ジャパンストラテジックバリュー","内国投資信託受益証券","7月24日","","E12460","野村アセットマネジメント株式会社"
"G10780","","ニッポン成長株オープン","ニッポンセイチョウカブオープン","内国投資信託受益証券","2月5日","8月5日","E12441","ＳＢＩ岡三アセットマネジメント株式会社"
"G10789","13690","Ｏｎｅ　ＥＴＦ　日経２２５","ワンイーティーエフニッケイニーニーゴ","内国投資信託受益証券","1月8日","7月8日","E10677","アセットマネジメントＯｎｅ株式会社"
"G10790","","フランクリン・テンプルトン・豪州インカム資産ファンド","フランクリン　テンプルトン　ゴウシュウインカムシサンファンド","内国投資信託受益証券","1月17日","7月17日","E12425","フランクリン・テンプルトン・ジャパン株式会社"
"G10791","","国内株式ＳＭＴＢセレクション（ＳＭＡ専用）","コクナイカブシキエスエムティービーセレクション　エスエムエーセンヨウ","内国投資信託受益証券","12月20日","","E12444","三井住友トラスト・アセットマネジメント株式会社"
"G10795","","ＪＰＸ日経４００アクティブ・オープン　米ドル投資型／ＪＰＸ日経４００アクティブ・プレミアム・オープン（毎月決算型）","ジェイピーエックスニッケイヨンヒャクアクティブオープンベイドルトウシガタ　ジェイピーエックスニッケイヨンヒャクアクティブプレミアムオープンマイツキケッサンガタ","内国投資信託受益証券","2月10日","8月10日","E12453","ニッセイアセットマネジメント株式会社"
"G10796","","ＪＰＸ日経インデックス４００・オープン（ＳＭＡ専用）","ジェイピーエックスニッケイインデックスヨンヒャク　オープン　エスエムエーセンヨウ","内国投資信託受益証券","12月20日","","E12444","三井住友トラスト・アセットマネジメント株式会社"
"G10797","","アジア・ハイブリッド・ファンド","アジア　ハイブリッド　ファンド","内国投資信託受益証券","12月7日","","E12444","三井住友トラスト・アセットマネジメント株式会社"
"G10798","","三菱ＵＦＪ　アドバンスト・バランス（安定型）／（安定成長型）","ミツビシユーエフジェイアドバンストバランスアンテイガタアンテイセイチョウガタ","内国投資信託受益証券","2月5日","","E11518","三菱ＵＦＪアセットマネジメント株式会社"
"G10799","","ダイワ・ブラジル・レアル債α（毎月分配型）－スーパー・ハイインカム－：α５０コース、α１００コース","ダイワブラジルレアルサイアルファマイツキブンパイガタスーパーハイインカムアルファゴジュウコースアルファヒャクコース","内国投資信託受益証券","1月17日","7月17日","E06748","大和アセットマネジメント株式会社"
"G10800","","英国公社債ファンド（毎月分配型）","エイコクコウシャサイファンドマイツキブンパイガタ","内国投資信託受益証券","2月8日","8月8日","E06748","大和アセットマネジメント株式会社"
"G10801","","ＤＩＡＭ外国リートインデックスファンド＜ＤＣ年金＞","ダイアムガイコクリートインデックスファンドディーシーネンキン","内国投資信託受益証券","1月11日","","E10677","アセットマネジメントＯｎｅ株式会社"
"G10802","","日興・米国バンクローン・ファンド（為替ヘッジあり）１５－０２","ニッコウベイコクバンクローンファンドカワセヘッジアリイチゴゼロニイ","内国投資信託受益証券","2月26日","8月26日","E08957","三井住友ＤＳアセットマネジメント株式会社"
"G10804","","ワールド・コモディティ・オープン（ラップ向け）","ワールドコモディティオープンラップムケ","内国投資信託受益証券","1月26日","","E11518","三菱ＵＦＪアセットマネジメント株式会社"
"G10806","","債券コア戦略ファンド","サイケンコアセンリャクファンド","内国投資信託受益証券","7月10日","","E12444","三井住友トラスト・アセットマネジメント株式会社"
"G10807","","フィデリティ・アジアリート・ファンド（毎月決算型）","フィデリティアジアリートファンド","内国投資信託受益証券","1月15日","7月15日","E12481","フィデリティ投信株式会社"
"G10811","","あおぞら・日本株式フォーカス戦略ファンド","アオゾラニホンカブシキフォーカスセンリャクファンド","内国投資信託受益証券","3月10日","9月10日","E30689","あおぞら投信株式会社"
"G10814","","三井住友・ニュー・アジア・ファンド","ミツイスミトモニューアジアファンド","内国投資信託受益証券","2月20日","8月20日","E08957","三井住友ＤＳアセットマネジメント株式会社"
"G10823","","為替ヘッジ付ソブリン／農業関連オープン","カワセヘッジツキソブリンノウギョウカンレンオープン","内国投資信託受益証券","2月14日","8月14日","E12441","ＳＢＩ岡三アセットマネジメント株式会社"
"G10824","","イーストスプリング・インド公益インフラ債券ファンド（毎月決算型）　イーストスプリング・インド公益インフラ債券ファンド（年２回決算型）","イーストスプリングインドコウエキインフラサイケンファンドマイツキケッサンガタ　イーストスプリングインドコウエキインフラサイケンファンドネンニカイケッサンガタ","内国投資信託受益証券","1月10日","7月10日","E12566","イーストスプリング・インベストメンツ株式会社"
"G10825","","国内株式エンハンスト運用戦略ファンド（ＳＭＡ専用）","コクナイカブシキエンハンストウンヨウセンリャクファンド　エスエムエーセンヨウ","内国投資信託受益証券","2月15日","","E12430","アモーヴァ・アセットマネジメント株式会社"
"G10826","","ＰＩＭＣＯ　米国バンクローンファンド＜世界通貨分散コース＞（毎月分配型）／（年２回分配型）","ピムコベイコクバンクローンファンドセカイツウカブンサンコースマイツキブンパイガタネンニカイブンパイガタ","内国投資信託受益証券","4月11日","10月11日","E11518","三菱ＵＦＪアセットマネジメント株式会社"
"G10831","","あおぞら・徹底分散グローバル株式ファンド","アオゾラテッテイブンサングローバルカブシキファンド","内国投資信託受益証券","12月10日","","E30689","あおぞら投信株式会社"
"G10834","34550","ヘルスケア＆メディカル投資法人","ヘルスケアアンドメディカルトウシホウジン","内国投資証券","7月末日","1月末日","E31280","ヘルスケア＆メディカル投資法人"
"G10838","","シャリア関連アセアン株式オープン","シャリアカンレンアセアンカブシキオープン","内国投資信託受益証券","3月15日","","E12441","ＳＢＩ岡三アセットマネジメント株式会社"
"G10840","","東京海上・日本債券オープン（野村ＳＭＡ・ＥＷ向け）","トウキョウカイジョウニホンサイケンオープンノムラエスエムエーイーダブリュームケ","内国投資信託受益証券","12月6日","","E06433","東京海上アセットマネジメント株式会社"
"G10841","","アムンディ・ＵＳインカム・エクイティ・ファンド（毎月決算型）、アムンディ・ＵＳインカム・エクイティ・ファンド（年２回決算型）","アムンディユーエスインカムエクイティファンドマイツキケッサンガタ　アムンディユーエスインカムエクイティファンドネンニカイケッサンガタ","内国投資信託受益証券","2月14日","8月14日","E09666","アムンディ・ジャパン株式会社"
"G10842","","いちよしファンドラップ専用投資信託　内外株式","イチヨシファンドラップセンヨウトウシシンタク　ナイガイカブシキ","内国投資信託受益証券","11月16日","","E30994","いちよしアセットマネジメント株式会社"
"G10843","","いちよしファンドラップ専用投資信託　内外債券","イチヨシファンドラップセンヨウトウシシンタク　ナイガイサイケン","内国投資信託受益証券","11月16日","","E30994","いちよしアセットマネジメント株式会社"
"G10844","","いちよしファンドラップ専用投資信託　オルタナティブ","イチヨシファンドラップセンヨウトウシシンタク　オルタナティブ","内国投資信託受益証券","11月16日","","E30994","いちよしアセットマネジメント株式会社"
"G10846","","日本株発掘ファンド","ニホンカブハックツファンド","内国投資信託受益証券","1月21日","7月21日","E06748","大和アセットマネジメント株式会社"
"G10847","","女性活躍応援ファンド","ジョセイカツヤクオウエンファンド","内国投資信託受益証券","3月20日","9月20日","E06748","大和アセットマネジメント株式会社"
"G10848","","アムンディ　デュアル・バリュー・アロケーション","アムンディデュアルバリューアロケーション","内国投資信託受益証券","6月5日","12月5日","E09666","アムンディ・ジャパン株式会社"
"G10853","","マイターゲット２０５０（確定拠出年金向け）","マイターゲットニセンゴジュウカクテイキョシュツネンキンムケ","内国投資信託受益証券","6月28日","","E12460","野村アセットマネジメント株式会社"
"G10854","","ダイワ米国厳選バリュー株ファンド（ダイワＳＭＡ専用）","ダイワベイコクゲンセンバリューカブファンドダイワエスエムエイセンヨウ","内国投資信託受益証券","11月28日","","E06748","大和アセットマネジメント株式会社"
"G10855","","オーストラリア・バランス（資産成長型）、オーストラリア・バランス（毎月決算型）、オーストラリア・バランス（為替ヘッジ型）","オーストラリアバランスシサンセイチョウガタ　オーストラリアバランスマイツキケッサンガタ　オーストラリアバランスカワセヘッジガタ","内国投資信託受益証券","2月20日","8月20日","E08957","三井住友ＤＳアセットマネジメント株式会社"
"G10857","","ＵＢＳ海外株式ファンド　Ａコース為替ヘッジあり（野村ＳＭＡ・ＥＷ向け）／Ｂコース為替ヘッジなし（野村ＳＭＡ・ＥＷ向け）","ユービーエスカイガイカブシキファンド　エーコースカワセヘッジアリ　ノムラエスエムエーイーダブリュームケ　ビーコースカワセヘッジナシ　ノムラエスエムエーイーダブリュームケ","内国投資信託受益証券","12月6日","","E12473","ＵＢＳアセット・マネジメント株式会社"
"G10858","","日興・米国バンクローン・ファンド（為替ヘッジあり）１５－０３","ニッコウベイコクバンクローンファンドカワセヘッジアリイチゴゼロサン","内国投資信託受益証券","3月26日","9月26日","E08957","三井住友ＤＳアセットマネジメント株式会社"
"G10859","","ＪＰＸ日経４００インデックスファンド（ラップ向け）","ジェーピーエックスニッケイヨンヒャクインデックスファンドラップムケ","内国投資信託受益証券","2月5日","","E11518","三菱ＵＦＪアセットマネジメント株式会社"
"G10860","","新興国株式インデックスファンド（ラップ向け）","シンコウコクカブシキインデックスファンドラップムケ","内国投資信託受益証券","2月5日","","E11518","三菱ＵＦＪアセットマネジメント株式会社"
"G10861","","新興国債券インデックスファンド（ラップ向け）","シンコウコクサイケンインデックスファンドラップムケ","内国投資信託受益証券","2月5日","","E11518","三菱ＵＦＪアセットマネジメント株式会社"
"G10862","","米国バイオ＆テクノロジー株オープン","ベイコクバイオアンドテクノロジーカブオープン","内国投資信託受益証券","3月9日","9月9日","E12441","ＳＢＩ岡三アセットマネジメント株式会社"
"G10864","","フィデリティ・グローバル・エクイティ（野村ＳＭＡ・ＥＷ向け）Ａコース（限定為替ヘッジ）　フィデリティ・グローバル・エクイティ（野村ＳＭＡ・ＥＷ向け）Ｂコース（為替ヘッジなし）","フィデリティグローバルエクイティノムラエスエムエーイーダブリュームケエーコースゲンテイカワセヘッジ　フィデリティグローバルエクイティノムラエスエムエーイーダブリュームケビーコースカワセヘッジナシ","内国投資信託受益証券","12月6日","","E12481","フィデリティ投信株式会社"
"G10866","","三菱ＵＦＪ／マッコーリー　オーストラリアＲＥＩＴファンド＜Ｗプレミアム＞／＜為替ヘッジなし＞（毎月決算型）","ミツビシユーエフジェイマッコーリーオーストラリアリートファンドダブルプレミアムカワセヘッジナシマイツキケッサンガタ","内国投資信託受益証券","3月15日","9月15日","E11518","三菱ＵＦＪアセットマネジメント株式会社"
"G10867","","野村グローバル・ボンド・アクティブ・ファンド（野村ＳＭＡ・ＥＷ向け）","ノムラグローバルボンドアクティブファンドノムラエスエムエーイーダブリュームケ","内国投資信託受益証券","12月6日","","E12460","野村アセットマネジメント株式会社"
"G10868","","野村世界ＲＥＩＴファンド　Ａコース（野村ＳＭＡ・ＥＷ向け）、野村世界ＲＥＩＴファンド　Ｂコース（野村ＳＭＡ・ＥＷ向け）","ノムラセカイリートファンドエーコースノムラエスエムエーイーダブリュームケ　ノムラセカイリートファンドビーコースノムラエスエムエーイーダブリュームケ","内国投資信託受益証券","12月6日","","E12460","野村アセットマネジメント株式会社"
"G10869","","野村グローバル・アセット・モデル・ファンド（野村ＳＭＡ・ＥＷ向け）","ノムラグローバルアセットモデルファンドノムラエスエムエーイーダブリュームケ","内国投資信託受益証券","12月6日","","E12460","野村アセットマネジメント株式会社"
"G10870","","ストラテジック・バリュー・オープン（野村ＳＭＡ・ＥＷ向け）","ストラテジックバリューオープンノムラエスエムエーイーダブリュームケ","内国投資信託受益証券","12月6日","","E12460","野村アセットマネジメント株式会社"
"G10871","","世界好配当株投信（野村ＳＭＡ・ＥＷ向け）","セカイコウハイトウカブトウシンノムラエスエムエーイーダブリュームケ","内国投資信託受益証券","12月6日","","E12460","野村アセットマネジメント株式会社"
"G10872","","ノムラ新興国債券ファンズ（野村ＳＭＡ・ＥＷ向け）","ノムラシンコウコクサイケンファンズノムラエスエムエーイーダブリュームケ","内国投資信託受益証券","12月6日","","E12460","野村アセットマネジメント株式会社"
"G10873","","野村米国国債部分ラダーファンド　Ａコース（野村ＳＭＡ・ＥＷ向け）、野村米国国債部分ラダーファンド　Ｂコース（野村ＳＭＡ・ＥＷ向け）","ノムラベイコクコクサイブブンラダーファンドエーコースノムラエスエムエーイーダブリュームケ　ノムラベイコクコクサイブブンラダーファンドビーコースノムラエスエムーエーイーダブリュームケ","内国投資信託受益証券","12月6日","","E12460","野村アセットマネジメント株式会社"
"G10877","","リサーチ・アクティブ・オープン（野村ＳＭＡ・ＥＷ向け）","リサーチアクティブオープンノムラエスエムエーイーダブリュームケ","内国投資信託受益証券","12月6日","","E12460","野村アセットマネジメント株式会社"
"G10878","","ノムラ・ザ・セレクト（野村ＳＭＡ・ＥＷ向け）","ノムラザセレクトノムラエスエムエーイーダブリュームケ","内国投資信託受益証券","12月6日","","E12460","野村アセットマネジメント株式会社"
"G10879","","野村ＴＯＰＩＸインデックス（野村ＳＭＡ・ＥＷ向け）","ノムラトピックスインデックスノムラエスエムエーイーダブリュームケ","内国投資信託受益証券","12月6日","","E12460","野村アセットマネジメント株式会社"
"G10880","","ノムラ日本債券オープン（野村ＳＭＡ・ＥＷ向け）","ノムラニホンサイケンオープンノムラエスエムエーイーダブリュームケ","内国投資信託受益証券","12月6日","","E12460","野村アセットマネジメント株式会社"
"G10881","","ノムラ新興国株ファンズ　Ａコース（野村ＳＭＡ・ＥＷ向け）、ノムラ新興国株ファンズ　Ｂコース（野村ＳＭＡ・ＥＷ向け）","ノムラシンコウコクカブファンズエーコースノムラエスエムエーイーダブリュームケ　ノムラシンコウコクカブファンズビーコースノムラエスエムエーイーダブリュームケ","内国投資信託受益証券","12月6日","","E12460","野村アセットマネジメント株式会社"
"G10882","","野村外国債券アクティブファンド　Ａコース（野村ＳＭＡ・ＥＷ向け）、野村外国債券アクティブファンド　Ｂコース（野村ＳＭＡ・ＥＷ向け）","ノムラガイコクサイケンアクティブファンドエーコースノムラエスエムエーイーダブリュームケ　ノムラガイコクサイケンアクティブファンドビーコースノムラエスエムエーイーダブリュームケ","内国投資信託受益証券","12月6日","","E12460","野村アセットマネジメント株式会社"
"G10883","","野村豪州債券ファンド　Ａコース（野村ＳＭＡ・ＥＷ向け）、野村豪州債券ファンド　Ｂコース（野村ＳＭＡ・ＥＷ向け）","ノムラゴウシュウサイケンファンドエーコースノムラエスエムエーイーダブリュームケ　ノムラゴウシュウサイケンファンドビーコースノムラエスエムエーイーダブリュームケ","内国投資信託受益証券","12月6日","","E12460","野村アセットマネジメント株式会社"
"G10888","","ＪＰＭ中小型株オープン（野村ＳＭＡ・ＥＷ向け）","ジェーピーエムチュウコガタカブオープンノムラエスエムエーイーダブリュムケ","内国投資信託受益証券","12月6日","","E06264","ＪＰモルガン・アセット・マネジメント株式会社"
"G10889","","シュローダー日本ファンド（野村ＳＭＡ・ＥＷ向け）","シュローダーニホンファンド　ノムラエスエムエー　イーダブリュムケ","内国投資信託受益証券","12月6日","","E12586","シュローダー・インベストメント・マネジメント株式会社"
"G10890","","野村日本債券インデックス（野村ＳＭＡ・ＥＷ向け）","ノムラニホンサイケンインデックスノムラエスエムエーイーダブリュームケ","内国投資信託受益証券","12月6日","","E12460","野村アセットマネジメント株式会社"
"G10891","","野村外国株インデックス　Ｂコース（野村ＳＭＡ・ＥＷ向け）","ノムラガイコクカブインデックスビーコースノムラエスエムエーエーダブリュームケ","内国投資信託受益証券","12月6日","","E12460","野村アセットマネジメント株式会社"
"G10892","","ハイ・イールド　ボンド　オープン　Ａコース（野村ＳＭＡ・ＥＷ向け）、ハイ・イールド　ボンド　オープン　Ｂコース（野村ＳＭＡ・ＥＷ向け）","ハイイールドボンドオープンエーコースノムラエスエムエーイーダブリュームケ　ハイイールドボンドオープンビーコースノムラエスエムエーイーダブリュームケ","内国投資信託受益証券","12月6日","","E12460","野村アセットマネジメント株式会社"
"G10893","","野村外国債券インデックス　Ｂコース（野村ＳＭＡ・ＥＷ向け）","ノムラガイコクサイケンインデックスビーコースノムラエスエムエーエーダブリュームケ","内国投資信託受益証券","12月6日","","E12460","野村アセットマネジメント株式会社"
"G10894","","野村Ｊ－ＲＥＩＴインデックス（野村ＳＭＡ・ＥＷ向け）","ノムラジェイリートインデックスノムラエスエムエーイーダブリュームケ","内国投資信託受益証券","12月6日","","E12460","野村アセットマネジメント株式会社"
"G10895","","野村世界ＲＥＩＴインデックス（野村ＳＭＡ・ＥＷ向け）","ノムラセカイリートインデックスノムラエスエムエーイーダブリュームケ","内国投資信託受益証券","12月6日","","E12460","野村アセットマネジメント株式会社"
"G10896","","ノムラ・ジャパン・オープン（野村ＳＭＡ・ＥＷ向け）","ノムラジャパンオープンノムラエスエムエーイーダブリュームケ","内国投資信託受益証券","12月6日","","E12460","野村アセットマネジメント株式会社"
"G10897","","野村ジャパンドリーム（野村ＳＭＡ・ＥＷ向け）","ノムラジャパンドリームノムラエスエムエーイーダブリュームケ","内国投資信託受益証券","12月6日","","E12460","野村アセットマネジメント株式会社"
"G10898","","ノムラスマートプレミアム（野村ＳＭＡ・ＥＷ向け）","ノムラスマートプレミアムノムラエスエムエーイーダブリュームケ","内国投資信託受益証券","12月6日","","E12460","野村アセットマネジメント株式会社"
"G10899","","野村ブルーベイ・トータルリターンファンド（野村ＳＭＡ・ＥＷ向け）","ノムラブルーベイトータルリターンファンドノムラエスエムエーイーダブリュームケ","内国投資信託受益証券","12月6日","","E12460","野村アセットマネジメント株式会社"
"G10903","","ゴールドマン・サックス・世界債券オープンＡ限定為替ヘッジ（野村ＳＭＡ・ＥＷ向け）／Ｂ為替ヘッジなし（野村ＳＭＡ・ＥＷ向け）","ゴールドマン　サックス　セカイサイケンオープン　エーゲンテイカワセヘッジ　ノムラエスエムエー　イーダブリュームケ　ビーカワセヘッジナシ　ノムラエスエムエー　イーダブリュームケ","内国投資信託受益証券","12月6日","","E12457","ゴールドマン・サックス・アセット・マネジメント株式会社"
"G10905","","米国優先リートオープン（毎月決算型）（為替ヘッジあり）、米国優先リートオープン（毎月決算型）（為替ヘッジなし）","ベイコクユウセンリートオープンマイツキケッサンガタカワセヘッジアリ　ベイコクユウセンリートオープンマイツキケッサンガタカワセヘッジナシ","内国投資信託受益証券","3月15日","9月15日","E12441","ＳＢＩ岡三アセットマネジメント株式会社"
"G10907","","ＵＢＳ（Ｌｕｘ）ファンド・ソリューションズ・シキャブ","ユービーエス　ルクス　ファンド　ソリューションズ　シキャブ","外国投資証券","12月末日","","E31387","ＵＢＳ（Ｌｕｘ）ファンド・ソリューションズ・シキャブ"
"G10908","","ＧＩＭケイマン・トラストＩＩ－オルタナティブ・インベストメント・ストラテジーズ・ファンド","ジーアイエムケイマントラストツーオルタナティブインベストメントストラテジーズファンド","外国投資信託受益証券","10月末日","","E26661","ＪＰＭＡＭジャパン・ケイマン・ファンド・リミテッド"
"G10910","","ＧＳトータル・リターン　積極（年２回決算）／安定（年２回決算）／安定（毎月決算）","ジーエス　トータルリターン　セッキョク　ネンニカイケッサン　アンテイ　ネンニカイケッサン　アンテイ　マイツキケッサン","内国投資信託受益証券","2月19日","8月19日","E12457","ゴールドマン・サックス・アセット・マネジメント株式会社"
"G10912","","３つの財布　欧州不動産関連株ファンド（毎月分配型）","ミッツノサイフ　オウシュウフドウサンカンレンカブファンド　マイツキブンパイガタ","内国投資信託受益証券","3月25日","9月25日","E26704","カレラアセットマネジメント株式会社"
"G10926","","ＤＣスマート・アロケーション・Ｄガード","ディーシースマートアロケーションディーガード","内国投資信託受益証券","5月8日","","E06748","大和アセットマネジメント株式会社"
"G10927","13970","ＳＭＤＡＭ　日経２２５上場投信","エスエムディーエーエム　ニッケイニーニーゴジョウジョウトウシン","内国投資信託受益証券","4月8日","10月8日","E08957","三井住友ＤＳアセットマネジメント株式会社"
"G10928","13980","ＳＭＤＡＭ　東証ＲＥＩＴ指数上場投信","エスエムディーエーエム　トウショウリートシスウジョウジョウトウシン","内国投資信託受益証券","3月8日","9月8日","E08957","三井住友ＤＳアセットマネジメント株式会社"
"G10929","","ＤＣニッセイ外国株式インデックス","ディーシーニッセイガイコクカブシキインデックス","内国投資信託受益証券","11月20日","","E12453","ニッセイアセットマネジメント株式会社"
"G10934","","日興・米国バンクローン・ファンド（為替ヘッジあり）１５－０４","ニッコウベイコクバンクローンファンドカワセヘッジアリイチゴゼロヨン","内国投資信託受益証券","4月26日","10月26日","E08957","三井住友ＤＳアセットマネジメント株式会社"
"G10936","","好配当海外株ファンド（ラップ向け）","コウハイトウカイガイカブファンドラップムケ","内国投資信託受益証券","10月25日","","E11518","三菱ＵＦＪアセットマネジメント株式会社"
"G10943","","アセアンワールド　ファンド","アセアンワールド　ファンド","内国投資信託受益証券","4月20日","10月20日","E14714","キャピタル　アセットマネジメント株式会社"
"G10945","","アセットアロケーション・ファンド（安定型）、アセットアロケーション・ファンド（安定成長型）、アセットアロケーション・ファンド（成長型）","アセットアロケーションファンドアンテイガタ　アセットアロケーションファンドアンテイセイチョウガタ　アセットアロケーションファンドセイチョウガタ","内国投資信託受益証券","4月26日","","E08957","三井住友ＤＳアセットマネジメント株式会社"
"G10953","","ニッセイＴＯＰＩＸインデックスファンド＜購入・換金手数料なし＞","ニッセイトピックスインデックスファンドコウニュウカンキンテスウリョウナシ","内国投資信託受益証券","2月20日","","E12453","ニッセイアセットマネジメント株式会社"
"G10955","","フィロソフィック２・インベストメント・トラスト－ウィントン・パフォーマンス連動ボンドプラスファンド１５－０５（豪ドル建）","フィロソフィックツーインベストメントトラストウィントンパフォーマンスレンドウボンドプラスファンドイチゴゼロゴゴウドルダテ","外国投資信託受益証券","7月末日","","E15033","ＩＱ　ＥＱマネジメント・バミューダ・リミテッド"
"G10956","","いちよし　公開ベンチャー・ファンド","イチヨシコウカイベンチャーファンド","内国投資信託受益証券","11月29日","","E11518","三菱ＵＦＪアセットマネジメント株式会社"
"G10958","","システム・オープン","システムオープン","内国投資信託受益証券","5月18日","","E11518","三菱ＵＦＪアセットマネジメント株式会社"
"G10959","","ユーロ・ソブリン・オープン","ユーロソブリンオープン","内国投資信託受益証券","5月5日","11月5日","E11518","三菱ＵＦＪアセットマネジメント株式会社"
"G10960","","国際機関債オープン（為替ヘッジあり）","コクサイキカンサイオープンカワセヘッジアリ","内国投資信託受益証券","5月10日","11月10日","E11518","三菱ＵＦＪアセットマネジメント株式会社"
"G10961","","インデックス・タイプ（ミリオン）","インデックスタイプミリオン","内国投資信託受益証券","11月7日","","E11518","三菱ＵＦＪアセットマネジメント株式会社"
"G10963","","グローバル・ソブリン・オープン（毎月決算型）","グローバルソブリンオープンマイツキケッサンガタ","内国投資信託受益証券","5月17日","11月17日","E11518","三菱ＵＦＪアセットマネジメント株式会社"
"G10964","","ユーロランド・ソブリン・インカム","ユーロランドソブリンインカム","内国投資信託受益証券","5月10日","11月10日","E11518","三菱ＵＦＪアセットマネジメント株式会社"
"G10965","","グローバル財産３分法ファンド（毎月決算型）","グローバルザイサンサンブンポウファンドマイツキケッサンガタ","内国投資信託受益証券","6月12日","12月12日","E11518","三菱ＵＦＪアセットマネジメント株式会社"
"G10966","","グローバル株式インカム（毎月決算型）","グローバルカブシキインカムマイツキケッサンガタ","内国投資信託受益証券","5月7日","11月7日","E11518","三菱ＵＦＪアセットマネジメント株式会社"
"G10968","","エマージング株式オープン","エマージングカブシキオープン","内国投資信託受益証券","6月13日","12月13日","E11518","三菱ＵＦＪアセットマネジメント株式会社"
"G10972","","アジア・パシフィック・ソブリン・オープン（毎月決算型）","アジアパシフィックソブリンオープンマイツキケッサンガタ","内国投資信託受益証券","1月7日","7月7日","E11518","三菱ＵＦＪアセットマネジメント株式会社"
"G10973","","アジア・パシフィック・ソブリン・オープン（年２回決算型）","アジアパシフィックソブリンオープンネンニカイケッサンガタ","内国投資信託受益証券","1月7日","7月7日","E11518","三菱ＵＦＪアセットマネジメント株式会社"
"G10981","","成長株ジャパン・オープン","セイチョウカブジャパンオープン","内国投資信託受益証券","4月25日","","E11518","三菱ＵＦＪアセットマネジメント株式会社"
"G10982","","割安株ジャパン・オープン","ワリヤスカブジャパンオープン","内国投資信託受益証券","4月25日","","E11518","三菱ＵＦＪアセットマネジメント株式会社"
"G10983","","マネー・プール・ファンドⅥ","マネープールファンドシックス","内国投資信託受益証券","4月25日","","E11518","三菱ＵＦＪアセットマネジメント株式会社"
"G10986","","好配当優良株ジャパン・オープン","コウハイトウユウリョウカブジャパンオープン","内国投資信託受益証券","4月25日","10月25日","E11518","三菱ＵＦＪアセットマネジメント株式会社"
"G10987","","アジア・オセアニア好配当株オープン（毎月決算型）","アジアオセアニアコウハイトウカブオープンマイツキケッサンガタ","内国投資信託受益証券","6月11日","12月11日","E11518","三菱ＵＦＪアセットマネジメント株式会社"
"G10990","","トルコ債券オープン（毎月決算型）為替ヘッジなし","トルコサイケンオープンマイツキケッサンガタカワセヘッジナシ","内国投資信託受益証券","6月26日","12月26日","E11518","三菱ＵＦＪアセットマネジメント株式会社"
"G10991","","中小型成長株ジャパン・オープン","チュウコガタセイチョウカブジャパンオープン","内国投資信託受益証券","4月25日","","E11518","三菱ＵＦＪアセットマネジメント株式会社"
"G10992","","トルコ債券オープン（毎月決算型）為替アクティブヘッジ","トルコサイケンオープンマイツキケッサンガタカワセアクティブヘッジ","内国投資信託受益証券","6月26日","12月26日","E11518","三菱ＵＦＪアセットマネジメント株式会社"
"G10993","","グローバル・ソブリン・オープン（資産成長型）","グローバルソブリンオープンシサンセイチョウガタ","内国投資信託受益証券","11月17日","","E11518","三菱ＵＦＪアセットマネジメント株式会社"
"G10994","","ジャパン・ソブリン・オープン（資産成長型）","ジャパンソブリンオープンシサンセイチョウガタ","内国投資信託受益証券","11月20日","","E11518","三菱ＵＦＪアセットマネジメント株式会社"
"G10995","","ワールド・リート・オープン（資産成長型）","ワールドリートオープンシサンセイチョウガタ","内国投資信託受益証券","12月10日","","E11518","三菱ＵＦＪアセットマネジメント株式会社"
"G10996","","日本厳選プレミアム株式オープン（年２回決算型）","ニホンゲンセンプレミアムカブシキオープンネンニカイケッサンガタ","内国投資信託受益証券","6月8日","12月8日","E11518","三菱ＵＦＪアセットマネジメント株式会社"
"G11001","","ジャパン・ソブリン・オープン","ジャパンソブリンオープン","内国投資信託受益証券","5月20日","11月20日","E11518","三菱ＵＦＪアセットマネジメント株式会社"
"G11002","","ワールド・リート・オープン（毎月決算型）","ワールドリートオープンマイツキケッサンガタ","内国投資信託受益証券","6月10日","12月10日","E11518","三菱ＵＦＪアセットマネジメント株式会社"
"G11003","","ワールド・リート・オープン（１年決算型）","ワールドリートオープンイチネンケッサンガタ","内国投資信託受益証券","6月10日","","E11518","三菱ＵＦＪアセットマネジメント株式会社"
"G11005","","国際のＥＴＦ　ＶＩＸ短期先物指数","コクサイノイーティーエフ　ヴィックスタンキサキモノシスウ","内国投資信託受益証券","11月14日","","E11518","三菱ＵＦＪアセットマネジメント株式会社"
"G11008","","国際のＭＲＦ（マネー・リザーブ・ファンド）","コクサイノエムアールエフマネーリザーブファンド","内国投資信託受益証券","5月31日","11月30日","E11518","三菱ＵＦＪアセットマネジメント株式会社"
"G11012","","国際オルタナティブ戦略　ＱＴＸ－ウィントン・アルファ・インベストメント・オープン（円ヘッジ）成長型　国際オルタナティブ戦略　ＱＴＸ－ウィントン・アルファ・インベストメント・オープン（円ヘッジなし）成長型","コクサイオルタナティブセンリャクキューティーエックスウィントンアルファインベストメントオープンエンヘッジセイチョウガタ　コクサイオルタナティブセンリャクキューティーエックスウィントンアルファインベストメントオープンエンヘッジナシセイチョウガタ","内国投資信託受益証券","12月27日","","E11518","三菱ＵＦＪアセットマネジメント株式会社"
"G11013","","国際オルタナティブ戦略　ＱＴＸ－ウィントン・アルファ・インベストメント・オープン（円ヘッジ）分配型　国際オルタナティブ戦略　ＱＴＸ－ウィントン・アルファ・インベストメント・オープン（円ヘッジなし）分配型","コクサイオルタナティブセンリャクキューティーエックスウィントンアルファインベストメントオープンエンヘッジブンパイガタ　コクサイオルタナティブセンリャクキューティーエックスウィントンアルファインベストメントオープンエンヘッジナシブンパイガタ","内国投資信託受益証券","6月27日","12月27日","E11518","三菱ＵＦＪアセットマネジメント株式会社"
"G11015","","米国エネルギーＭＬＰオープン（毎月決算型）為替ヘッジあり、米国エネルギーＭＬＰオープン（毎月決算型）為替ヘッジなし","ベイコクエネルギーエムエルピーオープンマイツキケッサンガタカワセヘッジアリベイコクエネルギーエムエルピーオープンマイツキケッサンガタカワセヘッジナシ","内国投資信託受益証券","4月13日","10月13日","E11518","三菱ＵＦＪアセットマネジメント株式会社"
"G11016","","国際　アジア・リート・ファンド（通貨選択型）","コクサイアジアリートファンドツウカセンタクガタ","内国投資信託受益証券","6月13日","12月13日","E11518","三菱ＵＦＪアセットマネジメント株式会社"
"G11017","","国際・キャピタル　日本株式オープン（通貨選択型）（１年決算型）","コクサイキャピタルニホンカブシキオープンツウカセンタクガタイチネンケッサンガタ","内国投資信託受益証券","10月14日","","E11518","三菱ＵＦＪアセットマネジメント株式会社"
"G11018","","国際・キャピタル　日本株式オープン（通貨選択型）（毎月決算型）","コクサイキャピタルニホンカブシキオープンツウカセンタクガタマイツキケッサンガタ","内国投資信託受益証券","4月14日","10月14日","E11518","三菱ＵＦＪアセットマネジメント株式会社"
"G11019","","グローバル・バランス・ファンド（安定型）、グローバル・バランス・ファンド（安定成長型）、グローバル・バランス・ファンド（成長型）","グローバルバランスファンドアンテイガタグローバルバランスファンドアンテイセイチョウガタグローバルバランスファンドセイチョウガタ","内国投資信託受益証券","10月24日","","E11518","三菱ＵＦＪアセットマネジメント株式会社"
"G11020","","欧州アクティブ株式オープン（為替ヘッジあり）、欧州アクティブ株式オープン（為替ヘッジなし）","オウシュウアクティブカブシキオープンカワセヘッジアリ　オウシュウアクティブカブシキオープンカワセヘッジナシ","内国投資信託受益証券","6月5日","12月5日","E11518","三菱ＵＦＪアセットマネジメント株式会社"
"G11022","","スマート・クオリティ・オープン（安定型）（１年決算型）、スマート・クオリティ・オープン（安定成長型）（１年決算型）、スマート・クオリティ・オープン（成長型）（１年決算型）","スマートクオリティオープンアンテイガタイチネンケッサンガタスマートクオリティオープンアンテイセイチョウガタイチネンケッサンガタスマートクオリティオープンセイチョウガタイチネンケッサンガタ","内国投資信託受益証券","8月13日","","E11518","三菱ＵＦＪアセットマネジメント株式会社"
"G11024","","日興ピムコ・ハイインカム・ソブリン・ファンド毎月分配型（インドネシアルピアコース）、日興ピムコ・ハイインカム・ソブリン・ファンド毎月分配型（インドルピーコース）","ニッコウピムコ　ハイインカム　ソブリン　ファンドマイツキブンパイガタ　インドネシアルピアコース　ニッコウピムコ　ハイインカム　ソブリン　ファンドマイツキブンパイガタ　インドルピーコース","内国投資信託受益証券","1月15日","7月15日","E12430","アモーヴァ・アセットマネジメント株式会社"
"G11025","","フィデリティ・コア・インカム・ファンド（毎月決算型）為替ヘッジあり　フィデリティ・コア・インカム・ファンド（毎月決算型）為替ヘッジなし","フィデリティコアインカムファンドマイツキケッサンガタカワセヘッジアリ　フィデリティコアインカムファンドマイツキケッサンガタカワセヘッジナシ","内国投資信託受益証券","4月20日","10月20日","E12481","フィデリティ投信株式会社"
"G11026","","フィデリティ・コア・インカム・ファンド（資産成長型）為替ヘッジあり　フィデリティ・コア・インカム・ファンド（資産成長型）為替ヘッジなし","フィデリティコアインカムファンドシサンセイチョウガタカワセヘッジアリ　フィデリティコアインカムファンドシサンセイチョウガタカワセヘッジナシ","内国投資信託受益証券","4月20日","","E12481","フィデリティ投信株式会社"
"G11027","","ノルディック社債ファンド　為替ヘッジあり、ノルディック社債ファンド　為替ヘッジなし","ノルディックシャサイファンドカワセヘッジアリ　ノルディックシャサイファンドカワセヘッジナシ","内国投資信託受益証券","2月7日","8月7日","E12460","野村アセットマネジメント株式会社"
"G11028","","三菱ＵＦＪ　Ｊリート不動産株ファンド＜米ドル投資型＞（３ヵ月決算型）／＜Ｗプレミアム＞（毎月決算型）","ミツビシユーエフジェージェーリートフドウサンカブファンドベイドルトウシガタサンカゲツケッサンガタダブルプレミアムマイツキケッサンガタ","内国投資信託受益証券","4月10日","10月10日","E11518","三菱ＵＦＪアセットマネジメント株式会社"
"G11029","14560","ｉＦｒｅｅＥＴＦ　日経平均インバース・インデックス","アイフリーイーティーエフニッケイヘイキンインバースインデックス","内国投資信託受益証券","1月10日","","E06748","大和アセットマネジメント株式会社"
"G11030","14570","ｉＦｒｅｅＥＴＦ　ＴＯＰＩＸインバース（－１倍）指数","アイフリーイーティーエフトピックスインバースマイナスイチバイシスウ","内国投資信託受益証券","1月10日","","E06748","大和アセットマネジメント株式会社"
"G11038","","グローバル・ソブリン・オープン（３ヵ月決算型）","グローバルソブリンオープンサンカゲツケッサンガタ","内国投資信託受益証券","3月17日","9月17日","E11518","三菱ＵＦＪアセットマネジメント株式会社"
"G11040","","ジャパニーズ・ドリーム・オープン","ジャパニーズドリームオープン","内国投資信託受益証券","2月25日","","E11518","三菱ＵＦＪアセットマネジメント株式会社"
"G11041","","Ｊ・エクイティ","ジェイエクイティ","内国投資信託受益証券","3月16日","9月16日","E11518","三菱ＵＦＪアセットマネジメント株式会社"
"G11042","","グローバル・ヘルスケア＆バイオ・オープン　Ａコース（為替ヘッジあり）","グローバルヘルスケアアンドバイオオープンエーコースカワセヘッジアリ","内国投資信託受益証券","7月27日","","E11518","三菱ＵＦＪアセットマネジメント株式会社"
"G11043","","グローバル・ヘルスケア＆バイオ・オープン　Ｂコース（為替ヘッジなし）","グローバルヘルスケアアンドバイオオープンビーコースカワセヘッジナシ","内国投資信託受益証券","7月27日","","E11518","三菱ＵＦＪアセットマネジメント株式会社"
"G11044","","グローバル・ソブリン・オープン（１年決算型）","グローバルソブリンオープンイチネンケッサンガタ","内国投資信託受益証券","2月17日","","E11518","三菱ＵＦＪアセットマネジメント株式会社"
"G11045","","Ｊ・エクイティ（ＤＣ年金）","ジェイエクイティディーシーネンキン","内国投資信託受益証券","3月16日","","E11518","三菱ＵＦＪアセットマネジメント株式会社"
"G11046","","グローバル・ソブリン・オープン（ＤＣ年金）","グローバルソブリンオープンディーシーネンキン","内国投資信託受益証券","2月17日","","E11518","三菱ＵＦＪアセットマネジメント株式会社"
"G11047","","エマージング・ソブリン・オープン（毎月決算型）","エマージングソブリンオープンマイツキケッサンガタ","内国投資信託受益証券","2月5日","8月5日","E11518","三菱ＵＦＪアセットマネジメント株式会社"
"G11048","","エマージング・ソブリン・オープン（１年決算型）","エマージングソブリンオープンイチネンケッサンガタ","内国投資信託受益証券","8月5日","","E11518","三菱ＵＦＪアセットマネジメント株式会社"
"G11049","","グローバル・ヘルスケア＆バイオ・ファンド","グローバルヘルスケアアンドバイオファンド","内国投資信託受益証券","2月27日","8月27日","E11518","三菱ＵＦＪアセットマネジメント株式会社"
"G11050","","ワールド短期ソブリンオープン","ワールドタンキソブリンオープン","内国投資信託受益証券","2月10日","8月10日","E11518","三菱ＵＦＪアセットマネジメント株式会社"
"G11053","","グローバルＥＴＦオープン","グローバルイーティーエフオープン","内国投資信託受益証券","1月20日","7月20日","E11518","三菱ＵＦＪアセットマネジメント株式会社"
"G11054","","エマージング・ソブリン・オープン（毎月決算型）為替ヘッジあり","エマージングソブリンオープンマイツキケッサンガタカワセヘッジアリ","内国投資信託受益証券","2月5日","8月5日","E11518","三菱ＵＦＪアセットマネジメント株式会社"
"G11056","","アジア・ソブリン・オープン（毎月決算型）","アジアソブリンオープンマイツキケッサンガタ","内国投資信託受益証券","1月22日","7月22日","E11518","三菱ＵＦＪアセットマネジメント株式会社"
"G11058","","世界投資適格債オープン（為替ヘッジあり）（毎月決算型）","セカイトウシテキカクサイオープンカワセヘッジアリマイツキケッサンガタ","内国投資信託受益証券","3月15日","9月15日","E11518","三菱ＵＦＪアセットマネジメント株式会社"
"G11061","","米国ハイ・イールド債オープン（通貨選択型）（円コース、米ドルコース、豪ドルコース、ブラジル・レアルコース、トルコ・リラコース）","ベイコクハイイールドサイオープンツウカセンタクガタエンコースベイドルコースゴウドルコースブラジルレアルコーストルコリラコース","内国投資信託受益証券","3月24日","9月24日","E11518","三菱ＵＦＪアセットマネジメント株式会社"
"G11075","","インド債券オープン（毎月決算型）","インドサイケンオープンマイツキケッサンガタ","内国投資信託受益証券","2月10日","8月10日","E11518","三菱ＵＦＪアセットマネジメント株式会社"
"G11076","","国際インド債券オープン（毎月決算型）","コクサイインドサイケンオープンマイツキケッサンガタ","内国投資信託受益証券","3月10日","9月10日","E11518","三菱ＵＦＪアセットマネジメント株式会社"
"G11077","","モルガン・スタンレー　グローバル・プレミアム株式オープン（為替ヘッジあり）モルガン・スタンレー　グローバル・プレミアム株式オープン（為替ヘッジなし）","モルガンスタンレーグローバルプレミアムカブシキオープンカワセヘッジアリ　モルガンスタンレーグローバルプレミアムカブシキオープンカワセヘッジナシ","内国投資信託受益証券","2月23日","","E11518","三菱ＵＦＪアセットマネジメント株式会社"
"G11079","","トレンド・アロケーション・オープン","トレンドアロケーションオープン","内国投資信託受益証券","1月25日","","E11518","三菱ＵＦＪアセットマネジメント株式会社"
"G11081","","エマージング・ソブリン・オープン（資産成長型）","エマージングソブリンオープンシサンセイチョウガタ","内国投資信託受益証券","8月5日","","E11518","三菱ＵＦＪアセットマネジメント株式会社"
"G11082","","エマージング・ソブリン・オープン（資産成長型）為替ヘッジあり","エマージングソブリンオープンシサンセイチョウガタカワセヘッジアリ","内国投資信託受益証券","8月5日","","E11518","三菱ＵＦＪアセットマネジメント株式会社"
"G11087","","世界メディカル関連株式オープン","セカイメディカルカンレンカブシキオープン","内国投資信託受益証券","8月27日","","E11518","三菱ＵＦＪアセットマネジメント株式会社"
"G11088","","スマート・クオリティ・オープン（安定型）、スマート・クオリティ・オープン（安定成長型）、スマート・クオリティ・オープン（成長型）","スマートクオリティオープンアンテイガタ　スマートクオリティオープンアンテイセイチョウガタ　スマートクオリティオープンセイチョウガタ","内国投資信託受益証券","2月13日","8月13日","E11518","三菱ＵＦＪアセットマネジメント株式会社"
"G11092","","ピクテ・エコディスカバリー・アロケーション・ファンド（毎月決算型）為替ヘッジなし","ピクテエコディスカバリーアロケーションファンドマイツキケッサンガタカワセヘッジナシ","内国投資信託受益証券","5月26日","11月26日","E10439","ピクテ・ジャパン株式会社"
"G11096","","野村ＤＣ・ＪＰＸ日経４００ファンド","ノムラディーシージェイピーエックスニッケイヨンヒャクファンド","内国投資信託受益証券","9月6日","","E12460","野村アセットマネジメント株式会社"
"G11099","","ジャパン・オフショア・ファンド・シリーズ－ＮＭ世界金融債券ファンド","ジャパンオフショアファンドシリーズエヌエムセカイキンユウサイケンファンド","外国投資信託受益証券","1月末日","","E15214","ＢＮＹメロン・インターナショナル・マネジメント・リミテッド"
"G11100","","ラップ・アプローチ（安定コース）、ラップ・アプローチ（安定成長コース）、ラップ・アプローチ（成長コース）","ラップアプローチアンテイコース　ラップアプローチアンテイセイチョウコース　ラップアプローチセイチョウコース","内国投資信託受益証券","4月18日","10月18日","E12441","ＳＢＩ岡三アセットマネジメント株式会社"
"G11101","","マッコーリー　ヘッジ付グローバル・インフラ債券ファンド（ラップ向け）","マッコーリーヘッジツキグローバルインフラサイケンファンドラップムケ","内国投資信託受益証券","5月10日","11月10日","E11518","三菱ＵＦＪアセットマネジメント株式会社"
"G11102","","Ｊ－ＲＥＩＴインデックスファンド（ラップ向け）","ジェーリートインデックスファンドラップムケ","内国投資信託受益証券","1月26日","","E11518","三菱ＵＦＪアセットマネジメント株式会社"
"G11104","","スカイオーシャン・コアラップ","スカイオーシャンコアラップ","内国投資信託受益証券","7月10日","","E31533","スカイオーシャン・アセットマネジメント株式会社"
"G11105","","通貨選択型ダイワ／ミレーアセット・グローバル好配当株α（毎月分配型）：米ドル・コース、ブラジル・レアル・コース、通貨セレクト・コース","ツウカセンタクガタダイワミレーアセットグローバルコウハイトウカブアルファマイツキブンパイガタベイドルコースブラジルレアルコースツウカセレクトコース","内国投資信託受益証券","5月21日","11月21日","E06748","大和アセットマネジメント株式会社"
"G11106","","ダイワ／ミレーアセット・グローバル好配当株ファンド","ダイワミレーアセットグローバルコウハイトウカブファンド","内国投資信託受益証券","5月21日","11月21日","E06748","大和アセットマネジメント株式会社"
"G11107","","日興・米国バンクローン・ファンド（為替ヘッジあり）１５－０５","ニッコウベイコクバンクローンファンドカワセヘッジアリイチゴゼロゴ","内国投資信託受益証券","5月26日","11月26日","E08957","三井住友ＤＳアセットマネジメント株式会社"
"G11108","","インベスコ　世界高利回り債券ファンド","インベスコ　セカイコウリマワリサイケンファンド","内国投資信託受益証券","4月15日","10月15日","E06479","インベスコ・アセット・マネジメント株式会社"
"G11109","","インベスコ　英国ポンド建て債券ファンド","インベスコ　エイコクポンドダテ　サイケンファンド","内国投資信託受益証券","4月15日","10月15日","E06479","インベスコ・アセット・マネジメント株式会社"
"G11114","","高金利先進国債券ファンド（早期償還条項付）","コウキンリセンシンコクサイケンファンド　ソウキショウカンジョウコウツキ","内国投資信託受益証券","1月10日","7月10日","E12430","アモーヴァ・アセットマネジメント株式会社"
"G11116","","外国債券ＳＭＴＢセレクション（ＳＭＡ専用）","ガイコクサイケンエスエムティービーセレクション　エスエムエーセンヨウ","内国投資信託受益証券","4月26日","","E12444","三井住友トラスト・アセットマネジメント株式会社"
"G11117","","野村日本企業価値向上オープン（円投資型）、野村日本企業価値向上オープン（米ドル投資型）","ノムラニホンキギョウカチコウジョウオープンエントウシガタ　ノムラニホンキギョウカチコウジョウオープンベイドルトウシガタ","内国投資信託受益証券","3月23日","","E12460","野村アセットマネジメント株式会社"
"G11118","","ダイワ・アジアリート・ファンド（毎月分配型）","ダイワアジアリートファンドマイツキブンパイガタ","内国投資信託受益証券","3月14日","9月14日","E06748","大和アセットマネジメント株式会社"
"G11122","","サテライト投資戦略ファンド（株式型）","サテライトトウシセンリャクファンド　カブシキガタ","内国投資信託受益証券","2月17日","","E12444","三井住友トラスト・アセットマネジメント株式会社"
"G11125","","Ｏｎｅベトナム株式ファンド","ワンベトナムカブシキファンド","内国投資信託受益証券","6月1日","","E10677","アセットマネジメントＯｎｅ株式会社"
"G11130","","野村サービス関連株ファンド（米ドルコース）","ノムラサービスカンレンカブファンドベイドルコース","内国投資信託受益証券","8月20日","","E12460","野村アセットマネジメント株式会社"
"G11132","","ニッセイ・オーストラリア・リート・オープン（毎月決算型）／ニッセイ・オーストラリア・リート・オープン（年２回決算型）","ニッセイオーストラリアリートオープンマイツキケッサンガタ　ニッセイオーストラリアリートオープンネンニカイケッサンガタ","内国投資信託受益証券","5月12日","11月12日","E12453","ニッセイアセットマネジメント株式会社"
"G11133","","バークレイズ・マルチマネージャー・ファンド・パブリック・リミテッド・カンパニー","バークレイズマルチマネージャーファンドパブリックリミテッドカンパニー","外国投資証券","5月末日","","E31493","バークレイズ・マルチマネージャー・ファンド・パブリック・リミテッド・カンパニー"
"G11136","","ＵＢＳ（Ｌｕｘ）ストラテジー・シキャブ","ユービーエスルクスストラテジーシキャブ","外国投資証券","5月末日","","E31583","ＵＢＳ（Ｌｕｘ）ストラテジー・シキャブ"
"G11144","","好配当日本株ファンド（ラップ向け）","コウハイトウニホンカブファンドラップムケ","内国投資信託受益証券","4月7日","10月7日","E11518","三菱ＵＦＪアセットマネジメント株式会社"
"G11145","","先進国高格付国債ファンド（ラップ向け）","センシンコクコウカクヅケコクサイファンドラップムケ","内国投資信託受益証券","6月6日","12月6日","E11518","三菱ＵＦＪアセットマネジメント株式会社"
"G11147","","シュローダー・ユーロ株式ファンド　為替リスク軽減型、シュローダー・ユーロ株式ファンド　為替ヘッジなし、シュローダー・ユーロ株式ファンド　米ドル投資型","シュローダー　ユーロカブシキファンド　カワセリスクケイゲンガタ　シュローダー　ユーロカブシキファンド　カワセヘッジナシ　シュローダー　ユーロカブシキファンド　ベイドルトウシガタ","内国投資信託受益証券","6月10日","12月10日","E12586","シュローダー・インベストメント・マネジメント株式会社"
"G11148","","ＧＳ　日本フォーカス・グロース　毎月決算コース","ジーエス　ニホンフォーカスグロース　マイツキケッサンコース","内国投資信託受益証券","6月15日","12月15日","E12457","ゴールドマン・サックス・アセット・マネジメント株式会社"
"G11149","","ＧＳ　日本フォーカス・グロース　年２回決算コース","ジーエス　ニホンフォーカスグロース　ネンニカイケッサンコース","内国投資信託受益証券","6月15日","12月15日","E12457","ゴールドマン・サックス・アセット・マネジメント株式会社"
"G11155","34590","サムティ・レジデンシャル投資法人","サムティレジデンシャルトウシホウジン","内国投資証券","1月末日","7月末日","E31604","サムティ・レジデンシャル投資法人"
"G11157","","インベスコ　新興国債券ファンド","インベスコ　シンコウコクサイケンファンド","内国投資信託受益証券","5月15日","11月15日","E06479","インベスコ・アセット・マネジメント株式会社"
"G11160","","ＲＯＥ向上・日本厳選株式ファンド","アールオーイーコウジョウニホンゲンセンカブシキファンド","内国投資信託受益証券","2月27日","8月27日","E08957","三井住友ＤＳアセットマネジメント株式会社"
"G11161","","アジア好利回りリート・ファンド（年１回決算型）","アジアコウリマワリリートファンドネンイッカイケッサンガタ","内国投資信託受益証券","9月12日","","E08957","三井住友ＤＳアセットマネジメント株式会社"
"G11162","","豪州インフラ関連好配当資産ファンド（毎月決算型）、豪州インフラ関連好配当資産ファンド（年２回決算型）","ゴウシュウインフラカンレンコウハイトウシサンファンドマイツキケッサンガタ　ゴウシュウインフラカンレンコウハイトウシサンファンドネンニカイケッサンガタ","内国投資信託受益証券","5月13日","11月13日","E10677","アセットマネジメントＯｎｅ株式会社"
"G11165","","日興ロックフェラー・グローバル・エクイティ・ファンド","ニッコウロックフェラー　グローバル　エクイティ　ファンド","内国投資信託受益証券","5月20日","","E12430","アモーヴァ・アセットマネジメント株式会社"
"G11168","","イーストスプリング・アジア・オセアニア公益インフラ債券ファンド（毎月決算型）　イーストスプリング・アジア・オセアニア公益インフラ債券ファンド（年２回決算型）","イーストスプリングアジアオセアニアコウエキインフラサイケンファンドマイツキケッサンガタ　イーストスプリングアジアオセアニアコウエキインフラサイケンファンドネンニカイケッサンガタ","内国投資信託受益証券","5月20日","11月20日","E12566","イーストスプリング・インベストメンツ株式会社"
"G11169","","ＨＳＢＣインド債券オープン（１年決算型）","エイチエスビーシーインドサイケンオープンイチネンケッサンガタ","内国投資信託受益証券","6月26日","","E12492","ＨＳＢＣアセットマネジメント株式会社"
"G11170","","レッド・アーク・グローバル・インベストメンツ（ケイマン）トラスト－米国成長株集中投資ファンド　外貨建てシリーズ","レッドアークグローバルインベストメンツケイマントラスト　ベイコクセイチョウカブシュウチュウトウシファンド　ガイカダテシリーズ","外国投資信託受益証券","12月末日","","E22200","シティグループ・ファースト・インベストメント・マネジメント・リミテッド"
"G11171","14580","楽天ＥＴＦ‐日経レバレッジ指数連動型","ラクテンイーティーエフ　ニッケイレバレッジシスウレンドウガタ","内国投資信託受益証券","3月15日","","E15787","楽天投信投資顧問株式会社"
"G11172","14590","楽天ＥＴＦ‐日経ダブルインバース指数連動型","ラクテンイーティーエフ　ニッケイダブルインバースシスウレンドウガタ","内国投資信託受益証券","3月15日","","E15787","楽天投信投資顧問株式会社"
"G11173","","ＳＢＩ中小型割安成長株ファンド　ジェイリバイブ（年２回決算型）／愛称：ｊｒｅｖｉｖｅⅡ","エスビーアイチュウコガタワリヤスセイチョウカブファンドジェイリバイブ　ネンニカイケッサンガタ　アイショウ　ジェイリバイブツー","内国投資信託受益証券","1月22日","7月22日","E13447","ＳＢＩアセットマネジメント株式会社"
"G11175","","東京海上・年金運用型戦略ファンド（年１回決算型）","トウキョウカイジョウネンキンウンヨウガタセンリャクファンドネンイッカイケッサンガタ","内国投資信託受益証券","1月25日","","E06433","東京海上アセットマネジメント株式会社"
"G11178","","日本超長期国債ファンド","ニホンチョウチョウキコクサイファンド","内国投資信託受益証券","6月26日","12月26日","E08957","三井住友ＤＳアセットマネジメント株式会社"
"G11179","","ｅＭＡＸＩＳプラス　コモディティインデックス","イーマクシスプラスコモディティインデックス","内国投資信託受益証券","1月26日","","E11518","三菱ＵＦＪアセットマネジメント株式会社"
"G11181","","マイターゲット２０３０（確定拠出年金向け）","マイターゲットニセンサンジュウカクテイキョシュツネンキンムケ","内国投資信託受益証券","6月28日","","E12460","野村アセットマネジメント株式会社"
"G11182","","マイターゲット２０４０（確定拠出年金向け）","マイターゲットニセンヨンジュウカクテイキョシュツネンキンムケ","内国投資信託受益証券","6月28日","","E12460","野村アセットマネジメント株式会社"
"G11184","","Ｊ－ＲＥＩＴバリューファンド　毎月分配型、Ｊ－ＲＥＩＴバリューファンド　年２回決算型","ジェイリートバリューファンドマイツキブンパイガタ　ジェイリートバリューファンドネンニカイケッサンガタ","内国投資信託受益証券","6月18日","12月18日","E12460","野村アセットマネジメント株式会社"
"G11187","","通貨選択型　米国リート・αクワトロ（毎月分配型）","ツウカセンタクガタベイコクリートアルファクワトロマイツキブンパイガタ","内国投資信託受益証券","6月17日","12月17日","E06748","大和アセットマネジメント株式会社"
"G11189","","通貨選択型アメリカン・エクイティ・αクワトロ（毎月分配型）","ツウカセンタクガタアメリカンエクイティアルファクワトロマイツキブンパイガタ","内国投資信託受益証券","6月17日","12月17日","E06748","大和アセットマネジメント株式会社"
"G11190","","日本株発掘ファンド　米ドル型","ニホンカブハックツファンドベイドルカタ","内国投資信託受益証券","1月21日","7月21日","E06748","大和アセットマネジメント株式会社"
"G11192","","アジア・パシフィック・セレクト・リート・ファンド（毎月決算型）","アジアパシフィックセレクトリートファンドマイツキケッサンガタ","内国投資信託受益証券","1月10日","7月10日","E11518","三菱ＵＦＪアセットマネジメント株式会社"
"G11197","","ジャパン・オフショア・ファンド・シリーズ－ＮＭ世界投資適格社債ファンド","ジャパンオフショアファンドシリーズエヌエムセカイトウシテキカクシャサイファンド","外国投資信託受益証券","1月末日","","E15214","ＢＮＹメロン・インターナショナル・マネジメント・リミテッド"
"G11198","","ダイワ・ハイクオリティ日本株セレクト　－叡智の和－","ダイワハイクオリティニホンカブセレクトエイチノワ","内国投資信託受益証券","1月15日","7月15日","E06748","大和アセットマネジメント株式会社"
"G11203","","ニッセイ・ケイマン・トラスト－ＪＰＸ日経４００ジャパン・ファンド","ニッセイケイマントラストジェイピーエックスニッケイヨンヒャクジャパンファンド","外国投資信託受益証券","4月末日","","E15174","ルクセンブルク三菱ＵＦＪインベスターサービス銀行Ｓ．Ａ．"
"G11204","","ちばぎんコア投資ファンド（安定型）／ちばぎんコア投資ファンド（成長型）","チバギンコアトウシファンドアンテイガタ　チバギンコアトウシファンドセイチョウガタ","内国投資信託受益証券","7月10日","","E31678","ちばぎんアセットマネジメント株式会社"
"G11205","","外国株式ＳＭＴＢセレクション（ＳＭＡ専用）","ガイコクカブシキエスエムティービーセレクション　エスエムエーセンヨウ","内国投資信託受益証券","6月25日","","E12444","三井住友トラスト・アセットマネジメント株式会社"
"G11209","","米国優先リートファンド（為替ヘッジあり）、米国優先リートファンド（為替ヘッジなし）","ベイコクユウセンリートファンドカワセヘッジアリ　ベイコクユウセンリートファンドカワセヘッジナシ","内国投資信託受益証券","1月26日","7月26日","E08957","三井住友ＤＳアセットマネジメント株式会社"
"G11215","","明治安田女性活躍推進ファンド","メイジヤスダジョセイカツヤクスイシンファンド","内国投資信託受益証券","2月26日","8月26日","E12448","明治安田アセットマネジメント株式会社"
"G11221","","オーストラリアＲＥＩＴ・リサーチ・オープン（毎月決算型）","オーストラリアリートリサーチオープン　マイツキケッサンガタ","内国投資信託受益証券","1月14日","7月14日","E12444","三井住友トラスト・アセットマネジメント株式会社"
"G11222","","ＭＡＳＡＭＩＴＳＵ・Ｌｉｎｋ－Ｕ・ビッグデータ・ファンド","マサミツリンクユービッグデータファンド","内国投資信託受益証券","2月27日","8月27日","E27917","ファイブスター投信投資顧問株式会社"
"G11230","","グローバル・ロボティクス株式ファンド（１年決算型）","グローバル　ロボティクスカブシキファンド　イチネンケッサンガタ","内国投資信託受益証券","7月20日","","E12430","アモーヴァ・アセットマネジメント株式会社"
"G11231","","グローバル・ロボティクス株式ファンド（年２回決算型）","グローバル　ロボティクスカブシキファンド　ネンニカイケッサンガタ","内国投資信託受益証券","1月20日","7月20日","E12430","アモーヴァ・アセットマネジメント株式会社"
"G11236","","ＤＩＡＭコア資産設計ファンド（堅実型）、ＤＩＡＭコア資産設計ファンド（積極型）","ダイアムコアシサンセッケイファンドケンジツガタ　ダイアムコアシサンセッケイファンドセッキョクガタ","内国投資信託受益証券","4月11日","10月11日","E10677","アセットマネジメントＯｎｅ株式会社"
"G11239","","ダイワ世界コーポレート・ハイブリッド証券ファンド（為替ヘッジあり）","ダイワセカイコーポレートハイブリッドショウケンファンドカワセヘッジアリ","内国投資信託受益証券","6月9日","12月9日","E06748","大和アセットマネジメント株式会社"
"G11240","","ダイワ新グローバル・ハイブリッド証券ファンド：為替ヘッジあり、為替ヘッジなし","ダイワシングローバルハイブリッドショウケンファンドカワセヘッジアリカワセヘッジナシ","内国投資信託受益証券","2月18日","8月18日","E06748","大和アセットマネジメント株式会社"
"G11241","","アジアセレクト・インフラ関連株オープン","アジアセレクトインフラカンレンカブオープン","内国投資信託受益証券","2月26日","8月26日","E12441","ＳＢＩ岡三アセットマネジメント株式会社"
"G11245","","アジアリート戦略オープン（為替ヘッジあり）毎月決算型、アジアリート戦略オープン（為替ヘッジあり）年２回決算型、アジアリート戦略オープン（為替ヘッジなし）毎月決算型、アジアリート戦略オープン（為替ヘッジなし）年２回決算型","アジアリートセンリャクオープンカワセヘッジアリマイツキケッサンガタアジアリートセンリャクオープンカワセヘッジアリネンニカイケッサンガタアジアリートセンリャクオープンカワセヘッジナシマイツキケッサンガタアジアリートセンリャクオープンカワセヘッジナシネンニカイケッサンガタ","内国投資信託受益証券","1月13日","7月13日","E11518","三菱ＵＦＪアセットマネジメント株式会社"
"G11251","14720","ＮＥＸＴ　ＦＵＮＤＳ　ＪＰＸ日経４００ダブルインバース・インデックス連動型上場投信","ネクストファンズジェイピーエクスニッケイヨンヒャクダブルインバースインデックスレンドウガタジョウジョウトウシン","内国投資信託受益証券","4月7日","","E12460","野村アセットマネジメント株式会社"
"G11252","","南アジア株式ファンド","ミナミアジアカブシキファンド","内国投資信託受益証券","9月10日","","E14601","ＰａｙＰａｙアセットマネジメント株式会社"
"G11255","","ＪＰＸ日経４００ブル２倍上場投信（レバレッジ）","ジェーピーエックスニッケイヨンヒャクブルニバイジョウジョウトウシン　レバレッジ","内国投資信託受益証券","8月20日","","E14415","シンプレクス・アセット・マネジメント株式会社"
"G11256","","ＪＰＸ日経４００ベア上場投信（インバース）","ジェーピーエックスニッケイヨンヒャクベアジョウジョウトウシン　インバース","内国投資信託受益証券","8月20日","","E14415","シンプレクス・アセット・マネジメント株式会社"
"G11257","14690","ＪＰＸ日経４００ベア２倍上場投信（ダブルインバース）","ジェーピーエックスニッケイヨンヒャクベアニバイジョウジョウトウシン　ダブルインバース","内国投資信託受益証券","8月20日","","E14415","シンプレクス・アセット・マネジメント株式会社"
"G11263","","パインブリッジ・キャピタル証券ファンド（為替ヘッジなし）　パインブリッジ・キャピタル証券ファンド（為替ヘッジあり）","パインブリッジキャピタルショウケンファンドカワセヘッジナシ　パインブリッジキャピタルショウケンファンドカワセヘッジアリ","内国投資信託受益証券","2月16日","8月16日","E12437","パインブリッジ・インベストメンツ株式会社"
"G11267","","ＧＣＩエンダウメントファンド（成長型／安定型）","ジーシーアイエンダウメントファンド　セイチョウガタ　アンテイガタ","内国投資信託受益証券","9月25日","","E31744","株式会社ＧＣＩアセット・マネジメント"
"G11268","","ｉＦｒｅｅＥＴＦ　ＪＰＸ日経４００レバレッジ・インデックス","アイフリーイーティーエフジェイピーエックスニッケイヨンヒャクレバレッジインデックス","内国投資信託受益証券","1月10日","","E06748","大和アセットマネジメント株式会社"
"G11269","","ｉＦｒｅｅＥＴＦ　ＪＰＸ日経４００インバース・インデックス","アイフリーイーティーエフジェイピーエックスニッケイヨンヒャクインバースインデックス","内国投資信託受益証券","1月10日","","E06748","大和アセットマネジメント株式会社"
"G11270","14660","ｉＦｒｅｅＥＴＦ　ＪＰＸ日経４００ダブルインバース・インデックス","アイフリーイーティーエフジェイピーエックスニッケイヨンヒャクダブルインバースインデックス","内国投資信託受益証券","1月10日","","E06748","大和アセットマネジメント株式会社"
"G11272","","ニッセイ・インド債券オープン（毎月決算型）／ニッセイ・インド債券オープン（年２回決算型）","ニッセイインドサイケンオープンマイツキケッサンガタ　ニッセイインドサイケンオープンネンニカイケッサンガタ","内国投資信託受益証券","1月15日","7月15日","E12453","ニッセイアセットマネジメント株式会社"
"G11273","","ニッセイ・インデックスバランスファンド（４資産均等型）＜購入・換金手数料なし＞","ニッセイインデックスバランスファンドヨンシサンキントウガタコウニュウカンキンテスウリョウナシ","内国投資信託受益証券","11月20日","","E12453","ニッセイアセットマネジメント株式会社"
"G11274","","しんきん日経平均オープン","シンキンニッケイヘイキンオープン","内国投資信託受益証券","9月10日","","E12422","しんきんアセットマネジメント投信株式会社"
"G11275","","ｅＭＡＸＩＳ　債券バランス（２資産均等型）","イーマクシスサイケンバランスニシサンキントウガタ","内国投資信託受益証券","1月26日","","E11518","三菱ＵＦＪアセットマネジメント株式会社"
"G11276","","ｅＭＡＸＩＳ　バランス（４資産均等型）","イーマクシスバランスヨンシサンキントウガタ","内国投資信託受益証券","1月26日","","E11518","三菱ＵＦＪアセットマネジメント株式会社"
"G11278","","インバウンド関連日本株ファンド","インバウンドカンレンニホンカブファンド","内国投資信託受益証券","8月7日","","E12444","三井住友トラスト・アセットマネジメント株式会社"
"G11280","","３つの財布　米国銀行株式ファンド　（毎月分配型）","ミッツノサイフ　ベイコクギンコウカブシキファンド　マイツキブンパイガタ","内国投資信託受益証券","3月5日","9月5日","E26704","カレラアセットマネジメント株式会社"
"G11281","","日本エネルギー関連株式オープン","ニホンエネルギーカンレンカブシキオープン","内国投資信託受益証券","3月19日","9月19日","E11518","三菱ＵＦＪアセットマネジメント株式会社"
"G11283","","関西応援ファンド","カンサイオウエンファンド","内国投資信託受益証券","9月20日","","E12460","野村アセットマネジメント株式会社"
"G11284","","ジャパン・アクティブ・グロース（分配型）、ジャパン・アクティブ・グロース（資産成長型）","ジャパンアクティブグロースブンパイガタ　ジャパンアクティブグロースシサンセイチョウガタ","内国投資信託受益証券","6月20日","12月20日","E12460","野村アセットマネジメント株式会社"
"G11287","","インベスコ　インド債券ファンド（毎月決算型）","インベスコインドサイケンファンドマイツキケッサンガタ","内国投資信託受益証券","2月15日","8月15日","E06479","インベスコ・アセット・マネジメント株式会社"
"G11289","","フィロソフィック２・インベストメント・トラスト－ウィントン・パフォーマンス連動ボンドプラスファンド１５－１０（豪ドル建）","フィロソフィックツーインベストメントトラストウィントンパフォーマンスレンドウボンドプラスファンドイチゴイチゼロゴウドルダテ","外国投資信託受益証券","11月末日","","E15033","ＩＱ　ＥＱマネジメント・バミューダ・リミテッド"
"G11290","","ウエスタン・アセット・オフショア・ファンド・シリーズ‐ＷＡ　トータルリターン・オポチュニティーズ","ウエスタンアセットオフショアファンドシリーズダブリューエートータルリターンオポチュニティーズ","外国投資信託受益証券","3月末日","","E24736","ウエスタン・アセット・マネジメント・カンパニー・リミテッド"
"G11291","","ダイワ債券コア戦略ファンド：為替ヘッジあり、為替ヘッジなし","ダイワサイケンコアセンリャクファンドカワセヘッジアリカワセヘッジナシ","内国投資信託受益証券","3月7日","9月7日","E06748","大和アセットマネジメント株式会社"
"G11295","","スパークス・プレミアム・日本超小型株式ファンド","スパークスプレミアムニホンチョウコガタカブシキファンド","内国投資信託受益証券","1月22日","7月22日","E11161","スパークス・アセット・マネジメント株式会社"
"G11296","14730","Ｏｎｅ　ＥＴＦ　トピックス","ワンイーティーエフトピックス","内国投資信託受益証券","1月8日","7月8日","E10677","アセットマネジメントＯｎｅ株式会社"
"G11297","14740","Ｏｎｅ　ＥＴＦ　ＪＰＸ日経４００","ワンイーティーエフジェーピーエックスニッケイヨンヒャク","内国投資信託受益証券","1月8日","7月8日","E10677","アセットマネジメントＯｎｅ株式会社"
"G11299","","ＨＳＢＣワールド・セレクション（安定コース）／（安定成長コース）／（成長コース）","エイチエスビーシーワールドセレクションアンテイコースアンテイセイチョウコースセイチョウコース","内国投資信託受益証券","8月19日","","E12492","ＨＳＢＣアセットマネジメント株式会社"
"G11300","","ブラックロックＥＳＧ世界株式ファンド（限定為替ヘッジあり）／（為替ヘッジなし）","ブラックロックイーエスジーセカイカブシキファンドゲンテイカワセヘッジアリカワセヘッジナシ","内国投資信託受益証券","9月20日","","E09096","ブラックロック・ジャパン株式会社"
"G11301","","アライアンス・バーンスタイン－グローバル・ハイ・イールド・ポートフォリオ","アライアンスバーンスタイングローバルハイイールドポートフォリオ","外国投資信託受益証券","8月末日","","E14866","アライアンス・バーンスタイン・ルクセンブルグ・エス・エイ・アール・エル"
"G11303","","あおぞら・世界配当成長株ベガ・ファンド（毎月分配型）","アオゾラセカイハイトウセイチョウカブベガファンドマイツキブンパイガタ","内国投資信託受益証券","4月25日","10月25日","E30689","あおぞら投信株式会社"
"G11310","","日興ブラックロック・ハイ・クオリティ・アロケーション・ファンド（為替ヘッジなし／年２回決算型）、日興ブラックロック・ハイ・クオリティ・アロケーション・ファンド（限定為替ヘッジ／年２回決算型）","ニッコウブラックロックハイクオリティアロケーションファンドカワセヘッジナシネンニカイケッサンガタ　ニッコウブラックロックハイクオリティアロケーションファンドゲンテイカワセヘッジネンニカイケッサンガタ","内国投資信託受益証券","6月26日","12月26日","E08957","三井住友ＤＳアセットマネジメント株式会社"
"G11311","","日興ワールド・トラスト－ワールド・ハイブリッド・セキュリティーズ・ファンド","ニッコウワールドトラストワールドハイブリッドセキュリティーズファンド","外国投資信託受益証券","9月末日","","E14853","ＳＭＢＣ日興インベストメント・ファンド・マネジメント・カンパニー・エス・エイ"
"G11316","","ＤＣニッセイ外国債券インデックス","ディーシーニッセイガイコクサイケンインデックス","内国投資信託受益証券","11月20日","","E12453","ニッセイアセットマネジメント株式会社"
"G11317","","ターゲットイヤータイプ　ラップ・コンシェルジュ２０２５","ターゲットイヤータイプラップコンシェルジュニセンニジュウゴ","内国投資信託受益証券","6月15日","","E06748","大和アセットマネジメント株式会社"
"G11318","","ターゲットイヤータイプ　ラップ・コンシェルジュ２０２８","ターゲットイヤータイプラップコンシェルジュニセンニジュウハチ","内国投資信託受益証券","6月15日","","E06748","大和アセットマネジメント株式会社"
"G11319","","ターゲットイヤータイプ　ラップ・コンシェルジュ２０３１","ターゲットイヤータイプラップコンシェルジュニセンサンジュウイチ","内国投資信託受益証券","6月15日","","E06748","大和アセットマネジメント株式会社"
"G11320","","ターゲットイヤータイプ　ラップ・コンシェルジュ２０３４","ターゲットイヤータイプラップコンシェルジュニセンサンジュウヨン","内国投資信託受益証券","6月15日","","E06748","大和アセットマネジメント株式会社"
"G11322","","楽天日本株４．３倍ブル","ラクテンニホンカブヨンテンサンバイブル","内国投資信託受益証券","6月15日","","E15787","楽天投信投資顧問株式会社"
"G11323","","ＵＢＳ（ＬＵＸ）エクイティ・ファンド","ユービーエスルクスエクイティファンド","外国投資信託受益証券","11月末日","","E14900","ＵＢＳアセット・マネジメント（ヨーロッパ）エス・エイ"
"G11329","14750","ｉシェアーズ・コア　ＴＯＰＩＸ　ＥＴＦ","アイシェアーズコアトピックスイーティーエフ","内国投資信託受益証券","2月9日","8月9日","E09096","ブラックロック・ジャパン株式会社"
"G11330","14770","ｉシェアーズ　ＭＳＣＩ　日本株最小分散　ＥＴＦ","アイシェアーズエムエスシーアイニホンカブサイショウブンサンイーティーエフ","内国投資信託受益証券","2月9日","8月9日","E09096","ブラックロック・ジャパン株式会社"
"G11331","14780","ｉシェアーズ　ＭＳＣＩ　ジャパン高配当利回り　ＥＴＦ","アイシェアーズエムエスシーアイジャパンコウハイトウリマワリイーティーエフ","内国投資信託受益証券","2月9日","8月9日","E09096","ブラックロック・ジャパン株式会社"
"G11332","14760","ｉシェアーズ・コア　Ｊリート　ＥＴＦ","アイシェアーズコアジェイリートイーティーエフ","内国投資信託受益証券","2月9日","8月9日","E09096","ブラックロック・ジャパン株式会社"
"G11333","","高金利先進国債券ファンド２（早期償還条項付）","コウキンリセンシンコクサイケンファンドツウ　ソウキショウカンジョウコウツキ","内国投資信託受益証券","1月10日","7月10日","E12430","アモーヴァ・アセットマネジメント株式会社"
"G11334","","ダイワ・ディスカバリー・ファンド・シリーズ－ダイワ債券コア戦略ファンド","ダイワディスカバリーファンドシリーズダイワサイケンコアセンリャクファンド","外国投資信託受益証券","9月末日","","E15791","ダイワ・アセット・マネジメント・サービシイズ・リミテッド（ケイマン）"
"G11335","","通貨選択型ダイワ米国株主還元株αクワトロプレミアム（毎月分配型／年２回決算型）","ツウカセンタクガタダイワベイコクカブヌシカンゲンカブアルファクワトロプレミアムマイツキブンパイガタネンニカイケッサンガタ","内国投資信託受益証券","4月18日","10月18日","E06748","大和アセットマネジメント株式会社"
"G11336","","ダイワ米国株主還元株ツインαプレミアム（毎月分配型／年２回決算型）","ダイワベイコクカブヌシカンゲンカブツインアルファプレミアムマイツキブンパイガタネンニカイケッサンガタ","内国投資信託受益証券","4月18日","10月18日","E06748","大和アセットマネジメント株式会社"
"G11337","","ダイワ米国株主還元株ファンド","ダイワベイコクカブヌシカンゲンカブファンド","内国投資信託受益証券","4月18日","10月18日","E06748","大和アセットマネジメント株式会社"
"G11340","","日興エドモン・ドゥ・ロスチャイルド・グローバルＣＢファンド（為替ヘッジあり）、日興エドモン・ドゥ・ロスチャイルド・グローバルＣＢファンド（為替ヘッジなし）","ニッコウエドモンドゥロスチャイルドグローバルシービーファンドカワセヘッジアリ　ニッコウエドモンドゥロスチャイルドグローバルシービーファンドカワセヘッジナシ","内国投資信託受益証券","10月26日","","E08957","三井住友ＤＳアセットマネジメント株式会社"
"G11342","","日本郵政株式／グループ株式ファンド","ニホンユウセイカブシキ　グループカブシキファンド","内国投資信託受益証券","4月9日","10月9日","E12430","アモーヴァ・アセットマネジメント株式会社"
"G11350","","ＤＩＡＭ新興国債券インデックスファンド＜為替ヘッジなし＞（ファンドラップ）","ダイアムシンコウコクサイケンインデックスファンドカワセヘッジナシファンドラップ","内国投資信託受益証券","5月8日","","E10677","アセットマネジメントＯｎｅ株式会社"
"G11352","","ＳＭＴ　米国ＲＥＩＴインデックス・オープン","エスエムティー　ベイコクリートインデックス　オープン","内国投資信託受益証券","4月20日","10月20日","E12444","三井住友トラスト・アセットマネジメント株式会社"
"G11357","","たわらノーロード　新興国株式＜ラップ専用＞","タワラノーロード　シンコウコクカブシキラップセンヨウ","内国投資信託受益証券","5月8日","","E10677","アセットマネジメントＯｎｅ株式会社"
"G11359","","ピムコ・バミューダ・トラストＩＩ－ＰＩＭＣＯショート・ターム・モーゲージ・インカム","ピムコバミューダトラストツー　ピムコショートタームモーゲージインカム","外国投資信託受益証券","10月末日","","E15034","パシフィック・インベストメント・マネジメント・カンパニー・エルエルシー"
"G11367","","欧州厳選株式ファンド","オウシュウゲンセンカブシキファンド","内国投資信託受益証券","4月9日","","E12448","明治安田アセットマネジメント株式会社"
"G11372","","日系企業海外債券オープン（為替ヘッジあり）、日系企業海外債券オープン（為替ヘッジなし）","ニッケイキギョウカイガイサイケンオープンカワセヘッジアリニッケイキギョウカイガイサイケンオープンカワセヘッジナシ","内国投資信託受益証券","4月30日","10月30日","E08957","三井住友ＤＳアセットマネジメント株式会社"
"G11373","","ＤＩＡＭ新興国株式インカムプラスファンド（ファンドラップ）","ダイアムシンコウコクカブシキインカムプラスファンドファンドラップ","内国投資信託受益証券","5月8日","","E10677","アセットマネジメントＯｎｅ株式会社"
"G11375","","東京海上・グローバルヘルスケアＲＥＩＴオープン（年１回決算型）","トウキョウカイジョウグローバルヘルスケアリートオープンネンイッカイケッサンガタ","内国投資信託受益証券","10月18日","","E06433","東京海上アセットマネジメント株式会社"
"G11376","","東京海上・グローバルヘルスケアＲＥＩＴオープン（毎月決算型）","トウキョウカイジョウグローバルヘルスケアリートオープンマイツキケッサンガタ","内国投資信託受益証券","4月18日","10月18日","E06433","東京海上アセットマネジメント株式会社"
"G11380","34620","野村不動産マスターファンド投資法人","ノムラフドウサンマスターファンドトウシホウジン","内国投資証券","2月末日","8月末日","E31931","野村不動産マスターファンド投資法人"
"G11382","34630","いちごホテルリート投資法人","イチゴホテルリートトウシホウジン","内国投資証券","1月末日","7月末日","E31889","いちごホテルリート投資法人"
"G11385","","日興アムンディ日本政策関連株式ファンド","ニッコウアムンディニホンセイサクカンレンカブシキファンド","内国投資信託受益証券","9月10日","","E09666","アムンディ・ジャパン株式会社"
"G11386","","投資のソムリエ＜ＤＣ年金＞リスク抑制型","トウシノソムリエディーシーネンキンリスクヨクセイガタ","内国投資信託受益証券","1月11日","","E10677","アセットマネジメントＯｎｅ株式会社"
"G11389","","ジャナス米国中小型成長株ファンド（年４回決算型）","ジャナスベイコクチュウコガタセイチョウカブファンドネンヨンカイケッサンガタ","内国投資信託受益証券","1月23日","7月23日","E10677","アセットマネジメントＯｎｅ株式会社"
"G11391","","ＳＢＩ中小型成長株ファンド　ジェイネクスト（年２回決算型）／愛称：ｊｎｅｘｔⅡ","エスビーアイ　チュウコガタセイチョウカブファンド　ジェイネクスト　ネンニカイケッサンガタ　アイショウ　ジェイネクストツー","内国投資信託受益証券","1月22日","7月22日","E13447","ＳＢＩアセットマネジメント株式会社"
"G11393","","ｅＭＡＸＩＳ　ＪＡＰＡＮ　クオリティ１５０インデックス","イーマクシスジャパンクオリティヒャクゴジュウインデックス","内国投資信託受益証券","1月26日","","E11518","三菱ＵＦＪアセットマネジメント株式会社"
"G11394","","ＭＩＴＯ　ラップ型ファンド（安定型）、ＭＩＴＯ　ラップ型ファンド（中立型）、ＭＩＴＯ　ラップ型ファンド（積極型）","ミトラップガタファンドアンテイガタ　ミトラップガタファンドチュウリツガタ　ミトラップガタファンドセッキョクガタ","内国投資信託受益証券","10月12日","","E10677","アセットマネジメントＯｎｅ株式会社"
"G11395","","インベスコ　オーストラリア債券ファンド（年１回決算型）","インベスコオーストラリアサイケンファンドネンイッカイケッサンガタ","内国投資信託受益証券","2月20日","","E06479","インベスコ・アセット・マネジメント株式会社"
"G11396","","グローバル８資産ラップファンド（安定型）、グローバル８資産ラップファンド（中立型）、グローバル８資産ラップファンド（積極型）","グローバルハチシサンラップファンドアンテイガタ　グローバルハチシサンラップファンドチュウリツガタ　グローバルハチシサンラップファンドセッキョクガタ","内国投資信託受益証券","10月12日","","E10677","アセットマネジメントＯｎｅ株式会社"
"G11398","","ノムラ・ファンド・セレクト－ワールド・バランス・インベストメント","ノムラファンドセレクトワールドバランスインベストメント","外国投資信託受益証券","9月末日","","E26746","グローバル・ファンズ・トラスト・カンパニー"
"G11401","","アムンディ・パトリモア・ジャパン（隔月決算型）","アムンディパトリモアジャパンカクゲツケッサンガタ","内国投資信託受益証券","5月14日","11月14日","E09666","アムンディ・ジャパン株式会社"
"G11402","","アムンディ・パトリモア・ジャパン（年１回決算型）","アムンディパトリモアジャパンネンイッカイケッサンガタ","内国投資信託受益証券","11月14日","","E09666","アムンディ・ジャパン株式会社"
"G11403","","ニッセイ国内債券アルファ","ニッセイコクナイサイケンアルファ","内国投資信託受益証券","5月20日","11月20日","E12453","ニッセイアセットマネジメント株式会社"
"G11409","","ＬＯＳＡ長期保有型国際分散インデックスファンド","ローサチョウキホユウガタコクサイブンサンインデックスファンド","内国投資信託受益証券","12月5日","","E10677","アセットマネジメントＯｎｅ株式会社"
"G11410","","ダイナミック・マルチアセット戦略ファンド（為替ヘッジなし）、ダイナミック・マルチアセット戦略ファンド（限定為替ヘッジ）","ダイナミックマルチアセットセンリャクファンドカワセヘッジナシ　ダイナミックマルチアセットセンリャクファンドゲンテイカワセヘッジ","内国投資信託受益証券","11月20日","","E08957","三井住友ＤＳアセットマネジメント株式会社"
"G11416","","日本連続増配成長株オープン","ニホンレンゾクゾウハイセイチョウカブオープン","内国投資信託受益証券","6月15日","12月15日","E12441","ＳＢＩ岡三アセットマネジメント株式会社"
"G11417","","プレミアム・ファンズ　ウェルス・コアポートフォリオ　コンサバティブ型／ウェルス・コアポートフォリオ　グロース型","プレミアムファンズウェルスコアポートフォリオコンサバティブガタウェルスコアポートフォリオグロースガタ","外国投資信託受益証券","11月末日","","E14853","ＳＭＢＣ日興インベストメント・ファンド・マネジメント・カンパニー・エス・エイ"
"G11420","13990","上場インデックスファンドＭＳＣＩ日本株高配当低ボラティリティ","ジョウジョウインデックスファンドエムエスシーアイニホンカブコウハイトウテイボラティリティ","内国投資信託受益証券","1月8日","7月8日","E12430","アモーヴァ・アセットマネジメント株式会社"
"G11425","","グローバル・ストック　Ａコース、グローバル・ストック　Ｂコース、グローバル・ストック　Ｃコース、グローバル・ストック　Ｄコース","グローバルストックエーコース　グローバルストックビーコース　グローバルストックシーコース　グローバルストックディーコース","内国投資信託受益証券","3月27日","9月27日","E12460","野村アセットマネジメント株式会社"
"G11426","","野村未来トレンド発見ファンド　Ａコース（為替ヘッジあり）、野村未来トレンド発見ファンド　Ｂコース（為替ヘッジなし）［Ｇ１２５３４と統合］","ノムラミライトレンドハッケンファンドエーコースカワセヘッジアリ　ノムラミライトレンドハッケンファンドビーコースカワセヘッジナシ","内国投資信託受益証券","11月14日","","E12460","野村アセットマネジメント株式会社"
"G11434","","グローバル・スマート・イノベーション・オープン（年２回決算型）","グローバルスマートイノベーションオープンネンニカイケッサンガタ","内国投資信託受益証券","6月5日","12月5日","E11518","三菱ＵＦＪアセットマネジメント株式会社"
"G11435","","グローバル・スマート・イノベーション・オープン（年１回決算型）","グローバルスマートイノベーションオープンネンイッカイケッサンガタ","内国投資信託受益証券","12月5日","","E11518","三菱ＵＦＪアセットマネジメント株式会社"
"G11439","","フィデリティ・ターゲット・デート・ファンド（アクティブ）２０３０","フィデリティターゲットデートファンドアクティブニセンサンジュウ","内国投資信託受益証券","9月25日","","E12481","フィデリティ投信株式会社"
"G11440","","フィデリティ・ターゲット・デート・ファンド（アクティブ）２０４０","フィデリティターゲットデートファンドアクティブニセンヨンジュウ","内国投資信託受益証券","9月25日","","E12481","フィデリティ投信株式会社"
"G11441","","フィデリティ・ターゲット・デート・ファンド（ベーシック）２０３０","フィデリティターゲットデートファンドベーシックニセンサンジュウ","内国投資信託受益証券","9月25日","","E12481","フィデリティ投信株式会社"
"G11442","","フィデリティ・ターゲット・デート・ファンド（ベーシック）２０４０","フィデリティターゲットデートファンドベーシックニセンヨンジュウ","内国投資信託受益証券","9月25日","","E12481","フィデリティ投信株式会社"
"G11443","","ハリス　グローバル　バリュー株ファンド（年４回決算型）","ハリスグローバルバリューカブファンドネンヨンカイケッサンガタ","内国投資信託受益証券","3月16日","9月16日","E12447","朝日ライフ　アセットマネジメント株式会社"
"G11454","","産業競争力強化ファンド","サンギョウキョウソウリョクキョウカファンド","内国投資信託受益証券","12月26日","","E08957","三井住友ＤＳアセットマネジメント株式会社"
"G11455","","たわらノーロード　日経２２５","タワラノーロードニッケイニーニーゴ","内国投資信託受益証券","10月12日","","E10677","アセットマネジメントＯｎｅ株式会社"
"G11456","","インベスコ　インカム・ナビゲーター","インベスコインカムナビゲーター","内国投資信託受益証券","5月18日","11月18日","E06479","インベスコ・アセット・マネジメント株式会社"
"G11459","","ロボット・テクノロジー関連株ファンド　－ロボテック－","ロボットテクノロジーカンレンカブファンドロボテック","内国投資信託受益証券","3月13日","9月13日","E06748","大和アセットマネジメント株式会社"
"G11460","","ダイワ・ノーロード　日経２２５ファンド","ダイワノーロードニッケイニイニイゴファンド","内国投資信託受益証券","9月19日","","E06748","大和アセットマネジメント株式会社"
"G11461","","ダイワ・ノーロード　Ｊ－ＲＥＩＴファンド","ダイワノーロードジェイリートファンド","内国投資信託受益証券","9月15日","","E06748","大和アセットマネジメント株式会社"
"G11464","","フォーカス・シキャブ","フォーカスシキャブ","外国投資証券","10月末日","","E32015","フォーカス・シキャブ"
"G11467","","グローバル・オポチュニティーズ・アクセス－ハイ・イールド・アンド・ＥＭボンド－グローバル・ボンド（米ドル）－コーポレート・ボンド－グローバル・エクイティ－グローバル・エクイティⅡ－キー・マルチマネジャー・ヘッジ・ファンド－ボンド－エクイティ","グローバルオポチュニティーズアクセスハイイールドアンドイーエムボンドグローバルボンドベイドルコーポレートボンドグローバルエクイティグローバルエクイティツーキーマルチマネジャーヘッジファンドボンドエクイティ","外国投資証券","7月末日","","E32021","グローバル・オポチュニティーズ・アクセス"
"G11468","","たわらノーロード　先進国リート","タワラノーロード　センシンコクリート","内国投資信託受益証券","10月12日","","E10677","アセットマネジメントＯｎｅ株式会社"
"G11469","","たわらノーロード　先進国債券","タワラノーロード　センシンコクサイケン","内国投資信託受益証券","10月12日","","E10677","アセットマネジメントＯｎｅ株式会社"
"G11470","","たわらノーロード　国内リート","タワラノーロードコクナイリート","内国投資信託受益証券","10月12日","","E10677","アセットマネジメントＯｎｅ株式会社"
"G11471","","たわらノーロード　国内債券","タワラノーロード　コクナイサイケン","内国投資信託受益証券","10月12日","","E10677","アセットマネジメントＯｎｅ株式会社"
"G11474","","たわらノーロード　先進国株式","タワラノーロード　センシンコクカブシキ","内国投資信託受益証券","10月12日","","E10677","アセットマネジメントＯｎｅ株式会社"
"G11475","","ＰＩＭＣＯセレクト・ファンズ・ピーエルシー－ユーロドル・ハイ・クオリティ・ファンド","ピムコセレクトファンズピーエルシーユーロドルハイクオリティファンド","外国投資証券","12月末日","","E32040","ＰＩＭＣＯセレクト・ファンズ・ピーエルシー"
"G11476","","ＵＢＳ（Ｉｒｌ）ファンド・ソリューションズ・ピーエルシー－ＵＢＳ　ＭＳＣＩ　ＡＣＷＩ　エス・エフ　ＵＣＩＴＳ　ＥＴＦ","ユービーエスアイルランドファンドソリューションズピーエルシーユービーエスエムエスシーアイエーシーダブリューアイエスエフユーシッツイーティーエフ","外国投資証券","6月末日","","E32037","ＵＢＳ（Ｉｒｌ）ファンド・ソリューションズ・ピーエルシー"
"G11477","","三菱ＵＦＪ　ターゲット・イヤー・ファンド２０３０／２０３５／２０４０／２０４５／２０５０／２０５５／２０６０／２０６５／２０７０（確定拠出年金）","ミツビシユーエフジェイターゲットイヤーファンドニセンサンジュウニセンサンジュウゴニセンヨンジュウニセンヨンジュウゴニセンゴジュウニセンゴジュウゴニセンロクジュウニセンロクジュウゴニセンナナジュウカクテイキョシュツネンキン","内国投資信託受益証券","9月10日","","E11518","三菱ＵＦＪアセットマネジメント株式会社"
"G11478","","楽天ＵＳリート・トリプルエンジン・プラス（レアル）毎月分配型","ラクテンユーエスリートトリプルエンジンプラスレアルマイツキブンパイガタ","内国投資信託受益証券","6月17日","12月17日","E15787","楽天投信投資顧問株式会社"
"G11479","34660","ラサールロジポート投資法人","ラサールロジポートトウシホウジン","内国投資証券","2月末日","8月末日","E32042","ラサールロジポート投資法人"
"G11481","","キャピタル日本株式ファンドＦ","キャピタルニホンカブシキファンドエフ","内国投資信託受益証券","11月20日","","E14703","キャピタル・インターナショナル株式会社"
"G11482","","キャピタル世界株式ファンドＦ","キャピタルセカイカブシキファンドエフ","内国投資信託受益証券","11月20日","","E14703","キャピタル・インターナショナル株式会社"
"G11483","","キャピタル・エマージング・ストラテジー・ファンドＦ（米ドル売り円買い）","キャピタルエマージングストラテジーファンドエフベイドルウリエンガイ","内国投資信託受益証券","11月20日","","E14703","キャピタル・インターナショナル株式会社"
"G11484","","キャピタル世界配当成長ファンドＦ","キャピタルセカイハイトウセイチョウファンドエフ","内国投資信託受益証券","11月20日","","E14703","キャピタル・インターナショナル株式会社"
"G11485","","キャピタル・グローバル・アロケーション・ファンドＦ（限定為替ヘッジ）","キャピタルグローバルアロケーションファンドエフゲンテイカワセヘッジ","内国投資信託受益証券","11月20日","","E14703","キャピタル・インターナショナル株式会社"
"G11486","","キャピタル・グローバル・ボンド・ファンドＦ（限定為替ヘッジ）","キャピタルグローバルボンドファンドエフゲンテイカワセヘッジ","内国投資信託受益証券","11月20日","","E14703","キャピタル・インターナショナル株式会社"
"G11487","","キャピタル・グローバル・ハイインカム債券ファンドＦ（米ドル売り円買い）","キャピタルグローバルハイインカムサイケンファンドエフベイドルウリエンガイ","内国投資信託受益証券","11月20日","","E14703","キャピタル・インターナショナル株式会社"
"G11490","","ニッセイ北欧株式ファンド（為替ヘッジあり）／ニッセイ北欧株式ファンド（為替ヘッジなし）","ニッセイホクオウカブシキファンドカワセヘッジアリ　ニッセイホクオウカブシキファンドカワセヘッジナシ","内国投資信託受益証券","4月20日","10月20日","E12453","ニッセイアセットマネジメント株式会社"
"G11491","","ダイワ米国国債７－１０年ラダー型ファンド（部分為替ヘッジあり／為替ヘッジなし）、ダイワ米国国債７－１０年ラダー型ファンド・マネーポートフォリオ　－　ＵＳトライアングル　－","ダイワベイコクコクサイナナカラジュウネンラダーガタファンドブブンカワセヘッジアリカワセヘッジナシダイワベイコクコクサイナナカラジュウネンラダーガタファンドマネーポートフォリオユーエストライアングル","内国投資信託受益証券","5月18日","11月18日","E06748","大和アセットマネジメント株式会社"
"G11492","","Ｊリート・アジアミックス・オープン（年２回決算型）","ジェイリートアジアミックスオープンネンニカイケッサンガタ","内国投資信託受益証券","3月17日","9月17日","E08957","三井住友ＤＳアセットマネジメント株式会社"
"G11494","","インベスコ　英国ポンド建て債券ファンド＜為替アクティブヘッジ＞（毎月決算型）","インベスコエイコクポンドダテサイケンファンドカワセアクティブヘッジマイツキケッサンガタ","内国投資信託受益証券","4月15日","10月15日","E06479","インベスコ・アセット・マネジメント株式会社"
"G11496","","世界プレミア企業債券ファンド（為替ヘッジあり）","セカイプレミアキギョウサイケンファンドカワセヘッジアリ","内国投資信託受益証券","1月14日","","E11518","三菱ＵＦＪアセットマネジメント株式会社"
"G11499","","日経２２５インデックスｅ","ニッケイニーニーゴインデックスイー","内国投資信託受益証券","5月15日","","E12444","三井住友トラスト・アセットマネジメント株式会社"
"G11501","","ピクテ　マルチストラテジー　リンクファンド（ＳＭＡ専用）","ピクテ　マルチストラテジー　リンクファンド　エスエムエーセンヨウ","内国投資信託受益証券","10月10日","","E12444","三井住友トラスト・アセットマネジメント株式会社"
"G11503","","ＳｕＭｉ　ＴＲＵＳＴ　マルチストラテジー／ＳＭＡＲＳ（ＳＭＡ専用）","エスユーエムアイ　ティーアールユーエスティー　マルチストラテジー　エスエムエーアールエス　エスエムエーセンヨウ","内国投資信託受益証券","10月10日","","E12444","三井住友トラスト・アセットマネジメント株式会社"
"G11504","","アムンディ・欧州ハイ・イールド債券ファンド＜年２回決算型＞","アムンディオウシュウハイイールドサイケンファンドネンニカイケッサンガタ","内国投資信託受益証券","4月8日","10月8日","E09666","アムンディ・ジャパン株式会社"
"G11506","","日興ＪＰＭ環太平洋ディスカバリー・ファンド（年４回決算型）","ニッコウジェイピーエムカンタイヘイヨウディスカバリーファンドネンヨンカイケッサンガタ","内国投資信託受益証券","6月20日","12月20日","E06264","ＪＰモルガン・アセット・マネジメント株式会社"
"G11508","","ダイワ／ミレーアセット亜細亜株式ファンド","ダイワミレーアセットアジアカブシキファンド","内国投資信託受益証券","1月20日","7月20日","E06748","大和アセットマネジメント株式会社"
"G11511","","ジャパン・ロボティクス株式ファンド（年２回決算型）","ジャパン　ロボティクスカブシキファンド　ネンニカイケッサンガタ","内国投資信託受益証券","1月24日","7月24日","E12430","アモーヴァ・アセットマネジメント株式会社"
"G11512","","ジャパン・ロボティクス株式ファンド（１年決算型）","ジャパン　ロボティクスカブシキファンド　イチネンケッサンガタ","内国投資信託受益証券","1月24日","","E12430","アモーヴァ・アセットマネジメント株式会社"
"G11513","","未来変革日本株ファンド","ミライヘンカクニホンカブファンド","内国投資信託受益証券","4月26日","10月26日","E10677","アセットマネジメントＯｎｅ株式会社"
"G11516","","りそなラップ型ファンド（安定型）　りそなラップ型ファンド（安定成長型）　りそなラップ型ファンド（成長型）","リソナラップガタファンドアンテイガタ　リソナラップガタファンドアンテイセイチョウガタ　リソナラップガタファンドセイチョウガタ","内国投資信託受益証券","1月25日","","E32011","りそなアセットマネジメント株式会社"
"G11519","","ＴＨＥ日本株オープン（円投資型）／（米ドル投資型）","ザニホンカブオープンエントウシガタベイドルトウシガタ","内国投資信託受益証券","6月5日","12月5日","E11518","三菱ＵＦＪアセットマネジメント株式会社"
"G11522","","しんきん世界アロケーションファンド（積極型）","シンキンセカイアロケーションファンドセッキョクガタ","内国投資信託受益証券","2月14日","","E12422","しんきんアセットマネジメント投信株式会社"
"G11526","","先進国好配当株式ファンド（３ヵ月決算型）（年２回決算型）","センシンコクコウハイトウカブシキファンドサンカゲツケッサンガタネンニカイケッサンガタ","内国投資信託受益証券","5月7日","11月7日","E11518","三菱ＵＦＪアセットマネジメント株式会社"
"G11530","","ｅＭＡＸＩＳ　米国リートインデックス","イーマクシスベイコクリートインデックス","内国投資信託受益証券","1月26日","","E11518","三菱ＵＦＪアセットマネジメント株式会社"
"G11531","","ｅＭＡＸＩＳ　欧州リートインデックス","イーマクシスオウシュウリートインデックス","内国投資信託受益証券","1月26日","","E11518","三菱ＵＦＪアセットマネジメント株式会社"
"G11532","","ｅＭＡＸＩＳ　豪州リートインデックス","イーマクシスゴウシュウリートインデックス","内国投資信託受益証券","1月26日","","E11518","三菱ＵＦＪアセットマネジメント株式会社"
"G11541","","ｉＴｒｕｓｔロボ","アイトラストロボ","内国投資信託受益証券","2月18日","","E10439","ピクテ・ジャパン株式会社"
"G11542","","ｉＴｒｕｓｔバイオ","アイトラストバイオ","内国投資信託受益証券","4月13日","","E10439","ピクテ・ジャパン株式会社"
"G11543","","ｉＴｒｕｓｔ世界株式","アイトラストセカイカブシキ","内国投資信託受益証券","4月10日","","E10439","ピクテ・ジャパン株式会社"
"G11544","","インベスコ　リアル資産成長ファンド（毎月決算型）","インベスコリアルシサンセイチョウファンドマイツキケッサンガタ","内国投資信託受益証券","1月18日","7月18日","E06479","インベスコ・アセット・マネジメント株式会社"
"G11548","","ＵＳテクノロジー・イノベーターズ・ファンド","ユーエステクノロジーイノベーターズファンド","内国投資信託受益証券","2月26日","","E08957","三井住友ＤＳアセットマネジメント株式会社"
"G11550","","ロボット・テクノロジー関連株ファンド（年１回決算型）　－ロボテック（年１回）－","ロボットテクノロジーカンレンカブファンドネンイッカイケッサンガタロボテックネンイッカイ","内国投資信託受益証券","9月13日","","E06748","大和アセットマネジメント株式会社"
"G11552","","ピクテ・セキュリティ・ファンド（為替ヘッジなし）","ピクテセキュリティファンドカワセヘッジナシ","内国投資信託受益証券","2月20日","","E10439","ピクテ・ジャパン株式会社"
"G11554","","ピムコ世界金融ハイブリッド証券戦略ファンド（毎月決算型・通貨プレミアム）","ピムコセカイキンユウハイブリッドショウケンセンリャクファンド　マイツキケッサンガタ　ツウカプレミアム","内国投資信託受益証券","2月17日","8月17日","E13447","ＳＢＩアセットマネジメント株式会社"
"G11559","","ＪＰ４資産バランスファンド　安定コース　安定成長コース　成長コース","ジェイピーヨンシサンバランスファンド　アンテイコース　アンテイセイチョウコース　セイチョウコース","内国投資信託受益証券","7月15日","","E32151","ゆうちょアセットマネジメント株式会社"
"G11561","","コクサイ－ＭＵＧＣトラスト－ウィントン・パフォーマンス連動ボンドプラスファンド１６－０３（豪ドル建）","コクサイエムユージーシートラストウィントンパフォーマンスレンドウボンドプラスファンドイチロクゼロサンゴウドルダテ","外国投資信託受益証券","8月末日","","E15174","ルクセンブルク三菱ＵＦＪインベスターサービス銀行Ｓ．Ａ．"
"G11565","","堅実バランスファンド－ハジメの一歩－","ケンジツバランスファンドハジメノイッポ","内国投資信託受益証券","5月8日","","E06748","大和アセットマネジメント株式会社"
"G11569","","野村ターゲットデートファンド２０１６　２０２６－２０２８年目標型、野村ターゲットデートファンド２０１６　２０２９－２０３１年目標型、野村ターゲットデートファンド２０１６　２０３２－２０３４年目標型、野村ターゲットデートファンド２０１６　２０３５－２０３７年目標型","ノムラターゲットデートファンドニセンジュウロクニセンニジュウロクニセンニジュウハチネンモクヒョウガタ　ノムラターゲットデートファンドニセンジュウロクニセンニジュウクニセンサンジュウイチネンモクヒョウガタ　ノムラターゲットデートファンドニセンジュウロクニセンサンジュウニニセンサンジュウヨネンモクヒョウガタ　ノムラターゲットデートファンドドニセンジュウロクニセンサンジュウゴニセンサンジュウナナネンモクヒョウガタ","内国投資信託受益証券","12月26日","","E12460","野村アセットマネジメント株式会社"
"G11570","","北海道未来の夢創生ファンド","ホッカイドウミライノユメソウセイファンド","内国投資信託受益証券","3月24日","","E06748","大和アセットマネジメント株式会社"
"G11571","","ダイワ日本国債１５‐２０年ラダー型ファンド　－ＳＬトレード－、ダイワ日本国債１５‐２０年ラダー型ファンド・マネーポートフォリオ　－ＳＬトレード－","ダイワニホンコクサイジュウゴカラニジュウネンラダーガタファンドエスエルトレードダイワニホンコクサイジュウゴカラニジュウネンラダーガタファンドマネーポートフォリオエスエルトレード","内国投資信託受益証券","2月10日","8月10日","E06748","大和アセットマネジメント株式会社"
"G11578","","米国連続増配成長株オープン（３ヵ月決算型）","ベイコクレンゾクゾウハイセイチョウカブオープンサンカゲツケッサンガタ","内国投資信託受益証券","3月26日","9月26日","E12441","ＳＢＩ岡三アセットマネジメント株式会社"
"G11581","","ニッセイＪＰＸ日経４００アクティブファンド（資産成長型）","ニッセイジェイピーエックスニッケイヨンヒャクアクティブファンドシサンセイチョウガタ","内国投資信託受益証券","1月25日","","E12453","ニッセイアセットマネジメント株式会社"
"G11582","","テキサス州株式ファンド","テキサスシュウカブシキファンド","内国投資信託受益証券","3月25日","9月25日","E26704","カレラアセットマネジメント株式会社"
"G11583","","ＧＳ米国成長株集中投資ファンド　年２回決算コース","ジーエスベイコクセイチョウカブシュウチュウトウシファンド　ネンニカイケッサンコース","内国投資信託受益証券","2月10日","8月10日","E12457","ゴールドマン・サックス・アセット・マネジメント株式会社"
"G11585","","オーストラリアＲＥＩＴ・リサーチ・オープン（年２回決算型）","オーストラリア　リート　リサーチ　オープン　ネンニカイケッサンガタ","内国投資信託受益証券","1月14日","7月14日","E12444","三井住友トラスト・アセットマネジメント株式会社"
"G11590","","ダイワ住宅金融支援機構債ファンド　－Ｍｒ．フラット－","ダイワジュウタクキンユウシエンキコウサイファンドミスターフラット","内国投資信託受益証券","3月10日","9月10日","E06748","大和アセットマネジメント株式会社"
"G11591","","ダイワ米国リート・プラス（毎月分配型）：為替ヘッジあり、為替ヘッジなし","ダイワベイコクリートプラスマイツキブンパイガタカワセヘッジアリカワセヘッジナシ","内国投資信託受益証券","2月26日","8月26日","E06748","大和アセットマネジメント株式会社"
"G11592","","ダイワ米国リート・プラス（年２回決算型）：為替ヘッジあり、為替ヘッジなし","ダイワベイコクリートプラスネンニカイケッサンガタカワセヘッジアリカワセヘッジナシ","内国投資信託受益証券","2月26日","8月26日","E06748","大和アセットマネジメント株式会社"
"G11597","","インベスコ　新興国社債ファンド","インベスコ　シンコウコクシャサイファンド","内国投資信託受益証券","1月18日","7月18日","E06479","インベスコ・アセット・マネジメント株式会社"
"G11599","","たわらノーロードｐｌｕｓ　新興国株式低ボラティリティ高配当戦略","タワラノーロードプラス　シンコウコクカブシキテイボラティリティコウハイトウセンリャク","内国投資信託受益証券","12月16日","","E10677","アセットマネジメントＯｎｅ株式会社"
"G11600","","たわらノーロードｐｌｕｓ　国内株式高配当最小分散戦略","タワラノーロードプラスコクナイカブシキコウハイトウサイショウブンサンセンリャク","内国投資信託受益証券","12月16日","","E10677","アセットマネジメントＯｎｅ株式会社"
"G11601","","たわらノーロード　新興国株式","タワラノーロード　シンコウコクカブシキ","内国投資信託受益証券","10月12日","","E10677","アセットマネジメントＯｎｅ株式会社"
"G11605","","ダイワ・ノーロード　ＴＯＰＩＸファンド","ダイワノーロードトピックスファンド","内国投資信託受益証券","9月19日","","E06748","大和アセットマネジメント株式会社"
"G11606","","ダイワ・ノーロード　ＪＰＸ日経４００ファンド","ダイワノーロードジェイピーエックスニッケイヨンヒャクファンド","内国投資信託受益証券","3月22日","","E06748","大和アセットマネジメント株式会社"
"G11607","","ダイワ・ノーロード　日本債券ファンド","ダイワノーロードニホンサイケンファンド","内国投資信託受益証券","11月30日","","E06748","大和アセットマネジメント株式会社"
"G11608","","ダイワ・ノーロード　外国株式ファンド","ダイワノーロードガイコクカブシキファンド","内国投資信託受益証券","11月30日","","E06748","大和アセットマネジメント株式会社"
"G11609","","ダイワ・ノーロード　外国債券ファンド","ダイワノーロードガイコクサイケンファンド","内国投資信託受益証券","11月30日","","E06748","大和アセットマネジメント株式会社"
"G11610","","ダイワ・ノーロード　グローバルＲＥＩＴファンド","ダイワノーロードグローバルリートファンド","内国投資信託受益証券","11月30日","","E06748","大和アセットマネジメント株式会社"
"G11611","","ダイワ・ノーロード　新興国株式ファンド","ダイワノーロードシンコウコクカブシキファンド","内国投資信託受益証券","7月5日","","E06748","大和アセットマネジメント株式会社"
"G11612","","ダイワ・ノーロード　新興国債券ファンド","ダイワノーロードシンコウコクサイケンファンド","内国投資信託受益証券","7月5日","","E06748","大和アセットマネジメント株式会社"
"G11614","","明治安田ＤＣ先進国コアファンド","メイジヤスダディーシーセンシンコクコアファンド","内国投資信託受益証券","2月21日","","E12448","明治安田アセットマネジメント株式会社"
"G11618","34680","スターアジア不動産投資法人","スターアジアフドウサントウシホウジン","内国投資証券","1月末日","7月末日","E32253","スターアジア不動産投資法人"
"G11619","","ロボ・ジャパン（円投資型）、ロボ・ジャパン（米ドル投資型）","ロボジャパンエントウシガタ　ロボジャパンベイドルトウシガタ","内国投資信託受益証券","3月23日","9月23日","E12460","野村アセットマネジメント株式会社"
"G11626","","ＳＢＩ中小型割安成長株ファンド　ジェイリバイブ＜ＤＣ年金＞","エスビーアイチュウコガタワリヤスセイチョウカブファンドジェイリバイブ　ディーシーネンキン","内国投資信託受益証券","4月10日","","E13447","ＳＢＩアセットマネジメント株式会社"
"G11629","","グローバル株式トップフォーカス","グローバルカブシキトップフォーカス","内国投資信託受益証券","3月15日","","E12430","アモーヴァ・アセットマネジメント株式会社"
"G11634","","ｅＭＡＸＩＳ　最適化バランス（マイゴールキーパー）／（マイディフェンダー）／（マイミッドフィルダー）／（マイフォワード）／（マイストライカー）","イーマクシスサイテキカバランスマイゴールキーパーマイディフェンダーマイミッドフィルダーマイフォワードマイストライカー","内国投資信託受益証券","1月26日","","E11518","三菱ＵＦＪアセットマネジメント株式会社"
"G11635","","インベスコ　世界インカム資産ファンド（毎月決算型）","インベスコセカイインカムシサンファンドマイツキケッサンガタ","内国投資信託受益証券","3月18日","9月18日","E06479","インベスコ・アセット・マネジメント株式会社"
"G11639","","ＤＣダイワ・マネー・ポートフォリオ","ディーシーダイワマネーポートフォリオ","内国投資信託受益証券","3月31日","","E06748","大和アセットマネジメント株式会社"
"G11641","","ダイワ・アジアリート・ファンド（年１回決算型）","ダイワアジアリートファンドネンイッカイケッサンガタ","内国投資信託受益証券","3月14日","","E06748","大和アセットマネジメント株式会社"
"G11645","","先進国資産配分コントロールファンド＜安定型＞／先進国資産配分コントロールファンド＜成長型＞","センシンコクシサンハイブンコントロールファンドアンテイガタ　センシンコクシサンハイブンコントロールファンドセイチョウガタ","内国投資信託受益証券","4月23日","","E26491","中銀アセットマネジメント株式会社"
"G11647","","米国地方債ファンド　為替ヘッジあり（毎月決算型）　米国地方債ファンド　為替ヘッジなし（毎月決算型）","ベイコクチホウサイファンド　カワセヘッジアリ　マイツキケッサンガタ　ベイコクチホウサイファンド　カワセヘッジナシ　マイツキケッサンガタ","内国投資信託受益証券","2月25日","8月25日","E12444","三井住友トラスト・アセットマネジメント株式会社"
"G11648","","米国地方債ファンド　為替ヘッジあり（年２回決算型）　米国地方債ファンド　為替ヘッジなし（年２回決算型）","ベイコクチホウサイファンド　カワセヘッジアリ　ネンニカイケッサンガタ　ベイコクチホウサイファンド　カワセヘッジナシ　ネンニカイケッサンガタ","内国投資信託受益証券","2月25日","8月25日","E12444","三井住友トラスト・アセットマネジメント株式会社"
"G11649","","新ホリコ・フォーカス・ファンド","シンホリコフォーカスファンド","内国投資信託受益証券","3月15日","","E15787","楽天投信投資顧問株式会社"
"G11651","","世界分散投資戦略ファンド","セカイブンサントウシセンリャクファンド","内国投資信託受益証券","1月21日","7月21日","E12460","野村アセットマネジメント株式会社"
"G11652","","フィリピン株式ファンド","フィリピンカブシキファンド","内国投資信託受益証券","4月25日","10月25日","E26704","カレラアセットマネジメント株式会社"
"G11653","","タカラレーベン・インフラ投資法人","タカラレーベンインフラトウシホウジン","内国投資証券","5月末日","11月末日","E32280","タカラレーベン・インフラ投資法人"
"G11659","","ｉＳＴＯＸＸ　ＭＵＴＢ　ＪＡＰＡＮ　クオリティ１５０インデックスファンド（ラップ向け）","アイストックスエムユーティービージャパンクオリティヒャクゴジュウインデックスファンドラップムケ","内国投資信託受益証券","1月26日","","E11518","三菱ＵＦＪアセットマネジメント株式会社"
"G11660","","マッコーリー　グローバル・インフラ株式ファンド（ラップ向け）","マッコーリーグローバルインフラカブシキファンドラップムケ","内国投資信託受益証券","3月15日","","E11518","三菱ＵＦＪアセットマネジメント株式会社"
"G11661","","キャピタル世界株式ファンド（ＤＣ年金つみたて専用）","キャピタルセカイカブシキファンドディーシーネンキンツミタテセンヨウ","内国投資信託受益証券","8月20日","","E14703","キャピタル・インターナショナル株式会社"
"G11665","","野村ＰＩＭＣＯ・世界インカム戦略ファンド　Ａコース、野村ＰＩＭＣＯ・世界インカム戦略ファンド　Ｂコース、野村ＰＩＭＣＯ・世界インカム戦略ファンド　Ｃコース、野村ＰＩＭＣＯ・世界インカム戦略ファンド　Ｄコース","ノムラピムコセカイインカムセンリャクファンドエーコース　ノムラピムコセカイインカムセンリャクファンドビーコース　ノムラピムコセカイインカムセンリャクファンドシーコース　ノムラピムコセカイインカムセンリャクファンドディーコース","内国投資信託受益証券","4月16日","10月16日","E12460","野村アセットマネジメント株式会社"
"G11667","","三井住友・ＤＣ世界バランスファンド（動的配分型）","ミツイスミトモディーシーセカイバランスファンドドウテキハイブンガタ","内国投資信託受益証券","4月20日","","E08957","三井住友ＤＳアセットマネジメント株式会社"
"G11675","","インベスコ　アジア成長資産ファンド（毎月決算型）","インベスコアジアセイチョウシサンファンドマイツキケッサンガタ","内国投資信託受益証券","4月18日","10月18日","E06479","インベスコ・アセット・マネジメント株式会社"
"G11678","","ピクテＹＥＮアセット・アロケーション・ファンド（毎月分配型）","ピクテエンアセットアロケーションファンドマイツキブンパイガタ","内国投資信託受益証券","5月15日","11月15日","E10439","ピクテ・ジャパン株式会社"
"G11679","","ピクテＹＥＮアセット・アロケーション・ファンド（１年決算型）","ピクテエンアセットアロケーションファンドイチネンケッサンガタ","内国投資信託受益証券","5月15日","","E10439","ピクテ・ジャパン株式会社"
"G11682","","カレラ　日本小型株式ファンド","カレラ　ニホンコガタカブシキファンド","内国投資信託受益証券","5月15日","11月15日","E26704","カレラアセットマネジメント株式会社"
"G11683","","ステート・ストリート新興国株式インデックス・オープン","ステートストリートシンコウコクカブシキインデックスオープン","内国投資信託受益証券","11月15日","","E12963","ステート・ストリート・グローバル・アドバイザーズ株式会社"
"G11684","","ステート・ストリート新興国債券インデックス・オープン","ステートストリートシンコウコクサイケンインデックスオープン","内国投資信託受益証券","4月15日","","E12963","ステート・ストリート・グローバル・アドバイザーズ株式会社"
"G11685","","ステート・ストリート先進国株式インデックス・オープン（為替ヘッジあり）","ステートストリートセンシンコクカブシキインデックスオープンカワセヘッジアリ","内国投資信託受益証券","11月末日","","E12963","ステート・ストリート・グローバル・アドバイザーズ株式会社"
"G11686","","ステート・ストリート先進国株式インデックス・オープン","ステートストリートセンシンコクカブシキインデックスオープン","内国投資信託受益証券","11月末日","","E12963","ステート・ストリート・グローバル・アドバイザーズ株式会社"
"G11687","","ステート・ストリート先進国債券インデックス・オープン（為替ヘッジあり）","ステートストリートセンシンコクサイケンインデックスオープンカワセヘッジアリ","内国投資信託受益証券","2月20日","","E12963","ステート・ストリート・グローバル・アドバイザーズ株式会社"
"G11688","","ステート・ストリート先進国債券インデックス・オープン","ステートストリートセンシンコクサイケンインデックスオープン","内国投資信託受益証券","2月20日","","E12963","ステート・ストリート・グローバル・アドバイザーズ株式会社"
"G11689","","ステート・ストリート日本株式インデックス・オープン","ステートストリートニホンカブシキインデックスオープン","内国投資信託受益証券","3月5日","","E12963","ステート・ストリート・グローバル・アドバイザーズ株式会社"
"G11690","","ステート・ストリート日本債券インデックス・オープン","ステートストリートニホンサイケンインデックスオープン","内国投資信託受益証券","3月5日","","E12963","ステート・ストリート・グローバル・アドバイザーズ株式会社"
"G11692","","ＤＣりそな　グローバルバランス","ディシーリソナ　グローバルバランス","内国投資信託受益証券","1月25日","","E32011","りそなアセットマネジメント株式会社"
"G11693","14820","ｉシェアーズ・コア　米国債７－１０年　ＥＴＦ（為替ヘッジあり）","アイシェアーズ　コア　ベイコクサイナナ　ジュウネン　イーティーエフ　カワセヘッジアリ","内国投資信託受益証券","1月11日","7月11日","E09096","ブラックロック・ジャパン株式会社"
"G11694","","イーストスプリングＵＳ投資適格債ファンド・為替ヘッジ付（年２回決算型）","イーストスプリングユーエストウシテキカクサイファンドカワセヘッジツキネンニカイケッサンガタ","内国投資信託受益証券","4月21日","10月21日","E12566","イーストスプリング・インベストメンツ株式会社"
"G11695","","成長応援日本株ファンド","セイチョウオウエンニホンカブファンド","内国投資信託受益証券","4月25日","10月25日","E12448","明治安田アセットマネジメント株式会社"
"G11697","","ＤＣダイワ・ターゲットイヤー２０５０","ディーシーダイワターゲットイヤーニセンゴジュウ","内国投資信託受益証券","12月18日","","E06748","大和アセットマネジメント株式会社"
"G11698","14790","ｉＦｒｅｅＥＴＦ　ＭＳＣＩ日本株人材設備投資指数","アイフリーイーティーエフエムエスシーアイニホンカブジンザイセツビトウシシスウ","内国投資信託受益証券","1月10日","7月10日","E06748","大和アセットマネジメント株式会社"
"G11699","","ＵＢＳ（Ｌｕｘ）マネー・マーケット・ファンド－米ドル","ユービーエスルクスマネーマーケットファンドベイドル","外国投資信託受益証券","10月末日","","E14900","ＵＢＳアセット・マネジメント（ヨーロッパ）エス・エイ"
"G11700","14810","上場インデックスファンド日本経済貢献株","ジョウジョウインデックスファンドニホンケイザイコウケンカブ","内国投資信託受益証券","1月8日","7月8日","E12430","アモーヴァ・アセットマネジメント株式会社"
"G11701","14800","ＮＥＸＴ　ＦＵＮＤＳ　野村企業価値分配指数連動型上場投信","ネクストファンズノムラキギョウカチブンパイシスウレンドウガタジョウジョウトウシン","内国投資信託受益証券","4月20日","10月20日","E12460","野村アセットマネジメント株式会社"
"G11703","","ラッセル・インベストメント外国株式ファンド","ラッセルインベストメントガイコクカブシキファンド","内国投資信託受益証券","4月18日","","E12450","ラッセル・インベストメント株式会社"
"G11704","","ＵＢＳ（Ｌｕｘ）ストラテジー・ファンド","ユービーエスルクスストラテジーファンド","外国投資信託受益証券","1月末日","","E14900","ＵＢＳアセット・マネジメント（ヨーロッパ）エス・エイ"
"G11706","","ＵＳ株主還元ファンド（年４回決算型）","ユーエスカブヌシカンゲンファンドネンヨンカイケッサンガタ","内国投資信託受益証券","4月15日","10月15日","E30703","マニュライフ・インベストメント・マネジメント株式会社"
"G11707","","ＵＳ株主還元ファンド（年１回決算型）","ユーエスカブヌシカンゲンファンドネンイッカイケッサンガタ","内国投資信託受益証券","4月15日","","E30703","マニュライフ・インベストメント・マネジメント株式会社"
"G11708","","マニュライフ・米国銀行株式ファンド","マニュライフベイコクギンコウカブシキファンド","内国投資信託受益証券","1月20日","7月20日","E30703","マニュライフ・インベストメント・マネジメント株式会社"
"G11710","","マニュライフ・新グローバル配当株ファンド（年２回決算型）","マニュライフシングローバルハイトウカブファンドネンニカイ","内国投資信託受益証券","2月10日","8月10日","E30703","マニュライフ・インベストメント・マネジメント株式会社"
"G11715","","マニュライフ・変動高金利戦略ファンド　Ａコース（為替ヘッジあり・毎月）、マニュライフ・変動高金利戦略ファンド　Ｂコース（為替ヘッジなし・毎月）、マニュライフ・変動高金利戦略ファンド　Ｃコース（為替ヘッジあり・年２回）、マニュライフ・変動高金利戦略ファンド　Ｄコース（為替ヘッジなし・年２回）","マニュライフヘンドウコウキンリセンリャクファンドエイコース　マニュライフヘンドウコウキンリセンリャクファンドビーコース　マニュライフヘンドウコウキンリセンリャクファンドシーコース　マニュライフヘンドウコウキンリセンリャクファンドディーコース","内国投資信託受益証券","3月5日","9月5日","E30703","マニュライフ・インベストメント・マネジメント株式会社"
"G11716","","マニュライフ・アジア経済圏・小型成長株ファンド","マニュライフアジアケイザイケンコガタセイチョウカブファンド","内国投資信託受益証券","6月10日","12月10日","E30703","マニュライフ・インベストメント・マネジメント株式会社"
"G11717","","マニュライフ・カナダ債券ファンド","マニュライフカナダサイケンファンド","内国投資信託受益証券","2月20日","8月20日","E30703","マニュライフ・インベストメント・マネジメント株式会社"
"G11718","","マニュライフ・新グローバル配当株ファンド（毎月分配型）","マニュライフ　シングローバルハイトウカブファンド　マイツキブンパイガタ","内国投資信託受益証券","8月10日","2月10日","E30703","マニュライフ・インベストメント・マネジメント株式会社"
"G11719","","マニュライフ・カナダ株式ファンド","マニュライフ　カナダカブシキファンド","内国投資信託受益証券","4月15日","10月15日","E30703","マニュライフ・インベストメント・マネジメント株式会社"
"G11720","","マクロ・トータル・リターン・ファンド","マクロトータルリターンファンド","内国投資信託受益証券","6月3日","12月3日","E11518","三菱ＵＦＪアセットマネジメント株式会社"
"G11721","","ＧＳフォーカス・イールド・ボンド　毎月決算コース／年２回決算コース","ジーエスフォーカスイールドボンド　マイツキケッサンコース　ネンニカイケッサンコース","内国投資信託受益証券","5月25日","11月25日","E12457","ゴールドマン・サックス・アセット・マネジメント株式会社"
"G11722","","先進国資本エマージング株式ファンド（１年決算型）","センシンコクシホンエマージングカブシキファンド　イチネンケッサンガタ","内国投資信託受益証券","6月21日","","E12430","アモーヴァ・アセットマネジメント株式会社"
"G11723","","先進国資本エマージング株式ファンド（年２回決算型）","センシンコクシホンエマージングカブシキファンド　ネンニカイケッサンガタ","内国投資信託受益証券","6月21日","12月21日","E12430","アモーヴァ・アセットマネジメント株式会社"
"G11726","","米国国債ファンド　為替ヘッジあり（毎月決算型）","ベイコクコクサイファンドカワセヘッジアリマイツキケッサンガタ","内国投資信託受益証券","3月26日","9月26日","E06748","大和アセットマネジメント株式会社"
"G11727","","リビング・アース戦略ファンド（年２回決算コース）","リビングアースセンリャクファンドネンニカイケッサンコース","内国投資信託受益証券","6月15日","12月15日","E11764","Ｔ＆Ｄアセットマネジメント株式会社"
"G11728","","リビング・アース戦略ファンド（年４回決算コース）","リビングアースセンリャクファンドネンヨンカイケッサンコース","内国投資信託受益証券","6月15日","12月15日","E11764","Ｔ＆Ｄアセットマネジメント株式会社"
"G11729","","ＳＢＩ－ＰＩＭＣＯ　ジャパン・ベターインカム・ファンド","エスビーアイピムコジャパンベターインカムファンド","内国投資信託受益証券","6月29日","","E13447","ＳＢＩアセットマネジメント株式会社"
"G11731","14830","ｉシェアーズ　ＪＰＸ／Ｓ＆Ｐ　設備・人材投資　ＥＴＦ","アイシェアーズジェイピーエックスエスアンドピーセツビジンザイトウシイーティーエフ","内国投資信託受益証券","2月9日","8月9日","E09096","ブラックロック・ジャパン株式会社"
"G11732","","インベスコ　ジャパン成長株・夢ファンド","インベスコジャパンセイチョウカブユメファンド","内国投資信託受益証券","4月27日","","E06479","インベスコ・アセット・マネジメント株式会社"
"G11734","","日本株ロングショート戦略ファンド","ニホンカブロングショートセンリャクファンド","内国投資信託受益証券","4月25日","10月25日","E27917","ファイブスター投信投資顧問株式会社"
"G11735","","いちよし中小型成長株ファンド","イチヨシチュウショウガタセイチョウカブファンド","内国投資信託受益証券","6月29日","","E30994","いちよしアセットマネジメント株式会社"
"G11738","","野村ＳＴＦ（ショートターム・ファンド）","ノムラエスティーエフショートタームファンド","内国投資信託受益証券","3月26日","","E12460","野村アセットマネジメント株式会社"
"G11739","","フィデリティ・新興国厳選株ファンドＡコース（米ドル売り円買い）　フィデリティ・新興国厳選株ファンドＢコース（為替ヘッジなし）","フィデリティシンコウコクゲンセンカブファンドエーコースベイドルウリエンガイ　フィデリティシンコウコクゲンセンカブファンドビーコースカワセヘッジナシ","内国投資信託受益証券","6月20日","","E12481","フィデリティ投信株式会社"
"G11740","14840","Ｏｎｅ　ＥＴＦ　ＪＰＸ／Ｓ＆Ｐ　設備・人材投資指数","ワンイーティーエフジェイピーエックスエスアンドピーセツビジンザイトウシシスウ","内国投資信託受益証券","1月8日","7月8日","E10677","アセットマネジメントＯｎｅ株式会社"
"G11741","","ＹＭアセット・バランスファンド（安定タイプ）／（成長タイプ）","ワイエムアセットバランスファンドアンテイタイプセイチョウタイプ","内国投資信託受益証券","6月23日","","E32437","ワイエムアセットマネジメント株式会社"
"G11742","","ＭＳＣＩジャパン高配当利回りインデックス・ファンド（毎月決算型）","エムエスシーアイコウハイトウリマワリインデックスファンド　マイツキケッサンガタ","内国投資信託受益証券","3月5日","9月5日","E12473","ＵＢＳアセット・マネジメント株式会社"
"G11744","","ＭＳＶ内外ＥＴＦ資産配分ファンド（Ａコース）","エムエスブイナイガイエーティーエフシサンハイブンファンドエーコース","内国投資信託受益証券","5月25日","11月25日","E32444","マネックス・アセットマネジメント株式会社"
"G11745","","ＭＳＶ内外ＥＴＦ資産配分ファンド（Ｂコース）","エムエスブイナイガイエーティーエフシサンハイブンファンドビーコース","内国投資信託受益証券","5月25日","11月25日","E32444","マネックス・アセットマネジメント株式会社"
"G11746","","ＭＳＶ内外ＥＴＦ資産配分ファンド（Ｃコース）","エムエスブイナイガイエーティーエフシサンハイブンファンドシーコース","内国投資信託受益証券","5月25日","11月25日","E32444","マネックス・アセットマネジメント株式会社"
"G11747","","ＭＳＶ内外ＥＴＦ資産配分ファンド（Ｄコース）","エムエスブイナイガイエーティーエフシサンハイブンファンドディーコース","内国投資信託受益証券","5月25日","11月25日","E32444","マネックス・アセットマネジメント株式会社"
"G11748","","ＭＳＶ内外ＥＴＦ資産配分ファンド（Ｅコース）","エムエスブイナイガイエーティーエフシサンハイブンファンドイーコース","内国投資信託受益証券","3月25日","9月25日","E32444","マネックス・アセットマネジメント株式会社"
"G11749","","ＭＳＶ内外ＥＴＦ資産配分ファンド（Ｆコース）","エムエスブイナイガイエーティーエフシサンハイブンファンドエフコース","内国投資信託受益証券","3月25日","9月25日","E32444","マネックス・アセットマネジメント株式会社"
"G11750","","ＭＳＶ内外ＥＴＦ資産配分ファンド（Ｇコース）","エムエスブイナイガイエーティーエフシサンハイブンファンドジーコース","内国投資信託受益証券","3月25日","9月25日","E32444","マネックス・アセットマネジメント株式会社"
"G11751","","ＭＳＶ内外ＥＴＦ資産配分ファンド（Ｈコース）","エムエスブイナイガイエーティーエフシサンハイブンファンドエイチコース","内国投資信託受益証券","3月25日","9月25日","E32444","マネックス・アセットマネジメント株式会社"
"G11752","","野村継続増配日本株","ノムラケイゾクゾウハイニホンカブ","内国投資信託受益証券","1月12日","7月12日","E12460","野村アセットマネジメント株式会社"
"G11754","","日本金融ハイブリッド証券オープン（年１回決算型）　円ヘッジありコース　日本金融ハイブリッド証券オープン（年１回決算型）　円ヘッジなしコース","ニホンキンユウハイブリッドショウケンオープンネンイッカイケッサンガタ　エンヘッジアリコース　ニホンキンユウハイブリッドショウケンオープンネンイッカイケッサンガタ　エンヘッジナシコース","内国投資信託受益証券","6月14日","","E12434","ＳＯＭＰＯアセットマネジメント株式会社"
"G11755","34700","マリモ地方創生リート投資法人","マリモチホウソウセイリートトウシホウジン","内国投資証券","6月末日","12月末日","E32350","マリモ地方創生リート投資法人"
"G11757","","世界コアインフラ株式ファンド","セカイコアインフラカブシキファンド","内国投資信託受益証券","6月15日","12月15日","E10677","アセットマネジメントＯｎｅ株式会社"
"G11758","","シュローダー・アジアパシフィックＥＳＧフォーカス・ファンド（資産成長型）","シュローダー　アジアパシフィックイーエスジーフォーカス　ファンド　シサンセイチョウガタ","内国投資信託受益証券","6月20日","","E12586","シュローダー・インベストメント・マネジメント株式会社"
"G11759","","Ｏｎｅニッポン債券オープン","ワンニッポンサイケンオープン","内国投資信託受益証券","6月17日","12月17日","E10677","アセットマネジメントＯｎｅ株式会社"
"G11760","34710","三井不動産ロジスティクスパーク投資法人","ミツイフドウサンロジスティクスパークトウシホウジン","内国投資証券","1月末日","7月末日","E32450","三井不動産ロジスティクスパーク投資法人"
"G11761","","ｉＴｒｕｓｔ日本株式","アイトラストニホンカブシキ","内国投資信託受益証券","7月20日","","E10439","ピクテ・ジャパン株式会社"
"G11764","","たわらノーロード　先進国債券＜ラップ向け＞","タワラノーロード　センシンコクサイケンラップムケ","内国投資信託受益証券","4月21日","","E10677","アセットマネジメントＯｎｅ株式会社"
"G11765","","たわらノーロード　国内リート＜ラップ向け＞","タワラノーロード　コクナイリートラップムケ","内国投資信託受益証券","4月21日","","E10677","アセットマネジメントＯｎｅ株式会社"
"G11766","","たわらノーロード　先進国リート＜ラップ向け＞","タワラノーロード　センシンコクリートラップムケ","内国投資信託受益証券","4月21日","","E10677","アセットマネジメントＯｎｅ株式会社"
"G11767","","あおぞら・先進国中短期公社債ファンド（為替ヘッジあり）","アオゾラセンシンコクチュウタンキコウシャサイファンドカワセヘッジアリ","内国投資信託受益証券","1月10日","7月10日","E30689","あおぞら投信株式会社"
"G11768","","あおぞら・先進国バランス・ファンド（為替ヘッジあり）","アオゾラセンシンコクバランスファンドカワセヘッジアリ","内国投資信託受益証券","1月10日","7月10日","E30689","あおぞら投信株式会社"
"G11769","","あおぞら・グローバル・バランス・ファンド（部分為替ヘッジあり）","アオゾラグローバルバランスファンドブブンカワセヘッジアリ","内国投資信託受益証券","1月10日","7月10日","E30689","あおぞら投信株式会社"
"G11771","","たわらノーロード　新興国株式＜ラップ向け＞","タワラノーロード　シンコウコクカブシキラップムケ","内国投資信託受益証券","4月21日","","E10677","アセットマネジメントＯｎｅ株式会社"
"G11772","","たわらノーロード　先進国株式＜ラップ向け＞","タワラノーロード　センシンコクカブシキラップムケ","内国投資信託受益証券","4月21日","","E10677","アセットマネジメントＯｎｅ株式会社"
"G11776","14850","ＭＡＸＩＳ　ＪＡＰＡＮ　設備・人材積極投資企業２００上場投信","マクシスジャパンセツビジンザイセッキョクトウシキギョウニヒャクジョウジョウトウシン","内国投資信託受益証券","1月16日","7月16日","E11518","三菱ＵＦＪアセットマネジメント株式会社"
"G11783","","インベスコ　米国ハイ・イールド債券ファンド（毎月決算型）","インベスコベイコクハイイールドサイケンファンドマイツキケッサンガタ","内国投資信託受益証券","6月22日","12月22日","E06479","インベスコ・アセット・マネジメント株式会社"
"G11785","","ｅＭＡＸＩＳ　豪州債券インデックス","イーマクシスゴウシュウサイケンインデックス","内国投資信託受益証券","1月26日","","E11518","三菱ＵＦＪアセットマネジメント株式会社"
"G11786","","ｅＭＡＸＩＳ　先進国債券インデックス（除く日本・為替ヘッジあり）","イーマクシスセンシンコクサイケンインデックスノゾクニホンカワセヘッジアリ","内国投資信託受益証券","1月26日","","E11518","三菱ＵＦＪアセットマネジメント株式会社"
"G11787","","ｅＭＡＸＩＳ　新興国債券インデックス（為替ヘッジあり）","イーマクシスシンコウコクサイケンインデックスカワセヘッジアリ","内国投資信託受益証券","1月26日","","E11518","三菱ＵＦＪアセットマネジメント株式会社"
"G11789","","ダイワＦＥグローバル・バリュー（為替ヘッジあり／為替ヘッジなし）","ダイワエフイーグローバルバリューカワセヘッジアリカワセヘッジナシ","内国投資信託受益証券","5月19日","11月19日","E06748","大和アセットマネジメント株式会社"
"G11790","","ダイワ米国投資法人債ファンド（為替ヘッジあり）２０１６‐０７","ダイワベイコクトウシホウジンサイファンドカワセヘッジアリニセンジュウロクゼロナナ","内国投資信託受益証券","3月5日","9月5日","E06748","大和アセットマネジメント株式会社"
"G11796","","公社債投信（１月号）","コウシャサイトウシンイチガツゴウ","内国投資信託受益証券","1月19日","","E10677","アセットマネジメントＯｎｅ株式会社"
"G11797","","公社債投信（２月号）","コウシャサイトウシンニガツゴウ","内国投資信託受益証券","2月19日","","E10677","アセットマネジメントＯｎｅ株式会社"
"G11798","","公社債投信（３月号）","コウシャサイトウシンサンガツゴウ","内国投資信託受益証券","3月19日","","E10677","アセットマネジメントＯｎｅ株式会社"
"G11799","","公社債投信（４月号）","コウシャサイトウシンシガツゴウ","内国投資信託受益証券","4月19日","","E10677","アセットマネジメントＯｎｅ株式会社"
"G11800","","公社債投信（５月号）","コウシャサイトウシンゴガツゴウ","内国投資信託受益証券","5月19日","","E10677","アセットマネジメントＯｎｅ株式会社"
"G11801","","公社債投信（６月号）","コウシャサイトウシンロクガツゴウ","内国投資信託受益証券","6月19日","","E10677","アセットマネジメントＯｎｅ株式会社"
"G11802","","公社債投信（７月号）","コウシャサイトウシンシチガツゴウ","内国投資信託受益証券","7月19日","","E10677","アセットマネジメントＯｎｅ株式会社"
"G11803","","公社債投信（８月号）","コウシャサイトウシンハチガツゴウ","内国投資信託受益証券","8月19日","","E10677","アセットマネジメントＯｎｅ株式会社"
"G11804","","公社債投信（９月号）","コウシャサイトウシンクガツゴウ","内国投資信託受益証券","9月19日","","E10677","アセットマネジメントＯｎｅ株式会社"
"G11805","","公社債投信（１０月号）","コウシャサイトウシンジュウガツゴウ","内国投資信託受益証券","10月19日","","E10677","アセットマネジメントＯｎｅ株式会社"
"G11806","","公社債投信（１１月号）","コウシャサイトウシンジュウイチガツゴウ","内国投資信託受益証券","11月19日","","E10677","アセットマネジメントＯｎｅ株式会社"
"G11807","","公社債投信（１２月号）","コウシャサイトウシンジュウニガツゴウ","内国投資信託受益証券","12月19日","","E10677","アセットマネジメントＯｎｅ株式会社"
"G11808","","ＭＨＡＭ株式オープン","エムエイチエーエムカブシキオープン","内国投資信託受益証券","9月16日","","E10677","アセットマネジメントＯｎｅ株式会社"
"G11809","","ＭＨＡＭ株式インデックスファンド２２５","エムエイチエーエムカブシキインデックスファンドニイニイゴ","内国投資信託受益証券","10月24日","","E10677","アセットマネジメントＯｎｅ株式会社"
"G11810","","インデックスミリオン　ボンドミックスミリオン","インデックスミリオン　ボンドミックスミリオン","内国投資信託受益証券","10月29日","","E10677","アセットマネジメントＯｎｅ株式会社"
"G11811","","ＭＨＡＭスリーウェイオープン","エムエイチエーエムスリーウェイオープン","内国投資信託受益証券","3月10日","9月10日","E10677","アセットマネジメントＯｎｅ株式会社"
"G11812","","Ｏｎｅグローバル・アクティブ・オープン","ワングローバルアクティブオープン","内国投資信託受益証券","3月6日","9月6日","E10677","アセットマネジメントＯｎｅ株式会社"
"G11813","","Ｏｎｅ　ＵＳインカムオープンＡコース（為替ヘッジあり）／Ｏｎｅ　ＵＳインカムオープンＢコース（為替ヘッジなし）","ワンユーエスインカムオープンエーコースカワセヘッジアリ　ワンユーエスインカムオープンビーコースカワセヘッジナシ","内国投資信託受益証券","1月30日","7月30日","E10677","アセットマネジメントＯｎｅ株式会社"
"G11814","","ＭＨＡＭのＭＲＦ（マネー・リザーブ・ファンド）","エムエイチエーエムノエムアールエフマネーリザーブファンド","内国投資信託受益証券","5月31日","11月30日","E10677","アセットマネジメントＯｎｅ株式会社"
"G11815","","ＭＨＡＭ　ＴＯＰＩＸオープン","エムエイチエーエムトピックスオープン","内国投資信託受益証券","3月10日","","E10677","アセットマネジメントＯｎｅ株式会社"
"G11816","","ＭＨＡＭジャパンオープン","エムエイチエーエムジャパンオープン","内国投資信託受益証券","4月26日","","E10677","アセットマネジメントＯｎｅ株式会社"
"G11817","","Ｏｎｅ日本成長株オープン","ワンニホンセイチョウカブオープン","内国投資信託受益証券","3月3日","9月3日","E10677","アセットマネジメントＯｎｅ株式会社"
"G11818","","Ｏｎｅキャピタル・グロース・オープン","ワンキャピタルグロースオープン","内国投資信託受益証券","4月27日","10月27日","E10677","アセットマネジメントＯｎｅ株式会社"
"G11819","","Ｏｎｅ新興成長株オープン","ワンシンコウセイチョウカブオープン","内国投資信託受益証券","2月24日","","E10677","アセットマネジメントＯｎｅ株式会社"
"G11820","","ＭＨＡＭ日本株式","エムエイチエーエムニホンカブシキ","内国投資信託受益証券","3月9日","","E10677","アセットマネジメントＯｎｅ株式会社"
"G11822","","マネックス・日本成長株ファンド","マネックスニホンセイチョウカブファンド","内国投資信託受益証券","7月25日","","E10677","アセットマネジメントＯｎｅ株式会社"
"G11823","","ＭＨＡＭライフナビゲーション２０５０　ＭＨＡＭライフナビゲーション２０４０　ＭＨＡＭライフナビゲーション２０３０　ＭＨＡＭライフナビゲーションインカム","エムエイチエーエムライフナビゲーションニイゼロゴゼロ　エムエイチエーエムライフナビゲーションニイゼロヨンゼロ　エムエイチエーエムライフナビゲーションニイゼロサンゼロ　エムエイチエーエムライフナビゲーションインカム","内国投資信託受益証券","6月30日","","E10677","アセットマネジメントＯｎｅ株式会社"
"G11824","","ＭＨＡＭトピックスファンド","エムエイチエーエムトピックスファンド","内国投資信託受益証券","6月10日","","E10677","アセットマネジメントＯｎｅ株式会社"
"G11825","","ＭＨＡＭ日本株式〈ＤＣ年金〉","エムエイチエーエムニホンカブシキディーシーネンキン","内国投資信託受益証券","3月9日","","E10677","アセットマネジメントＯｎｅ株式会社"
"G11826","","ＭＨＡＭ日本バリュー株オープン〈ＤＣ年金〉","エムエイチエーエムニホンバリューカブオープンディーシーネンキン","内国投資信託受益証券","6月29日","","E10677","アセットマネジメントＯｎｅ株式会社"
"G11827","","ＭＨＡＭ日本成長株ファンド＜ＤＣ年金＞","エムエイチエーエムニホンセイチョウカブファンドディーシーネンキン","内国投資信託受益証券","9月3日","","E10677","アセットマネジメントＯｎｅ株式会社"
"G11828","","Ｏｎｅ　ＵＳインカムオープン毎月決算コース（為替ヘッジなし）","ワンユウエスインカムオープンマイツキケッサンコースカワセヘッジナシ","内国投資信託受益証券","5月10日","11月10日","E10677","アセットマネジメントＯｎｅ株式会社"
"G11829","","Ｏｎｅ豪ドル債券ファンド（毎月決算型）","ワンゴウドルサイケンファンドマイツキケッサンガタ","内国投資信託受益証券","1月20日","7月20日","E10677","アセットマネジメントＯｎｅ株式会社"
"G11830","","Ｏｎｅ　Ｊ－ＲＥＩＴインデックスファンド（毎月決算型）","ワンジェイリートインデックスファンドマイツキケッサンガタ","内国投資信託受益証券","4月15日","10月15日","E10677","アセットマネジメントＯｎｅ株式会社"
"G11831","","みずほ豪ドル債券ファンド","ミズホゴウドルサイケンファンド","内国投資信託受益証券","4月20日","10月20日","E10677","アセットマネジメントＯｎｅ株式会社"
"G11832","","ルーミス米国投資適格債券ファンド［毎月決算型］","ルーミスベイコクトウシテキカクサイケンファンドマイツキケッサンガタ","内国投資信託受益証券","4月20日","10月20日","E10677","アセットマネジメントＯｎｅ株式会社"
"G11833","","みずほ　Ｊ－ＲＥＩＴ　ファンド","ミズホジェイリートファンド","内国投資信託受益証券","6月10日","12月10日","E10677","アセットマネジメントＯｎｅ株式会社"
"G11834","","ＭＨＡＭ物価連動国債ファンド","エムエイチエーエムブッカレンドウコクサイファンド","内国投資信託受益証券","3月25日","9月25日","E10677","アセットマネジメントＯｎｅ株式会社"
"G11835","","Ｏｎｅ　Ｊ－ＲＥＩＴアクティブオープン毎月決算コース","ワンジェイリートアクティブオープンマイツキケッサンコース","内国投資信託受益証券","5月5日","11月5日","E10677","アセットマネジメントＯｎｅ株式会社"
"G11836","","ＭＨＡＭ　Ｊ－ＲＥＩＴインデックスファンド〈ＤＣ年金〉","エムエイチエーエムジェイリートインデックスファンドディーシーネンキン","内国投資信託受益証券","10月15日","","E10677","アセットマネジメントＯｎｅ株式会社"
"G11837","","みずほＵＳハイイールドオープンＡコース（為替ヘッジあり）／みずほＵＳハイイールドオープンＢコース（為替ヘッジなし）","ミズホユーエスハイイールドオープンエーコースカワセヘッジアリ　ミズホユーエスハイイールドオープンビーコースカワセヘッジナシ","内国投資信託受益証券","6月7日","12月7日","E10677","アセットマネジメントＯｎｅ株式会社"
"G11838","","Ｏｎｅ　Ｊ－ＲＥＩＴアクティブファンド＜ＤＣ年金＞","ワンジェイリートアクティブファンドディーシーネンキン","内国投資信託受益証券","11月5日","","E10677","アセットマネジメントＯｎｅ株式会社"
"G11839","","みずほＵＳハイイールドファンド＜ＤＣ年金＞","ミズホユーエスハイイールドファンドディーシーネンキン","内国投資信託受益証券","12月7日","","E10677","アセットマネジメントＯｎｅ株式会社"
"G11843","","みずほ好配当世界株オープン","ミズホコウハイトウセカイカブオープン","内国投資信託受益証券","6月8日","12月8日","E10677","アセットマネジメントＯｎｅ株式会社"
"G11845","","みずほエマージング株式オープン","ミズホエマージングカブシキオープン","内国投資信託受益証券","4月15日","","E10677","アセットマネジメントＯｎｅ株式会社"
"G11846","","Ｏｎｅトリニティオープン（毎月決算型）","ワントリニティオープンマイツキケッサンガタ","内国投資信託受益証券","3月9日","9月9日","E10677","アセットマネジメントＯｎｅ株式会社"
"G11847","","きらやかグローバル好配当株式オープン","キラヤカグローバルコウハイトウカブシキオープン","内国投資信託受益証券","6月8日","12月8日","E10677","アセットマネジメントＯｎｅ株式会社"
"G11848","","日本株好配当ファンド（年２回決算型）","ニホンカブコウハイトウファンドネンニカイケッサンガタ","内国投資信託受益証券","1月20日","7月20日","E31678","ちばぎんアセットマネジメント株式会社"
"G11849","","北都好配当グローバル株式オープン","ホクトコウハイトウグローバルカブシキオープン","内国投資信託受益証券","6月8日","12月8日","E10677","アセットマネジメントＯｎｅ株式会社"
"G11850","","日本株好配当ファンド（年１回決算型）","ニホンカブコウハイトウファンドネンイッカイケッサンガタ","内国投資信託受益証券","7月20日","","E31678","ちばぎんアセットマネジメント株式会社"
"G11852","","Ｏｎｅ　６資産バランスファンド","ワンロクシサンバランスファンド","内国投資信託受益証券","5月12日","11月12日","E10677","アセットマネジメントＯｎｅ株式会社"
"G11853","","世界８資産ファンド　安定コース、世界８資産ファンド　分配コース、世界８資産ファンド　成長コース","セカイハチシサンファンドアンテイコース　セカイハチシサンファンドブンパイコース　セカイハチシサンファンドセイチョウコース","内国投資信託受益証券","5月8日","11月8日","E10677","アセットマネジメントＯｎｅ株式会社"
"G11856","","ＭＨＡＭ日本好配当株オープン","エムエイチエーエムニホンコウハイトウカブオープン","内国投資信託受益証券","1月23日","7月23日","E10677","アセットマネジメントＯｎｅ株式会社"
"G11857","","日本３資産ファンド　安定コース、日本３資産ファンド　成長コース","ニホンサンシサンファンドアンテイコース　ニホンサンシサンファンドセイチョウコース","内国投資信託受益証券","6月10日","12月10日","E10677","アセットマネジメントＯｎｅ株式会社"
"G11858","","ルーミス・グローバル債券ファンド（毎月決算型）","ルーミスグローバルサイケンファンドマイツキケッサンガタ","内国投資信託受益証券","1月10日","7月10日","E10677","アセットマネジメントＯｎｅ株式会社"
"G11861","","アジア３資産ファンド　分配コース、アジア３資産ファンド　資産形成コース","アジアサンシサンファンドブンパイコース　アジアサンシサンファンドシサンケイセイコース","内国投資信託受益証券","1月15日","7月15日","E10677","アセットマネジメントＯｎｅ株式会社"
"G11865","","たわらノーロード　国内株式＜ラップ専用＞","タワラノーロード　コクナイカブシキラップセンヨウ","内国投資信託受益証券","5月8日","","E10677","アセットマネジメントＯｎｅ株式会社"
"G11866","","ＭＨＡＭ新興国株式ファンド（ファンドラップ）","エムエイチエーエムシンコウコクカブシキファンドファンドラップ","内国投資信託受益証券","5月8日","","E10677","アセットマネジメントＯｎｅ株式会社"
"G11867","","ＭＨＡＭ世界リートファンド（ファンドラップ）","エムエイチエーエムセカイリートファンドファンドラップ","内国投資信託受益証券","5月8日","","E10677","アセットマネジメントＯｎｅ株式会社"
"G11868","","たわらノーロード　国内債券＜ラップ専用＞","タワラノーロード　コクナイサイケンラップセンヨウ","内国投資信託受益証券","5月8日","","E10677","アセットマネジメントＯｎｅ株式会社"
"G11869","","たわらノーロード　先進国株式（為替ヘッジなし）＜ラップ専用＞","タワラノーロード　センシンコクカブシキカワセヘッジナシラップセンヨウ","内国投資信託受益証券","5月8日","","E10677","アセットマネジメントＯｎｅ株式会社"
"G11870","","たわらノーロード　外国債券（為替ヘッジなし）＜ラップ専用＞","タワラノーロード　ガイコクサイケンカワセヘッジナシラップセンヨウ","内国投資信託受益証券","5月8日","","E10677","アセットマネジメントＯｎｅ株式会社"
"G11871","","ＭＨＡＭ新興国現地通貨建債券ファンド（ファンドラップ）","エムエイチエーエムシンコウコクゲンチツウカダテサイケンファンドファンドラップ","内国投資信託受益証券","5月8日","","E10677","アセットマネジメントＯｎｅ株式会社"
"G11872","","ＭＨＡＭコモディティ・インデックスファンド（ファンドラップ）","エムエイチエーエムコモディティインデックスファンドファンドラップ","内国投資信託受益証券","5月8日","","E10677","アセットマネジメントＯｎｅ株式会社"
"G11874","","ファンド・コロワイド〈ＤＣ年金〉","ファンドコロワイドディーシーネンキン","内国投資信託受益証券","9月18日","","E10677","アセットマネジメントＯｎｅ株式会社"
"G11875","","ＭＨＡＭ　ＵＳハイイールドファンド（毎月決算型）","エムエイチエーエムユーエスハイイールドファンドマイツキケッサンガタ","内国投資信託受益証券","6月7日","12月7日","E10677","アセットマネジメントＯｎｅ株式会社"
"G11877","","米国ハイイールド債券ファンド　円コース、米国ハイイールド債券ファンド　米ドルコース、米国ハイイールド債券ファンド　豪ドルコース、米国ハイイールド債券ファンド　南アフリカランドコース、米国ハイイールド債券ファンド　ブラジルレアルコース","ベイコクハイイールドサイケンファンドエンコース　ベイコクハイイールドサイケンファンドベイドルコース　ベイコクハイイールドサイケンファンドゴウドルコース　ベイコクハイイールドサイケンファンドミナミアフリカランドコース　ベイコクハイイールドサイケンファンドブラジルレアルコース","内国投資信託受益証券","4月12日","10月12日","E10677","アセットマネジメントＯｎｅ株式会社"
"G11879","","世界８資産ファンド＜ＤＣ年金＞","セカイハチシサンファンドディーシーネンキン","内国投資信託受益証券","5月8日","","E10677","アセットマネジメントＯｎｅ株式会社"
"G11880","","みずほ日本債券アドバンス（豪ドル債券型）","ミズホニホンサイケンアドバンスゴウドルサイケンガタ","内国投資信託受益証券","3月26日","9月26日","E10677","アセットマネジメントＯｎｅ株式会社"
"G11883","","Ｏｎｅ外国株式インデックスファンド","ワンガイコクカブシキインデックスファンド","内国投資信託受益証券","5月8日","","E10677","アセットマネジメントＯｎｅ株式会社"
"G11885","","通貨選択型Ｊリート・ファンド（毎月分配型）　円コース、通貨選択型Ｊリート・ファンド（毎月分配型）　米ドルコース、通貨選択型Ｊリート・ファンド（毎月分配型）　豪ドルコース、通貨選択型Ｊリート・ファンド（毎月分配型）　ブラジルレアルコース","ツウカセンタクガタジェイリートファンドマイツキブンパイガタエンコース　ツウカセンタクガタジェイリートファンドマイツキブンパイガタベイドルコース　ツウカセンタクガタジェイリートファンドマイツキブンパイガタゴウドルコース　ツウカセンタクガタジェイリートファンドマイツキブンパイガタブラジルレアルコース","内国投資信託受益証券","6月18日","12月18日","E10677","アセットマネジメントＯｎｅ株式会社"
"G11891","","ＡＲ国内バリュー株式ファンド","エーアールコクナイバリューカブシキファンド","内国投資信託受益証券","7月22日","","E10677","アセットマネジメントＯｎｅ株式会社"
"G11899","","ＡＭＯ　Ｊリートアクティブファンド（毎月決算型）","エーエムオージェイリートアクティブファンドマイツキケッサンガタ","内国投資信託受益証券","5月5日","11月5日","E10677","アセットマネジメントＯｎｅ株式会社"
"G11900","","Ｏｎｅ　Ｊ－ＲＥＩＴアクティブオープン年１回決算コース","ワンジェイリートアクティブオープンネンイッカイケッサンコース","内国投資信託受益証券","11月5日","","E10677","アセットマネジメントＯｎｅ株式会社"
"G11901","","Ｏｎｅ豪ドル債券ファンド（年１回決算型）","ワンゴウドルサイケンファンドネンイッカイケッサンガタ","内国投資信託受益証券","7月20日","","E10677","アセットマネジメントＯｎｅ株式会社"
"G11902","","みずほ　Ｊ－ＲＥＩＴ　ファンド（年１回決算型）","ミズホジェイリートファンドネンイッカイケッサンガタ","内国投資信託受益証券","6月10日","","E10677","アセットマネジメントＯｎｅ株式会社"
"G11903","","みずほＵＳハイイールドオープン（年１回決算型）為替ヘッジあり、みずほＵＳハイイールドオープン（年１回決算型）為替ヘッジなし","ミズホユーエスハイイールドオープンネンイッカイケッサンガタカワセヘッジアリ　ミズホユーエスハイイールドオープンネンイッカイケッサンガタカワセヘッジナシ","内国投資信託受益証券","6月7日","","E10677","アセットマネジメントＯｎｅ株式会社"
"G11904","","Ｏｎｅ米国好配当株式ファンド（毎月決算型）為替ヘッジあり、Ｏｎｅ米国好配当株式ファンド（毎月決算型）為替ヘッジなし","ワンベイコクコウハイトウカブシキファンドマイツキケッサンガタカワセヘッジアリ　ワンベイコクコウハイトウカブシキファンドマイツキケッサンガタカワセヘッジナシ","内国投資信託受益証券","3月22日","9月22日","E10677","アセットマネジメントＯｎｅ株式会社"
"G11905","","Ｏｎｅ米国好配当株式ファンド（年１回決算型）為替ヘッジあり、Ｏｎｅ米国好配当株式ファンド（年１回決算型）為替ヘッジなし","ワンベイコクコウハイトウカブシキファンドネンイッカイケッサンガタカワセヘッジアリ　ワンベイコクコウハイトウカブシキファンドネンイッカイケッサンガタカワセヘッジナシ","内国投資信託受益証券","9月22日","","E10677","アセットマネジメントＯｎｅ株式会社"
"G11906","","米国厳選成長株集中投資ファンド　Ａコース（為替ヘッジあり）、米国厳選成長株集中投資ファンド　Ｂコース（為替ヘッジなし）","ベイコクゲンセンセイチョウカブシュウチュウトウシファンドエーコースカワセヘッジアリ　ベイコクゲンセンセイチョウカブシュウチュウトウシファンドビーコースカワセヘッジナシ","内国投資信託受益証券","3月17日","9月17日","E10677","アセットマネジメントＯｎｅ株式会社"
"G11907","","みずほ日本債券アドバンス（豪ドル債券型）年１回決算コース","ミズホニホンサイケンアドバンスゴウドルサイケンガタネンイッカイケッサンコース","内国投資信託受益証券","9月26日","","E10677","アセットマネジメントＯｎｅ株式会社"
"G11908","","Ｏｎｅ　Ｊ－ＲＥＩＴインデックスファンド（年１回決算型）","ワンジェイリートインデックスファンドネンイッカイケッサンガタ","内国投資信託受益証券","10月15日","","E10677","アセットマネジメントＯｎｅ株式会社"
"G11909","","みずほ豪ドル債券ファンド（年１回決算型）","ミズホゴウドルサイケンファンドネンイッカイケッサンガタ","内国投資信託受益証券","10月20日","","E10677","アセットマネジメントＯｎｅ株式会社"
"G11910","","インカムビルダー（毎月決算型）限定為替ヘッジ、インカムビルダー（毎月決算型）為替ヘッジなし","インカムビルダーマイツキケッサンガタゲンテイカワセヘッジ　インカムビルダーマイツキケッサンガタカワセヘッジナシ","内国投資信託受益証券","4月23日","10月23日","E10677","アセットマネジメントＯｎｅ株式会社"
"G11911","","インカムビルダー（年１回決算型）限定為替ヘッジ、インカムビルダー（年１回決算型）為替ヘッジなし","インカムビルダーネンイッカイケッサンガタゲンテイカワセヘッジ　インカムビルダーネンイッカイケッサンガタカワセヘッジナシ","内国投資信託受益証券","4月23日","","E10677","アセットマネジメントＯｎｅ株式会社"
"G11912","","欧州不動産戦略ファンド（３ヵ月決算型）","オウシュウフドウサンセンリャクファンドサンカゲツケッサンガタ","内国投資信託受益証券","5月22日","11月22日","E10677","アセットマネジメントＯｎｅ株式会社"
"G11913","","欧州不動産戦略ファンド（年１回決算型）","オウシュウフドウサンセンリャクファンドネンイッカイケッサンガタ","内国投資信託受益証券","5月22日","","E10677","アセットマネジメントＯｎｅ株式会社"
"G11914","","インカムビルダー（毎月決算型）世界通貨分散コース","インカムビルダーマイツキケッサンガタセカイツウカブンサンコース","内国投資信託受益証券","4月23日","10月23日","E10677","アセットマネジメントＯｎｅ株式会社"
"G11915","","インカムビルダー（年１回決算型）世界通貨分散コース","インカムビルダーネンイッカイケッサンガタセカイツウカブンサンコース","内国投資信託受益証券","4月23日","","E10677","アセットマネジメントＯｎｅ株式会社"
"G11916","","先進国投資適格債券ファンド（為替ヘッジあり）","センシンコクトウシテキカクサイケンファンドカワセヘッジアリ","内国投資信託受益証券","2月22日","8月22日","E10677","アセットマネジメントＯｎｅ株式会社"
"G11917","","コア資産形成ファンド","コアシサンケイセイファンド","内国投資信託受益証券","5月8日","","E10677","アセットマネジメントＯｎｅ株式会社"
"G11918","","Ｏｎｅ　６資産バランスファンド（年１回決算型）","ワンロクシサンバランスファンドネンイッカイケッサンガタ","内国投資信託受益証券","5月12日","","E10677","アセットマネジメントＯｎｅ株式会社"
"G11919","","日本３資産ファンド（年１回決算型）","ニホンサンシサンファンドネンイッカイケッサンガタ","内国投資信託受益証券","12月10日","","E10677","アセットマネジメントＯｎｅ株式会社"
"G11921","","みずほ日経平均ファンド＜ＤＣ年金＞","ミズホニッケイヘイキンファンドディーシーネンキン","内国投資信託受益証券","10月24日","","E10677","アセットマネジメントＯｎｅ株式会社"
"G11922","","米国小型バリュー株ファンド　Ａコース（為替ヘッジあり）、米国小型バリュー株ファンド　Ｂコース（為替ヘッジなし）","ベイコクコガタバリューカブファンドエーコースカワセヘッジアリ　ベイコクコガタバリューカブファンドビーコースカワセヘッジナシ","内国投資信託受益証券","6月18日","12月18日","E10677","アセットマネジメントＯｎｅ株式会社"
"G11923","","資本収益力日本株ファンド（年１回決算型）","シホンシュウエキリョクニホンカブファンドネンイッカイケッサンガタ","内国投資信託受益証券","9月26日","","E10677","アセットマネジメントＯｎｅ株式会社"
"G11924","","たわらノーロード　先進国株式（為替ヘッジあり）＜ラップ専用＞","タワラノーロード　センシンコクカブシキカワセヘッジアリラップセンヨウ","内国投資信託受益証券","5月8日","","E10677","アセットマネジメントＯｎｅ株式会社"
"G11925","","たわらノーロード　外国債券（為替ヘッジあり）＜ラップ専用＞","タワラノーロード　ガイコクサイケンカワセヘッジアリラップセンヨウ","内国投資信託受益証券","5月8日","","E10677","アセットマネジメントＯｎｅ株式会社"
"G11926","","たわらノーロード　国内リート＜ラップ専用＞","タワラノーロード　コクナイリートラップセンヨウ","内国投資信託受益証券","5月8日","","E10677","アセットマネジメントＯｎｅ株式会社"
"G11927","","動的パッケージファンド＜ＤＣ年金＞","ドウテキパッケージファンドディーシーネンキン","内国投資信託受益証券","5月8日","","E10677","アセットマネジメントＯｎｅ株式会社"
"G11928","","グローバル・セキュリティ株式ファンド（３ヵ月決算型）","グローバルセキュリティカブシキファンドサンカゲツケッサンガタ","内国投資信託受益証券","6月17日","12月17日","E10677","アセットマネジメントＯｎｅ株式会社"
"G11929","","グローバル・セキュリティ株式ファンド（年１回決算型）","グローバルセキュリティカブシキファンドネンイッカイケッサンガタ","内国投資信託受益証券","12月17日","","E10677","アセットマネジメントＯｎｅ株式会社"
"G11930","","資本収益力日本株ファンド（３ヵ月決算型）","シホンシュウエキリョクニホンカブファンドサンカゲツケッサンガタ","内国投資信託受益証券","3月26日","9月26日","E10677","アセットマネジメントＯｎｅ株式会社"
"G11931","","Ｊ－ＲＥＩＴセレクション（毎月決算型）","ジェイリートセレクションマイツキケッサンガタ","内国投資信託受益証券","6月10日","12月10日","E10677","アセットマネジメントＯｎｅ株式会社"
"G11932","","Ｊ－ＲＥＩＴセレクション（年１回決算型）","ジェイリートセレクションネンイッカイケッサンガタ","内国投資信託受益証券","6月10日","","E10677","アセットマネジメントＯｎｅ株式会社"
"G11934","","ファンド“メガ・テック”","ファンドメガテック","内国投資信託受益証券","6月5日","12月5日","E10677","アセットマネジメントＯｎｅ株式会社"
"G11935","","日本株オープン　新潮流","ニホンカブオープンシンチョウリュウ","内国投資信託受益証券","12月10日","","E10677","アセットマネジメントＯｎｅ株式会社"
"G11936","","ブランドエクイティ","ブランドエクイティ","内国投資信託受益証券","4月20日","","E10677","アセットマネジメントＯｎｅ株式会社"
"G11938","","ディープバリュー株オープン","ディープバリューカブオープン","内国投資信託受益証券","2月20日","","E10677","アセットマネジメントＯｎｅ株式会社"
"G11940","","インデックスポートフォリオ","インデックスポートフォリオ","内国投資信託受益証券","11月7日","","E10677","アセットマネジメントＯｎｅ株式会社"
"G11941","","ボンドミックスポートフォリオ","ボンドミックスポートフォリオ","内国投資信託受益証券","11月7日","","E10677","アセットマネジメントＯｎｅ株式会社"
"G11942","","ハイパーバランスオープン","ハイパーバランスオープン","内国投資信託受益証券","3月5日","9月5日","E10677","アセットマネジメントＯｎｅ株式会社"
"G11943","","ジャパンニューエイジオープン","ジャパンニューエイジオープン","内国投資信託受益証券","9月24日","","E10677","アセットマネジメントＯｎｅ株式会社"
"G11944","","コア３０インデックス","コアサンジュウインデックス","内国投資信託受益証券","11月15日","","E10677","アセットマネジメントＯｎｅ株式会社"
"G11945","","新光ＭＲＦ（マネー・リザーブ・ファンド）","シンコウエムアールエフマネーリザーブファンド","内国投資信託受益証券","5月31日","11月30日","E10677","アセットマネジメントＯｎｅ株式会社"
"G11946","","財形株投　（一般財形３０）","ザイケイカブトウイッパンザイケイサンジュウ","内国投資信託受益証券","2月1日","","E10677","アセットマネジメントＯｎｅ株式会社"
"G11947","","財形株投　（一般財形５０）","ザイケイカブトウイッパンザイケイゴジュウ","内国投資信託受益証券","2月1日","","E10677","アセットマネジメントＯｎｅ株式会社"
"G11948","","財形株投　（年金・住宅財形３０）","ザイケイカブトウネンキンジュウタクザイケイサンジュウ","内国投資信託受益証券","2月1日","","E10677","アセットマネジメントＯｎｅ株式会社"
"G11949","","太陽財形株投　太陽一般財形　３０","タイヨウザイケイカブトウタイヨウイッパンザイケイサンジュウ","内国投資信託受益証券","2月1日","","E10677","アセットマネジメントＯｎｅ株式会社"
"G11950","","太陽財形株投　太陽一般財形　５０","タイヨウザイケイカブトウタイヨウイッパンザイケイゴジュウ","内国投資信託受益証券","2月1日","","E10677","アセットマネジメントＯｎｅ株式会社"
"G11951","","太陽財形株投　太陽年金・住宅財形　３０","タイヨウザイケイカブトウタイヨウネンキンジュウタクザイケイサンジュウ","内国投資信託受益証券","2月1日","","E10677","アセットマネジメントＯｎｅ株式会社"
"G11952","","ニュー　トピックス　インデックス","ニュー　トピックス　インデックス","内国投資信託受益証券","2月22日","","E10677","アセットマネジメントＯｎｅ株式会社"
"G11953","","インデックス　マネジメント　ファンド　２２５","インデックス　マネジメント　ファンド　ニ　ニ　ゴ","内国投資信託受益証券","3月18日","","E10677","アセットマネジメントＯｎｅ株式会社"
"G11954","","太陽ミリオン（太陽ミリオン・インデックスポートフォリオ）","タイヨウミリオンタイヨウミリオン　インデックスポートフォリオ","内国投資信託受益証券","11月17日","","E10677","アセットマネジメントＯｎｅ株式会社"
"G11955","","太陽ミリオン（太陽ミリオン・ボンドミックスポートフォリオ）","タイヨウミリオンタイヨウミリオン　ボンドミックスポートフォリオ","内国投資信託受益証券","11月17日","","E10677","アセットマネジメントＯｎｅ株式会社"
"G11956","","公社債投信１月号","コウシャサイトウシンイチガツゴウ","内国投資信託受益証券","1月19日","","E10677","アセットマネジメントＯｎｅ株式会社"
"G11957","","公社債投信２月号","コウシャサイトウシンニガツゴウ","内国投資信託受益証券","2月19日","","E10677","アセットマネジメントＯｎｅ株式会社"
"G11958","","公社債投信３月号","コウシャサイトウシンサンガツゴウ","内国投資信託受益証券","3月19日","","E10677","アセットマネジメントＯｎｅ株式会社"
"G11959","","公社債投信４月号","コウシャサイトウシンシガツゴウ","内国投資信託受益証券","4月19日","","E10677","アセットマネジメントＯｎｅ株式会社"
"G11960","","公社債投信５月号","コウシャサイトウシンゴガツゴウ","内国投資信託受益証券","5月19日","","E10677","アセットマネジメントＯｎｅ株式会社"
"G11961","","公社債投信６月号","コウシャサイトウシンロクガツゴウ","内国投資信託受益証券","6月19日","","E10677","アセットマネジメントＯｎｅ株式会社"
"G11962","","公社債投信７月号","コウシャサイトウシンシチガツゴウ","内国投資信託受益証券","7月19日","","E10677","アセットマネジメントＯｎｅ株式会社"
"G11963","","公社債投信８月号","コウシャサイトウシンハチガツゴウ","内国投資信託受益証券","8月19日","","E10677","アセットマネジメントＯｎｅ株式会社"
"G11964","","公社債投信９月号","コウシャサイトウシンクガツゴウ","内国投資信託受益証券","9月19日","","E10677","アセットマネジメントＯｎｅ株式会社"
"G11965","","公社債投信１０月号","コウシャサイトウシンジュウガツゴウ","内国投資信託受益証券","10月19日","","E10677","アセットマネジメントＯｎｅ株式会社"
"G11966","","公社債投信１１月号","コウシャサイトウシンジュウイチガツゴウ","内国投資信託受益証券","11月19日","","E10677","アセットマネジメントＯｎｅ株式会社"
"G11967","","公社債投信１２月号","コウシャサイトウシンジュウニガツゴウ","内国投資信託受益証券","12月19日","","E10677","アセットマネジメントＯｎｅ株式会社"
"G11980","","海外国債ファンド","カイガイコクサイファンド","内国投資信託受益証券","4月15日","10月15日","E10677","アセットマネジメントＯｎｅ株式会社"
"G11981","","インデックス　マネジメント　ファンド　２２５（ＤＣ年金）","インデックス　マネジメント　ファンド　ニ　ニ　ゴ　ディーシーネンキン","内国投資信託受益証券","3月18日","","E10677","アセットマネジメントＯｎｅ株式会社"
"G11982","","日本実力株ファンド（ＤＣ年金）","ニホンジツリョクカブファンドディーシーネンキン","内国投資信託受益証券","6月20日","","E10677","アセットマネジメントＯｎｅ株式会社"
"G11984","","海外国債ファンド（３ヵ月決算型）","カイガイコクサイファンドサンカゲツケッサンガタ","内国投資信託受益証券","5月15日","11月15日","E10677","アセットマネジメントＯｎｅ株式会社"
"G11985","","海外投資適格社債ファンド","カイガイトウシテキカクシャサイファンド","内国投資信託受益証券","5月15日","11月15日","E10677","アセットマネジメントＯｎｅ株式会社"
"G11986","","Ｏｎｅ小型株オープン","ワンコガタカブオープン","内国投資信託受益証券","2月1日","","E10677","アセットマネジメントＯｎｅ株式会社"
"G11987","","ＡＭＯ　Ｊ－ＲＥＩＴオープン","エーエムオージェイリートオープン","内国投資信託受益証券","4月15日","10月15日","E10677","アセットマネジメントＯｎｅ株式会社"
"G11988","","Ｊ－ＲＥＩＴパッケージ","ジェイリートパッケージ","内国投資信託受益証券","3月22日","9月22日","E10677","アセットマネジメントＯｎｅ株式会社"
"G11989","","Ｏｎｅ　ＵＳ－ＲＥＩＴ　オープン","ワンユーエスリートオープン","内国投資信託受益証券","3月5日","9月5日","E10677","アセットマネジメントＯｎｅ株式会社"
"G11994","","新光ピクテ世界インカム株式ファンド（毎月決算型）","シンコウピクテセカイインカムカブシキファンドマイツキケッサンガタ","内国投資信託受益証券","3月15日","9月15日","E10677","アセットマネジメントＯｎｅ株式会社"
"G11995","","Ｏｎｅ日本インカム株式ファンド（３ヵ月決算型）","ワンニホンインカムカブシキファンドサンカゲツケッサンガタ","内国投資信託受益証券","1月28日","7月28日","E10677","アセットマネジメントＯｎｅ株式会社"
"G11997","","Ｏｎｅ　ＤＣ　国内リートインデックスファンド","ワン　ディーシー　コクナイリートインデックスファンド","内国投資信託受益証券","10月15日","","E10677","アセットマネジメントＯｎｅ株式会社"
"G11998","","Ｏｎｅ　ＤＣ　国内債券インデックスファンド","ワンディーシーコクナイサイケンインデックスファンド","内国投資信託受益証券","11月10日","","E10677","アセットマネジメントＯｎｅ株式会社"
"G11999","","新光ジャパンオープンⅡ","シンコウジャパンオープンツー","内国投資信託受益証券","6月15日","12月15日","E10677","アセットマネジメントＯｎｅ株式会社"
"G12000","","フロンティア・ワールド・インカム・ファンド","フロンティアワールドインカムファンド","内国投資信託受益証券","3月15日","9月15日","E10677","アセットマネジメントＯｎｅ株式会社"
"G12001","","Ｏｎｅピュア・インド株式ファンド","ワンピュアインドカブシキファンド","内国投資信託受益証券","8月22日","","E10677","アセットマネジメントＯｎｅ株式会社"
"G12003","","瀬戸内４県ファンド","セトウチヨンケンファンド","内国投資信託受益証券","7月20日","","E10677","アセットマネジメントＯｎｅ株式会社"
"G12004","","新光７資産バランスファンド","シンコウナナシサンバランスファンド","内国投資信託受益証券","4月20日","10月20日","E10677","アセットマネジメントＯｎｅ株式会社"
"G12005","","サザンアジア・オールスター株式ファンド","サザンアジアオールスターカブシキファンド","内国投資信託受益証券","1月25日","","E10677","アセットマネジメントＯｎｅ株式会社"
"G12009","","新成長中国株式ファンド","シンセイチョウチュウゴクカブシキファンド","内国投資信託受益証券","7月31日","","E10677","アセットマネジメントＯｎｅ株式会社"
"G12010","","高金利通貨ファンド","コウキンリツウカファンド","内国投資信託受益証券","3月8日","9月8日","E10677","アセットマネジメントＯｎｅ株式会社"
"G12011","","日本株リーダーズファンド","ニホンカブリーダーズファンド","内国投資信託受益証券","3月16日","","E10677","アセットマネジメントＯｎｅ株式会社"
"G12015","","海外国債ファンド（１年決算型）","カイガイコクサイファンドイチネンケッサンガタ","内国投資信託受益証券","4月15日","","E10677","アセットマネジメントＯｎｅ株式会社"
"G12016","","Ｏｎｅブラジル債券ファンド","ワンブラジルサイケンファンド","内国投資信託受益証券","6月8日","12月8日","E10677","アセットマネジメントＯｎｅ株式会社"
"G12018","","優先株ＥＴＦファンド（毎月分配型・ヘッジあり）","ユウセンカブイーティーエフファンド　マイツキブンパイガタ　ヘッジアリ","内国投資信託受益証券","6月7日","12月7日","E10677","アセットマネジメントＯｎｅ株式会社"
"G12021","","日本債券ファンド","ニホンサイケンファンド","内国投資信託受益証券","11月10日","","E10677","アセットマネジメントＯｎｅ株式会社"
"G12024","","Ｏｎｅサザンアジア株式ファンド","ワンサザンアジアカブシキファンド","内国投資信託受益証券","1月25日","7月25日","E10677","アセットマネジメントＯｎｅ株式会社"
"G12026","","りそなＪリート・アクティブ・オープン","リソナジェイリートアクティブオープン","内国投資信託受益証券","6月22日","12月22日","E10677","アセットマネジメントＯｎｅ株式会社"
"G12027","","世界好配当ピュア・インフラ株式ファンド（毎月決算型）","セカイコウハイトウピュアインフラカブシキファンド　マイツキケッサンガタ","内国投資信託受益証券","2月15日","8月15日","E10677","アセットマネジメントＯｎｅ株式会社"
"G12028","","世界好配当ピュア・インフラ株式ファンド（成長型）","セカイコウハイトウピュアインフラカブシキファンド　セイチョウガタ","内国投資信託受益証券","2月15日","8月15日","E10677","アセットマネジメントＯｎｅ株式会社"
"G12034","","ワールド・インフラ好配当株式ファンド（毎月決算型／成長型）","ワールドインフラコウハイトウカブシキファンドマイツキケッサンガタセイチョウガタ","内国投資信託受益証券","1月15日","7月15日","E10677","アセットマネジメントＯｎｅ株式会社"
"G12035","","短期ハイイールド債券ファンド（ヘッジあり）","タンキハイイールドサイケンファンドヘッジアリ","内国投資信託受益証券","4月30日","10月30日","E10677","アセットマネジメントＯｎｅ株式会社"
"G12036","","新光世界インフラ株式ファンド","シンコウセカイインフラカブシキファンド","内国投資信託受益証券","2月15日","8月15日","E10677","アセットマネジメントＯｎｅ株式会社"
"G12037","","世界高配当株セレクト（目標払出し型）毎月決算・為替ヘッジなしコース、毎月決算・為替ヘッジありコース","セカイコウハイトウカブセレクトモクヒョウハライダシガタマイツキケッサンカワセヘッジナシコースマイツキケッサンカワセヘッジアリコース","内国投資信託受益証券","5月25日","11月25日","E10677","アセットマネジメントＯｎｅ株式会社"
"G12038","","バンクローン・ファンド（ヘッジなし）／バンクローン・ファンド（ヘッジあり）","バンクローンファンドヘッジナシバンクローンファンドヘッジアリ","内国投資信託受益証券","6月10日","12月10日","E10677","アセットマネジメントＯｎｅ株式会社"
"G12042","","グローバル・アロケーション・ファンド（毎月決算・為替ヘッジなしコース、毎月決算・限定為替ヘッジコース）（目標払出し型）","グローバルアロケーションファンドマイツキケッサンカワセヘッジナシコースマイツキケッサンゲンテイカワセヘッジコースモクヒョウハライダシガタ","内国投資信託受益証券","1月27日","7月27日","E10677","アセットマネジメントＯｎｅ株式会社"
"G12048","","海外消費関連日本株ファンド","カイガイショウヒカンレンニホンカブファンド","内国投資信託受益証券","5月25日","","E10677","アセットマネジメントＯｎｅ株式会社"
"G12050","","新光バンクローン・ファンド・ネオ（円ヘッジ型）","シンコウバンクローンファンドネオ　エンヘッジガタ","内国投資信託受益証券","7月11日","","E10677","アセットマネジメントＯｎｅ株式会社"
"G12051","","Ｏｎｅ日本小型株ファンド","ワンニホンコガタカブファンド","内国投資信託受益証券","7月20日","","E10677","アセットマネジメントＯｎｅ株式会社"
"G12052","","グローバル・アロケーション・オープンＡコース（年１回決算・為替ヘッジなし）、グローバル・アロケーション・オープンＣコース（年１回決算・限定為替ヘッジ）","グローバルアロケーションオープンエーコース　ネンイッカイケッサン　カワセヘッジナシ　グローバルアロケーションオープンシーコース　ネンイッカイケッサン　ゲンテイカワセヘッジ","内国投資信託受益証券","9月15日","","E10677","アセットマネジメントＯｎｅ株式会社"
"G12053","","グローバル・アロケーション・オープンＢコース（年４回決算・為替ヘッジなし）、グローバル・アロケーション・オープンＤコース（年４回決算・限定為替ヘッジ）","グローバルアロケーションオープンビーコース　ネンヨンカイケッサン　カワセヘッジナシ　グローバルアロケーションオープンディーコース　ネンヨンカイケッサン　ゲンテイカワセヘッジ","内国投資信託受益証券","3月15日","9月15日","E10677","アセットマネジメントＯｎｅ株式会社"
"G12054","","バンクローン・ファンド（ヘッジなし／年１回決算型）、バンクローン・ファンド（ヘッジあり／年１回決算型）","バンクローンファンド　ヘッジナシ　ネンイッカイケッサンガタ　バンクローンファンド　ヘッジアリ　ネンイッカイケッサンガタ","内国投資信託受益証券","6月10日","","E10677","アセットマネジメントＯｎｅ株式会社"
"G12055","","フロンティア・ワールド・インカム・ファンド（年１回決算型）","フロンティア　ワールド　インカム　ファンド　ネンイッカイケッサンガタ","内国投資信託受益証券","9月15日","","E10677","アセットマネジメントＯｎｅ株式会社"
"G12056","","新光グローバル・ハイイールド債券ファンド（年１回決算型）","シンコウグローバル　ハイイールドサイケンファンド　ネンイッカイケッサンガタ","内国投資信託受益証券","9月25日","","E10677","アセットマネジメントＯｎｅ株式会社"
"G12057","","Ｏｎｅ　ＵＳ－ＲＥＩＴ　オープン（年１回決算型）","ワンユーエスリートオープンネンイッカイケッサンガタ","内国投資信託受益証券","9月5日","","E10677","アセットマネジメントＯｎｅ株式会社"
"G12059","","グローバル・ナビ","グローバル　ナビ","内国投資信託受益証券","12月15日","","E10677","アセットマネジメントＯｎｅ株式会社"
"G12060","","グローバルドライブ（３ヵ月決算型）限定為替ヘッジ／グローバルドライブ（３ヵ月決算型）為替ヘッジなし","グローバルドライブ　サンカゲツケッサンガタ　ゲンテイカワセヘッジ　グローバルドライブ　サンカゲツケッサンガタ　カワセヘッジナシ","内国投資信託受益証券","2月18日","8月18日","E10677","アセットマネジメントＯｎｅ株式会社"
"G12061","","グローバルドライブ（年１回決算型）限定為替ヘッジ／グローバルドライブ（年１回決算型）為替ヘッジなし","グローバルドライブ　ネンイッカイケッサンガタ　ゲンテイカワセヘッジ　グローバルドライブ　ネンイッカイケッサンガタ　カワセヘッジナシ","内国投資信託受益証券","2月18日","","E10677","アセットマネジメントＯｎｅ株式会社"
"G12062","","新光シラー・ケープ米欧株式戦略ファンド（リスク・コントロール付）為替ヘッジなしコース／新光シラー・ケープ米欧株式戦略ファンド（リスク・コントロール付）為替ヘッジありコース","シンコウシラー　ケープベイオウカブシキセンリャクファンド　リスク　コントロールツキ　カワセヘッジナシコース　シンコウシラー　ケープベイオウカブシキセンリャクファンド　リスク　コントロールツキ　カワセヘッジアリコース","内国投資信託受益証券","3月23日","","E10677","アセットマネジメントＯｎｅ株式会社"
"G12063","","グローバル・フォーカス（毎月決算型）","グローバル　フォーカス　マイツキケッサンガタ","内国投資信託受益証券","6月5日","12月5日","E10677","アセットマネジメントＯｎｅ株式会社"
"G12064","","新光ピムコ・ストラテジック・インカム・ファンド１月号","シンコウピムコ　ストラテジック　インカム　ファンド　イチガツゴウ","内国投資信託受益証券","1月25日","","E10677","アセットマネジメントＯｎｅ株式会社"
"G12065","","新光ピムコ・ストラテジック・インカム・ファンド２月号","シンコウピムコ　ストラテジック　インカム　ファンド　ニガツゴウ","内国投資信託受益証券","2月25日","","E10677","アセットマネジメントＯｎｅ株式会社"
"G12066","","新光ピムコ・ストラテジック・インカム・ファンド３月号","シンコウピムコ　ストラテジック　インカム　ファンド　サンガツゴウ","内国投資信託受益証券","3月25日","","E10677","アセットマネジメントＯｎｅ株式会社"
"G12067","","新光ピムコ・ストラテジック・インカム・ファンド４月号","シンコウピムコ　ストラテジック　インカム　ファンド　シガツゴウ","内国投資信託受益証券","4月25日","","E10677","アセットマネジメントＯｎｅ株式会社"
"G12068","","新光ピムコ・ストラテジック・インカム・ファンド５月号","シンコウピムコ　ストラテジック　インカム　ファンドゴガツゴウ","内国投資信託受益証券","5月25日","","E10677","アセットマネジメントＯｎｅ株式会社"
"G12069","","新光ピムコ・ストラテジック・インカム・ファンド６月号","シンコウピムコ　ストラテジック　インカム　ファンド　ロクガツゴウ","内国投資信託受益証券","6月25日","","E10677","アセットマネジメントＯｎｅ株式会社"
"G12070","","新光ピムコ・ストラテジック・インカム・ファンド７月号","シンコウピムコ　ストラテジック　インカム　ファンドシチガツゴウ","内国投資信託受益証券","7月25日","","E10677","アセットマネジメントＯｎｅ株式会社"
"G12071","","新光ピムコ・ストラテジック・インカム・ファンド８月号","シンコウピムコ　ストラテジック　インカム　ファンドハチガツゴウ","内国投資信託受益証券","8月25日","","E10677","アセットマネジメントＯｎｅ株式会社"
"G12072","","新光ピムコ・ストラテジック・インカム・ファンド９月号","シンコウピムコ　ストラテジック　インカム　ファンド　クガツゴウ","内国投資信託受益証券","9月25日","","E10677","アセットマネジメントＯｎｅ株式会社"
"G12073","","新光ピムコ・ストラテジック・インカム・ファンド１０月号","シンコウピムコ　ストラテジック　インカム　ファンドジュウガツゴウ","内国投資信託受益証券","10月25日","","E10677","アセットマネジメントＯｎｅ株式会社"
"G12074","","新光ピムコ・ストラテジック・インカム・ファンド１１月号","シンコウピムコ　ストラテジック　インカム　ファンドジュウイチガツゴウ","内国投資信託受益証券","11月25日","","E10677","アセットマネジメントＯｎｅ株式会社"
"G12075","","新光ピムコ・ストラテジック・インカム・ファンド１２月号","シンコウピムコ　ストラテジック　インカム　ファンドジュウニガツゴウ","内国投資信託受益証券","12月25日","","E10677","アセットマネジメントＯｎｅ株式会社"
"G12076","","生活基盤関連株式ファンド","セイカツキバンカンレンカブシキファンド","内国投資信託受益証券","10月末日","","E10677","アセットマネジメントＯｎｅ株式会社"
"G12077","","新光アジア・オセアニアＲＥＩＴオープン（毎月決算型）","シンコウアジア　オセアニアリートオープン　マイツキケッサンガタ","内国投資信託受益証券","6月5日","12月5日","E10677","アセットマネジメントＯｎｅ株式会社"
"G12078","","新光アジア・オセアニアＲＥＩＴオープン（成長型）","シンコウアジア　オセアニアリートオープン　セイチョウガタ","内国投資信託受益証券","6月5日","12月5日","E10677","アセットマネジメントＯｎｅ株式会社"
"G12079","","ＡＭＯ　Ｊ－ＲＥＩＴオープン（年２回決算型）","エーエムオージェイリートオープンネンニカイケッサンガタ","内国投資信託受益証券","4月15日","10月15日","E10677","アセットマネジメントＯｎｅ株式会社"
"G12080","","ハイブリッド証券ファンド円コース","ハイブリッドショウケンファンドエンコース","内国投資信託受益証券","4月12日","10月12日","E10677","アセットマネジメントＯｎｅ株式会社"
"G12081","","ハイブリッド証券ファンド米ドルコース、豪ドルコース、ブラジルレアルコース、マネープールファンド","ハイブリッドショウケンファンドベイドルコース　ゴウドルコース　ブラジルレアルコース　マネープールファンド","内国投資信託受益証券","4月12日","10月12日","E10677","アセットマネジメントＯｎｅ株式会社"
"G12084","","新光シラー・ケープ日本株式戦略ファンド（リスク・コントロール付）","シンコウシラー　ケープニホンカブシキセンリャクファンド　リスク　コントロールツキ","内国投資信託受益証券","3月7日","","E10677","アセットマネジメントＯｎｅ株式会社"
"G12091","","新光グローバル・ハイイールド債券ファンド円コース","シンコウグローバル　ハイイールドサイケンファンドエンコース","内国投資信託受益証券","3月25日","9月25日","E10677","アセットマネジメントＯｎｅ株式会社"
"G12092","","新光グローバル・ハイイールド債券ファンド米ドルコース、豪ドルコース、ブラジルレアルコース、マネープールファンド","シンコウグローバル　ハイイールドサイケンファンドベイドルコース　ゴウドルコース　ブラジルレアルコース　マネープールファンド","内国投資信託受益証券","3月25日","9月25日","E10677","アセットマネジメントＯｎｅ株式会社"
"G12093","","フィッシャーＵＳマイクロ株式ファンド","フィッシャーユーエスマイクロカブシキファンド","内国投資信託受益証券","8月10日","","E10677","アセットマネジメントＯｎｅ株式会社"
"G12094","","新光日本株式変動抑制型ファンド（ファンドラップ）","シンコウニホンカブシキヘンドウヨクセイガタファンド　ファンドラップ","内国投資信託受益証券","5月8日","","E10677","アセットマネジメントＯｎｅ株式会社"
"G12095","","新光外国株式変動抑制型ファンド（ファンドラップ）","シンコウガイコクカブシキヘンドウヨクセイガタファンド　ファンドラップ","内国投資信託受益証券","5月8日","","E10677","アセットマネジメントＯｎｅ株式会社"
"G12096","","新光グローバル・マクロ戦略ファンド（ファンドラップ）","シンコウグローバル　マクロセンリャクファンド　ファンドラップ","内国投資信託受益証券","5月8日","","E10677","アセットマネジメントＯｎｅ株式会社"
"G12097","","新光シラー・グローバルＲＥＩＴファンド（ファンドラップ）","シンコウシラー　グローバルリートファンド　ファンドラップ","内国投資信託受益証券","5月8日","","E10677","アセットマネジメントＯｎｅ株式会社"
"G12098","","新光外国債券ファンド（為替リスク抑制型）（ファンドラップ）","シンコウガイコクサイケンファンド　カワセリスクヨクセイガタ　ファンドラップ","内国投資信託受益証券","5月8日","","E10677","アセットマネジメントＯｎｅ株式会社"
"G12099","","新光債券ストラテジック・アロケーション戦略ファンド（ファンドラップ）","シンコウサイケンストラテジック　アロケーションセンリャクファンド　ファンドラップ","内国投資信託受益証券","5月8日","","E10677","アセットマネジメントＯｎｅ株式会社"
"G12100","","企業価値成長小型株ファンド","キギョウカチセイチョウコガタカブファンド","内国投資信託受益証券","2月20日","8月20日","E10677","アセットマネジメントＯｎｅ株式会社"
"G12101","","グローバル新世代関連株式ファンド","グローバルシンセダイカンレンカブシキファンド","内国投資信託受益証券","4月17日","","E10677","アセットマネジメントＯｎｅ株式会社"
"G12102","","野村インデックスファンド・米国ハイ・イールド債券","ノムラインデックスファンドベイコクハイイールドサイケン","内国投資信託受益証券","4月22日","","E12460","野村アセットマネジメント株式会社"
"G12103","","野村インデックスファンド・米国ハイ・イールド債券・為替ヘッジ型","ノムラインデックスファンドベイコクハイイールドサイケンカワセヘッジガタ","内国投資信託受益証券","4月22日","","E12460","野村アセットマネジメント株式会社"
"G12104","","ニッセイＪリートオープン　米ドル投資型（毎月分配型）","ニッセイジェイリートオープン　ベイドルトウシガタマイツキブンパイガタ","内国投資信託受益証券","5月12日","11月12日","E12453","ニッセイアセットマネジメント株式会社"
"G12105","","ニッセイＪリートオープン　米ドル投資型（年１回決算型）","ニッセイジェイリートオープン　ベイドルトウシガタネンイッカイケッサンガタ","内国投資信託受益証券","5月12日","","E12453","ニッセイアセットマネジメント株式会社"
"G12106","","ピクテ・グローバル・インカム株式ファンド（１年決算型）円コース","ピクテグローバルインカムカブシキファンドイチネンケッサンガタエンコース","内国投資信託受益証券","8月10日","","E10439","ピクテ・ジャパン株式会社"
"G12108","","ドイチェ世界コーポレート・ハイブリッド証券ファンド（年４回決算型）Ａコース（為替ヘッジあり）／Ｂコース（為替ヘッジなし）","ドイチェセカイコーポレートハイブリッドショウケンファンドネンヨンカイケッサンガタエイコースカワセヘッジアリビーコースカワセヘッジナシ","内国投資信託受益証券","2月7日","8月7日","E06458","ドイチェ・アセット・マネジメント株式会社"
"G12109","","日本株＆Ｊリート　好配当フォーカスファンド","ニホンカブアンドジェイリート　コウハイトウフォーカスファンド","内国投資信託受益証券","6月20日","","E12444","三井住友トラスト・アセットマネジメント株式会社"
"G12111","34720","日本ホテル＆レジデンシャル投資法人","ニッポンホテルアンドレジデンシャルトウシホウジン","内国投資証券","5月31日","11月30日","E32428","日本ホテル＆レジデンシャル投資法人"
"G12112","","東京海上・世界ヘルスケアＲＥＩＴファンド（毎月決算型）","トウキョウカイジョウセカイヘルスケアリートファンドマイツキケッサンガタ","内国投資信託受益証券","4月18日","10月18日","E06433","東京海上アセットマネジメント株式会社"
"G12116","","時間分散型バランスファンド（安定指向）２０１６－０８","ジカンブンサンガタバランスファンド　アンテイシコウ　ニーゼロイチロク　ゼロハチ","内国投資信託受益証券","7月17日","","E12430","アモーヴァ・アセットマネジメント株式会社"
"G12121","","インベスコ　米国公共インフラ債ファンド（毎月決算型）","インベスコベイコクコウキョウインフラサイファンドマイツキケッサンガタ","内国投資信託受益証券","1月20日","7月20日","E06479","インベスコ・アセット・マネジメント株式会社"
"G12122","","インベスコ　米国公共インフラ債ファンド（年１回決算型）","インベスコベイコクコウキョウインフラサイファンドネンイッカイケッサンガタ","内国投資信託受益証券","7月20日","","E06479","インベスコ・アセット・マネジメント株式会社"
"G12126","","ＤＣニッセイターゲットデートファンド２０２５／２０３０／２０３５／２０４０／２０４５／２０５０／２０５５／２０６０／２０６５","ディーシーニッセイターゲットデートファンドニイゼロニイゴ　ニイゼロサンゼロ　ニイゼロサンゴ　ニイゼロヨンゼロ　ニイゼロヨンゴ　ニイゼロゴゼロ　ニイゼロゴゴ　ニイゼロロクゼロ　ニイゼロロクゴ","内国投資信託受益証券","12月20日","","E12453","ニッセイアセットマネジメント株式会社"
"G12127","","ＤＣニッセイ日本債券インデックス","ディーシーニッセイニホンサイケンインデックス","内国投資信託受益証券","3月10日","","E12453","ニッセイアセットマネジメント株式会社"
"G12128","","ＤＣニッセイＪＰＸ日経４００アクティブ","ディーシーニッセイジェイピーエックスニッケイヨンヒャクアクティブ","内国投資信託受益証券","1月25日","","E12453","ニッセイアセットマネジメント株式会社"
"G12131","","米国ＲＥＩＴ・リサーチ・オープン　為替ヘッジあり（毎月決算型）　米国ＲＥＩＴ・リサーチ・オープン　為替ヘッジなし（毎月決算型）","ベイコクリート　リサーチ　オープン　カワセヘッジアリ　マイツキケッサンガタ　ベイコクリート　リサーチ　オープン　カワセヘッジナシ　マイツキケッサンガタ","内国投資信託受益証券","6月20日","12月20日","E12444","三井住友トラスト・アセットマネジメント株式会社"
"G12132","","米国ＲＥＩＴ・リサーチ・オープン　為替ヘッジあり（年２回決算型）　米国ＲＥＩＴ・リサーチ・オープン　為替ヘッジなし（年２回決算型）","ベイコクリート　リサーチ　オープン　カワセヘッジアリ　ネンニカイケッサンガタ　ベイコクリート　リサーチ　オープン　カワセヘッジナシ　ネンニカイケッサンガタ","内国投資信託受益証券","6月20日","12月20日","E12444","三井住友トラスト・アセットマネジメント株式会社"
"G12137","","オーストラリア・リアルアセット・ファンド","オーストラリアリアルアセットファンド","内国投資信託受益証券","2月3日","8月3日","E06748","大和アセットマネジメント株式会社"
"G12140","","インベスコ　世界債券戦略ファンド","インベスコセカイサイケンセンリャクファンド","内国投資信託受益証券","1月22日","7月22日","E06479","インベスコ・アセット・マネジメント株式会社"
"G12141","","野村外国株インデックス　Ａコース（野村ＳＭＡ・ＥＷ向け）","ノムラガイコクカブインデックスエーコースノムラエスエムエーイーダブリュームケ","内国投資信託受益証券","12月6日","","E12460","野村アセットマネジメント株式会社"
"G12142","","野村外国債券インデックス　Ａコース（野村ＳＭＡ・ＥＷ向け）","ノムラガイコクサイケンインデックスエーコースノムラエスエムエーイーダブリュームケ","内国投資信託受益証券","12月6日","","E12460","野村アセットマネジメント株式会社"
"G12143","","野村グローバル・クオリティ・グロース　Ａコース（野村ＳＭＡ・ＥＷ向け）、野村グローバル・クオリティ・グロース　Ｂコース（野村ＳＭＡ・ＥＷ向け）","ノムラグローバルクオリティグロースエーコースノムラエスエムエーイーダブリュームケ　ノムラグローバルクオリティグロースビーコースノムラエスエムエーイーダブリュームケ","内国投資信託受益証券","12月6日","","E12460","野村アセットマネジメント株式会社"
"G12144","","野村ＭＦＳグローバル・リサーチ・フォーカス株式　Ａコース（野村ＳＭＡ・ＥＷ向け）、野村ＭＦＳグローバル・リサーチ・フォーカス株式　Ｂコース（野村ＳＭＡ・ＥＷ向け）","ノムラエムエフエスグローバルリサーチフォーカスカブシキエーコースノムラエスエムエーイーダブリュームケ　ノムラエムエフエスグローバルリサーチフォーカスカブシキビーコースノムラエスエムエーイーダブリュームケ","内国投資信託受益証券","12月6日","","E12460","野村アセットマネジメント株式会社"
"G12145","","野村ハリス外国株式バリュー戦略ファンド　Ａコース（野村ＳＭＡ・ＥＷ向け）、野村ハリス外国株式バリュー戦略ファンド　Ｂコース（野村ＳＭＡ・ＥＷ向け）","ノムラハリスガイコクカブシキバリューセンリャクファンドエーコースノムラエスエムエーイーダブリュームケ　ノムラハリスガイコクカブシキバリューセンリャクファンドビーコースノムラエスエムエーイーダブリュームケ","内国投資信託受益証券","12月6日","","E12460","野村アセットマネジメント株式会社"
"G12147","","オーストラリアＲＥＩＴファンド","オーストラリアリートファンド","内国投資信託受益証券","6月14日","12月14日","E31533","スカイオーシャン・アセットマネジメント株式会社"
"G12148","","ブラックロック・アメリカ大陸ロング・ショート・ファンド（ダイワ投資一任専用）","ブラックロックアメリカタイリクロングショートファンド　ダイワトウシイチニンセンヨウ","内国投資信託受益証券","6月15日","","E09096","ブラックロック・ジャパン株式会社"
"G12149","","ゴールドマン・サックス日本株厳選投資ファンド（ダイワ投資一任専用）","ゴールドマンサックスニホンカブゲンセントウシファンド　ダイワトウシイチニンセンヨウ","内国投資信託受益証券","6月15日","","E12457","ゴールドマン・サックス・アセット・マネジメント株式会社"
"G12150","","ＵＢＳグローバル株式厳選投資ファンドＡコース（ダイワ投資一任専用）／Ｂコース（ダイワ投資一任専用）","ユービーエスグローバルカブシキゲンセントウシファンドエーコースダイワトウシイチニンセンヨウビーコースダイワトウシイチニンセンヨウ","内国投資信託受益証券","6月15日","","E12473","ＵＢＳアセット・マネジメント株式会社"
"G12151","","アムンディ円建債券アクティブ・ファンド（ダイワ投資一任専用）","アムンディエンダテサイケンアクティブファンドダイワトウシイチニンセンヨウ","内国投資信託受益証券","6月15日","","E09666","アムンディ・ジャパン株式会社"
"G12152","","フィデリティ外国債券アクティブ・ファンド　Ａコース（ダイワ投資一任専用）　フィデリティ外国債券アクティブ・ファンド　Ｂコース（ダイワ投資一任専用）","フィデリティガイコクサイケンアクティブファンドエーコースダイワトウシイチニンセンヨウ　フィデリティガイコクサイケンアクティブファンドビーコースダイワトウシイチニンセンヨウ","内国投資信託受益証券","6月15日","","E12481","フィデリティ投信株式会社"
"G12153","","セキュリティ関連日本株ファンド","セキュリティカンレンニホンカブファンド","内国投資信託受益証券","8月12日","","E12430","アモーヴァ・アセットマネジメント株式会社"
"G12156","","ＳＭＴ　米国株配当貴族インデックス・オープン","エスエムティー　ベイコクカブハイトウキゾクインデックス　オープン","内国投資信託受益証券","5月10日","11月10日","E12444","三井住友トラスト・アセットマネジメント株式会社"
"G12157","","ＳＭＴ　日本株配当貴族インデックス・オープン","エスエムティー　ニホンカブハイトウキゾクインデックス　オープン","内国投資信託受益証券","5月10日","11月10日","E12444","三井住友トラスト・アセットマネジメント株式会社"
"G12161","","ダイワ日本成長株ファンド（ダイワ投資一任専用）","ダイワニホンセイチョウカブファンドダイワトウシイチニンセンヨウ","内国投資信託受益証券","6月15日","","E06748","大和アセットマネジメント株式会社"
"G12162","","ダイワ／ＪＰＭオルタナティブ戦略オープン（ダイワ投資一任専用）","ダイワジェイピーエムオルタナティブセンリャクオープンダイワトウシイチニンセンヨウ","内国投資信託受益証券","6月15日","","E06748","大和アセットマネジメント株式会社"
"G12163","","ダイワファンドラップ　インデックス・シリーズ","ダイワファンドラップインデックスシリーズ","内国投資信託受益証券","6月15日","","E06748","大和アセットマネジメント株式会社"
"G12164","","ダイワファンドラップ　インデックスプラス・シリーズ","ダイワファンドラップインデックスプラスシリーズ","内国投資信託受益証券","6月15日","","E06748","大和アセットマネジメント株式会社"
"G12165","","りそな・ストラテジック・インカムファンド２０１６－０９（為替ヘッジあり）、りそな・ストラテジック・インカムファンド２０１６－０９（為替ヘッジなし）","リソナストラテジックインカムファンドニセンジュウロクノゼロキュウカワセヘッジアリ　リソナストラテジックインカムファンドニセンジュウロクノゼロキュウカワセヘッジナシ","内国投資信託受益証券","3月12日","9月12日","E08957","三井住友ＤＳアセットマネジメント株式会社"
"G12171","","ロボット戦略　世界分散ファンド","ロボットセンリャク　セカイブンサンファンド","内国投資信託受益証券","2月22日","8月22日","E11764","Ｔ＆Ｄアセットマネジメント株式会社"
"G12172","","ＧＳエマージング通貨債券ファンド（米ドル売り円買い）","ジーエスエマージングツウカサイケンファンド　ベイドルウリエンガイ","内国投資信託受益証券","6月22日","12月22日","E12457","ゴールドマン・サックス・アセット・マネジメント株式会社"
"G12173","14870","上場インデックスファンド米国債券（為替ヘッジあり）","ジョウジョウインデックスファンドベイコクサイケン　カワセヘッジアリ","内国投資信託受益証券","1月10日","7月10日","E12430","アモーヴァ・アセットマネジメント株式会社"
"G12174","14860","上場インデックスファンド米国債券（為替ヘッジなし）","ジョウジヨウインデックスファンドベイコクサケン　カワセヘッジナシ","内国投資信託受益証券","1月10日","7月10日","E12430","アモーヴァ・アセットマネジメント株式会社"
"G12176","","ピムコ・バーミューダ・トラスト－ピムコ　ショート・ターム　ストラテジー","ピムコバーミューダトラスト　ピムコショートタームストラテジー","外国投資信託受益証券","5月末日","","E15034","パシフィック・インベストメント・マネジメント・カンパニー・エルエルシー"
"G12177","","グローバルＡＩファンド","グローバルエーアイファンド","内国投資信託受益証券","9月25日","","E08957","三井住友ＤＳアセットマネジメント株式会社"
"G12178","","豪州インフラ関連好配当資産ファンド　為替ヘッジあり　（毎月決算型）、豪州インフラ関連好配当資産ファンド　為替ヘッジあり　（年２回決算型）","ゴウシュウインフラカンレンコウハイトウシサンファンドカワセヘッジアリマイツキケッサンガタ　ゴウシュウインフラカンレンコウハイトウシサンファンドカワセヘッジアリネンニカイケッサンガタ","内国投資信託受益証券","5月13日","11月13日","E10677","アセットマネジメントＯｎｅ株式会社"
"G12181","","ニッセイ／ＡＥＷ・ＵＳリートファンド為替ヘッジあり（年１回決算型）　／　ニッセイ／ＡＥＷ・ＵＳリートファンド為替ヘッジなし（年１回決算型）","ニッセイエーイーダブリューユーエスリートファンドカワセヘッジアリネンイッカイケッサンガタ　ニッセイエーイーダブリューユーエスリートファンドカワセヘッジナシネンイッカイケッサンガタ","内国投資信託受益証券","4月15日","","E12453","ニッセイアセットマネジメント株式会社"
"G12183","","マニュライフ・日系企業外貨建社債ファンド　２０１６‐０９（為替ヘッジあり／限定追加型）","マニュライフ　ニッケイキギョウガイカダテシャサイファンド　カワセヘッジアリ　ゲンテイツイカガタ","内国投資信託受益証券","6月20日","12月20日","E30703","マニュライフ・インベストメント・マネジメント株式会社"
"G12188","","インベスコ　欧州インカム資産ファンド（毎月決算型）","インベスコオウシュウインカムシサンファンドマイツキケッサンガタ","内国投資信託受益証券","2月22日","8月22日","E06479","インベスコ・アセット・マネジメント株式会社"
"G12192","","パッシム・トラスト　‐　シリーズ２０１６　ＴＯＰＩＸファンド","パッシムトラストシリーズニセンジュウロクトピックスファンド","外国投資信託受益証券","6月末日","","E30829","Ｊ．Ｐ．モルガン・マンサール・マネジメント・リミテッド"
"G12193","","スパークス・日本株式ファンド（ラップ向け）","スパークスニホンカブシキファンド　ラップムケ","内国投資信託受益証券","6月20日","","E11161","スパークス・アセット・マネジメント株式会社"
"G12196","","パッシム・トラスト　－　豪ドル建て償還時ターゲット債券ファンド２０１６０９","ゴウドルダテショウカンジターゲットサイケンファンドニセンジュウロクレイキュウ","外国投資信託受益証券","6月末日","","E30829","Ｊ．Ｐ．モルガン・マンサール・マネジメント・リミテッド"
"G12198","","スパークス・日本中小型株式ファンド（ラップ向け）","スパークス　ニホンチュウコガタカブシキファンド　ラップムケ","内国投資信託受益証券","6月20日","","E11161","スパークス・アセット・マネジメント株式会社"
"G12202","","ステート・ストリート先進国株式・低ボラティリティ・アルファ・オープン","ステートストリートセンシンコクカブシキテイボラティリティアルファオープン","内国投資信託受益証券","11月15日","","E12963","ステート・ストリート・グローバル・アドバイザーズ株式会社"
"G12203","","ステート・ストリート先進国株式・低ボラティリティ・アルファ・オープン（為替ヘッジあり）","ステートストリートセンシンコクカブシキテイボラティリティアルファオープンカワセヘッジアリ","内国投資信託受益証券","11月15日","","E12963","ステート・ストリート・グローバル・アドバイザーズ株式会社"
"G12204","","ｉＦｒｅｅ　ＪＰＸ日経４００インデックス","アイフリージェイピーエックスニッケイヨンヒャクインデックス","内国投資信託受益証券","3月22日","","E06748","大和アセットマネジメント株式会社"
"G12205","","ｉＦｒｅｅ　ＴＯＰＩＸインデックス","アイフリートピックスインデックス","内国投資信託受益証券","9月19日","","E06748","大和アセットマネジメント株式会社"
"G12206","","ｉＦｒｅｅ　日経２２５インデックス","アイフリーニッケイニイニイゴインデックス","内国投資信託受益証券","9月19日","","E06748","大和アセットマネジメント株式会社"
"G12207","","ｉＦｒｅｅ　外国株式インデックス（為替ヘッジなし）","アイフリーガイコクカブシキインデックスカワセヘッジナシ","内国投資信託受益証券","11月30日","","E06748","大和アセットマネジメント株式会社"
"G12208","","ｉＦｒｅｅ　ＮＹダウ・インデックス","アイフリーニューヨークダウインデックス","内国投資信託受益証券","9月7日","","E06748","大和アセットマネジメント株式会社"
"G12209","","ｉＦｒｅｅ　新興国株式インデックス","アイフリーシンコウコクカブシキインデックス","内国投資信託受益証券","7月5日","","E06748","大和アセットマネジメント株式会社"
"G12210","","ｉＦｒｅｅ　日本債券インデックス","アイフリーニホンサイケンインデックス","内国投資信託受益証券","11月30日","","E06748","大和アセットマネジメント株式会社"
"G12211","","ｉＦｒｅｅ　外国債券インデックス","アイフリーガイコクサイケンインデックス","内国投資信託受益証券","11月30日","","E06748","大和アセットマネジメント株式会社"
"G12212","","ｉＦｒｅｅ　新興国債券インデックス","アイフリーシンコウコクサイケンインデックス","内国投資信託受益証券","7月5日","","E06748","大和アセットマネジメント株式会社"
"G12213","","ｉＦｒｅｅ　Ｊ－ＲＥＩＴインデックス","アイフリージェイリートインデックス","内国投資信託受益証券","9月15日","","E06748","大和アセットマネジメント株式会社"
"G12214","","ｉＦｒｅｅ　外国ＲＥＩＴインデックス","アイフリーガイコクリートインデックス","内国投資信託受益証券","11月30日","","E06748","大和アセットマネジメント株式会社"
"G12215","","ｉＦｒｅｅ　８資産バランス","アイフリーハチシサンバランス","内国投資信託受益証券","9月7日","","E06748","大和アセットマネジメント株式会社"
"G12216","","イオン・バランス戦略ファンド","イオンバランスセンリャクファンド","内国投資信託受益証券","4月26日","","E08957","三井住友ＤＳアセットマネジメント株式会社"
"G12218","","オフショア・ストラテジー・ファンド－オーストラリア高配当株ファンド","オフショアストラテジーファンドオーストラリアコウハイトウカブファンド","外国投資信託受益証券","6月末日","","E14984","インターナショナル・マネジメント・サービシズ・リミテッド"
"G12221","","楽天グローバル株式ファンド","ラクテングローバルカブシキファンド","内国投資信託受益証券","9月10日","","E15787","楽天投信投資顧問株式会社"
"G12222","","楽天エマージング株式ファンド","ラクテンエマージングカブシキファンド","内国投資信託受益証券","9月10日","","E15787","楽天投信投資顧問株式会社"
"G12223","","楽天・世界債券（為替ヘッジ付）ファンド","ラクテンセカイサイケンカワセヘッジツキファンド","内国投資信託受益証券","9月10日","","E15787","楽天投信投資顧問株式会社"
"G12224","","むさしのコア投資ファンド（安定型）／むさしのコア投資ファンド（成長型）","ムサシノコアトウシファンドアンテイガタ　ムサシノコアトウシファンドセイチョウガタ","内国投資信託受益証券","7月10日","","E31678","ちばぎんアセットマネジメント株式会社"
"G12225","","マニュライフ・ストラテジック・インカム・ファンド（為替ヘッジあり）＜ラップ＞、マニュライフ・ストラテジック・インカム・ファンド（為替ヘッジなし）＜ラップ＞","マニュライフストラテジックインカムファンドカワセヘッジアリラップ　マニュライフストラテジックインカムファンドカワセヘッジナシラップ","内国投資信託受益証券","9月15日","","E30703","マニュライフ・インベストメント・マネジメント株式会社"
"G12226","","グローバル・ハイクオリティ成長株式ファンド（限定為替ヘッジ）、グローバル・ハイクオリティ成長株式ファンド（為替ヘッジなし）","グローバルハイクオリティセイチョウカブシキファンドゲンテイカワセヘッジ　グローバルハイクオリティセイチョウカブシキファンドカワセヘッジナシ","内国投資信託受益証券","9月6日","","E10677","アセットマネジメントＯｎｅ株式会社"
"G12227","","ニッセイＲＯＥフォーカス先進国株式ファンド（３ヵ月決算型・為替ヘッジあり）／ニッセイＲＯＥフォーカス先進国株式ファンド（３ヵ月決算型・為替ヘッジなし）","ニッセイアールオーイーフォーカスセンシンコクカブシキファンドサンカゲツケッサンガタカワセヘッジアリ　ニッセイアールオーイーフォーカスセンシンコクカブシキファンドサンカゲツケッサンガタカワセヘッジナシ","内国投資信託受益証券","3月20日","9月20日","E12453","ニッセイアセットマネジメント株式会社"
"G12228","","フィデリティ・Ｊリート・アクティブ・ファンド（資産成長型）","フィデリティジェイリートアクティブファンドシサンセイチョウガタ","内国投資信託受益証券","10月24日","","E12481","フィデリティ投信株式会社"
"G12229","","ＢＮＹメロン・リアル・リターン・ファンド（ＳＭＡ向け）（為替ヘッジあり）","ビーエヌワイメロンリアルリターンファンドエスエムエームケカワセヘッジアリ","内国投資信託受益証券","3月17日","","E13343","ＢＮＹメロン・インベストメント・マネジメント・ジャパン株式会社"
"G12230","","三井住友・ＤＣ外国リートインデックスファンド","ミツイスミトモディーシーガイコクリートインデックスファンド","内国投資信託受益証券","2月25日","","E08957","三井住友ＤＳアセットマネジメント株式会社"
"G12231","","三井住友・ＤＣ日本リートインデックスファンド","ミツイスミトモディーシーニホンリートインデックスファンド","内国投資信託受益証券","2月25日","","E08957","三井住友ＤＳアセットマネジメント株式会社"
"G12233","","日系企業海外債券オープン（為替ヘッジあり）（ＳＭＡ専用）","ニッケイキギョウカイガイサイケンオープンカワセヘッジアリエスエムエーセンヨウ","内国投資信託受益証券","10月30日","","E08957","三井住友ＤＳアセットマネジメント株式会社"
"G12236","","トヨタモータークレジット／トヨタグループ債券ファンド","トヨタモータークレジットトヨタグループサイケンファンド","内国投資信託受益証券","5月13日","11月13日","E08957","三井住友ＤＳアセットマネジメント株式会社"
"G12237","","ひふみ年金","ヒフミネンキン","内国投資信託受益証券","9月末日","","E21671","レオス・キャピタルワークス株式会社"
"G12238","","ＤＣ米国連続増配成長株オープン","ディーシーベイコクレンゾクゾウハイセイチョウカブオープン","内国投資信託受益証券","9月26日","","E12441","ＳＢＩ岡三アセットマネジメント株式会社"
"G12239","","ニッセイ／ＭＦＳ外国株低ボラティリティ運用ファンド","ニッセイエムエフエスガイコクカブテイボラティリティウンヨウファンド","内国投資信託受益証券","12月8日","","E12453","ニッセイアセットマネジメント株式会社"
"G12240","","東京海上・日経２２５インデックスファンド","トウキョウカイジョウニッケイニーニーゴインデックスファンド","内国投資信託受益証券","8月6日","","E06433","東京海上アセットマネジメント株式会社"
"G12242","","ＤＣ日本連続増配成長株オープン","ディーシーニホンレンゾクゾウハイセイチョウカブオープン","内国投資信託受益証券","12月15日","","E12441","ＳＢＩ岡三アセットマネジメント株式会社"
"G12243","","ＤＣ日本Ｊリートオープン","ディーシーニホンジェイリートオープン","内国投資信託受益証券","11月20日","","E12441","ＳＢＩ岡三アセットマネジメント株式会社"
"G12244","","楽天ターゲットイヤー２０３０／楽天ターゲットイヤー２０４０／楽天ターゲットイヤー２０５０","ラクテンターゲットイヤーニセンサンジュウ　ラクテンターゲットイヤーニセンヨンジュウ　ラクテンターゲットイヤーニセンゴジュウ","内国投資信託受益証券","9月20日","","E15787","楽天投信投資顧問株式会社"
"G12246","","パッシム・トラスト　‐　シリーズ２０１６日経２２５ファンド","パッシムトラストシリーズニセンジュウロクニッケイニニゴファンド","外国投資信託受益証券","6月末日","","E30829","Ｊ．Ｐ．モルガン・マンサール・マネジメント・リミテッド"
"G12247","","フィデリティ・日本配当成長株・ファンド（資産成長型）","フィデリティニホンハイトウセイチョウカブファンドシサンセイチョウガタ","内国投資信託受益証券","7月10日","","E12481","フィデリティ投信株式会社"
"G12248","","ＢＮＹメロン・日本株式ダイナミック戦略ファンド","ビーエヌワイメロンニッポンカブシキダイナミックセンリャクファンド","内国投資信託受益証券","1月14日","","E13343","ＢＮＹメロン・インベストメント・マネジメント・ジャパン株式会社"
"G12249","","東京海上・グローバルヘルスケアＲＥＩＴオープン（為替ヘッジあり）（毎月決算型）","トウキョウカイジョウグローバルヘルスケアリートオープンカワセヘッジアリマイツキケッサンガタ","内国投資信託受益証券","4月18日","10月18日","E06433","東京海上アセットマネジメント株式会社"
"G12250","","東京海上・グローバルヘルスケアＲＥＩＴオープン（為替ヘッジあり）（年１回決算型）","トウキョウカイジョウグローバルヘルスケアリートオープンカワセヘッジアリネンイッカイケッサンガタ","内国投資信託受益証券","10月18日","","E06433","東京海上アセットマネジメント株式会社"
"G12251","","ダイワ世界有力企業外債ファンド（為替ヘッジあり／部分為替ヘッジあり）２０１６－１０","ダイワセカイユウリョクキギョウガイサイファンドカワセヘッジアリブブンカワセヘッジアリニセンジュウロクジュウ","内国投資信託受益証券","3月10日","9月10日","E06748","大和アセットマネジメント株式会社"
"G12252","","ダイワ米国投資法人債ファンド（為替ヘッジあり）２０１６－１０","ダイワベイコクトウシホウジンサイファンドカワセヘッジアリニゼンジュウロクジュウ","内国投資信託受益証券","3月5日","9月5日","E06748","大和アセットマネジメント株式会社"
"G12253","","ロボット・テクノロジー関連株ファンド　－ロボテック－（為替ヘッジあり）","ロボットテクノロジーカンレンカブファンドロボテックカワセヘッジアリ","内国投資信託受益証券","3月13日","9月13日","E06748","大和アセットマネジメント株式会社"
"G12254","","ロボット・テクノロジー関連株ファンド（年１回決算型）　－ロボテック（年１回）－（為替ヘッジあり）","ロボットテクノロジーカンレンカブファンドネンイッカイケッサンガタロボテックネンイッカイカワセヘッジアリ","内国投資信託受益証券","9月13日","","E06748","大和アセットマネジメント株式会社"
"G12255","","優先リート・オープン（為替ヘッジあり）","ユウセンリートオープンカワセヘッジアリ","内国投資信託受益証券","3月22日","9月22日","E06748","大和アセットマネジメント株式会社"
"G12261","","みのりの投信（確定拠出年金専用）","ミノリノトウシン　カクテイキョシュツネンキンセンヨウ","内国投資信託受益証券","3月末日","","E27426","株式会社ポートフォリア"
"G12262","","たわらノーロード　先進国株式＜為替ヘッジあり＞","タワラノーロードセンシンコクカブシキカワセヘッジアリ","内国投資信託受益証券","10月12日","","E10677","アセットマネジメントＯｎｅ株式会社"
"G12263","","野村ファンドラップ債券プレミア","ノムラファンドラップサイケンプレミア","内国投資信託受益証券","1月20日","7月20日","E12460","野村アセットマネジメント株式会社"
"G12264","","野村ファンドラップＲＥＩＴプレミア　Ａコース、野村ファンドラップＲＥＩＴプレミア　Ｂコース","ノムラファンドラップリートプレミアエーコース　ノムラファンドラップリートプレミアビーコース","内国投資信託受益証券","1月20日","7月20日","E12460","野村アセットマネジメント株式会社"
"G12265","","野村ファンドラップオルタナティブプレミア","ノムラファンドラップオルタナティブプレミア","内国投資信託受益証券","1月20日","7月20日","E12460","野村アセットマネジメント株式会社"
"G12266","","たわらノーロード　先進国債券＜為替ヘッジあり＞","タワラノーロードセンシンコクサイケンカワセヘッジアリ","内国投資信託受益証券","10月12日","","E10677","アセットマネジメントＯｎｅ株式会社"
"G12268","","ファンドラップ（ウエルス・スクエア）日本株式","ファンドラップウエルススクエアニホンカブシキ","内国投資信託受益証券","3月29日","","E12460","野村アセットマネジメント株式会社"
"G12269","","ファンドラップ（ウエルス・スクエア）外国株式","ファンドラップウエルススクエアガイコクカブシキ","内国投資信託受益証券","3月29日","","E12460","野村アセットマネジメント株式会社"
"G12270","","ファンドラップ（ウエルス・スクエア）債券・安定型","ファンドラップウエルススクエアサイケンアンテイガタ","内国投資信託受益証券","3月29日","","E12460","野村アセットマネジメント株式会社"
"G12271","","ファンドラップ（ウエルス・スクエア）債券・成長型","ファンドラップウエルススクエアサイケンセイチョウガタ","内国投資信託受益証券","3月29日","","E12460","野村アセットマネジメント株式会社"
"G12272","","ファンドラップ（ウエルス・スクエア）外国債券","ファンドラップウエルススクエアガイコクサイケン","内国投資信託受益証券","3月29日","","E12460","野村アセットマネジメント株式会社"
"G12273","","ファンドラップ（ウエルス・スクエア）ＲＥＩＴ","ファンドラップウエルススクエアリート","内国投資信託受益証券","3月29日","","E12460","野村アセットマネジメント株式会社"
"G12274","","ファンドラップ（ウエルス・スクエア）オルタナティブ","ファンドラップウエルススクエアオルタナティブ","内国投資信託受益証券","3月29日","","E12460","野村アセットマネジメント株式会社"
"G12276","92820","いちごグリーンインフラ投資法人","イチゴグリーンインフラトウシホウジン","内国投資証券","6月末日","","E32725","いちごグリーンインフラ投資法人"
"G12277","","ＹＭアセット・好配当日本株ファンド","ワイエムアセットコウハイトウニホンカブファンド","内国投資信託受益証券","11月1日","","E32437","ワイエムアセットマネジメント株式会社"
"G12278","","ＳＯＭＰＯ外国株式アクティブバリューファンド（リスク抑制型）","ソンポガイコクカブシキアクティブバリューファンドリスクヨクセイガタ","内国投資信託受益証券","11月5日","","E12434","ＳＯＭＰＯアセットマネジメント株式会社"
"G12279","","好循環社会促進日本株ファンド","コウジュンカンシャカイソクシンニホンカブファンド","内国投資信託受益証券","11月5日","","E12434","ＳＯＭＰＯアセットマネジメント株式会社"
"G12280","","ＳＯＭＰＯ日本株バリュー・プラスファンド","ソンポニホンカブバリュープラスファンド","内国投資信託受益証券","9月6日","","E12434","ＳＯＭＰＯアセットマネジメント株式会社"
"G12281","","ＳＯＭＰＯ　Ｊリートファンド","ソンポ　ジェイリートファンド","内国投資信託受益証券","11月5日","","E12434","ＳＯＭＰＯアセットマネジメント株式会社"
"G12282","","ＳＯＭＰＯターゲットイヤー・ファンド２０５５　ＳＯＭＰＯターゲットイヤー・ファンド２０４５　ＳＯＭＰＯターゲットイヤー・ファンド２０３５","ソンポターゲットイヤーファンドニイゼロゴウゴウ　ソンポターゲットイヤーファンドニイゼロヨンゴウ　ソンポターゲットイヤーファンドニイゼロサンゴウ","内国投資信託受益証券","11月2日","","E12434","ＳＯＭＰＯアセットマネジメント株式会社"
"G12285","","マニュライフ・カナダ・リート・ファンド　Ａコース（為替ヘッジあり・毎月）、マニュライフ・カナダ・リート・ファンド　Ｂコース（為替ヘッジなし・毎月）、マニュライフ・カナダ・リート・ファンド　Ｃコース（為替ヘッジあり・年２回）、マニュライフ・カナダ・リート・ファンド　Ｄコース（為替ヘッジなし・年２回）","マニュライフカナダリートファンドエイコースカワセヘッジアリマイツキ　マニュライフカナダリートファンドビーコースカワセヘッジナシマイツキ　マニュライフカナダリートファンドシーコースカワセヘッジアリネンニカイ　マニュライフカナダリートファンドディーコースカワセヘッジナシネンニカイ","内国投資信託受益証券","5月25日","11月25日","E30703","マニュライフ・インベストメント・マネジメント株式会社"
"G12286","","ＪＰ日米バランスファンド","ジェイピーニチベイバランスファンド","内国投資信託受益証券","2月15日","8月15日","E32151","ゆうちょアセットマネジメント株式会社"
"G12288","","ＵＢＳユニバーサル・トラスト（ケイマン）Ⅲ－米国・地方公共事業債ファンド","ユービーエスユニバーサルトラストケイマンスリーベイコクチホウコウキョウジギョウサイファンド","外国投資信託受益証券","11月末日","","E15389","ＵＢＳマネジメント（ケイマン）リミテッド"
"G12289","","ＤＣニッセイＪ－ＲＥＩＴインデックスファンドＡ","ディーシーニッセイジェイリートインデックスファンドエー","内国投資信託受益証券","5月12日","","E12453","ニッセイアセットマネジメント株式会社"
"G12290","","ＤＣニッセイ日経２２５インデックスファンドＡ","ディーシーニッセイニッケイニーニーゴインデックスファンドエー","内国投資信託受益証券","2月15日","","E12453","ニッセイアセットマネジメント株式会社"
"G12292","","世界株配当収益追求ファンド（価格変動抑制型）","セカイカブハイトウシュウエキツイキュウファンドカカクヘンドウヨクセイガタ","内国投資信託受益証券","2月15日","8月15日","E10677","アセットマネジメントＯｎｅ株式会社"
"G12293","","日本配当追求株ファンド（価格変動抑制型）","ニホンハイトウツイキュウカブファンドカカクヘンドウヨクセイガタ","内国投資信託受益証券","2月15日","8月15日","E11518","三菱ＵＦＪアセットマネジメント株式会社"
"G12294","","新興国通貨建て世界銀行債券オープン","シンコウコクツウカダテセカイギンコウサイケンオープン","内国投資信託受益証券","3月6日","9月6日","E11518","三菱ＵＦＪアセットマネジメント株式会社"
"G12295","14880","ｉＦｒｅｅＥＴＦ　東証ＲＥＩＴ指数","アイフリーイーティーエフトウショウリートシスウ","内国投資信託受益証券","3月4日","9月4日","E06748","大和アセットマネジメント株式会社"
"G12297","","時間分散型バランスファンド（安定指向）２０１６－１１","ジカンブンサンガタバランスファンド　アンテイシコウ　ニーゼロイチロク　イチイチ","内国投資信託受益証券","7月17日","","E12430","アモーヴァ・アセットマネジメント株式会社"
"G12299","","リスク抑制世界８資産バランスファンド","リスクヨクセイセカイハチシサンバランスファンド","内国投資信託受益証券","1月11日","7月11日","E10677","アセットマネジメントＯｎｅ株式会社"
"G12304","","ＤＣニッセイ日経２２５インデックスファンドＢ","ディーシーニッセイニッケイニーニーゴインデックスファンドビー","内国投資信託受益証券","2月15日","","E12453","ニッセイアセットマネジメント株式会社"
"G12305","","ＤＣニッセイＪ－ＲＥＩＴインデックスファンドＢ","ディーシーニッセイジェイリートインデックスファンドビー","内国投資信託受益証券","5月12日","","E12453","ニッセイアセットマネジメント株式会社"
"G12306","","三井住友ＤＳ・ＤＣターゲットイヤーファンド２０３５／２０４０／２０４５／２０５０／２０５５／２０６０／２０６５／２０７０","ミツイスミトモディーエスディーシーターゲットイヤーファンドニイゼロサンゴニイゼロヨンゼロニイゼロヨンゴニイゼロゴゼロニイゼロゴゴニイゼロロクゼロニイゼロロクゴニイゼロナナゼロ","内国投資信託受益証券","4月26日","","E08957","三井住友ＤＳアセットマネジメント株式会社"
"G12307","","ダイワ・グローバル金融機関（Ｇ－ＳＩＢｓ）債券ファンド２０１６－１１","ダイワグローバルキンユウキカンジーシブズサイケンファンドニセンジュウロクイチイチ","内国投資信託受益証券","3月10日","9月10日","E06748","大和アセットマネジメント株式会社"
"G12308","34760","投資法人みらい","トウシホウジンミライ","内国投資証券","10月末日","4月末日","E32744","投資法人みらい"
"G12311","","米国バリュー・ストラテジー・ファンド　Ａコース、米国バリュー・ストラテジー・ファンド　Ｂコース","ベイコクバリューストラテジーファンドエーコース　ベイコクバリューストラテジーファンドビーコース","内国投資信託受益証券","4月27日","10月27日","E12460","野村アセットマネジメント株式会社"
"G12314","","ニッセイＡＩ関連株式ファンド（為替ヘッジあり）／ニッセイＡＩ関連株式ファンド（為替ヘッジなし）","ニッセイエーアイカンレンカブシキファンドカワセヘッジアリ　ニッセイエーアイカンレンカブシキファンドカワセヘッジナシ","内国投資信託受益証券","10月25日","","E12453","ニッセイアセットマネジメント株式会社"
"G12316","","ＵＳテクノロジー・イノベーターズ・ファンド（為替ヘッジあり）","ユーエステクノロジーイノベーターズファンドカワセヘッジアリ","内国投資信託受益証券","2月26日","","E08957","三井住友ＤＳアセットマネジメント株式会社"
"G12318","","りそな・ストラテジック・インカムファンド２０１６－１２（為替ヘッジあり）、りそな・ストラテジック・インカムファンド２０１６－１２（為替ヘッジなし）","リソナストラテジックインカムファンドニセンジュウロクノジュウニカワセヘッジアリ　リソナストラテジックインカムファンドニセンジュウロクノジュウニカワセヘッジナシ","内国投資信託受益証券","3月12日","9月12日","E08957","三井住友ＤＳアセットマネジメント株式会社"
"G12320","","ニッセイ日経平均インデックスファンド＜購入・換金手数料なし＞","ニッセイニッケイヘイキンインデックスファンドコウニュウカンキンテスウリョウナシ","内国投資信託受益証券","2月15日","","E12453","ニッセイアセットマネジメント株式会社"
"G12321","","新生・ワールドラップ・セレクト","シンセイ　ワールドラップ　セレクト","内国投資信託受益証券","8月13日","","E13447","ＳＢＩアセットマネジメント株式会社"
"G12322","","ベトナム・ロータス・ファンド","ベトナムロータスファンド","内国投資信託受益証券","1月19日","","E27917","ファイブスター投信投資顧問株式会社"
"G12325","","フィデリティ世界医療機器関連株ファンド（為替ヘッジあり）　フィデリティ世界医療機器関連株ファンド（為替ヘッジなし）","フィデリティセカイイリョウキキカンレンカブファンドカワセヘッジアリ　フィデリティセカイイリョウキキカンレンカブファンドカワセヘッジナシ","内国投資信託受益証券","6月15日","12月15日","E12481","フィデリティ投信株式会社"
"G12328","","世界中小型株式ファンド","セカイチュウコガタカブシキファンド","内国投資信託受益証券","11月24日","","E10677","アセットマネジメントＯｎｅ株式会社"
"G12332","","グローバル・ヘルスケア＆バイオ・ファンド（為替ヘッジあり）","グローバルヘルスケアアンドバイオファンドカワセヘッジアリ","内国投資信託受益証券","2月27日","8月27日","E11518","三菱ＵＦＪアセットマネジメント株式会社"
"G12333","","ＰａｙＰａｙ投信ＡＩプラス","ペイペイトウシンエーアイプラス","内国投資信託受益証券","5月10日","11月10日","E10677","アセットマネジメントＯｎｅ株式会社"
"G12334","","楽天日本新興市場株ダブル・ブル","ラクテンニホンシンコウシジョウカブダブルブル","内国投資信託受益証券","11月10日","","E15787","楽天投信投資顧問株式会社"
"G12337","","グローバル・フィンテック株式ファンド","グローバル　フィンテックカブシキファンド","内国投資信託受益証券","12月7日","","E12430","アモーヴァ・アセットマネジメント株式会社"
"G12345","","ブラックロック・ＢＥＳＴ（為替ヘッジあり／年２回決算型）","ブラックロックベスト　カワセヘッジアリ　ネンニカイケッサン","内国投資信託受益証券","6月15日","12月15日","E09096","ブラックロック・ジャパン株式会社"
"G12347","","日本厳選中小型株ファンド","ニホンゲンセンチュウコガタカブファンド","内国投資信託受益証券","12月7日","","E10677","アセットマネジメントＯｎｅ株式会社"
"G12349","","ドイチェ・ＥＴＦアロケーション・ファンド（安定型）／（成長型）","ドイチェイーティーエフアロケーションファンドアンテイガタ　セイチョウガタ","内国投資信託受益証券","10月7日","","E06458","ドイチェ・アセット・マネジメント株式会社"
"G12352","","次世代米国代表株ファンド（為替ヘッジあり）","ジセダイベイコクダイヒョウカブファンドカワセヘッジアリ","内国投資信託受益証券","3月7日","9月7日","E11518","三菱ＵＦＪアセットマネジメント株式会社"
"G12356","","ノーロード明治安田社債アクティブ","ノーロードメイジヤスダシャサイアクティブ","内国投資信託受益証券","4月26日","","E12448","明治安田アセットマネジメント株式会社"
"G12357","","ノーロード明治安田Ｊ－ＲＥＩＴアクティブ","ノーロードメイジヤスダジェイリートアクティブ","内国投資信託受益証券","6月18日","","E12448","明治安田アセットマネジメント株式会社"
"G12358","","ノーロード明治安田円資産バランス","ノーロードメイジヤスダエンシサンバランス","内国投資信託受益証券","12月18日","","E12448","明治安田アセットマネジメント株式会社"
"G12359","","ノーロード明治安田５資産バランス（安定コース）／（安定成長コース）／（積極コース）","ノーロードメイジヤスダゴシサンバランス　アンテイコース　アンテイセイチョウコース　セッキョクコース","内国投資信託受益証券","12月18日","","E12448","明治安田アセットマネジメント株式会社"
"G12360","","パッシム・トラスト　－　豪ドル建て償還時ターゲット債券ファンド２０１６１２","パッシムトラストゴウドルダテショウカンジターゲットサイケンファンドニセンジュウロクジュウニ","外国投資信託受益証券","6月末日","","E30829","Ｊ．Ｐ．モルガン・マンサール・マネジメント・リミテッド"
"G12361","","スイス・グローバル・リーダー・ファンド（為替ヘッジあり）","スイスグローバルリーダーファンド　カワセヘッジアリ","内国投資信託受益証券","6月4日","12月4日","E12434","ＳＯＭＰＯアセットマネジメント株式会社"
"G12362","","ニッセイ米国不動産投資法人債ファンド（毎月決算型・為替ヘッジあり）／ニッセイ米国不動産投資法人債ファンド（毎月決算型・為替ヘッジなし）","ニッセイベイコクフドウサントウシホウジンサイファンドマイツキケッサンガタカワセヘッジアリ　ニッセイベイコクフドウサントウシホウジンサイファンドマイツキケッサンガタカワセヘッジナシ","内国投資信託受益証券","3月15日","9月15日","E12453","ニッセイアセットマネジメント株式会社"
"G12363","","ニッセイ米国不動産投資法人債ファンド（年２回決算型・為替ヘッジあり）／ニッセイ米国不動産投資法人債ファンド（年２回決算型・為替ヘッジなし）","ニッセイベイコクフドウサントウシホウジンサイファンドネンニカイケッサンガタカワセヘッジアリ　ニッセイベイコクフドウサントウシホウジンサイファンドネンニカイケッサンガタカワセヘッジナシ","内国投資信託受益証券","3月15日","9月15日","E12453","ニッセイアセットマネジメント株式会社"
"G12364","","ＪＰＭ日本ＣＢファンド／ＪＰＭ日本ＣＢファンド（米ドル投資型）","ジェイピーエムニホンシービーファンド　ジェイピーエムニホンシービーファンドベイドルトウシガタ","内国投資信託受益証券","1月12日","7月12日","E06264","ＪＰモルガン・アセット・マネジメント株式会社"
"G12365","","ダイワ日本企業外債ファンドＳ（為替ヘッジあり／部分為替ヘッジあり）２０１６‐１２","ダイワニホンキギョウガイサイファンドエスカワセヘッジアリブブンカワセヘッジアリニセンジュウロクイチニ","内国投資信託受益証券","3月10日","9月10日","E06748","大和アセットマネジメント株式会社"
"G12366","","ワールドアセットバランス（基本コース）、ワールドアセットバランス（リスク抑制コース）","ワールドアセットバランスキホンコース　ワールドアセットバランスリスクヨクセイコース","内国投資信託受益証券","6月11日","12月11日","E10677","アセットマネジメントＯｎｅ株式会社"
"G12368","","債券コア・セレクション","サイケンコア　セレクション","内国投資信託受益証券","7月10日","","E12444","三井住友トラスト・アセットマネジメント株式会社"
"G12369","","日本再生可能エネルギーインフラ投資法人","ニホンサイセイカノウエネルギーインフラトウシホウジン","内国投資証券","1月末日","7月末日","E32867","日本再生可能エネルギーインフラ投資法人"
"G12372","","森トラスト・ホテルリート投資法人","モリトラストホテルリートトウシホウジン","内国投資証券","2月末日","8月末日","E13771","森トラストリート投資法人"
"G12373","","ベトナム株ファンド","ベトナムカブファンド","内国投資信託受益証券","5月24日","11月24日","E06748","大和アセットマネジメント株式会社"
"G12376","","ＦＷ専用ファンド（スタンダードコース）","エフダブリューセンヨウファンド　スタンダードコース","内国投資信託受益証券","12月10日","","E32011","りそなアセットマネジメント株式会社"
"G12377","","ＦＷ専用ファンド（プレミアムコース）","エフダブリューセンヨウファンド　プレミアムコース","内国投資信託受益証券","9月20日","","E32011","りそなアセットマネジメント株式会社"
"G12378","","おまかせ運用グロース・ファンド（世界の株式中心）","オマカセウンヨウグロース　ファンド　セカイノカブシキチュウシン","内国投資信託受益証券","1月31日","","E32909","株式会社お金のデザイン"
"G12379","","おまかせ運用インカム・ファンド（世界の債券中心）","オマカセウンヨウインカム　ファンド　セカイノサイケンチュウシン","内国投資信託受益証券","1月31日","","E32909","株式会社お金のデザイン"
"G12380","","おまかせ運用インフレヘッジ・ファンド（世界の実物資産中心）","オマカセウンヨウインフレヘッジ　ファンド　セカイノジツブツシサンチュウシン","内国投資信託受益証券","1月31日","","E32909","株式会社お金のデザイン"
"G12381","","ピクテ・バイオ医薬品ファンド（１年決算型）為替ヘッジなしコース","ピクテバイオイヤクヒンファンドイチネンケッサンガタカワセヘッジナシコース","内国投資信託受益証券","4月13日","","E10439","ピクテ・ジャパン株式会社"
"G12382","","ＵＳバイオ・ベンチャー（限定追加型）","ユーエスバイオベンチャー　ゲンテイツイカガタ","内国投資信託受益証券","2月9日","","E27736","ベイビュー・アセット・マネジメント株式会社"
"G12383","","ダイワ・グローバル金融機関（Ｇ－ＳＩＢｓ）債券ファンド（為替ヘッジあり）２０１７－０１","ダイワグローバルキンユウキカンジーシブズサイケンファンドカワセヘッジアリニセンジュウナナゼロイチ","内国投資信託受益証券","3月10日","9月10日","E06748","大和アセットマネジメント株式会社"
"G12385","","野村インデックスファンド・米国株式配当貴族","ノムラインデックスファンドベイコクカブシキハイトウキゾク","内国投資信託受益証券","4月22日","","E12460","野村アセットマネジメント株式会社"
"G12386","","野村インデックスファンド・米国株式配当貴族・為替ヘッジ型","ノムラインデックスファンドベイコクカブシキハイトウキゾクカワセヘッジガタ","内国投資信託受益証券","4月22日","","E12460","野村アセットマネジメント株式会社"
"G12387","","インデックス・ブレンド（タイプⅠ）、インデックス・ブレンド（タイプⅡ）、インデックス・ブレンド（タイプⅢ）、インデックス・ブレンド（タイプⅣ）、インデックス・ブレンド（タイプⅤ）","インデックスブレンドタイプワン　インデックスブレンドタイプツー　インデックスブレンドタイプスリー　インデックスブレンドタイプフォー　インデックスブレンドタイプファイブ","内国投資信託受益証券","4月22日","","E12460","野村アセットマネジメント株式会社"
"G12388","","ＵＳ株主還元ファンド（為替ヘッジあり・年１回決算型）","ユーエスカブヌシカンゲンファンドカワセヘッジアリネンイッカイケッサンガタ","内国投資信託受益証券","4月15日","","E30703","マニュライフ・インベストメント・マネジメント株式会社"
"G12389","","ＵＳ株主還元ファンド（為替ヘッジあり・年４回決算型）","ユーエスカブヌシカンゲンファンドカワセヘッジアリネンヨンカイケッサンガタ","内国投資信託受益証券","4月15日","10月15日","E30703","マニュライフ・インベストメント・マネジメント株式会社"
"G12392","","アドバンテージ日本株式ファンド","アドバンテージニホンカブシキファンド","内国投資信託受益証券","1月26日","","E14714","キャピタル　アセットマネジメント株式会社"
"G12394","","ＨＳＢＣインド債券オープン（毎月決算型）","エイチエスビーシーインドサイケンオープンマイツキケッサンガタ","内国投資信託受益証券","5月15日","11月15日","E12492","ＨＳＢＣアセットマネジメント株式会社"
"G12395","","ビッグデータ活用　日本中小型株式ファンド","ビッグデータカツヨウ　ニホンチュウコガタカブシキファンド","内国投資信託受益証券","1月22日","","E10677","アセットマネジメントＯｎｅ株式会社"
"G12396","","ダイワファンドラップオンライン　インデックス・シリーズ","ダイワファンドラップオンラインインデックスシリーズ","内国投資信託受益証券","11月30日","","E06748","大和アセットマネジメント株式会社"
"G12397","","オーストラリア・アジアＲＥＩＴファンド　Ａコース（為替ヘッジなし・毎月決算型）／Ｂコース（為替ヘッジあり・毎月決算型）／Ｃコース（為替ヘッジなし・年２回決算型）／Ｄコース（為替ヘッジあり・年２回決算型）","オーストラリアアジアリートファンド　エーコース　カワセヘッジナシマイツキケッサンガタ　ビーコース　カワセヘッジアリマイツキケッサンガタ　シーコース　カワセヘッジナシネンニカイケッサンガタ　ディーコース　カワセヘッジアリネンニカイケッサンガタ","内国投資信託受益証券","4月14日","10月14日","E31678","ちばぎんアセットマネジメント株式会社"
"G12398","","グローバル・ロボティクス株式ファンド（為替ヘッジあり・１年決算型）","グローバル　ロボティクスカブシキファンド　カワセヘッジアリ　イチネンケッサンガタ","内国投資信託受益証券","7月20日","","E12430","アモーヴァ・アセットマネジメント株式会社"
"G12399","","グローバル・ロボティクス株式ファンド（為替ヘッジあり・年２回決算型）","グローバル　ロボティクスカブシキファンド　カワセヘッジアリ　ネンニカイケッサンガタ","内国投資信託受益証券","1月20日","7月20日","E12430","アモーヴァ・アセットマネジメント株式会社"
"G12400","","ヘッジファンドＳＭＴＢセレクション（ＳＭＡ専用）","ヘッジファンド　エスエムティービー　セレクション　エスエムエーセンヨウ","内国投資信託受益証券","7月10日","","E12444","三井住友トラスト・アセットマネジメント株式会社"
"G12401","","ワールド・リート・オープン（毎月決算型）為替ヘッジあり","ワールドリートオープンマイツキケッサンガタカワセヘッジアリ","内国投資信託受益証券","6月10日","12月10日","E11518","三菱ＵＦＪアセットマネジメント株式会社"
"G12402","","スマート・クオリティ・オープン・ゴールド（安定型）、スマート・クオリティ・オープン・ゴールド（安定成長型）、スマート・クオリティ・オープン・ゴールド（成長型）","スマートクオリティオープンゴールドアンテイガタスマートクオリティオープンゴールドアンテイセイチョウガタスマートクオリティオープンゴールドセイチョウガタ","内国投資信託受益証券","6月13日","12月13日","E11518","三菱ＵＦＪアセットマネジメント株式会社"
"G12404","","米国インフラ・ビルダー株式ファンド（為替ヘッジあり／為替ヘッジなし）","ベイコクインフラビルダーカブシキファンドカワセヘッジアリカワセヘッジナシ","内国投資信託受益証券","1月13日","7月13日","E06748","大和アセットマネジメント株式会社"
"G12406","","ステート・ストリート米国社債インデックス・オープン（為替ヘッジあり）","ステートストリートベイコクシャサイインデックスオープンカワセヘッジアリ","内国投資信託受益証券","1月10日","","E12963","ステート・ストリート・グローバル・アドバイザーズ株式会社"
"G12407","","新・ミューズニッチ米国ＢＤＣファンド（為替ヘッジなし・毎月分配型）、（為替ヘッジなし・年２回決算型）、（為替ヘッジあり・毎月分配型）、（為替ヘッジあり・年２回決算型）","シン　ミューズニッチベイコクビーディーシーファンド　カワセヘッジナシ　マイツキブンパイガタ　　　カワセヘッジナシ　ネンニカイケッサンガタ　　　カワセヘッジアリ　マイツキブンパイガタ　　　カワセヘッジアリ　ネンニカイケッサンガタ","内国投資信託受益証券","5月20日","11月20日","E12430","アモーヴァ・アセットマネジメント株式会社"
"G12408","","三菱ＵＦＪ　先進国高金利債券ファンド（年１回決算型）","ミツビシユーエフジェイセンシンコクコウキンリサイケンファンドネンイッカイケッサンガタ","内国投資信託受益証券","4月20日","","E11518","三菱ＵＦＪアセットマネジメント株式会社"
"G12415","","時間分散型バランスファンド（安定指向）２０１７－０２","ジカンブンサンガタバランスファンド　アンテイシコウ　ニーゼロイチナナ　ゼロニ","内国投資信託受益証券","7月17日","","E12430","アモーヴァ・アセットマネジメント株式会社"
"G12417","","ＡＩ日本株式オープン（絶対収益追求型）","エーアイニホンカブシキオープンゼッタイシュウエキツイキュウガタ","内国投資信託受益証券","1月31日","7月31日","E11518","三菱ＵＦＪアセットマネジメント株式会社"
"G12418","","オーストラリアリートファンド（毎月分配型）","オーストラリアリートファンド　マイツキブンパイガタ","内国投資信託受益証券","2月20日","8月20日","E26704","カレラアセットマネジメント株式会社"
"G12421","","ダイワ高格付日本企業外債ファンド（為替ヘッジあり／部分為替ヘッジあり）２０１７‐０２","ダイワコウカクヅケニホンキギョウガイサイファンドカワセヘッジアリブブンカワセヘッジアリニセンジュウナナゼロニ","内国投資信託受益証券","3月10日","9月10日","E06748","大和アセットマネジメント株式会社"
"G12424","","米国インフラ関連株式ファンド＜為替ヘッジあり＞、米国インフラ関連株式ファンド＜為替ヘッジなし＞","ベイコクインフラカンレンカブシキファンドカワセヘッジアリ　ベイコクインフラカンレンカブシキファンドカワセヘッジナシ","内国投資信託受益証券","2月16日","8月16日","E10677","アセットマネジメントＯｎｅ株式会社"
"G12426","","野村グローバルＡＩ関連株式ファンド　Ａコース、野村グローバルＡＩ関連株式ファンド　Ｂコース","ノムラグローバルエーアイカンレンカブシキファンドエーコース　ノムラグローバルエーアイカンレンカブシキファンドビーコース","内国投資信託受益証券","5月14日","11月14日","E12460","野村アセットマネジメント株式会社"
"G12427","14890","ＮＥＸＴ　ＦＵＮＤＳ　日経平均高配当株５０指数連動型上場投信","ネクストファンズニッケイヘイキンコウハイトウカブゴジュウシスウレンドウガタジョウジョウトウシン","内国投資信託受益証券","4月7日","10月7日","E12460","野村アセットマネジメント株式会社"
"G12429","","東京海上・米国政策関連株式ファンド（為替ヘッジなし）","トウキョウカイジョウベイコクセイサクカンレンカブシキファンドカワセヘッジナシ","内国投資信託受益証券","1月22日","7月22日","E06433","東京海上アセットマネジメント株式会社"
"G12430","","グローバルＡＩファンド（為替ヘッジあり）","グローバルエーアイファンドカワセヘッジアリ","内国投資信託受益証券","9月25日","","E08957","三井住友ＤＳアセットマネジメント株式会社"
"G12432","","いちよし日本好配当株＆Ｊリートファンド　資産成長型","イチヨシニホンコウハイトウカブアンドジェイリートファンド　シサンセイチョウガタ","内国投資信託受益証券","6月17日","","E30994","いちよしアセットマネジメント株式会社"
"G12433","","いちよし日本好配当株＆Ｊリートファンド　年４回決算型","イチヨシニホンコウハイトウカブアンドジェイリートファンド　ネンヨンカイケッサンガタ","内国投資信託受益証券","6月17日","12月17日","E30994","いちよしアセットマネジメント株式会社"
"G12434","","ＧＳグローバル・ビッグデータ投資戦略　Ａコース（為替ヘッジあり）／Ｂコース（為替ヘッジなし）","ジーエス　グローバル　ビッグデータ　トウシセンリャク　エーコース　カワセヘッジアリ　ビーコース　カワセヘッジナシ","内国投資信託受益証券","3月10日","","E12457","ゴールドマン・サックス・アセット・マネジメント株式会社"
"G12435","","アモーヴァ　オフショア・ファンズ　ＮＢコーポレート・ハイブリッド証券ファンド","アモーヴァオフショアファンズエヌビーコーポレートハイブリッドショウケンファンド","外国投資信託受益証券","2月末日","","E27078","アモーヴァＡＭ・グローバルケイマンリミテッド"
"G12437","","世界コーポレート・ハイブリッド証券ファンド２０１７－０３","セカイコーポレートハイブリッドショウケンファンドニイゼロイチナナゼロサン","内国投資信託受益証券","2月20日","8月20日","E08957","三井住友ＤＳアセットマネジメント株式会社"
"G12439","","米国短期社債戦略ファンド２０１７－０３（為替ヘッジあり）","ベイコクタンキシャサイセンリャクファンドニゼロイチナナゼロサンカワセヘッジアリ","内国投資信託受益証券","5月27日","11月27日","E08957","三井住友ＤＳアセットマネジメント株式会社"
"G12440","","米ドル高利回り社債ファンド２０１７－０３（為替ヘッジあり）　米ドル高利回り社債ファンド２０１７－０３（為替ヘッジなし）","ベイドルコウリマワリシャサイファンドニゼロイチナナゼロサンカワセヘッジアリ　ベイドルコウリマワリシャサイファンドニゼロイチナナゼロサンカワセヘッジナシ","内国投資信託受益証券","6月25日","12月25日","E08957","三井住友ＤＳアセットマネジメント株式会社"
"G12443","","先進国好配当株式ファンド（３ヵ月決算型）為替ヘッジあり、先進国好配当株式ファンド（年２回決算型）為替ヘッジあり","センシンコクコウハイトウカブシキファンドサンカゲツケッサンガタカワセヘッジアリセンシンコクコウハイトウカブシキファンドネンニカイケッサンガタカワセヘッジアリ","内国投資信託受益証券","5月7日","11月7日","E11518","三菱ＵＦＪアセットマネジメント株式会社"
"G12444","","ダイワＴＯＰＩＸインデックス（ダイワＳＭＡ専用）他","ダイワトピックスインデックスダイワエスエムエーセンヨウホカ","内国投資信託受益証券","6月15日","","E06748","大和アセットマネジメント株式会社"
"G12449","","ブレンドシックス","ブレンドシックス","内国投資信託受益証券","5月15日","11月15日","E31533","スカイオーシャン・アセットマネジメント株式会社"
"G12458","","ｅＭＡＸＩＳ　Ｓｌｉｍ　国内株式（ＴＯＰＩＸ）","イーマクシススリムコクナイカブシキトピックス","内国投資信託受益証券","4月25日","","E11518","三菱ＵＦＪアセットマネジメント株式会社"
"G12459","","ｅＭＡＸＩＳ　Ｓｌｉｍ　国内債券インデックス","イーマクシススリムコクナイサイケンインデクス","内国投資信託受益証券","4月25日","","E11518","三菱ＵＦＪアセットマネジメント株式会社"
"G12460","","ｅＭＡＸＩＳ　Ｓｌｉｍ　先進国株式インデックス（除く日本）","イーマクシススリムセンシンコクカブシキインデックスノゾクニホン","内国投資信託受益証券","4月25日","","E11518","三菱ＵＦＪアセットマネジメント株式会社"
"G12461","","ｅＭＡＸＩＳ　Ｓｌｉｍ　先進国債券インデックス（除く日本）","イーマクシススリムセンシンコクサイケンインデックスノゾクニホン","内国投資信託受益証券","4月25日","","E11518","三菱ＵＦＪアセットマネジメント株式会社"
"G12462","","クォンティック・トラスト‐米ドル建て償還時ターゲット債券ファンド２０１７０３","クォンティックトラストベイドルダテショウカンジターゲットサイケンファンドニマルイチナナマルサン","外国投資信託受益証券","2月末日","","E14853","ＳＭＢＣ日興インベストメント・ファンド・マネジメント・カンパニー・エス・エイ"
"G12463","","ダイワ円債セレクト","ダイワエンサイセレクト","内国投資信託受益証券","3月10日","9月10日","E06748","大和アセットマネジメント株式会社"
"G12464","14900","上場インデックスファンドＭＳＣＩ日本株高配当低ボラティリティ（βヘッジ）","ジョウジョウインデックスファンドエムエスシーアイニホンカブコウハイトウテイボラティリティ　ベータヘッジ","内国投資信託受益証券","1月8日","7月8日","E12430","アモーヴァ・アセットマネジメント株式会社"
"G12465","","グローバル・スマート・イノベーション・オープン（年２回決算型）為替ヘッジあり","グローバルスマートイノベーションオープンネンニカイケッサンガタカワセヘッジアリ","内国投資信託受益証券","6月5日","12月5日","E11518","三菱ＵＦＪアセットマネジメント株式会社"
"G12466","","グローバル・スマート・イノベーション・オープン（年１回決算型）為替ヘッジあり","グローバルスマートイノベーションオープンネンイッカイケッサンガタカワセヘッジアリ","内国投資信託受益証券","12月5日","","E11518","三菱ＵＦＪアセットマネジメント株式会社"
"G12467","","日本株＆Ｊリート　好配当フォーカスファンド（年２回決算型）","ニホンカブアンドジェイリート　コウハイトウフォーカスファンド　ネンニカイケッサンガタ","内国投資信託受益証券","6月20日","12月20日","E12444","三井住友トラスト・アセットマネジメント株式会社"
"G12470","","ブラックロックＬｉｆｅＰａｔｈファンド２０２５／２０３０／２０３５／２０４０／２０４５／２０５０／２０５５／２０６０／２０６５／２０７０","ブラックロックライフパスファンドニイゼロニイゴウニイゼロサンゼロニイゼロサンゴウニイゼロヨンゼロニイゼロヨンゴウニイゼロゴウゼロニイゼロゴウゴウニイゼロロクゼロニイゼロロクゴウニイゼロナナゼロ","内国投資信託受益証券","8月2日","","E09096","ブラックロック・ジャパン株式会社"
"G12472","","国内株式セレクション（ラップ向け）","コクナイカブシキセレクションラップムケ","内国投資信託受益証券","2月5日","","E11518","三菱ＵＦＪアセットマネジメント株式会社"
"G12473","","国内債券セレクション（ラップ向け）","コクナイサイケンセレクションラップムケ","内国投資信託受益証券","2月5日","","E11518","三菱ＵＦＪアセットマネジメント株式会社"
"G12474","","オルタナティブ資産セレクション（ラップ向け）","オルタナティブシサンセレクションラップムケ","内国投資信託受益証券","2月5日","","E11518","三菱ＵＦＪアセットマネジメント株式会社"
"G12476","","ＧＳビッグデータ・ストラテジー（米国小型株）Ａコース（為替ヘッジあり）／Ｂコース（為替ヘッジなし）","ジーエスビッグデータストラテジー　エーコース　カワセヘッジアリ　ビーコース　カワセヘッジナシ","内国投資信託受益証券","2月10日","8月10日","E12457","ゴールドマン・サックス・アセット・マネジメント株式会社"
"G12477","","ニッセイＪＰＸ日経中小型株アクティブファンド","ニッセイジェイピーエックスニッケイチュウコガタカブアクティブファンド","内国投資信託受益証券","3月25日","9月25日","E12453","ニッセイアセットマネジメント株式会社"
"G12483","","たわらノーロード　ＮＹダウ","タワラノーロードニューヨークダウ","内国投資信託受益証券","10月12日","","E10677","アセットマネジメントＯｎｅ株式会社"
"G12484","","たわらノーロード　先進国リート＜為替ヘッジあり＞","タワラノーロード　センシンコクリートカワセヘッジアリ","内国投資信託受益証券","10月12日","","E10677","アセットマネジメントＯｎｅ株式会社"
"G12485","","たわらノーロード　ＴＯＰＩＸ","タワラノーロード　トピックス","内国投資信託受益証券","10月12日","","E10677","アセットマネジメントＯｎｅ株式会社"
"G12487","","アモーヴァ　オフショア・ファンズ　ダブルライン・トータル・リターン・ファンド","アモーヴァオフショアファンズダブルライントータルリターンファンド","外国投資信託受益証券","2月末日","","E27078","アモーヴァＡＭ・グローバルケイマンリミテッド"
"G12488","","ＳＢＩ日本・アジアフィンテック株式ファンド","エスビーアイニホンアジアフィンテックカブシキファンド","内国投資信託受益証券","4月24日","","E13447","ＳＢＩアセットマネジメント株式会社"
"G12489","","ヘッジファンドセレクション（ラップ向け）","ヘッジファンドセレクションラップムケ","内国投資信託受益証券","2月5日","","E11518","三菱ＵＦＪアセットマネジメント株式会社"
"G12490","","海外株式セレクション（ラップ向け）","カイガイカブシキセレクションラップムケ","内国投資信託受益証券","2月5日","","E11518","三菱ＵＦＪアセットマネジメント株式会社"
"G12491","","海外債券セレクション（ラップ向け）","カイガイサイケンセレクションラップムケ","内国投資信託受益証券","2月5日","","E11518","三菱ＵＦＪアセットマネジメント株式会社"
"G12492","","シュローダーＹＥＮターゲット（１年決算型）","シュローダーエンターゲット　イチネンケッサンガタ","内国投資信託受益証券","4月15日","","E12586","シュローダー・インベストメント・マネジメント株式会社"
"G12493","","シュローダーＹＥＮターゲット（年２回決算型）","シュローダーエンターゲット　ネンニカイケッサンガタ","内国投資信託受益証券","4月15日","10月15日","E12586","シュローダー・インベストメント・マネジメント株式会社"
"G12494","","ＭＡＸＩＳ　ＪＰＸ　日経中小型株指数上場投信","マクシスジェーピーエックスニッケイチュウコガタカブシスウジョウジョウトウシン","内国投資信託受益証券","1月16日","7月16日","E11518","三菱ＵＦＪアセットマネジメント株式会社"
"G12496","","ダイワ日本企業外債ファンドＳ（為替ヘッジあり／部分為替ヘッジあり）２０１７ー０４","ダイワニホンキギョウガイサイファンドエスカワセヘッジアリブブンカワセヘッジアリニセンジュウナナゼロヨン","内国投資信託受益証券","3月10日","9月10日","E06748","大和アセットマネジメント株式会社"
"G12497","","グローバル自動運転関連株式ファンド（為替ヘッジあり）、グローバル自動運転関連株式ファンド（為替ヘッジなし）","グローバルジドウウンテンカンレンカブシキファンドカワセヘッジアリ　グローバルジドウウンテンカンレンカブシキファンドカワセヘッジナシ","内国投資信託受益証券","4月10日","","E08957","三井住友ＤＳアセットマネジメント株式会社"
"G12498","","スマート・プロテクター９０オープン","スマートプロテクターキュウジュウオープン","内国投資信託受益証券","4月28日","","E11518","三菱ＵＦＪアセットマネジメント株式会社"
"G12499","","ＰａｙＰａｙ投信バランスライト","ペイペイトウシンバランスライト","内国投資信託受益証券","5月10日","11月10日","E14601","ＰａｙＰａｙアセットマネジメント株式会社"
"G12501","","ダブルライン・シラー・ケープ米国株式プラス＜為替ヘッジあり＞／＜為替ヘッジなし＞","ダブルライン　シラー　ケープベイコクカブシキプラス　カワセヘッジアリ　カワセヘッジナシ","内国投資信託受益証券","4月25日","","E10677","アセットマネジメントＯｎｅ株式会社"
"G12502","","トラノコ・ファンドⅠ","トラノコファンドワン","内国投資信託受益証券","3月20日","","E14235","ＴＯＲＡＮＯＴＥＣ投信投資顧問株式会社"
"G12503","","トラノコ・ファンドⅡ","トラノコファンドツー","内国投資信託受益証券","3月20日","","E14235","ＴＯＲＡＮＯＴＥＣ投信投資顧問株式会社"
"G12504","","トラノコ・ファンドⅢ","トラノコファンドスリー","内国投資信託受益証券","3月20日","","E14235","ＴＯＲＡＮＯＴＥＣ投信投資顧問株式会社"
"G12505","","ＹＭアセット・優良米国株ファンド","ワイエムアセットユウリョウベイコクカブファンド","内国投資信託受益証券","4月21日","","E32437","ワイエムアセットマネジメント株式会社"
"G12506","","ニッセイ・ジャパンＡＩ関連株式ファンド","ニッセイジャパンエーアイカンレンカブシキファンド","内国投資信託受益証券","4月25日","","E12453","ニッセイアセットマネジメント株式会社"
"G12509","","ダイワ・グローバルＩｏＴ関連株ファンド　－ＡＩ新時代－（為替ヘッジあり／為替ヘッジなし）","ダイワグローバルアイオーティーカンレンカブファンドエーアイシンジダイカワセヘッジアリカワセヘッジナシ","内国投資信託受益証券","4月13日","10月13日","E06748","大和アセットマネジメント株式会社"
"G12510","","ｉＴｒｕｓｔ新興国株式","アイトラストシンコウコクカブシキ","内国投資信託受益証券","3月15日","","E10439","ピクテ・ジャパン株式会社"
"G12511","","ＮＹダウ・インデックスファンド（為替ヘッジあり）／（為替ヘッジなし）","ニューヨークダウインデックスファンドカワセヘッジアリカワセヘッジナシ","内国投資信託受益証券","1月26日","","E11518","三菱ＵＦＪアセットマネジメント株式会社"
"G12512","","ブラックロック　ｉインカム","ブラックロックアイインカム","内国投資信託受益証券","6月15日","12月15日","E09096","ブラックロック・ジャパン株式会社"
"G12513","","ブラックロック・米国小型株式　ビッグデータ戦略ファンド（為替ヘッジあり）／（為替ヘッジなし）","ブラックロックベイコクコガタカブシキビッグデータセンリャクファンドカワセヘッジアリカワセヘッジナシ","内国投資信託受益証券","3月20日","9月20日","E09096","ブラックロック・ジャパン株式会社"
"G12514","","フィデリティ・米国優良株・ファンド（為替ヘッジあり）","フィデリティベイコクユウリョウカブファンドカワセヘッジアリ","内国投資信託受益証券","11月30日","","E12481","フィデリティ投信株式会社"
"G12515","","アムンディ・ストラテジック・インカムファンド","アムンディストラテジックインカムファンド","内国投資信託受益証券","3月12日","9月12日","E09666","アムンディ・ジャパン株式会社"
"G12517","","フランクリン・テンプルトン・米国連続増配株ファンド（年２回決算型）　フランクリン・テンプルトン・米国連続増配株ファンド（３ヵ月決算型）","フランクリン　テンプルトン　ベイコクレンゾクゾウハイカブファンド　ネンニカイケッサンガタ　フランクリン　テンプルトン　ベイコクレンゾクゾウハイカブファンド　サンカゲツケッサンガタ","内国投資信託受益証券","3月20日","9月20日","E12425","フランクリン・テンプルトン・ジャパン株式会社"
"G12518","","スパークス・新・国際優良アジア株ファンド","スパークスシンコクサイユウリョウアジアカブファンド","内国投資信託受益証券","5月25日","","E11161","スパークス・アセット・マネジメント株式会社"
"G12519","","米国バンクローンファンド＜為替ヘッジあり＞／＜為替ヘッジなし＞（資産成長型）","ベイコクバンクローンファンドカワセヘッジアリカワセヘッジナシシサンセイチョウガタ","内国投資信託受益証券","4月11日","10月11日","E11518","三菱ＵＦＪアセットマネジメント株式会社"
"G12520","","ｅＭＡＸＩＳ　Ｓｌｉｍ　バランス（８資産均等型）","イーマクシススリムバランスハチシサンキントウガタ","内国投資信託受益証券","4月25日","","E11518","三菱ＵＦＪアセットマネジメント株式会社"
"G12522","","ＭＳＣＩジャパン高配当利回りインデックス・ファンド（年２回決算型）","エムエスシーアイジャパンコウハイトウリマワリインデックス　ファンド　ネンニカイケッサンガタ","内国投資信託受益証券","3月5日","9月5日","E12473","ＵＢＳアセット・マネジメント株式会社"
"G12523","","ＪＰＭ新興国小型株式ファンド","ジェイピーエムシンコウコクコガタカブシキファンド","内国投資信託受益証券","6月11日","","E06264","ＪＰモルガン・アセット・マネジメント株式会社"
"G12524","","キャピタル・ニューワールド・ファンドＡコース（米ドル売り円買い）／Ｂコース（為替ヘッジなし）","キャピタルニューワールドファンドエイコースベイドルウリエンガイビーコースカワセヘッジナシ","内国投資信託受益証券","9月20日","","E14703","キャピタル・インターナショナル株式会社"
"G12527","14930","Ｏｎｅ　ＥＴＦ　ＪＰＸ日経中小型","ワンイーティーエフジェイピーエックスニッケイチュウコガタ","内国投資信託受益証券","1月8日","7月8日","E10677","アセットマネジメントＯｎｅ株式会社"
"G12528","14940","Ｏｎｅ　ＥＴＦ　高配当日本株","ワンイーティーエフコウハイトウニホンカブ","内国投資信託受益証券","4月8日","10月8日","E10677","アセットマネジメントＯｎｅ株式会社"
"G12531","","プレミアム・ファンズ　グローバルコア株式ファンド","プレミアムファンズグローバルコアカブシキファンド","外国投資信託受益証券","11月末日","","E14853","ＳＭＢＣ日興インベストメント・ファンド・マネジメント・カンパニー・エス・エイ"
"G12532","","ＵＢＳオーストラリア債券オープン（年１回決算型）","ユービーエスオーストラリアサイケンオープン　ネンイッカイケッサンガタ","内国投資信託受益証券","1月17日","","E12473","ＵＢＳアセット・マネジメント株式会社"
"G12533","","アムンディ・グローバル・ストラテジー株式ファンド　年２回決算型（為替ヘッジあり）、アムンディ・グローバル・ストラテジー株式ファンド　毎月決算型（為替ヘッジあり）","アムンディグローバルストラテジーカブシキファンドネンニカイケッサンガタカワセヘッジアリ　アムンディグローバルストラテジーカブシキファンドマイツキケッサンガタカワセヘッジアリ","内国投資信託受益証券","6月5日","12月5日","E09666","アムンディ・ジャパン株式会社"
"G12535","","ピムコ　ショートターム・インカム・ファンド（為替リスク軽減型）","ピムコショートタームインカムファンドカワセリスクケイゲンガタ","内国投資信託受益証券","4月20日","","E11518","三菱ＵＦＪアセットマネジメント株式会社"
"G12536","","ピムコ　ショートターム・インカム・ファンド（為替ヘッジなし）","ピムコショートタームインカムファンドカワセヘッジナシ","内国投資信託受益証券","4月20日","","E11518","三菱ＵＦＪアセットマネジメント株式会社"
"G12537","","三菱ＵＦＪ　Ｊリートオープン（毎月決算型）","ミツビシユーエフジェージェーリートオープンマイツキケッサンガタ","内国投資信託受益証券","4月10日","10月10日","E11518","三菱ＵＦＪアセットマネジメント株式会社"
"G12538","","げんせん投信","ゲンセントウシン","内国投資信託受益証券","8月31日","","E12453","ニッセイアセットマネジメント株式会社"
"G12542","","ＳＭＴ　ＪＰＸ日経中小型株インデックス・オープン","エスエムティー　ジェイピーエックスニッケイチュウコガタカブインデックス　オープン","内国投資信託受益証券","4月20日","10月20日","E12444","三井住友トラスト・アセットマネジメント株式会社"
"G12543","","インデックスファンドＪＰＸ日経中小型株","インデックスファンドジェーピーエックスニッケイチュウコガタカブ","内国投資信託受益証券","6月8日","","E12430","アモーヴァ・アセットマネジメント株式会社"
"G12545","","米国好配当リバランスオープン（年２回決算型）（為替ヘッジあり）／（為替ヘッジなし）","ベイコクコウハイトウリバランスオープンネンニカイケッサンガタカワセヘッジアリカワセヘッジナシ","内国投資信託受益証券","5月21日","11月21日","E12441","ＳＢＩ岡三アセットマネジメント株式会社"
"G12546","","グローイング・フロンティア株式ファンド","グローイングフロンティアカブシキファンド","内国投資信託受益証券","6月26日","","E08957","三井住友ＤＳアセットマネジメント株式会社"
"G12547","","ＢＮＹメロン・日本中小型株式ダイナミック戦略ファンド","ビーエヌワイメロンニッポンチュウコガタカブシキダイナミックセンリャクファンド","内国投資信託受益証券","1月14日","","E13343","ＢＮＹメロン・インベストメント・マネジメント・ジャパン株式会社"
"G12548","","ｅＭＡＸＩＳ　ＪＰＸ日経中小型インデックス","イーマクシスジェーピーエックスニッケイチュウコガタインデックス","内国投資信託受益証券","1月26日","","E11518","三菱ＵＦＪアセットマネジメント株式会社"
"G12549","14950","上場インデックスファンドアジアリート","ジョウジョウインデックスファンドアジアリート","内国投資信託受益証券","1月20日","7月20日","E12430","アモーヴァ・アセットマネジメント株式会社"
"G12550","","ＧＳビッグデータ・ストラテジー（日本株）","ジーエスビッグデータ　ストラテジー　ニホンカブ","内国投資信託受益証券","5月10日","11月10日","E12457","ゴールドマン・サックス・アセット・マネジメント株式会社"
"G12551","","東京海上・グローバルペット関連株式ファンド","トウキョウカイジョウグローバルペットカンレンカブシキファンド","内国投資信託受益証券","4月12日","10月12日","E06433","東京海上アセットマネジメント株式会社"
"G12557","","投資のソムリエ（ターゲット・イヤー２０４５）、投資のソムリエ（ターゲット・イヤー２０５５）","トウシノソムリエターゲットイヤーニイゼロヨンゴウ　トウシノソムリエターゲットイヤーニイゼロゴウゴウ","内国投資信託受益証券","1月11日","","E10677","アセットマネジメントＯｎｅ株式会社"
"G12559","","カレラ　米国小型株式アクティブファンド","カレラ　ベイコクコガタカブシキアクティブファンド","内国投資信託受益証券","1月15日","7月15日","E26704","カレラアセットマネジメント株式会社"
"G12560","","ニッセイ豪州ハイ・インカム株式ファンド（資産成長型）","ニッセイゴウシュウハイインカムカブシキファンドシサンセイチョウガタ","内国投資信託受益証券","5月28日","11月28日","E12453","ニッセイアセットマネジメント株式会社"
"G12561","","東京海上・世界資産バランスファンド（毎月決算型）","トウキョウカイジョウセカイシサンバランスファンドマイツキケッサンガタ","内国投資信託受益証券","6月23日","12月23日","E06433","東京海上アセットマネジメント株式会社"
"G12562","","東京海上・世界資産バランスファンド（年１回決算型）","トウキョウカイジョウセカイシサンバランスファンドネンイッカイケッサンガタ","内国投資信託受益証券","6月23日","","E06433","東京海上アセットマネジメント株式会社"
"G12563","","インド債券オープン（年１回決算型）","インドサイケンオープンネンイッカイケッサンガタ","内国投資信託受益証券","2月10日","","E11518","三菱ＵＦＪアセットマネジメント株式会社"
"G12564","","農林中金＜パートナーズ＞長期厳選投資　おおぶね","ノウリンチュウキン　パートナーズ　チョウキゲンセントウシ　オオブネ","内国投資信託受益証券","6月20日","","E12882","農林中金全共連アセットマネジメント株式会社"
"G12565","","四国アライアンス　地域創生ファンド（年１回決算型）","シコクアライアンスチイキソウセイファンドネンイッカイケッサンガタ","内国投資信託受益証券","4月10日","","E06748","大和アセットマネジメント株式会社"
"G12566","","四国アライアンス　地域創生ファンド（年２回決算型）","シコクアライアンスチイキソウセイファンドネンニカイケッサンガタ","内国投資信託受益証券","4月10日","10月10日","E06748","大和アセットマネジメント株式会社"
"G12567","","米国優先リート１７－０７（為替ヘッジあり）","ベイコクユウセンリートイチナナゼロナナカワセヘッジアリ","内国投資信託受益証券","1月15日","7月15日","E12441","ＳＢＩ岡三アセットマネジメント株式会社"
"G12568","","ＤＣニッセイワールドセレクトファンド（安定型）","ディーシーニッセイワールドセレクトファンドアンテイガタ","内国投資信託受益証券","2月21日","","E12453","ニッセイアセットマネジメント株式会社"
"G12569","","ＵＢＳ公益・金融社債ファンド（年１回決算型・為替ヘッジなし）","ユービーエスコウエキ　キンユウシャサイファンド　ネンイッカイケッサンガタ　カワセヘッジナシ","内国投資信託受益証券","7月10日","","E12473","ＵＢＳアセット・マネジメント株式会社"
"G12570","","世界好利回りＣＢファンド２０１７－０７（為替ヘッジあり）（限定追加型）世界好利回りＣＢファンド２０１７－０７（為替ヘッジなし）（限定追加型）","セカイコウリマワリシービーファンドニセンジュウナナゼロナナカワセヘッジアリゲンテイツイカガタセカイコウリマワリシービーファンドニセンジュウナナゼロナナカワセヘッジナシゲンテイツイカガタ","内国投資信託受益証券","7月29日","","E11518","三菱ＵＦＪアセットマネジメント株式会社"
"G12574","","サイバーセキュリティ株式オープン（為替ヘッジあり）／（為替ヘッジなし）","サイバーセキュリティカブシキオープンカワセヘッジアリカワセヘッジナシ","内国投資信託受益証券","6月6日","","E11518","三菱ＵＦＪアセットマネジメント株式会社"
"G12575","","ブラックロック・スタイル・アドバンテージ・ポートフォリオ（円／年１回決算コース）","ブラックロックスタイルアドバンテージポートフォリオエンネンイッカイケッサンコース","内国投資信託受益証券","1月15日","","E09096","ブラックロック・ジャパン株式会社"
"G12576","","アセアン・オーナーズ・ファンド（為替ヘッジなし）","アセアンオーナーズファンド　カワセヘッジナシ","内国投資信託受益証券","6月23日","","E12434","ＳＯＭＰＯアセットマネジメント株式会社"
"G12577","","日本中小型株ファンド","ニホンチュウコガタカブファンド","内国投資信託受益証券","5月30日","","E31678","ちばぎんアセットマネジメント株式会社"
"G12578","","ｉＴｒｕｓｔプレミアム・ブランド","アイトラストプレミアムブランド","内国投資信託受益証券","5月10日","","E10439","ピクテ・ジャパン株式会社"
"G12579","","ピクテ・セキュリティ・ファンド（為替ヘッジあり）","ピクテセキュリティファンドカワセヘッジアリ","内国投資信託受益証券","2月20日","","E10439","ピクテ・ジャパン株式会社"
"G12583","","明治安田生命２０１７基金特定目的会社","メイジヤスダセイメイニセンジュウシチキキントクテイモクテキカイシャ","内国資産流動化証券","12月末日","","E33332","明治安田生命２０１７基金特定目的会社"
"G12585","","米国国債７－１０年ラダーファンド（為替ヘッジあり）（ラップ向け）","ベイコクコクサイナナカラジュウネンラダーファンドカワセヘッジアリラップムケ","内国投資信託受益証券","3月17日","9月17日","E11518","三菱ＵＦＪアセットマネジメント株式会社"
"G12586","","ショートデュレーション円インカムオープン（ラップ向け）","ショートデュレーションエンインカムオープンラップムケ","内国投資信託受益証券","2月20日","","E11518","三菱ＵＦＪアセットマネジメント株式会社"
"G12592","34810","三菱地所物流リート投資法人","ミツビシジショブツリュウリートトウシホウジン","内国投資証券","8月末日","2月末日","E33350","三菱地所物流リート投資法人"
"G12593","","ゴールド・ファンド（為替ヘッジあり）、ゴールド・ファンド（為替ヘッジなし）","ゴールド　ファンド　カワセヘッジアリ　　ゴールド　ファンド　カワセヘッジナシ","内国投資信託受益証券","7月8日","","E12430","アモーヴァ・アセットマネジメント株式会社"
"G12596","","ピムコ　短期戦略プラス・オープン（為替リスク軽減型）","ピムコタンキセンリャクプラスオープンカワセリスクケイゲンガタ","内国投資信託受益証券","4月20日","","E11518","三菱ＵＦＪアセットマネジメント株式会社"
"G12597","","ワールド・ビューティー・オープン（為替ヘッジあり）、ワールド・ビューティー・オープン（為替ヘッジなし）","ワールドビューティーオープンカワセヘッジアリワールドビューティーオープンカワセヘッジナシ","内国投資信託受益証券","6月9日","12月9日","E11518","三菱ＵＦＪアセットマネジメント株式会社"
"G12598","","たわらノーロード　バランス（８資産均等型）","タワラノーロードバランスハチシサンキントウガタ","内国投資信託受益証券","10月12日","","E10677","アセットマネジメントＯｎｅ株式会社"
"G12599","","スパークス・厳選投資ファンド（野村ＳＭＡ・ＥＷ向け）","スパークス　ゲンセントウシファンド　ノムラ　エスエムエー　イーダブリュー　ムケ","内国投資信託受益証券","12月6日","","E11161","スパークス・アセット・マネジメント株式会社"
"G12600","","ｅＭＡＸＩＳ　Ｓｌｉｍ　新興国株式インデックス","イーマクシススリムシンコウコクカブシキインデックス","内国投資信託受益証券","4月25日","","E11518","三菱ＵＦＪアセットマネジメント株式会社"
"G12601","","ワールド・バリュー・アロケーション　Ａコース（為替ヘッジあり）／Ｂコース（為替ヘッジなし）（野村ＳＭＡ・ＥＷ向け）","ワールドバリューアロケーションエーコースカワセヘッジアリビーコースカワセヘッジナシノムラエスエムエーイーダブリュームケ","内国投資信託受益証券","12月6日","","E09666","アムンディ・ジャパン株式会社"
"G12603","","米国投資適格社債１－１０年インデックスファンド（為替ヘッジあり）毎月分配型、米国投資適格社債１－１０年インデックスファンド（為替ヘッジあり）年２回決算型","ベイコクトウシテキカクシャサイイチジュウネンインデックスファンドカワセヘッジアリマイツキブンパイガタ　ベイコクトウシテキカクシャサイイチジュウネンインデックスファンドカワセヘッジアリネンニカイケッサンガタ","内国投資信託受益証券","6月18日","12月18日","E12460","野村アセットマネジメント株式会社"
"G12604","","ほくよう資産形成応援ファンド","ホクヨウシサンケイセイオウエンファンド","内国投資信託受益証券","6月10日","","E31678","ちばぎんアセットマネジメント株式会社"
"G12605","","あおぞら・新グローバル分散ファンド（限定追加型）２０１７‐０９","アオゾラシングローバルブンサンファンドゲンテイツイカガタニイゼロイチナナノゼロキュウ","内国投資信託受益証券","12月10日","","E30689","あおぞら投信株式会社"
"G12607","","ロシア・ボンド・オープン（年１回決算型）","ロシアボンドオープンネンイッカイケッサンガタ","内国投資信託受益証券","8月6日","","E06748","大和アセットマネジメント株式会社"
"G12608","","ロシア・ボンド・オープン（毎月決算型）","ロシアボンドオープンマイツキケッサンガタ","内国投資信託受益証券","2月6日","8月6日","E06748","大和アセットマネジメント株式会社"
"G12609","","野村ＰＩＭＣＯ・世界インカム戦略ファンド　Ａコース（野村ＳＭＡ・ＥＷ向け）、野村ＰＩＭＣＯ・世界インカム戦略ファンド　Ｂコース（野村ＳＭＡ・ＥＷ向け）","ノムラピムコセカイインカムセンリャクファンドエーコースノムラエスエムエーイーダブリュームケ　ノムラピムコセカイインカムセンリャクファンドビーコースノムラエスエムエーイーダブリュームケ","内国投資信託受益証券","12月6日","","E12460","野村アセットマネジメント株式会社"
"G12610","","野村資産設計ファンド（ＤＣ・つみたてＮＩＳＡ）２０３０","ノムラシサンセッケイファンドディーシーツミタテニーサニセンサンジュウ","内国投資信託受益証券","6月22日","","E12460","野村アセットマネジメント株式会社"
"G12611","","野村資産設計ファンド（ＤＣ・つみたてＮＩＳＡ）２０４０","ノムラシサンセッケイファンドディーシーツミタテニーサニセンヨンジュウ","内国投資信託受益証券","6月22日","","E12460","野村アセットマネジメント株式会社"
"G12612","","野村資産設計ファンド（ＤＣ・つみたてＮＩＳＡ）２０５０","ノムラシサンセッケイファンドディーシーツミタテニーサニセンゴジュウ","内国投資信託受益証券","6月22日","","E12460","野村アセットマネジメント株式会社"
"G12613","","野村世界６資産分散投信（ＤＣ）安定コース、野村世界６資産分散投信（ＤＣ）インカムコース、野村世界６資産分散投信（ＤＣ）成長コース","ノムラセカイロクシサンブンサントウシンディーシーアンテイコース　ノムラセカイロクシサンブンサントウシンディーシーインカムコース　ノムラセカイロクシサンブンサントウシンディーシーセイチョウコース","内国投資信託受益証券","7月10日","","E12460","野村アセットマネジメント株式会社"
"G12614","","ＪＰ４資産バランスファンド（ＤＣ）","ジェイピーヨンシサンバランスファンド　ディーシー","内国投資信託受益証券","1月15日","","E32151","ゆうちょアセットマネジメント株式会社"
"G12615","","ＪＰ日米バランスファンド（ＤＣ）","ジェイピーニチベイバランスファンド　ディーシー","内国投資信託受益証券","2月15日","","E32151","ゆうちょアセットマネジメント株式会社"
"G12616","","ラッセル・インベストメントＤＣ国内債券Ｆ（運用会社厳選型）","ラッセルインベストメントディーシーコクナイサイケンエフウンヨウガイシャゲンセンガタ","内国投資信託受益証券","8月20日","","E12450","ラッセル・インベストメント株式会社"
"G12617","","ラッセル・インベストメントＤＣ外国債券Ｆ（運用会社厳選型）","ラッセルインベストメントディーシーガイコクサイケンエフウンヨウガイシャゲンセンガタ","内国投資信託受益証券","8月20日","","E12450","ラッセル・インベストメント株式会社"
"G12618","","リスク抑制世界８資産バランスファンド（ＤＣ）","リスクヨクセイセカイハチシサンバランスファンドディーシー","内国投資信託受益証券","1月11日","","E10677","アセットマネジメントＯｎｅ株式会社"
"G12619","","ＳＭＴ　世界経済インデックス・オープン","エスエムティー　セカイケイザイインデックス　オープン","内国投資信託受益証券","6月10日","","E12444","三井住友トラスト・アセットマネジメント株式会社"
"G12620","","ＳＭＴ　世界経済インデックス・オープン（株式シフト型）","エスエムティー　セカイケイザイインデックス　オープン　カブシキシフトガタ","内国投資信託受益証券","6月10日","","E12444","三井住友トラスト・アセットマネジメント株式会社"
"G12621","","ＳＭＴ　世界経済インデックス・オープン（債券シフト型）","エスエムティー　セカイケイザイインデックス　オープン　サイケンシフトガタ","内国投資信託受益証券","6月10日","","E12444","三井住友トラスト・アセットマネジメント株式会社"
"G12622","","ＳＭＴ　８資産インデックスバランス・オープン","エスエムティー　ハチシサンインデックスバランス　オープン","内国投資信託受益証券","5月10日","11月10日","E12444","三井住友トラスト・アセットマネジメント株式会社"
"G12623","","Ｊリートインデックスファンド（ＤＣ）","ジェイリートインデックスファンドディーシー","内国投資信託受益証券","1月11日","","E10677","アセットマネジメントＯｎｅ株式会社"
"G12624","","つみたて日本株式（ＴＯＰＩＸ）","ツミタテニホンカブシキトピックス","内国投資信託受益証券","6月25日","","E11518","三菱ＵＦＪアセットマネジメント株式会社"
"G12625","","つみたて先進国株式","ツミタテセンシンコクカブシキ","内国投資信託受益証券","6月25日","","E11518","三菱ＵＦＪアセットマネジメント株式会社"
"G12626","","つみたて新興国株式","ツミタテシンコウコクカブシキ","内国投資信託受益証券","6月25日","","E11518","三菱ＵＦＪアセットマネジメント株式会社"
"G12627","","つみたて８資産均等バランス","ツミタテハチシサンキントウバランス","内国投資信託受益証券","6月25日","","E11518","三菱ＵＦＪアセットマネジメント株式会社"
"G12629","","つみたて日本株式（日経平均）","ツミタテニホンカブシキニッケイヘイキン","内国投資信託受益証券","6月25日","","E11518","三菱ＵＦＪアセットマネジメント株式会社"
"G12630","","つみたて先進国株式（為替ヘッジあり）","ツミタテセンシンコクカブシキカワセヘッジアリ","内国投資信託受益証券","6月25日","","E11518","三菱ＵＦＪアセットマネジメント株式会社"
"G12631","","つみたて４資産均等バランス","ツミタテヨンシサンキントウバランス","内国投資信託受益証券","6月25日","","E11518","三菱ＵＦＪアセットマネジメント株式会社"
"G12632","14960","ｉシェアーズ　米ドル建て投資適格社債　ＥＴＦ（為替ヘッジあり）","アイシェアーズ　ベイドルダテトウシテキカクシャサイ　イーティーエフ　カワセヘッジアリ","内国投資信託受益証券","1月11日","7月11日","E09096","ブラックロック・ジャパン株式会社"
"G12633","14970","ｉシェアーズ　米ドル建てハイイールド社債　ＥＴＦ（為替ヘッジあり）","アイシェアーズ　ベイドルダテハイイールドシャサイ　イーティーエフ　カワセヘッジアリ","内国投資信託受益証券","1月11日","7月11日","E09096","ブラックロック・ジャパン株式会社"
"G12634","","ダイワＤＢモメンタム戦略ファンド（為替ヘッジあり／為替ヘッジなし）","ダイワディービーモメンタムセンリャクファンドカワセヘッジアリカワセヘッジナシ","内国投資信託受益証券","2月19日","8月19日","E06748","大和アセットマネジメント株式会社"
"G12635","","フィリピン株式オープン","フィリピンカブシキオープン","内国投資信託受益証券","2月22日","8月22日","E06748","大和アセットマネジメント株式会社"
"G12636","","Ｓｍａｒｔ－ｉ　日経２２５インデックス","スマート　アイ　ニッケイニーニーゴーインデックス","内国投資信託受益証券","5月25日","","E32011","りそなアセットマネジメント株式会社"
"G12637","","Ｓｍａｒｔ－ｉ　ＴＯＰＩＸインデックス","スマート　アイ　トピックスインデックス","内国投資信託受益証券","5月25日","","E32011","りそなアセットマネジメント株式会社"
"G12638","","Ｓｍａｒｔ－ｉ　先進国債券インデックス（為替ヘッジなし）","スマート　アイ　センシンコクサイケンインデックス　カワセヘッジナシ","内国投資信託受益証券","5月25日","","E32011","りそなアセットマネジメント株式会社"
"G12639","","Ｓｍａｒｔ－ｉ　先進国債券インデックス（為替ヘッジあり）","スマート　アイ　センシンコクサイケンインデックス　カワセヘッジアリ","内国投資信託受益証券","5月25日","","E32011","りそなアセットマネジメント株式会社"
"G12640","","Ｓｍａｒｔ－ｉ　Ｊリートインデックス","スマート　アイ　ジェイリートインデックス","内国投資信託受益証券","5月25日","","E32011","りそなアセットマネジメント株式会社"
"G12641","","Ｓｍａｒｔ－ｉ　国内債券インデックス","スマート　アイ　コクナイサイケンインデックス","内国投資信託受益証券","6月25日","","E32011","りそなアセットマネジメント株式会社"
"G12642","","Ｓｍａｒｔ－ｉ　先進国株式インデックス","スマート　アイ　センシンコクカブシキインデックス","内国投資信託受益証券","6月25日","","E32011","りそなアセットマネジメント株式会社"
"G12643","","Ｓｍａｒｔ－ｉ　新興国株式インデックス","スマート　アイ　シンコウコクカブシキインデックス","内国投資信託受益証券","6月25日","","E32011","りそなアセットマネジメント株式会社"
"G12644","","Ｓｍａｒｔ－ｉ　先進国リートインデックス","スマート　アイ　センシンコクリートインデックス","内国投資信託受益証券","6月25日","","E32011","りそなアセットマネジメント株式会社"
"G12647","","世界ｅコマース関連株式オープン","セカイイーコマースカンレンカブシキオープン","内国投資信託受益証券","7月20日","","E10677","アセットマネジメントＯｎｅ株式会社"
"G12649","","豪ドル年１回決算型ファンド","ゴウドルネンイッカイケッサンガタファンド","内国投資信託受益証券","5月15日","","E11518","三菱ＵＦＪアセットマネジメント株式会社"
"G12650","","オーストラリア・高配当株ファンド（年１回決算型）","オーストラリアコウハイトウカブファンドネンイッカイケッサンガタ","内国投資信託受益証券","12月5日","","E08957","三井住友ＤＳアセットマネジメント株式会社"
"G12651","","テンプルトン新興国小型株ファンド","テンプルトンシンコウコクコガタカブファンド","内国投資信託受益証券","8月20日","","E11518","三菱ＵＦＪアセットマネジメント株式会社"
"G12652","","ＹＭアセット・オーストラリア好配当資産ファンド","ワイエムアセットオーストラリアコウハイトウシサンファンド","内国投資信託受益証券","6月20日","12月20日","E32437","ワイエムアセットマネジメント株式会社"
"G12654","","ＵＢＳユニバーサル・トラスト（ケイマン）Ⅲ－東京海上・ＣＡＴボンド・ファンド","ユービーエスユニバーサルトラストケイマンスリートウキョウカイジョウキャットボンドファンド","外国投資信託受益証券","8月末日","","E15389","ＵＢＳマネジメント（ケイマン）リミテッド"
"G12656","","ｉＦｒｅｅ　Ｓ＆Ｐ５００インデックス","アイフリーエスアンドピーゴヒャクインデックス","内国投資信託受益証券","9月7日","","E06748","大和アセットマネジメント株式会社"
"G12657","","ｉＦｒｅｅ　外国株式インデックス（為替ヘッジあり）","アイフリーガイコクカブシキインデックスカワセヘッジアリ","内国投資信託受益証券","11月30日","","E06748","大和アセットマネジメント株式会社"
"G12658","","厳選ジャパン","ゲンセンジャパン","内国投資信託受益証券","3月23日","9月23日","E10677","アセットマネジメントＯｎｅ株式会社"
"G12659","","新シルクロード経済圏ファンド","シンシルクロードケイザイケンファンド","内国投資信託受益証券","9月10日","","E12430","アモーヴァ・アセットマネジメント株式会社"
"G12662","","目標利回り追求型債券ファンド","モクヒョウリマワリツイキュウガタサイケンファンド","内国投資信託受益証券","2月22日","8月22日","E06748","大和アセットマネジメント株式会社"
"G12663","","ｉＴｒｕｓｔエコイノベーション","アイトラストエコイノベーション","内国投資信託受益証券","11月26日","","E10439","ピクテ・ジャパン株式会社"
"G12664","","いちよし・インベスコ　世界中小型成長株ファンド","イチヨシ　インベスコ　セカイチュウコガタセイチョウカブファンド","内国投資信託受益証券","9月28日","","E30994","いちよしアセットマネジメント株式会社"
"G12665","","全世界株式インデックス・ファンド","ゼンセカイカブシキインデックスファンド","内国投資信託受益証券","11月末日","","E12963","ステート・ストリート・グローバル・アドバイザーズ株式会社"
"G12669","","ＡＩ（人工知能）活用型世界株ファンド","エーアイジンコウチノウカツヨウガタセカイカブファンド","内国投資信託受益証券","9月23日","","E10677","アセットマネジメントＯｎｅ株式会社"
"G12670","","ワールド・リート・オープン（資産成長型）為替ヘッジあり","ワールドリートオープンシサンセイチョウガタカワセヘッジアリ","内国投資信託受益証券","12月10日","","E11518","三菱ＵＦＪアセットマネジメント株式会社"
"G12671","","グローバル・フィンテック株式ファンド（為替ヘッジあり）","グローバル　フィンテックカブシキファンド　カワセヘッジアリ","内国投資信託受益証券","12月7日","","E12430","アモーヴァ・アセットマネジメント株式会社"
"G12672","","グローバル・フィンテック株式ファンド（為替ヘッジあり・年２回決算型）","グローバル　フィンテックカブシキファンド　カワセヘッジアリ　ネンニカイケツサンガタ","内国投資信託受益証券","6月7日","12月7日","E12430","アモーヴァ・アセットマネジメント株式会社"
"G12673","","グローバル・フィンテック株式ファンド（年２回決算型）","グローバル　フィンテックカブシキファンド　ネンニカイケッサンガタ","内国投資信託受益証券","6月7日","12月7日","E12430","アモーヴァ・アセットマネジメント株式会社"
"G12675","","レッド・アーク・グローバル・インベストメンツ（ケイマン）トラスト－償還時目標設定型ファンド１７１０","レッドアークグローバルインベストメンツケイマントラスト　ショウカンジモクヒョウセッテイガタファンドイチナナイチゼロ","外国投資信託受益証券","6月末日","","E22200","シティグループ・ファースト・インベストメント・マネジメント・リミテッド"
"G12676","","三井住友・資産最適化ファンド（１安定重視型）、三井住友・資産最適化ファンド（２やや安定型）、三井住友・資産最適化ファンド（３バランス型）、三井住友・資産最適化ファンド（４やや成長型）、三井住友・資産最適化ファンド（５成長重視型）","ミツイスミトモシサンサイテキカファンドイチアンテイジュウシガタ　ミツイスミトモシサンサイテキカファンドニヤヤアンテイガタ　ミツイスミトモシサンサイテキカファンドサンバランスガタ　ミツイスミトモシサンサイテキカファンドヨンヤヤセイチョウガタ　ミツイスミトモシサンサイテキカファンドゴセイチョウジュウシガタ","内国投資信託受益証券","9月15日","","E08957","三井住友ＤＳアセットマネジメント株式会社"
"G12677","","野村６資産均等バランス","ノムラロクシサンキントウバランス","内国投資信託受益証券","7月10日","","E12460","野村アセットマネジメント株式会社"
"G12678","92840","カナディアン・ソーラー・インフラ投資法人","カナディアンソーラーインフラトウシホウジン","内国投資証券","6月末日","12月末日","E33433","カナディアン・ソーラー・インフラ投資法人"
"G12679","","日本株式・Ｊリートバランスファンド","ニホンカブシキジェイリートバランスファンド","内国投資信託受益証券","9月8日","","E12441","ＳＢＩ岡三アセットマネジメント株式会社"
"G12680","","ＪＰＭザ・ジャパン（年４回決算型）","ジェイピーエムザジャパンネンヨンカイケッサンガタ","内国投資信託受益証券","6月14日","12月14日","E06264","ＪＰモルガン・アセット・マネジメント株式会社"
"G12681","16560","ｉシェアーズ・コア　米国債７－１０年　ＥＴＦ","アイシェアーズ　コア　ベイコクサイナナ　ジュウネン　イーティーエフ","内国投資信託受益証券","1月11日","7月11日","E09096","ブラックロック・ジャパン株式会社"
"G12682","16590","ｉシェアーズ　米国リート　ＥＴＦ","アイシェアーズ　ベイコクリート　イーティーエフ","内国投資信託受益証券","2月9日","8月9日","E09096","ブラックロック・ジャパン株式会社"
"G12683","16580","ｉシェアーズ・コア　ＭＳＣＩ　新興国株　ＥＴＦ","アイシェアーズ　コア　エムエスシーアイ　シンコウコクカブ　イーティーエフ","内国投資信託受益証券","2月9日","8月9日","E09096","ブラックロック・ジャパン株式会社"
"G12684","16570","ｉシェアーズ・コア　ＭＳＣＩ　先進国株（除く日本）ＥＴＦ","アイシェアーズ　コア　エムエスシーアイ　センシンコクカブノゾクニホン　イーティーエフ","内国投資信託受益証券","2月9日","8月9日","E09096","ブラックロック・ジャパン株式会社"
"G12685","16550","ｉシェアーズ　Ｓ＆Ｐ　５００　米国株　ＥＴＦ","アイシェアーズ　エスアンドピー　ゴヒャク　ベイコクカブ　イーティーエフ","内国投資信託受益証券","2月9日","8月9日","E09096","ブラックロック・ジャパン株式会社"
"G12686","","東京海上・グローバルＭ＆Ａ戦略ファンド","トウキョウカイジョウグローバルエムアンドエーセンリャクファンド","内国投資信託受益証券","3月8日","9月8日","E06433","東京海上アセットマネジメント株式会社"
"G12687","","あいちファンド（為替モメンタム戦略型）","アイチファンド　カワセモメンタムセンリャクガタ","内国投資信託受益証券","2月2日","8月2日","E10677","アセットマネジメントＯｎｅ株式会社"
"G12688","","米国株式ＬＳファンド（ＳＭＡ専用）","ベイコクカブシキエルエスファンド　エスエムエーセンヨウ","内国投資信託受益証券","7月10日","","E12444","三井住友トラスト・アセットマネジメント株式会社"
"G12689","","ＴＯＲＡＮＯＴＥＣアクティブジャパン","トラノテックアクティブジャパン","内国投資信託受益証券","7月20日","","E14235","ＴＯＲＡＮＯＴＥＣ投信投資顧問株式会社"
"G12690","","ブラックロック・つみたて・グローバルバランスファンド","ブラックロックツミタテグローバルバランスファンド","内国投資信託受益証券","8月2日","","E09096","ブラックロック・ジャパン株式会社"
"G12692","16510","ｉＦｒｅｅＥＴＦ　ＴＯＰＩＸ高配当４０指数","アイフリーイーティーエフトピックスコウハイトウヨンジュウシスウ","内国投資信託受益証券","2月10日","8月10日","E06748","大和アセットマネジメント株式会社"
"G12693","16540","ｉＦｒｅｅＥＴＦ　ＦＴＳＥ　ＪＰＸ　Ｂｌｏｓｓｏｍ　Ｊａｐａｎ　Ｉｎｄｅｘ","アイフリーイーティーエフエフティーエスイージェイピーエックスブロッサムジャパンインデックス","内国投資信託受益証券","1月10日","7月10日","E06748","大和アセットマネジメント株式会社"
"G12694","16530","ｉＦｒｅｅＥＴＦ　ＭＳＣＩジャパンＥＳＧセレクト・リーダーズ指数","アイフリーイーティーエフエムエスシーアイジャパンイーエスジーセレクトリーダーズシスウ","内国投資信託受益証券","1月10日","7月10日","E06748","大和アセットマネジメント株式会社"
"G12695","16520","ｉＦｒｅｅＥＴＦ　ＭＳＣＩ日本株女性活躍指数（ＷＩＮ）","アイフリーイーティーエフエムエスシーアイニホンカブジョセイカツヤクシスウウィン","内国投資信託受益証券","1月10日","7月10日","E06748","大和アセットマネジメント株式会社"
"G12696","","米国株式インデックス・ファンド","ベイコクカブシキインデックスファンド","内国投資信託受益証券","3月10日","","E12963","ステート・ストリート・グローバル・アドバイザーズ株式会社"
"G12698","","ゴールド・ファンド　為替ヘッジあり（ＳＭＡ専用）","ゴールド　ファンド　カワセヘッジアリ　エスエムエイセンヨウ","内国投資信託受益証券","7月8日","","E12430","アモーヴァ・アセットマネジメント株式会社"
"G12699","","楽天・全世界株式インデックス・ファンド","ラクテンゼンセカイカブシキインデックスファンド","内国投資信託受益証券","7月15日","","E15787","楽天投信投資顧問株式会社"
"G12700","","楽天・全米株式インデックス・ファンド","ラクテンゼンベイカブシキインデックスファンド","内国投資信託受益証券","7月15日","","E15787","楽天投信投資顧問株式会社"
"G12701","","ＪＰ４資産均等バランス","ジェイピーヨンシサンキントウバランス","内国投資信託受益証券","7月15日","","E32151","ゆうちょアセットマネジメント株式会社"
"G12702","","野村つみたて日本株投信","ノムラツミタテニホンカブトウシン","内国投資信託受益証券","5月12日","","E12460","野村アセットマネジメント株式会社"
"G12703","","野村つみたて外国株投信","ノムラツミタテガイコクカブトウシン","内国投資信託受益証券","5月12日","","E12460","野村アセットマネジメント株式会社"
"G12704","","三井住友・ＤＣつみたてＮＩＳＡ・世界分散ファンド","ミツイスミトモディーシーツミタテニーサセカイブンサンファンド","内国投資信託受益証券","9月10日","","E08957","三井住友ＤＳアセットマネジメント株式会社"
"G12705","","つみたてバランスファンド","ツミタテバランスファンド","内国投資信託受益証券","7月25日","","E32011","りそなアセットマネジメント株式会社"
"G12707","","ピムコ・インカム・ストラテジー・ファンド＜限定為替ヘッジあり＞（毎月決算型）／（年２回決算型）ピムコ・インカム・ストラテジー・ファンド＜為替ヘッジなし＞（毎月決算型）／（年２回決算型）","ピムコインカムストラテジーファンドゲンテイカワセヘッジアリマイツキケッサンガタネンニカイケッサンガタピムコインカムストラテジーファンドカワセヘッジナシマイツキケッサンガタネンニカイケッサンガタ","内国投資信託受益証券","4月20日","10月20日","E11518","三菱ＵＦＪアセットマネジメント株式会社"
"G12708","","ｅＭＡＸＩＳ　マイマネージャー　１９７０ｓ／１９８０ｓ／１９９０ｓ","イーマクシスマイマネージャーセブンティーズエイティーズナインティーズ","内国投資信託受益証券","1月26日","","E11518","三菱ＵＦＪアセットマネジメント株式会社"
"G12710","","フィデリティ・オーストラリア配当株投信（資産成長型）","フィデリティオーストラリアハイトウカブトウシンシサンセイチョウガタ","内国投資信託受益証券","9月15日","","E12481","フィデリティ投信株式会社"
"G12711","","東京海上・円資産インデックスバランスファンド","トウキョウカイジョウエンシサンインデックスバランスファンド","内国投資信託受益証券","1月25日","","E06433","東京海上アセットマネジメント株式会社"
"G12714","","ダイワ／ジャナス米国中型グロース株ファンド（為替ヘッジあり／為替ヘッジなし）","ダイワジャナスベイコクチュウガタグロースカブファンドカワセヘッジアリカワセヘッジナシ","内国投資信託受益証券","4月18日","10月18日","E06748","大和アセットマネジメント株式会社"
"G12715","","ニッポン創業経営者ファンド","ニッポンソウギョウケイエイシャファンド","内国投資信託受益証券","10月27日","","E12441","ＳＢＩ岡三アセットマネジメント株式会社"
"G12716","16600","ＭＡＸＩＳ高利回りＪリート上場投信","マクシスコウリマワリジェーリートジョウジョウトウシン","内国投資信託受益証券","4月10日","10月10日","E11518","三菱ＵＦＪアセットマネジメント株式会社"
"G12717","","キャピタル・グローバル中期債ファンドＦ（米ドル売り円買い）","キャピタルグローバルチュウキサイファンドエフベイドルウリエンガイ","内国投資信託受益証券","11月20日","","E14703","キャピタル・インターナショナル株式会社"
"G12718","","キャピタル・ニューワールド・ファンドＦ（米ドル売り円買い）","キャピタルニューワールドファンドエフベイドルウリエンガイ","内国投資信託受益証券","11月20日","","E14703","キャピタル・インターナショナル株式会社"
"G12719","","ニッセイ新興国株式インデックスファンド＜購入・換金手数料なし＞","ニッセイシンコウコクカブシキインデックスファンドコウニュウカンキンテスウリョウナシ","内国投資信託受益証券","11月20日","","E12453","ニッセイアセットマネジメント株式会社"
"G12720","","ニッセイ・インデックスバランスファンド（６資産均等型）＜購入・換金手数料なし＞","ニッセイインデックスバランスファンドロクシサンキントウガタコウニュウカンキンテスウリョウナシ","内国投資信託受益証券","11月20日","","E12453","ニッセイアセットマネジメント株式会社"
"G12721","","ニッセイ／コムジェスト新興国成長株ファンド（資産成長型）","ニッセイコムジェストシンコウコクセイチョウカブファンドシサンセイチョウガタ","内国投資信託受益証券","4月15日","","E12453","ニッセイアセットマネジメント株式会社"
"G12722","","ニッセイ／コムジェスト新興国成長株ファンド（年２回決算型）","ニッセイコムジェストシンコウコクセイチョウカブファンドネンニカイケッサンガタ","内国投資信託受益証券","4月15日","10月15日","E12453","ニッセイアセットマネジメント株式会社"
"G12723","","しんきんノーロード日経２２５","シンキンノーロードニッケイニイニイゴ","内国投資信託受益証券","9月10日","","E12422","しんきんアセットマネジメント投信株式会社"
"G12725","","ロックフェラー米国中小型イノベーターズ・ファンド","ロックフェラーベイコクチュウコガタイノベーターズファンド","内国投資信託受益証券","10月18日","","E08957","三井住友ＤＳアセットマネジメント株式会社"
"G12729","","日興ＦＷ・日本債券ファンド","ニッコウエフダブリューニホンサイケンファンド","内国投資信託受益証券","7月31日","","E08957","三井住友ＤＳアセットマネジメント株式会社"
"G12731","","日本株ロング・ショート・ストラテジー・ファンド","ニホンカブロング　ショート　ストラテジー　ファンド","内国投資信託受益証券","1月28日","7月28日","E27917","ファイブスター投信投資顧問株式会社"
"G12732","","フィデリティ・ＵＳハイ・イールド・ファンド（毎月決算型）Ａ（為替ヘッジあり）","フィデリティユーエスハイイールドファンドマイツキケッサンガタエーカワセヘッジアリ","内国投資信託受益証券","5月22日","11月22日","E12481","フィデリティ投信株式会社"
"G12733","","フィデリティ・ＵＳハイ・イールド・ファンド（資産成長型）Ｃ（為替ヘッジあり）","フィデリティユーエスハイイールドファンドシサンセイチョウガタシーカワセヘッジアリ","内国投資信託受益証券","5月22日","","E12481","フィデリティ投信株式会社"
"G12734","","ＳＭＴ　欧州株配当貴族インデックス・オープン","エスエムティー　オウシュウカブハイトウキゾクインデックス　オープン","内国投資信託受益証券","5月10日","11月10日","E12444","三井住友トラスト・アセットマネジメント株式会社"
"G12735","","グローバル経済コア","グローバルケイザイコア","内国投資信託受益証券","8月20日","","E12444","三井住友トラスト・アセットマネジメント株式会社"
"G12736","","いちよし　ジャパン・ベンチャー・ファンド","イチヨシジャパンベンチャーファンド","内国投資信託受益証券","11月29日","","E11518","三菱ＵＦＪアセットマネジメント株式会社"
"G12740","","楽天・新興国株式インデックス・ファンド","ラクテンシンコウコクカブシキインデックスファンド","内国投資信託受益証券","7月15日","","E15787","楽天投信投資顧問株式会社"
"G12741","","Ｍｙ　ＳＭＴ　日経２２５インデックス（ノーロード）","マイ　エスエムティー　ニッケイニーニーゴインデックス　ノーロード","内国投資信託受益証券","10月20日","","E12444","三井住友トラスト・アセットマネジメント株式会社"
"G12742","","Ｍｙ　ＳＭＴ　グローバル株式インデックス（ノーロード）","マイ　エスエムティー　グローバルカブシキインデックス　ノーロード","内国投資信託受益証券","10月20日","","E12444","三井住友トラスト・アセットマネジメント株式会社"
"G12744","","ＳＭＴ　ゴールドインデックス・オープン（為替ヘッジあり）","エスエムティー　ゴールドインデックス　オープン　カワセヘッジアリ","内国投資信託受益証券","5月10日","11月10日","E12444","三井住友トラスト・アセットマネジメント株式会社"
"G12745","","ＳＭＴ　ゴールドインデックス・オープン（為替ヘッジなし）","エスエムティー　ゴールドインデックス　オープン　カワセヘッジナシ","内国投資信託受益証券","5月10日","11月10日","E12444","三井住友トラスト・アセットマネジメント株式会社"
"G12746","","深セン・イノベーション株式ファンド（１年決算型）","シンセン　イノベーションカブシキファンド　イチネンケッサンガタ","内国投資信託受益証券","11月25日","","E12430","アモーヴァ・アセットマネジメント株式会社"
"G12747","","フランクリン・テンプルトン・インベストメント・ファンズ－フランクリン・オルタナティブ・ストラテジーズ・ファンド","フランクリンテンプルトンインベストメントファンズフランクリンオルタナティブストラテジーズファンド","外国投資証券","6月末日","","E33576","フランクリン・テンプルトン・インベストメント・ファンズ"
"G12748","","たわらノーロード　バランス（堅実型）、たわらノーロード　バランス（標準型）、たわらノーロード　バランス（積極型）","タワラノーロードバランスケンジツガタ　タワラノーロードバランスヒョウジュンガタ　タワラノーロードバランスセッキョクガタ","内国投資信託受益証券","10月12日","","E10677","アセットマネジメントＯｎｅ株式会社"
"G12749","","ワールドコーポレート・ハイブリッド証券ファンド１７１２（限定追加型）","ワールドコーポレート　ハイブリッドショウケンファンドイチナナイチニ　ゲンテイツイカガタ","内国投資信託受益証券","4月16日","10月16日","E13447","ＳＢＩアセットマネジメント株式会社"
"G12752","","高成長インド・中型株式ファンド（年１回決算型）","コウセイチョウインドチュウガタカブシキファンドネンイッカイケッサンガタ","内国投資信託受益証券","2月27日","","E08957","三井住友ＤＳアセットマネジメント株式会社"
"G12753","","ＤＷＳ　ユーロ・ハイ・イールド債券ファンド（年１回決算型）Ｃコース（円ヘッジあり）／Ｄコース（円ヘッジなし）","ディーダブリューエス　ユーロハイイールドサイケンファンドネンイッカイケッサンガタ　シーコースエンヘッジアリ　ディーコースエンヘッジナシ","内国投資信託受益証券","5月24日","","E06458","ドイチェ・アセット・マネジメント株式会社"
"G12754","","ニッセイ・インデックスパッケージ（内外・株式）","ニッセイインデックスパッケージナイガイカブシキ","内国投資信託受益証券","11月20日","","E12453","ニッセイアセットマネジメント株式会社"
"G12755","","ニッセイ・インデックスパッケージ（内外・株式／リート）","ニッセイインデックスパッケージナイガイカブシキリート","内国投資信託受益証券","11月20日","","E12453","ニッセイアセットマネジメント株式会社"
"G12756","","ニッセイ・インデックスパッケージ（内外・株式／リート／債券）","ニッセイインデックスパッケージナイガイカブシキリートサイケン","内国投資信託受益証券","11月20日","","E12453","ニッセイアセットマネジメント株式会社"
"G12757","","ニッセイ・インデックスパッケージ（国内・株式／リート／債券）","ニッセイインデックスパッケージコクナイカブシキリートサイケン","内国投資信託受益証券","11月20日","","E12453","ニッセイアセットマネジメント株式会社"
"G12760","","新興国ハイクオリティ成長株式ファンド","シンコウコクハイクオリティセイチョウカブシキファンド","内国投資信託受益証券","12月14日","","E10677","アセットマネジメントＯｎｅ株式会社"
"G12763","","スカイオーシャン・世界債券戦略ファンド","スカイオーシャンセカイサイケンセンリャクファンド","内国投資信託受益証券","6月5日","12月5日","E31533","スカイオーシャン・アセットマネジメント株式会社"
"G12764","","Ｏｎｅ　日本株ダブル・ブルファンド","ワン　ニホンカブダブルブルファンド","内国投資信託受益証券","11月25日","","E10677","アセットマネジメントＯｎｅ株式会社"
"G12765","","Ｏｎｅ　日本株ダブル・ベアファンド","ワン　ニホンカブダブルベアファンド","内国投資信託受益証券","11月25日","","E10677","アセットマネジメントＯｎｅ株式会社"
"G12766","","たわらノーロード　スマートグローバルバランス（保守型）、たわらノーロード　スマートグローバルバランス（安定型）、たわらノーロード　スマートグローバルバランス（安定成長型）、たわらノーロード　スマートグローバルバランス（成長型）、たわらノーロード　スマートグローバルバランス（積極型）","タワラノーロードスマートグローバルバランスホシュガタ　タワラノーロードスマートグローバルバランスアンテイガタ　タワラノーロードスマートグローバルバランスアンテイセイチョウガタ　タワラノーロードスマートグローバルバランスセイチョウガタ　タワラノーロードスマートグローバルバランスセッキョクガタ","内国投資信託受益証券","10月12日","","E10677","アセットマネジメントＯｎｅ株式会社"
"G12768","","投資のソムリエ（ターゲット・イヤー２０３５）","トウシノソムリエターゲットイヤーニイゼロサンゴウ","内国投資信託受益証券","1月11日","","E10677","アセットマネジメントＯｎｅ株式会社"
"G12769","","マニュライフ・米国投資適格債券戦略ファンド　Ａコース（為替ヘッジあり・毎月）／Ｂコース（為替ヘッジなし・毎月）、マニュライフ・米国投資適格債券戦略ファンド　Ｃコース（為替ヘッジあり・年２回）／Ｄコース（為替ヘッジなし・年２回）","マニュライフベイコクトウシテキカクサイケンセンリャクファンドエーコースカワセヘッジアリマイツキビーコースカワセヘッジナシマイツキ　マニュライフベイコクトウシテキカクサイケンセンリャクファンドシーコースカワセヘッジアリネンニカイディーコースカワセヘッジナシネンニカイ","内国投資信託受益証券","5月15日","11月15日","E30703","マニュライフ・インベストメント・マネジメント株式会社"
"G12770","14980","Ｏｎｅ　ＥＴＦ　ＥＳＧ","ワンイーティーエフイーエスジー","内国投資信託受益証券","1月8日","7月8日","E10677","アセットマネジメントＯｎｅ株式会社"
"G12771","","中欧株式ファンド","チュウオウカブシキファンド","内国投資信託受益証券","6月20日","12月20日","E26704","カレラアセットマネジメント株式会社"
"G12772","","ＧＳビッグデータ・ストラテジー（外国株式）","ジーエス　ビッグデータ　ストラテジー　ガイコクカブシキ","内国投資信託受益証券","6月25日","12月25日","E12457","ゴールドマン・サックス・アセット・マネジメント株式会社"
"G12773","","ＳＢＩ・新興国株式インデックス・ファンド","エスビーアイシンコウコクカブシキインデックスファンド","内国投資信託受益証券","11月12日","","E13447","ＳＢＩアセットマネジメント株式会社"
"G12774","","ＳＢＩ・全世界株式インデックス・ファンド","エスビーアイゼンセカイカブシキインデックスファンド","内国投資信託受益証券","11月12日","","E13447","ＳＢＩアセットマネジメント株式会社"
"G12775","","次世代通信関連　世界株式戦略ファンド","ジセダイツウシンカンレン　セカイカブシキセンリャクファンド","内国投資信託受益証券","1月7日","","E12444","三井住友トラスト・アセットマネジメント株式会社"
"G12776","","ダイワ／ミレーアセット・インド株式ファンド　－インドの匠－","ダイワミレーアセットインドカブシキファンドインドノタクミ","内国投資信託受益証券","6月9日","12月9日","E06748","大和アセットマネジメント株式会社"
"G12777","","ドイチェ・ＥＴＦバランス・ファンド","ドイチェイーティーエフバランスファンド","内国投資信託受益証券","10月7日","","E06458","ドイチェ・アセット・マネジメント株式会社"
"G12778","","パインブリッジ日本企業外貨建て社債ファンド（為替ヘッジあり）（為替ヘッジなし）","パインブリッジニホンキギョウガイカダテシャサイファンドカワセヘッジアリカワセヘッジナシ","内国投資信託受益証券","3月15日","9月15日","E12437","パインブリッジ・インベストメンツ株式会社"
"G12779","","ＬＭ・アジア・オセアニア・インカム資産ファンド（毎月分配型／３ヵ月決算型／年２回決算型）","エルエム　アジア　オセアニア　インカムシサンファンド　マイツキブンパイガタ　サンカゲツケッサンガタ　ネンニカイケッサンガタ","内国投資信託受益証券","6月2日","12月2日","E12425","フランクリン・テンプルトン・ジャパン株式会社"
"G12780","25140","ＮＥＸＴ　ＦＵＮＤＳ　外国株式・ＭＳＣＩ－ＫＯＫＵＳＡＩ指数（為替ヘッジあり）連動型上場投信","ネクストファンズガイコクカブシキエムエスシーアイコクサイシスウカワセヘッジアリレンドウガタジョウジョウトウシン","内国投資信託受益証券","3月7日","9月7日","E12460","野村アセットマネジメント株式会社"
"G12781","25130","ＮＥＸＴ　ＦＵＮＤＳ　外国株式・ＭＳＣＩ－ＫＯＫＵＳＡＩ指数（為替ヘッジなし）連動型上場投信","ネクストファンズガイコクカブシキエムエスシーアイコクサイシスウカワセヘッジナシレンドウガタジョウジョウトウシン","内国投資信託受益証券","3月7日","9月7日","E12460","野村アセットマネジメント株式会社"
"G12782","25120","ＮＥＸＴ　ＦＵＮＤＳ　外国債券・ＦＴＳＥ世界国債インデックス（除く日本・為替ヘッジあり）連動型上場投信","ネクストファンズガイコクサイケンフッツィーセカイコクサイインデックスノゾクニホンカワセヘッジアリレンドウガタジョウジョウトウシン","内国投資信託受益証券","3月7日","9月7日","E12460","野村アセットマネジメント株式会社"
"G12783","25110","ＮＥＸＴ　ＦＵＮＤＳ　外国債券・ＦＴＳＥ世界国債インデックス（除く日本・為替ヘッジなし）連動型上場投信","ネクストファンズガイコクサイケンフッツィーセカイコクサイインデックスノゾクニホンカワセヘッジナシレンドウガタジョウジョウトウシン","内国投資信託受益証券","3月7日","9月7日","E12460","野村アセットマネジメント株式会社"
"G12784","25150","ＮＥＸＴ　ＦＵＮＤＳ　外国ＲＥＩＴ・Ｓ＆Ｐ先進国ＲＥＩＴ指数（除く日本・為替ヘッジなし）連動型上場投信","ネクストファンズガイコクリートエスアンドピーセンシンコクリートシスウノゾクニホンカワセヘッジナシレンドウガタジョウジョウトウシン","内国投資信託受益証券","3月7日","9月7日","E12460","野村アセットマネジメント株式会社"
"G12785","25100","ＮＥＸＴ　ＦＵＮＤＳ　国内債券・ＮＯＭＵＲＡ－ＢＰＩ総合連動型上場投信","ネクストファンズコクナイサイケンノムラビーピーアイソウゴウレンドウガタジョウジョウトウシン","内国投資信託受益証券","3月7日","9月7日","E12460","野村アセットマネジメント株式会社"
"G12786","","ＳＢＩ資産設計オープン（つみたてＮＩＳＡ対応型）","エスビーアイシサンセッケイオープン　ツミタテニーサタイオウガタ","内国投資信託受益証券","9月5日","","E12444","三井住友トラスト・アセットマネジメント株式会社"
"G12789","","ＧＳビッグデータ・ストラテジー（エマージング株）","ジーエスビッグデータストラテジーエマージングカブ","内国投資信託受益証券","3月15日","9月15日","E12457","ゴールドマン・サックス・アセット・マネジメント株式会社"
"G12790","","ＧＳビッグデータ・ストラテジー（欧州株）Ａコース（為替ヘッジあり）／Ｂコース（為替ヘッジなし）","ジーエスビッグデータストラテジーオウシュウカブ　エーコースカワセヘッジアリ　ビーコースカワセヘッジナシ","内国投資信託受益証券","3月15日","9月15日","E12457","ゴールドマン・サックス・アセット・マネジメント株式会社"
"G12791","","野村外国株インデックス　Ａコース（野村投資一任口座向け）","ノムラガイコクカブインデックスエーコースノムラトウシイチニンコウザムケ","内国投資信託受益証券","1月17日","7月17日","E12460","野村アセットマネジメント株式会社"
"G12792","","野村外国債券インデックス　Ａコース（野村投資一任口座向け）","ノムラガイコクサイケンインデックスエーコースノムラトウシイチニンコウザムケ","内国投資信託受益証券","1月17日","7月17日","E12460","野村アセットマネジメント株式会社"
"G12793","","野村世界ＲＥＩＴインデックス　Ａコース（野村投資一任口座向け）","ノムラセカイリートインデックスエーコースノムラトウシイチニンコウザムケ","内国投資信託受益証券","1月17日","7月17日","E12460","野村アセットマネジメント株式会社"
"G12794","","野村外国株（含む新興国）インデックス　Ａコース（野村投資一任口座向け）","ノムラガイコクカブフクムシンコウコクインデックスエーコースノムラトウシイチニンコウザムケ","内国投資信託受益証券","1月17日","7月17日","E12460","野村アセットマネジメント株式会社"
"G12795","","野村外国株（含む新興国）インデックス　Ｂコース（野村投資一任口座向け）","ノムラガイコクカブフクムシンコウコクインデックスビーコースノムラトウシイチニンコウザムケ","内国投資信託受益証券","1月17日","7月17日","E12460","野村アセットマネジメント株式会社"
"G12796","","野村外国債券（含む新興国）インデックス　Ａコース（野村投資一任口座向け）","ノムラガイコクサイケンフクムシンコウコクインデックスエーコースノムラトウシイチニンコウザムケ","内国投資信託受益証券","1月17日","7月17日","E12460","野村アセットマネジメント株式会社"
"G12797","","野村外国債券（含む新興国）インデックス　Ｂコース（野村投資一任口座向け）","ノムラガイコクサイケンフクムシンコウコクインデックスビーコースノムラトウシイチニンコウザムケ","内国投資信託受益証券","1月17日","7月17日","E12460","野村アセットマネジメント株式会社"
"G12800","","三菱ＵＦＪ　ＤＣ年金バランス（株式１５）","ミツビシユーエフジェイディーシーネンキンバランスカブシキジュウゴ","内国投資信託受益証券","5月20日","","E11518","三菱ＵＦＪアセットマネジメント株式会社"
"G12801","","三菱ＵＦＪ　ＤＣ年金バランス（株式４０）","ミツビシユーエフジェイディーシーネンキンバランスカブシキヨンジュウ","内国投資信託受益証券","5月20日","","E11518","三菱ＵＦＪアセットマネジメント株式会社"
"G12802","","三菱ＵＦＪ　ＤＣ年金バランス（株式６５）","ミツビシユーエフジェイディーシーネンキンバランスカブシキロクジュウゴ","内国投資信託受益証券","5月20日","","E11518","三菱ＵＦＪアセットマネジメント株式会社"
"G12803","34870","ＣＲＥロジスティクスファンド投資法人","シーアールイーロジスティクスファンドトウシホウジン","内国投資証券","6月末日","12月末日","E33664","ＣＲＥロジスティクスファンド投資法人"
"G12806","14990","ＭＡＸＩＳ日本株高配当７０マーケットニュートラル上場投信","マクシスニホンカブコウハイトウナナジュウマーケットニュートラルジョウジョウトウシン","内国投資信託受益証券","4月10日","10月10日","E11518","三菱ＵＦＪアセットマネジメント株式会社"
"G12807","","ターゲット・リターン戦略ファンド","ターゲットリターンセンリャクファンド","内国投資信託受益証券","12月25日","","E12434","ＳＯＭＰＯアセットマネジメント株式会社"
"G12808","","Ｍｙ　ＳＭＴ　新興国株式インデックス（ノーロード）","マイ　エスエムティー　シンコウコクカブシキインデックス　ノーロード","内国投資信託受益証券","10月20日","","E12444","三井住友トラスト・アセットマネジメント株式会社"
"G12809","","野村ウエスタン・世界債券戦略ファンド　Ａコース、野村ウエスタン・世界債券戦略ファンド　Ｂコース、野村ウエスタン・世界債券戦略ファンド　Ｃコース、野村ウエスタン・世界債券戦略ファンド　Ｄコース","ノムラウエスタンセカイサイケンセンリャクファンドエーコース　ノムラウエスタンセカイサイケンセンリャクファンドビーコース　ノムラウエスタンセカイサイケンセンリャクファンドシーコース　ノムラウエスタンセカイサイケンセンリャクファンドディーコース","内国投資信託受益証券","5月16日","11月16日","E12460","野村アセットマネジメント株式会社"
"G12810","","農林中金＜パートナーズ＞つみたて日本株式　日経２２５","ノウリンチュウキン　パートナーズ　ツミタテニホンカブシキ　ニッケイニイニイゴ","内国投資信託受益証券","11月15日","","E12882","農林中金全共連アセットマネジメント株式会社"
"G12811","","農林中金＜パートナーズ＞つみたて米国株式　Ｓ＆Ｐ５００","ノウリンチュウキン　パートナーズ　ツミタテベイコクカブシキ　エスアンドピーゴヒャク","内国投資信託受益証券","11月15日","","E12882","農林中金全共連アセットマネジメント株式会社"
"G12812","","Ｍｙ　ＳＭＴ　ＴＯＰＩＸインデックス（ノーロード）","マイ　エスエムティー　トピックスインデックス　ノーロード","内国投資信託受益証券","10月20日","","E12444","三井住友トラスト・アセットマネジメント株式会社"
"G12814","","ＳＢＩ　日本株４．３ブル","エスビーアイ　ニホンカブヨンテンサン　ブル","内国投資信託受益証券","12月5日","","E13447","ＳＢＩアセットマネジメント株式会社"
"G12815","","ニッセイＡＩ関連株式ファンド（年２回決算型・為替ヘッジあり）／ニッセイＡＩ関連株式ファンド（年２回決算型・為替ヘッジなし）","ニッセイエーアイカンレンカブシキファンドネンニカイケッサンガタカワセヘッジアリ　ニッセイエーアイカンレンカブシキファンドネンニカイケッサンガタカワセヘッジナシ","内国投資信託受益証券","4月25日","10月25日","E12453","ニッセイアセットマネジメント株式会社"
"G12816","","ＤＣダイワ・グローバルＲＥＩＴアクティブ・ファンド","ディーシーダイワグローバルリートアクティブファンド","内国投資信託受益証券","9月15日","","E06748","大和アセットマネジメント株式会社"
"G12817","","くまもと未来応援ファンド","クマモトミライオウエンファンド","内国投資信託受益証券","1月15日","","E12441","ＳＢＩ岡三アセットマネジメント株式会社"
"G12818","","野村ＤＣ・ＰＩＭＣＯ・世界インカム戦略ファンド（為替ヘッジあり）","ノムラディーシーピムコセカイインカムセンリャクファンドカワセヘッジアリ","内国投資信託受益証券","12月6日","","E12460","野村アセットマネジメント株式会社"
"G12819","","国際インド債券オープン（年１回決算型）","コクサイインドサイケンオープンネンイッカイケッサンガタ","内国投資信託受益証券","9月10日","","E11518","三菱ＵＦＪアセットマネジメント株式会社"
"G12820","","キャピタル・インベストメント・カンパニー・オブ・アメリカ　ＩＣＡ","キャピタルインベストメントカンパニーオブアメリカアイシーエイ","内国投資信託受益証券","10月20日","","E14703","キャピタル・インターナショナル株式会社"
"G12821","","収益追求（資産・運用手法分散）投資ファンド","シュウエキツイキュウ　シサン　ウンヨウシュホウブンサン　トウシファンド","内国投資信託受益証券","12月20日","","E12430","アモーヴァ・アセットマネジメント株式会社"
"G12824","34880","セントラル・リート投資法人","セントラルリートトウシホウジン","内国投資証券","8月末日","2月末日","E33700","セントラル・リート投資法人"
"G12825","","ＳＢＩ・先進国株式インデックス・ファンド","エスビーアイセンシンコクカブシキインデックスファンド","内国投資信託受益証券","11月12日","","E13447","ＳＢＩアセットマネジメント株式会社"
"G12827","","三井住友・日経アジア３００ｉインデックスファンド","ミツイスミトモニッケイアジアサンビャクアイインデックスファンド","内国投資信託受益証券","12月20日","","E08957","三井住友ＤＳアセットマネジメント株式会社"
"G12829","","ユナイテッド・マルチ・マネージャー・ファンド１","ユナイテッドマルチマネージャーファンドイチ","内国投資信託受益証券","3月25日","9月25日","E27917","ファイブスター投信投資顧問株式会社"
"G12830","","ユナイテッド・タートルクラブ・ファンド・シリーズ","ユナイテッドタートルクラブファンドシリーズ","内国投資信託受益証券","5月末日","","E27917","ファイブスター投信投資顧問株式会社"
"G12831","","ディープリサーチ・チャイナ・ファンド","ディープリサーチチャイナファンド","内国投資信託受益証券","2月25日","8月25日","E27917","ファイブスター投信投資顧問株式会社"
"G12832","","ブラックロック・ベストバランス戦略ファンド（年１回決算型）","ブラックロックベストバランスセンリャクファンドネンイッカイケッサンガタ","内国投資信託受益証券","2月23日","","E09096","ブラックロック・ジャパン株式会社"
"G12833","","ブラックロック・ベストバランス戦略ファンド（年２回決算型）","ブラックロックベストバランスセンリャクファンドネンニカイケッサンガタ","内国投資信託受益証券","2月23日","8月23日","E09096","ブラックロック・ジャパン株式会社"
"G12835","","アムンディ・ジャパン・プラス債券ファンド（年１回決算）","アムンディジャパンプラスサイケンファンドネンイチカイケッサン","内国投資信託受益証券","1月18日","","E09666","アムンディ・ジャパン株式会社"
"G12836","","ニッセイ／ＴＣＷ債券戦略ファンド（資産成長型・為替ヘッジあり）／ニッセイ／ＴＣＷ債券戦略ファンド（資産成長型・為替ヘッジなし）","ニッセイティーシーダブリューサイケンセンリャクファンドシサンセイチョウガタカワセヘッシ゛アリ　ニッセイティーシーダブリューサイケンセンリャクファンドシサンセイチョウガタカワセヘッシ゛ナシ","内国投資信託受益証券","1月20日","7月20日","E12453","ニッセイアセットマネジメント株式会社"
"G12837","","ニッセイ／ＴＣＷ債券戦略ファンド（３ヵ月決算型・為替ヘッジあり）／ニッセイ／ＴＣＷ債券戦略ファンド（３ヵ月決算型・為替ヘッジなし）","ニッセイティーシーダブリューサイケンセンリャクファンドサンカゲツケッサンガタカワセヘッジアリ　ニッセイティーシーダブリューサイケンセンリャクファンドサンカゲツケッサンガタカワセヘッジナシ","内国投資信託受益証券","1月20日","7月20日","E12453","ニッセイアセットマネジメント株式会社"
"G12839","","楽天・米国高配当株式インデックス・ファンド","ラクテンベイコクコウハイトウカブシキインデックスファンド","内国投資信託受益証券","7月15日","","E15787","楽天投信投資顧問株式会社"
"G12840","","野村ターゲットインカムファンド（年３％目標分配型）","ノムラターゲットインカムファンドネンサンパーセントモクヒョウブンパイガタ","内国投資信託受益証券","5月15日","11月15日","E12460","野村アセットマネジメント株式会社"
"G12841","","楽天グローバル・プレミア・ファンド（ロボット自動運用型）","ラクテングローバルプレミアファンドロボットジドウウンヨウガタ","内国投資信託受益証券","11月20日","","E15787","楽天投信投資顧問株式会社"
"G12842","","あおぞら・新グローバル分散ファンド（限定追加型）２０１８‐０２","アオゾラシングローバルブンサンファンドゲンテイツイカガタニイゼロイチハチノゼロニイ","内国投資信託受益証券","12月10日","","E30689","あおぞら投信株式会社"
"G12843","","ＵＢＳ新興国株式厳選投資ファンド","ユービーエスシンコウコクカブシキゲンセントウシファンド","内国投資信託受益証券","11月25日","","E12473","ＵＢＳアセット・マネジメント株式会社"
"G12844","","シュローダー・ユーロ・エクイティ・ファンド　為替リスク軽減型／為替ヘッジなし","シュローダー　ユーロ　エクイティ　ファンド　カワセリスクケイゲンガタ　カワセヘッジナシ","内国投資信託受益証券","6月10日","12月10日","E12586","シュローダー・インベストメント・マネジメント株式会社"
"G12845","","野村ＰＩＭＣＯ・世界インカム戦略ファンド　為替ナビ　Ｅコース、野村ＰＩＭＣＯ・世界インカム戦略ファンド　為替ナビ　Ｆコース","ノムラピムコセカイインカムセンリャクファンドカワセナビイーコース　ノムラピムコセカイインカムセンリャクファンドカワセナビエフコース","内国投資信託受益証券","4月16日","10月16日","E12460","野村アセットマネジメント株式会社"
"G12846","","日経アジア３００インベスタブル・アクティブ・ファンド","ニッケイアジアサンビャクインベスタブルアクティブファンド","内国投資信託受益証券","6月14日","12月14日","E11518","三菱ＵＦＪアセットマネジメント株式会社"
"G12847","","オーストラリア・インカム・バランス・ファンド（１年決算型）","オーストラリア　インカム　バランス　ファンド　イチネンケッサンガタ","内国投資信託受益証券","10月14日","","E12430","アモーヴァ・アセットマネジメント株式会社"
"G12848","","オーストラリア・インカム・バランス・ファンド（毎月分配型）","オーストラリア　インカム　バランス　ファンド　マイツキブンパイガタ","内国投資信託受益証券","4月14日","10月14日","E12430","アモーヴァ・アセットマネジメント株式会社"
"G12849","","パインブリッジ・グローバル・テクノロジー・インフラ・ファンド","パインブリッジグローバルテクノロジーインフラファンド","内国投資信託受益証券","12月15日","","E12437","パインブリッジ・インベストメンツ株式会社"
"G12850","","モビリティ関連　世界株式戦略ファンド","モビリティカンレン　セカイカブシキセンリャクファンド","内国投資信託受益証券","12月15日","","E12444","三井住友トラスト・アセットマネジメント株式会社"
"G12852","","モビリティ・イノベーション・ファンド","モビリティイノベーションファンド","内国投資信託受益証券","1月21日","","E13343","ＢＮＹメロン・インベストメント・マネジメント・ジャパン株式会社"
"G12853","","Ｏｎｅフレキシブル戦略日本株ファンド","ワンフレキシブルセンリャクニホンカブファンド","内国投資信託受益証券","1月17日","7月17日","E10677","アセットマネジメントＯｎｅ株式会社"
"G12856","","たわらノーロード　最適化バランス（保守型）、たわらノーロード　最適化バランス（安定型）、たわらノーロード　最適化バランス（安定成長型）、たわらノーロード　最適化バランス（成長型）、たわらノーロード　最適化バランス（積極型）","タワラノーロードサイテキカバランスホシュガタ　タワラノーロードサイテキカバランスアンテイガタ　タワラノーロードサイテキカバランスアンテイセイチョウガタ　タワラノーロードサイテキカバランスセイチョウガタ　タワラノーロードサイテキカバランスセッキョクガタ","内国投資信託受益証券","10月12日","","E10677","アセットマネジメントＯｎｅ株式会社"
"G12857","","三菱ＵＦＪ／マッコーリー　グローバル・インフラ債券ファンド＜為替ヘッジあり＞／＜為替ヘッジなし＞（年１回決算型）","ミツビシユーエフジェイマッコーリーグローバルインフラサイケンファンドカワセヘッジアリカワセヘッジナシネンイッカイケッサンガタ","内国投資信託受益証券","5月10日","","E11518","三菱ＵＦＪアセットマネジメント株式会社"
"G12858","","ＵＢＳ中国新時代株式ファンド（年１回決算型）","ユービーエスチュウゴクシンジダイカブシキファンド　ネンイッカイケッサンガタ","内国投資信託受益証券","2月25日","","E12473","ＵＢＳアセット・マネジメント株式会社"
"G12859","","ＵＢＳ中国新時代株式ファンド（年２回決算型）","ユービーエスチュウゴクシンジダイカブシキファンド　ネンニカイケッサンガタ","内国投資信託受益証券","2月25日","8月25日","E12473","ＵＢＳアセット・マネジメント株式会社"
"G12860","","グローバル・モビリティ・サービス株式ファンド（１年決算型）","グローバル　モビリティ　サービスカブシキファンド　イチネンケッサンガタ","内国投資信託受益証券","1月20日","","E12430","アモーヴァ・アセットマネジメント株式会社"
"G12861","","ｅＭＡＸＩＳ　日経アジア３００インベスタブル・インデックス","イーマクシスニッケイアジアサンビャクインベスタブルインデックス","内国投資信託受益証券","1月26日","","E11518","三菱ＵＦＪアセットマネジメント株式会社"
"G12862","25160","東証グロース２５０ＥＴＦ","トウショウグロースニヒャクゴジュウイーティーエフ","内国投資信託受益証券","7月8日","","E14415","シンプレクス・アセット・マネジメント株式会社"
"G12863","","グローバル・メガピース","グローバル　メガピース","内国投資信託受益証券","1月25日","","E12430","アモーヴァ・アセットマネジメント株式会社"
"G12864","","日経アジア３００インベスタブル・インデックス・ファンド","ニッケイアジアサンビャクインベスタブルインデックスファンド","内国投資信託受益証券","1月26日","","E11518","三菱ＵＦＪアセットマネジメント株式会社"
"G12865","","ニッセイ日経アジア３００ｉアクティブファンド（年２回決算型）","ニッセイニッケイアジアサンビャクアイアクティブファンドネンニカイケッサンガタ","内国投資信託受益証券","1月31日","7月31日","E12453","ニッセイアセットマネジメント株式会社"
"G12866","","ニッセイ日経アジア３００ｉアクティブファンド（資産成長型）","ニッセイニッケイアジアサンビャクアイアクティブファンドシサンセイチョウガタ","内国投資信託受益証券","1月31日","","E12453","ニッセイアセットマネジメント株式会社"
"G12867","","三井住友・日本株式ＥＳＧファンド","ミツイスミトモニホンカブシキイーエスジーファンド","内国投資信託受益証券","11月30日","","E08957","三井住友ＤＳアセットマネジメント株式会社"
"G12871","","ｉＦｒｅｅＮＥＸＴ　ＦＡＮＧ＋インデックス","アイフリーネクストファングプラスインデックス","内国投資信託受益証券","1月30日","","E06748","大和アセットマネジメント株式会社"
"G12872","","ｉＦｒｅｅＮＥＸＴ　ＮＡＳＤＡＱバイオテクノロジー・インデックス","アイフリーネクストナスダックバイオテクノロジーインデックス","内国投資信託受益証券","1月30日","","E06748","大和アセットマネジメント株式会社"
"G12873","","ｉＦｒｅｅＡｃｔｉｖｅ　ゲーム＆ｅスポーツ","アイフリーアクティブゲームアンドイースポーツ","内国投資信託受益証券","1月30日","","E06748","大和アセットマネジメント株式会社"
"G12874","","ｉＦｒｅｅＡｃｔｉｖｅ　エドテック","アイフリーアクティブエドテック","内国投資信託受益証券","1月30日","","E06748","大和アセットマネジメント株式会社"
"G12875","","ｉＦｒｅｅＡｃｔｉｖｅ　ＥＶ","アイフリーアクティブイーブイ","内国投資信託受益証券","1月30日","","E06748","大和アセットマネジメント株式会社"
"G12876","","ｉＦｒｅｅＡｃｔｉｖｅ　チャイナⅩ","アイフリーアクティブチャイナテン","内国投資信託受益証券","1月30日","","E06748","大和アセットマネジメント株式会社"
"G12877","","ＳＭＴ　日経アジア３００インベスタブルインデックス・オープン","エスエムティー　ニッケイアジアサンビャクインベスタブルインデックス　オープン","内国投資信託受益証券","5月10日","11月10日","E12444","三井住友トラスト・アセットマネジメント株式会社"
"G12878","","ｅＭＡＸＩＳ　Ｓｌｉｍ　国内株式（日経平均）","イーマクシススリムコクナイカブシキニッケイヘイキン","内国投資信託受益証券","4月25日","","E11518","三菱ＵＦＪアセットマネジメント株式会社"
"G12879","","レッド・アーク・グローバル・インベストメンツ（ケイマン）トラスト－償還時目標設定型ファンド１８０２","レッドアークグローバルインベストメンツケイマントラスト　ショウカンジモクヒョウセッテイガタファンドイチハチゼロニ","外国投資信託受益証券","12月末日","","E22200","シティグループ・ファースト・インベストメント・マネジメント・リミテッド"
"G12882","","野村日本割安低位株オープン","ノムラニホンワリヤステイイカブオープン","内国投資信託受益証券","12月14日","","E12460","野村アセットマネジメント株式会社"
"G12883","","（早期償還条項付）野村日本割安低位株投信１８０２","ソウキショウカンジョウコウツキノムラニホンワリヤステイイカブトウシンイチハチゼロニ","内国投資信託受益証券","12月14日","","E12460","野村アセットマネジメント株式会社"
"G12884","","スイス好配当株式ファンド（為替ヘッジあり）／（為替ヘッジなし）","スイスコウハイトウカブシキファンド　カワセヘッジアリ　カワセヘッジナシ","内国投資信託受益証券","3月17日","9月17日","E12448","明治安田アセットマネジメント株式会社"
"G12885","","ニッセイ・インデックスバランスファンド（８資産均等型）＜購入・換金手数料なし＞","ニッセイインデックスバランスファンドハチシサンキントウガタコウニュウカンキンテスウリョウナシ","内国投資信託受益証券","11月20日","","E12453","ニッセイアセットマネジメント株式会社"
"G12887","","ＰＩＭＣＯ　世界不動産関連債券ファンド（為替ヘッジあり）（毎月決算型）　ＰＩＭＣＯ　世界不動産関連債券ファンド（為替ヘッジなし）（毎月決算型）　ＰＩＭＣＯ　世界不動産関連債券ファンド（為替ヘッジあり）（年２回決算型）　ＰＩＭＣＯ　世界不動産関連債券ファンド（為替ヘッジなし）（年２回決算型）","ピムコ　セカイフドウサンカンレンサイケンファンド　カワセヘッジアリ　マイツキケッサンガタ　ピムコ　セカイフドウサンカンレンサイケンファンド　カワセヘッジナシ　マイツキケッサンガタ　ピムコ　セカイフドウサンカンレンサイケンファンド　カワセヘッジアリ　ネンニカイケッサンガタ　ピムコ　セカイフドウサンカンレンサイケンファンド　カワセヘッジナシ　ネンニカイケッサンガタ","内国投資信託受益証券","2月15日","8月15日","E12444","三井住友トラスト・アセットマネジメント株式会社"
"G12890","","野村グローバル・ボンド・アクティブ・ファンド（運用切り替え機能付・限定追加型）","ノムラグローバルボンドアクティブファンドウンヨウキリカエキノウツキゲンテイツイカガタ","内国投資信託受益証券","2月10日","","E12460","野村アセットマネジメント株式会社"
"G12892","","アムンディ　エス・エフ－ＳＭＢＣ・アムンディ　プロテクトファンド　米ドルステップ　２０１８０３","アムンディエスエフエスエムビーシーアムンディプロテクトファンドベイドルステップニゼロイチハチゼロサン","外国投資信託受益証券","12月末日","","E33818","アムンディ・ルクセンブルク・エス・エー"
"G12893","","ニッセイＳＤＧｓジャパンセレクトファンド（資産成長型）","ニッセイエスディージーズジャパンセレクトファンドシサンセイチョウガタ","内国投資信託受益証券","12月15日","","E12453","ニッセイアセットマネジメント株式会社"
"G12894","","ニッセイＳＤＧｓジャパンセレクトファンド（年２回決算型）","ニッセイエスディージーズジャパンセレクトファンドネンニカイケッサンガタ","内国投資信託受益証券","6月15日","12月15日","E12453","ニッセイアセットマネジメント株式会社"
"G12896","","４資産分散投資・スタンダード＜ＤＣ年金＞","ヨンシサンブンサントウシスタンダードディーシーネンキン","内国投資信託受益証券","2月25日","","E10677","アセットマネジメントＯｎｅ株式会社"
"G12898","","オーストラリア好利回り３資産バランス（年２回決算型）","オーストラリアコウリマワリサンシサンバランスネンニカイケッサンガタ","内国投資信託受益証券","3月15日","9月15日","E11518","三菱ＵＦＪアセットマネジメント株式会社"
"G12901","","マイターゲット２０３５（確定拠出年金向け）","マイターゲットニセンサンジュウゴカクテイキョシュツネンキンムケ","内国投資信託受益証券","6月28日","","E12460","野村アセットマネジメント株式会社"
"G12902","","マイターゲット２０４５（確定拠出年金向け）","マイターゲットニセンヨンジュウゴカクテイキョシュツネンキンムケ","内国投資信託受益証券","6月28日","","E12460","野村アセットマネジメント株式会社"
"G12903","","マイターゲット２０５５（確定拠出年金向け）","マイターゲットニセンゴジュウゴカクテイキョシュツネンキンムケ","内国投資信託受益証券","6月28日","","E12460","野村アセットマネジメント株式会社"
"G12904","","マイターゲット２０６０（確定拠出年金向け）","マイターゲットニセンロクジュウカクテイキョシュツネンキンムケ","内国投資信託受益証券","6月28日","","E12460","野村アセットマネジメント株式会社"
"G12905","","ＦＡＮＧ＋インデックス・オープン","ファングプラスインデックスオープン","内国投資信託受益証券","1月30日","","E06748","大和アセットマネジメント株式会社"
"G12908","","次世代モビリティオープン（為替ヘッジあり）／（為替ヘッジなし）","ジセダイモビリティオープンカワセヘッジアリカワセヘッジナシ","内国投資信託受益証券","3月10日","","E12441","ＳＢＩ岡三アセットマネジメント株式会社"
"G12910","","あおぞら・新グローバル分散ファンド（限定追加型）２０１８‐０４","アオゾラシングローバルブンサンファンドゲンテイツイカガタニイゼロイチハチノゼロヨン","内国投資信託受益証券","12月10日","","E30689","あおぞら投信株式会社"
"G12911","","未来イノベーション成長株ファンド","ミライイノベーションセイチョウカブファンド","内国投資信託受益証券","6月20日","","E11518","三菱ＵＦＪアセットマネジメント株式会社"
"G12913","","農林中金＜パートナーズ＞日米６資産分散ファンド（安定運用コース）　（為替ヘッジあり）農林中金＜パートナーズ＞日米６資産分散ファンド（資産形成コース）（為替ヘッジあり）","ノウリンチュウキン　パートナーズ　ニチベイロクシサンブンサンファンド　アンテイウンヨウコース　カワセヘッジアリ　ノウリンチュウキン　パートナーズ　ニチベイロクシサンブンサンファンド　シサンケイセイコース　カワセヘッジアリ","内国投資信託受益証券","11月15日","","E12882","農林中金全共連アセットマネジメント株式会社"
"G12914","","欧州ハイ・イールド債券オープン（１年決算型）円コース／ユーロコース","オウシュウハイイールドサイケンオープンイチネンケッサンガタエンコースユーロコース","内国投資信託受益証券","1月18日","","E12441","ＳＢＩ岡三アセットマネジメント株式会社"
"G12915","","ニッセイ・インド厳選株式ファンド（資産成長型）","ニッセイインドゲンセンカブシキファンドシサンセイチョウガタ","内国投資信託受益証券","1月15日","7月15日","E12453","ニッセイアセットマネジメント株式会社"
"G12917","","次世代モビリティ社会創生株ファンド","ジセダイモビリティシャカイソウセイカブファンド","内国投資信託受益証券","2月15日","8月15日","E11518","三菱ＵＦＪアセットマネジメント株式会社"
"G12920","","インド内需関連株式ファンド","インドナイジュカンレンカブシキファンド","内国投資信託受益証券","12月19日","","E08957","三井住友ＤＳアセットマネジメント株式会社"
"G12922","","三井住友・豪ドル債ファンド（年１回決算型）","ミツイスミトモゴウドルサイファンドネンイッカイケッサンガタ","内国投資信託受益証券","11月5日","","E08957","三井住友ＤＳアセットマネジメント株式会社"
"G12923","","ｉＴｒｕｓｔインド株式","アイトラストインドカブシキ","内国投資信託受益証券","4月10日","","E10439","ピクテ・ジャパン株式会社"
"G12924","","ｅＭＡＸＩＳ　Ｓｌｉｍ　全世界株式（除く日本）","イーマクシススリムゼンセカイカブシキノゾクニホン","内国投資信託受益証券","4月25日","","E11518","三菱ＵＦＪアセットマネジメント株式会社"
"G12925","","ＵＢＳ（Ｉｒｌ）ＥＴＦ　ピーエルシー　－　ＵＢＳ　ＭＳＣＩ　ＡＣＷＩ　ユニバーサル　ＵＣＩＴＳ　ＥＴＦ／ＵＢＳ　ＭＳＣＩ　ＡＣＷＩ　ソーシャリー・レスポンシブル　ＵＣＩＴＳ　ＥＴＦ","ユービーエスアイアールエルイーティーエフピーエルシーユービーエスエムエスシーアイエーシーダブリューアイユニバーサルユーシッツイーティーエフユービーエスエムエスシーアイエーシーダブリューアイソーシャリーレスポンシブルユーシッツイーティーエフ","外国投資証券","12月末日","","E33922","ＵＢＳ（Ｉｒｌ）ＥＴＦ　ピーエルシー"
"G12926","","日本生命第１回劣後ローン流動化株式会社","ニホンセイメイダイイッカイレツゴローンリュウドウカカブシキカイシャ","内国資産流動化証券","9月末日","","E33912","日本生命第１回劣後ローン流動化株式会社"
"G12928","","日本厳選割安株ファンド２０１８－０４（繰上償還条件付）","ニホンゲンセンワリヤスカブファンドニセンジュウハチノゼロヨン　クリアゲショウカンジョウケンツキ","内国投資信託受益証券","3月15日","","E12444","三井住友トラスト・アセットマネジメント株式会社"
"G12929","","Ｓｍａｒｔ－ｉ　８資産バランス　安定型、Ｓｍａｒｔ－ｉ　８資産バランス　安定成長型、Ｓｍａｒｔ－ｉ　８資産バランス　成長型","スマートアイ　ハチシサンバランス　アンテイガタ　スマートアイ　ハチシサンバランス　アンテイセイチョウガタ　スマートアイ　ハチシサンバランス　セイチョウガタ","内国投資信託受益証券","3月25日","","E32011","りそなアセットマネジメント株式会社"
"G12930","","りそなターゲット・イヤー・ファンド２０３０、りそなターゲット・イヤー・ファンド２０４０、りそなターゲット・イヤー・ファンド２０５０","リソナターゲット　イヤー　ファンドニイゼロサンゼロ　リソナターゲット　イヤー　ファンドニイゼロヨンゼロ　リソナターゲット　イヤー　ファンドニイゼロゴーゼロ","内国投資信託受益証券","3月25日","","E32011","りそなアセットマネジメント株式会社"
"G12933","","ＨＳＢＣワールド・セレクション（インカムコース）","エイチエスビーシーワールドセレクションインカムコース","内国投資信託受益証券","2月19日","8月19日","E12492","ＨＳＢＣアセットマネジメント株式会社"
"G12934","","フィデリティ・グローバル株式ファンド（為替ヘッジあり）　フィデリティ・グローバル株式ファンド（為替ヘッジなし）","フィデリティグローバルカブシキファンドカワセヘッジアリ　フィデリティグローバルカブシキファンドカワセヘッジナシ","内国投資信託受益証券","2月15日","","E12481","フィデリティ投信株式会社"
"G12935","","フィデリティ・ライフベスト戦略ファンド（年１回決算型）（為替ヘッジあり）","フィデリティライフベストセンリャクファンドネンイッカイケッサンガタカワセヘッジアリ","内国投資信託受益証券","3月20日","","E12481","フィデリティ投信株式会社"
"G12936","","キャピタル世界株式ファンドＮＦ／ＮＦ（限定為替ヘッジ）","キャピタルセカイカブシキファンドエヌエフエヌエフゲンテイカワセヘッジ","内国投資信託受益証券","12月6日","","E14703","キャピタル・インターナショナル株式会社"
"G12937","","ファンドラップ（ウエルス・スクエア）債券・安定型プラス","ファンドラップウエルススクエアサイケンアンテイガタプラス","内国投資信託受益証券","3月29日","","E12460","野村アセットマネジメント株式会社"
"G12938","","スパークス・厳選株ファンド・ヘッジ型（ダイワ投資一任専用）","スパークス　ゲンセンカブファンド　ヘッジガタ　ダイワトウシイチニンセンヨウ","内国投資信託受益証券","4月15日","10月15日","E11161","スパークス・アセット・マネジメント株式会社"
"G12939","","ｅＭＡＸＩＳ　Ｓｌｉｍ　全世界株式（３地域均等型）","イーマクシススリムゼンセカイカブシキサンチイキキントウガタ","内国投資信託受益証券","4月25日","","E11518","三菱ＵＦＪアセットマネジメント株式会社"
"G12940","","日本中小型成長株発掘ファンド","ニホンチュウコガタセイチョウカブハックツファンド","内国投資信託受益証券","2月25日","","E08957","三井住友ＤＳアセットマネジメント株式会社"
"G12941","","アジア・スマートロジスティクスファンド","アジアスマートロジスティクスファンド","内国投資信託受益証券","4月20日","","E08957","三井住友ＤＳアセットマネジメント株式会社"
"G12943","","三菱ＵＦＪ国際　インカムバランスファンド（年６回決算型）","ミツビシユーエフジェイコクサイインカムバランスファンドネンロッカイケッサンガタ","内国投資信託受益証券","3月15日","9月15日","E11518","三菱ＵＦＪアセットマネジメント株式会社"
"G12944","","ブラックロック新興国インフレ連動国債ファンド","ブラックロックシンコウコクインフレレンドウコクサイファンド","内国投資信託受益証券","4月20日","","E09096","ブラックロック・ジャパン株式会社"
"G12945","","Ｏｎｅ世界好配当株式ファンド（毎月決算型）（為替ヘッジあり）","ワンセカイコウハイトウカブシキファンドマイツキケッサンガタカワセヘッジアリ","内国投資信託受益証券","6月21日","12月21日","E10677","アセットマネジメントＯｎｅ株式会社"
"G12947","","ＩＰＯリサーチ・オープン","アイピーオーリサーチオープン","内国投資信託受益証券","4月26日","","E11518","三菱ＵＦＪアセットマネジメント株式会社"
"G12948","","インフラ関連日本株式ファンド","インフラカンレンニホンカブシキファンド","内国投資信託受益証券","4月24日","","E12441","ＳＢＩ岡三アセットマネジメント株式会社"
"G12949","","ニッセイ／コムジェスト新興国成長株ファンド　Ａコース限定為替ヘッジ（野村ＳＭＡ・ＥＷ向け）／ニッセイ／コムジェスト新興国成長株ファンド　Ｂコース為替ヘッジなし（野村ＳＭＡ・ＥＷ向け）","ニッセイコムジェストシンコウコクセイチョウカブファンドエーコースゲンテイカワセヘッジノムラエスエムエーイーダブリュームケ　ニッセイコムジェストシンコウコクセイチョウカブファンドビーコースカワセヘッジナシノムラエスエムエーイーダブリュームケ","内国投資信託受益証券","12月6日","","E12453","ニッセイアセットマネジメント株式会社"
"G12950","","フィデリティ・米国株式ファンド　Ｃコース（分配重視型・為替ヘッジあり）　フィデリティ・米国株式ファンド　Ｄコース（分配重視型・為替ヘッジなし）","フィデリティベイコクカブシキファンドシーコースブンパイジュウシガタカワセヘッジアリ　フィデリティベイコクカブシキファンドディーコースブンパイジュウシガタカワセヘッジナシ","内国投資信託受益証券","5月20日","11月20日","E12481","フィデリティ投信株式会社"
"G12951","","フィデリティ・米国株式ファンド　Ａコース（資産成長型・為替ヘッジあり）　フィデリティ・米国株式ファンド　Ｂコース（資産成長型・為替ヘッジなし）","フィデリティベイコクカブシキファンドエーコースシサンセイチョウガタカワセヘッジアリ　フィデリティベイコクカブシキファンドビーコースシサンセイチョウガタカワセヘッジナシ","内国投資信託受益証券","5月20日","","E12481","フィデリティ投信株式会社"
"G12952","","スパークス・ベスト・ピック・ファンド（ヘッジ型）","スパークス　ベスト　ピック　ファンド　ヘッジガタ","内国投資信託受益証券","4月15日","10月15日","E11161","スパークス・アセット・マネジメント株式会社"
"G12953","","分散名人","ブンサンメイジン","内国投資信託受益証券","3月20日","","E31678","ちばぎんアセットマネジメント株式会社"
"G12954","","リアル・アセット債券ファンド　円ヘッジありコース　リアル・アセット債券ファンド　円ヘッジなしコース","リアルアセットサイケンファンド　エンヘッジアリコース　リアルアセットサイケンファンド　エンヘッジナシコース","内国投資信託受益証券","3月16日","","E12434","ＳＯＭＰＯアセットマネジメント株式会社"
"G12955","","世界株式トレンドフォロー戦略ファンド（ロングコース／ロング・ショートコース）","セカイカブシキトレンドフォローセンリャクファンドロングコースロングショートコース","内国投資信託受益証券","4月15日","","E06748","大和アセットマネジメント株式会社"
"G12956","","日本健康社会関連株式ファンド","ニホンケンコウシャカイカンレンカブシキファンド","内国投資信託受益証券","6月20日","","E06748","大和アセットマネジメント株式会社"
"G12957","","企業価値フォーカス・ファンド・ヘッジ型（ダイワ投資一任専用）","キギョウカチフォーカスファンドヘッジガタダイワトウシイチニンセンヨウ","内国投資信託受益証券","4月15日","10月15日","E08957","三井住友ＤＳアセットマネジメント株式会社"
"G12958","","ｉシェアーズ　ゴールドインデックス・ファンド（為替ヘッジあり）","アイシェアーズゴールドインデックスファンドカワセヘッジアリ","内国投資信託受益証券","11月2日","","E09096","ブラックロック・ジャパン株式会社"
"G12959","","ＢＮＹメロン・米国株式ダイナミック戦略ファンド","ビーエヌワイメロンベイコクカブシキダイナミックセンリャクファンド","内国投資信託受益証券","5月17日","","E13343","ＢＮＹメロン・インベストメント・マネジメント・ジャパン株式会社"
"G12960","","ニッセイ・デンマーク・カバード債券ファンド（為替ヘッジあり・３ヵ月決算型）／ニッセイ・デンマーク・カバード債券ファンド（為替ヘッジあり・資産成長型）","ニッセイデンマークカバードサイケンファンドカワセヘッジアリサンカゲツケッサンガタ　ニッセイデンマークカバードサイケンファンドカワセヘッジアリシサンセイチョウガタ","内国投資信託受益証券","3月25日","9月25日","E12453","ニッセイアセットマネジメント株式会社"
"G12962","25170","ＭＡＸＩＳ　Ｊリート・コア上場投信","マクシスジェーリートコアジョウジョウトウシン","内国投資信託受益証券","5月10日","11月10日","E11518","三菱ＵＦＪアセットマネジメント株式会社"
"G12964","","ＡＢ新興国分散ファンドＡコース（限定為替ヘッジ）、ＡＢ新興国分散ファンドＢコース（為替ヘッジなし）","エービーシンコウコクブンサンファンドエーコースゲンテイカワセヘッジ　エービーシンコウコクブンサンファンドビーコースカワセヘッジナシ","内国投資信託受益証券","4月15日","","E12480","アライアンス・バーンスタイン株式会社"
"G12968","","ピクテ・ダイナミック・アロケーション・ファンド","ピクテダイナミックアロケーションファンド","内国投資信託受益証券","2月15日","8月15日","E10439","ピクテ・ジャパン株式会社"
"G12969","","世界６資産分散ファンド","セカイロクシサンブンサンファンド","内国投資信託受益証券","9月6日","","E12460","野村アセットマネジメント株式会社"
"G12970","","しずぎん国際分散投資戦略ファンド２０１８－０５","シズギンコクサイブンサントウシセンリャクファンドニイゼロイチハチゼロゴ","内国投資信託受益証券","5月20日","","E10677","アセットマネジメントＯｎｅ株式会社"
"G12971","","マシューズ・アジア株式ファンド","マシューズアジアカブシキファンド","内国投資信託受益証券","5月15日","","E10677","アセットマネジメントＯｎｅ株式会社"
"G12973","","ニッセイオーストラリア利回り資産ファンド（資産成長型）","ニッセイオーストラリアリマワリシサンファンドシサンセイチョウガタ","内国投資信託受益証券","5月28日","11月28日","E12453","ニッセイアセットマネジメント株式会社"
"G12974","","リスクコントロール世界資産分散ファンド","リスクコントロールセカイシサンブンサンファンド","内国投資信託受益証券","11月11日","","E10677","アセットマネジメントＯｎｅ株式会社"
"G12975","25180","ＮＥＸＴ　ＦＵＮＤＳ　ＭＳＣＩ日本株女性活躍指数（セレクト）連動型上場投信","ネクストファンズエムエスシーアイニホンカブジョセイカツヤクシスウセレクトレンドウガタジョウジョウトウシン","内国投資信託受益証券","4月20日","10月20日","E12460","野村アセットマネジメント株式会社"
"G12976","","ＳＢＩ日本株３．７ベアⅢ","エスビーアイ　ニホンカブサンテンナナ　ベア　スリー","内国投資信託受益証券","5月10日","","E13447","ＳＢＩアセットマネジメント株式会社"
"G12978","","ライフ・ジャーニー（かしこく育てるコース）、ライフ・ジャーニー（かしこく使うコース）、ライフ・ジャーニー（充実して楽しむコース）","ライフジャーニーカシコクソダテルコースライフジャーニーカシコクツカウコースライフジャーニージュウジツシテタノシムコース","内国投資信託受益証券","3月15日","9月15日","E08957","三井住友ＤＳアセットマネジメント株式会社"
"G12979","","新興企業日本株ファンド（資産成長型）","シンコウキギョウニホンカブファンドシサンセイチョウガタ","内国投資信託受益証券","9月17日","","E10677","アセットマネジメントＯｎｅ株式会社"
"G12980","","プレミアム・ファンズ　ウェルス・コアポートフォリオ　アドバンス型","プレミアムファンズウェルスコアポートフォリオアドバンスガタ","外国投資信託受益証券","11月末日","","E14853","ＳＭＢＣ日興インベストメント・ファンド・マネジメント・カンパニー・エス・エイ"
"G12982","","明治安田日本中小型成長株式ファンド","メイジヤスダチュウコガタセイチョウカブシキファンド","内国投資信託受益証券","4月18日","10月18日","E12448","明治安田アセットマネジメント株式会社"
"G12984","","ＴＨＥＯインカム・ＡＩファンド（世界の債券中心）","テオインカム　エーアイファンド　セカイノサイケンチュウシン","内国投資信託受益証券","1月31日","","E32909","株式会社お金のデザイン"
"G12985","","ＴＨＥＯグロース・ＡＩファンド（世界の株式中心）","テオグロース　エーアイファンド　セカイノカブシキチュウシン","内国投資信託受益証券","1月31日","","E32909","株式会社お金のデザイン"
"G12987","","インベスコ　ジャパン成長株・夢ファンド（年２回決算型）","インベスコジャパンセイチョウカブユメファンドネンニカイケッサンガタ","内国投資信託受益証券","4月27日","10月27日","E06479","インベスコ・アセット・マネジメント株式会社"
"G12990","","欧州ハイイールド債券ファンド（為替ヘッジあり）／（為替ヘッジなし）（年１回決算型）","オウシュウハイイールドサイケンファンドカワセヘッジアリカワセヘッジナシネンイッカイケッサンガタ","内国投資信託受益証券","4月13日","","E11518","三菱ＵＦＪアセットマネジメント株式会社"
"G12991","","ニッセイＳＤＧｓグローバルセレクトファンド（年２回決算型・為替ヘッジあり）／ニッセイＳＤＧｓグローバルセレクトファンド（年２回決算型・為替ヘッジなし）","ニッセイエスディージーズグローバルセレクトファンドネンニカイケッサンガタカワセヘッジアリ　ニッセイエスディージーズグローバルセレクトファンドネンニカイケッサンガタカワセヘッジナシ","内国投資信託受益証券","6月15日","12月15日","E12453","ニッセイアセットマネジメント株式会社"
"G12992","","ニッセイＳＤＧｓグローバルセレクトファンド（資産成長型・為替ヘッジあり）／ニッセイＳＤＧｓグローバルセレクトファンド（資産成長型・為替ヘッジなし）","ニッセイエスディージーズグローバルセレクトファンドシサンセイチョウガタカワセヘッシ゛アリ　ニッセイエスディージーズグローバルセレクトファンドシサンセイチョウガタカワセヘッシ゛ナシ","内国投資信託受益証券","12月15日","","E12453","ニッセイアセットマネジメント株式会社"
"G12994","","楽天・インデックス・バランス（ＤＣ年金）","ラクテンインデックスバランスディーシーネンキン","内国投資信託受益証券","4月15日","","E15787","楽天投信投資顧問株式会社"
"G12997","","ＳＭＡＭベトナム株式ファンド","エスエムエイエムベトナムカブシキファンド","内国投資信託受益証券","7月12日","","E08957","三井住友ＤＳアセットマネジメント株式会社"
"G12998","","オリックス　世界国債ファンド（グローバル・ダイナミック・デュレーション）（為替ヘッジあり）","オリックス　セカイコクサイファンド　グローバル　ダイナミック　デュレーション　　カワセヘッジアリ","内国投資信託受益証券","4月20日","","E13447","ＳＢＩアセットマネジメント株式会社"
"G12999","","オリックス　世界社債アクティブファンド（為替ヘッジあり）","オリックス　セカイシャサイアクティブファンド　カワセヘッジアリ","内国投資信託受益証券","4月20日","","E13447","ＳＢＩアセットマネジメント株式会社"
"G13000","","オリックス　先進国株式マーケット・プラス・ファンド","オリックス　センシンコクカブシキマーケット　プラス　ファンド","内国投資信託受益証券","4月20日","","E13447","ＳＢＩアセットマネジメント株式会社"
"G13002","","ＪＰＭ新興国年１回決算ファンド","ジェイピーエムシンコウコクネンイッカイケッサンファンド","内国投資信託受益証券","3月11日","","E06264","ＪＰモルガン・アセット・マネジメント株式会社"
"G13005","","マルチアセット・ストラテジーファンド","マルチアセットストラテジーファンド","内国投資信託受益証券","2月10日","8月10日","E31744","株式会社ＧＣＩアセット・マネジメント"
"G13007","","ワールド・フィンテック革命ファンド（為替ヘッジあり／為替ヘッジなし）","ワールドフィンテックカクメイファンドカワセヘッジアリカワセヘッジナシ","内国投資信託受益証券","6月10日","12月10日","E06748","大和アセットマネジメント株式会社"
"G13008","","ハリス世界株ファンド（資産成長型）","ハリスセカイカブファンド　シサンセイチョウガタ","内国投資信託受益証券","3月9日","","E12447","朝日ライフ　アセットマネジメント株式会社"
"G13009","","あおぞら・新グローバル分散ファンド（限定追加型）２０１８‐０７","アオゾラシングローバルブンサンファンドゲンテイツイカガタニイゼロイチハチノゼロナナ","内国投資信託受益証券","12月10日","","E30689","あおぞら投信株式会社"
"G13012","","ＵＢＳ（Ｌｕｘ）キー・セレクション・シキャブ－システマティック・アロケーション・ポートフォリオ・エクイティ（米ドル）","ユービーエスルクスキーセレクションシキャブシステマティックアロケーションポートフォリオエクイティベイドル","外国投資証券","9月末日","","E15296","ＵＢＳ（Ｌｕｘ）キー・セレクション・シキャブ"
"G13014","","明治安田クオリティ日本株ファンド（限定追加型・繰上償還条項付）","メイジヤスダクオリティニホンカブファンド　ゲンテイツイカガタ　クリアゲショウカンジョウコウツキ","内国投資信託受益証券","6月5日","","E12448","明治安田アセットマネジメント株式会社"
"G13015","","明治安田クオリティ日本株オープン","メイジヤスダクオリティニホンカブオープン","内国投資信託受益証券","6月5日","","E12448","明治安田アセットマネジメント株式会社"
"G13016","","東京海上・ベトナム株式ファンド（年４回決算型）","トウキョウカイジョウベトナムカブシキファンドネンヨンカイケッサンガタ","内国投資信託受益証券","5月22日","11月22日","E06433","東京海上アセットマネジメント株式会社"
"G13017","","つみたて椿","ツミタテツバキ","内国投資信託受益証券","3月20日","","E06748","大和アセットマネジメント株式会社"
"G13018","","いちよしジャパン成長株ファンド","イチヨシジャパンセイチョウカブファンド","内国投資信託受益証券","7月12日","","E30994","いちよしアセットマネジメント株式会社"
"G13019","34920","ＭＩＲＡＲＴＨ不動産投資法人","ミラースフドウサントウシホウジン","内国投資証券","8月末日","2月末日","E34083","ＭＩＲＡＲＴＨ不動産投資法人"
"G13020","","北米リート・ファンド","ホクベイリートファンド","内国投資信託受益証券","5月15日","11月15日","E12441","ＳＢＩ岡三アセットマネジメント株式会社"
"G13021","","フューチャー・バイオテック","フューチャーバイオテック","内国投資信託受益証券","6月25日","","E08957","三井住友ＤＳアセットマネジメント株式会社"
"G13022","","アモーヴァ　オフショア・ファンズ　ＴＲＰ米国コア・グロース株ファンド","アモーヴァオフショアファンズティーアールピーベイコクコアグロースカブファンド","外国投資信託受益証券","12月末日","","E27078","アモーヴァＡＭ・グローバルケイマンリミテッド"
"G13023","","ロボット戦略Ⅱ　世界成長ファンド","ロボットセンリャクニ　セカイセイチョウファンド","内国投資信託受益証券","5月25日","11月25日","E11764","Ｔ＆Ｄアセットマネジメント株式会社"
"G13025","","アムンディ・次世代医療テクノロジー・ファンド（年２回決算型）","アムンディジセダイイリョウテクノロジーファンドネンニカイケッサンガタ","内国投資信託受益証券","1月15日","7月15日","E09666","アムンディ・ジャパン株式会社"
"G13026","","マニュライフ・米国銀行株式ファンド（資産成長型）","マニュライフベイコクギンコウカブシキファンドシサンセイチョウガタ","内国投資信託受益証券","7月20日","","E30703","マニュライフ・インベストメント・マネジメント株式会社"
"G13027","","ＮＮファースト・クラス・トータル・リターン・ファンド（ラップ専用）／ＮＮファースト・クラス・トータル・リターン・ファンド・プレミアム（ラップ専用）","エヌエヌファーストクラストータルリターンファンドラップセンヨウエヌエヌファーストクラストータルリターンファンドプレミアムラップセンヨウ","内国投資信託受益証券","4月20日","","E12457","ゴールドマン・サックス・アセット・マネジメント株式会社"
"G13028","","ＪＰＭザ・ジャパン・ベストアイディア","ジェイピーエムザジャパンベストアイディア","内国投資信託受益証券","12月14日","","E06264","ＪＰモルガン・アセット・マネジメント株式会社"
"G13029","","きらぼし・デンマーク・インカムファンド（為替ヘッジ型）","キラボシデンマークインカムファンドカワセヘッジガタ","内国投資信託受益証券","4月15日","10月15日","E12453","ニッセイアセットマネジメント株式会社"
"G13030","","イノベーション・インデックス・ＡＩ","イノベーションインデックスエーアイ","内国投資信託受益証券","6月20日","","E08957","三井住友ＤＳアセットマネジメント株式会社"
"G13031","","明治安田日本債券オープン（年１回決算型）","メイジヤスダニホンサイケンオープン　ネンイッカイケッサンガタ","内国投資信託受益証券","4月10日","","E12448","明治安田アセットマネジメント株式会社"
"G13033","","ＵＢＳ中国人民元債券ファンド（毎月決算型）","ユービーエスチュウゴクジンミンゲンサイケンファンド　マイツキケッサンガタ","内国投資信託受益証券","1月25日","7月25日","E12473","ＵＢＳアセット・マネジメント株式会社"
"G13034","","ＵＢＳ中国人民元債券ファンド（年２回決算型）","ユービーエスチュウゴクジンミンゲンサイケンファンド　ネンニカイケッサンガタ","内国投資信託受益証券","1月25日","7月25日","E12473","ＵＢＳアセット・マネジメント株式会社"
"G13036","","日本株式リサーチ・マーケット・ニュートラルファンド（ＳＭＡ専用）","ニホンカブシキリサーチ　マーケット　ニュートラルファンド　エスエムエーセンヨウ","内国投資信託受益証券","2月25日","","E12444","三井住友トラスト・アセットマネジメント株式会社"
"G13037","","ｅＭＡＸＩＳ　Ｓｌｉｍ　米国株式（Ｓ＆Ｐ５００）","イーマクシススリムベイコクカブシキエスアンドピーゴヒャク","内国投資信託受益証券","4月25日","","E11518","三菱ＵＦＪアセットマネジメント株式会社"
"G13038","","きらぼし・みらい応援株式ファンド","キラボシミライオウエンカブシキファンド","内国投資信託受益証券","3月3日","9月3日","E10677","アセットマネジメントＯｎｅ株式会社"
"G13039","25200","ＮＥＸＴ　ＦＵＮＤＳ新興国株式・ＭＳＣＩエマージング・マーケット・インデックス（為替ヘッジなし）連動型上場投信","ネクストファンズシンコウコクカブシキエムエスシーアイエマージングマーケットインデックスカワセヘッジナシレンドウガタジョウジョウトウシン","内国投資信託受益証券","3月7日","9月7日","E12460","野村アセットマネジメント株式会社"
"G13040","25190","ＮＥＸＴ　ＦＵＮＤＳ　新興国債券・Ｊ．Ｐ．モルガン・エマージング・マーケット・ボンド・インデックス・プラス（為替ヘッジなし）連動型上場投信","ネクストファンズシンコウコクサイケンジェイピーモルガンエマージングマーケットボンドインデックスプラスカワセヘッジナシレンドウガタジョウジョウトウシン","内国投資信託受益証券","3月7日","9月7日","E12460","野村アセットマネジメント株式会社"
"G13041","","きらぼし・東京圏応援株式ファンド","キラボシトウキョウケンオウエンカブシキファンド","内国投資信託受益証券","4月16日","10月16日","E06748","大和アセットマネジメント株式会社"
"G13043","","野村日本最高益更新企業ファンド","ノムラニホンサイコウエキコウシンキギョウファンド","内国投資信託受益証券","1月27日","7月27日","E12460","野村アセットマネジメント株式会社"
"G13047","","ゴールドマン・サックス社債／国際分散投資戦略ファンド２０１８－０７","ゴールドマンサックスシャサイコクサイブンサントウシセンリャクファンドニイゼロイチハチゼロナナ","内国投資信託受益証券","8月10日","","E10677","アセットマネジメントＯｎｅ株式会社"
"G13048","","東京海上・ベトナム株式ファンド（年１回決算型）","トウキョウカイジョウベトナムカブシキファンドネンイッカイケッサンガタ","内国投資信託受益証券","11月22日","","E06433","東京海上アセットマネジメント株式会社"
"G13049","","楽天・インカム戦略ポートフォリオ（奇数月決算型）","ラクテンインカムセンリャクポートフォリオキスウツキケッサンカタ","内国投資信託受益証券","1月10日","7月10日","E15787","楽天投信投資顧問株式会社"
"G13050","","楽天・インカム戦略ポートフォリオ（偶数月決算型）","ラクテンインカムセンリャクポートフォリオグウスウツキケッサンカタ","内国投資信託受益証券","6月10日","12月10日","E15787","楽天投信投資顧問株式会社"
"G13051","","楽天・インカム戦略ポートフォリオ・アルファ（奇数月決算型）","ラクテンインカムセンリャクポートフォリオアルファキスウツキケッサンカタ","内国投資信託受益証券","1月10日","7月10日","E15787","楽天投信投資顧問株式会社"
"G13052","","楽天・インデックス・バランス・ファンド（株式重視型）","ラクテンインデックスバランスファンドカブシキジュウシガタ","内国投資信託受益証券","4月15日","","E15787","楽天投信投資顧問株式会社"
"G13053","","楽天・インデックス・バランス・ファンド（均等型）","ラクテンインデックスバランスファンドキントウガタ","内国投資信託受益証券","4月15日","","E15787","楽天投信投資顧問株式会社"
"G13054","","楽天・インデックス・バランス・ファンド（債券重視型）","ラクテンインデックスバランスファンドサイケンジュウシガタ","内国投資信託受益証券","4月15日","","E15787","楽天投信投資顧問株式会社"
"G13056","","グローバル・ハイクオリティ成長株式ファンド（年２回決算型）（限定為替ヘッジ）、グローバル・ハイクオリティ成長株式ファンド（年２回決算型）（為替ヘッジなし）","グローバルハイクオリティセイチョウカブシキファンドネンニカイケッサンガタゲンテイカワセヘッジ　グローバルハイクオリティセイチョウカブシキファンドネンニカイケッサンガタカワセヘッジナシ","内国投資信託受益証券","3月6日","9月6日","E10677","アセットマネジメントＯｎｅ株式会社"
"G13057","","明治安田生命２０１８基金特定目的会社","メイジヤスダセイメイニセンジュウハチキキントクテイモクテキカイシャ","内国資産流動化証券","12月末日","","E34201","明治安田生命２０１８基金特定目的会社"
"G13058","","アドバンス・ロジスティクス投資法人","アドバンスロジスティクストウシホウジン","内国投資証券","2月末日","8月末日","E32450","三井不動産ロジスティクスパーク投資法人"
"G13059","","フィデリティ・米国株式ファンド　Ａコース（為替ヘッジあり）（野村ＳＭＡ・ＥＷ向け）　フィデリティ・米国株式ファンド　Ｂコース（為替ヘッジなし）（野村ＳＭＡ・ＥＷ向け）","フィデリティベイコクカブシキファンドエーコースカワセヘッジアリノムラエスエムエーイーダブリュームケ　フィデリティベイコクカブシキファンドビーコースカワセヘッジナシノムラエスエムエーイーダブリュームケ","内国投資信託受益証券","12月6日","","E12481","フィデリティ投信株式会社"
"G13060","","アムンディ　エス・エフ　ＳＭＢＣ・アムンディ　プロテクトファンド　米ドルステップ　２０１８０９","アムンディエスエフエスエムビーシーアムンディプロテクトファンドベイドルステップニゼロイチハチゼロキュウ","外国投資信託受益証券","12月末日","","E33818","アムンディ・ルクセンブルク・エス・エー"
"G13061","25210","上場インデックスファンド米国株式（Ｓ＆Ｐ５００）為替ヘッジあり","ジョウジョウインデックスファンドベイコクカブシキ　エスアンドピーゴヒャク　カワセヘッジアリ","内国投資信託受益証券","1月20日","","E12430","アモーヴァ・アセットマネジメント株式会社"
"G13062","","ニッセイ日本株ＡＩセレクトファンド（年２回決算型）","ニッセイニホンカブエーアイセレクトファンドネンニカイケッサンガタ","内国投資信託受益証券","1月31日","7月31日","E12453","ニッセイアセットマネジメント株式会社"
"G13063","","ニッセイ日本株ＡＩセレクトファンド（資産成長型）","ニッセイニホンカブエーアイセレクトファンドシサンセイチョウガタ","内国投資信託受益証券","7月31日","","E12453","ニッセイアセットマネジメント株式会社"
"G13064","","ＳＢＩ世界高配当株プレミアムファンド（為替ヘッジあり）＜資産成長コース＞、ＳＢＩ世界高配当株プレミアムファンド（為替ヘッジあり）＜年７％定率払出しコース＞、ＳＢＩ世界高配当株プレミアムファンド（為替ヘッジあり）＜年１５％定率払出しコース＞","エスビーアイセカイコウハイトウカブプレミアムファンドカワセヘッジアリ　シサンセイチョウコース　エスビーアイセカイコウハイトウカブプレミアムファンドカワセヘッジアリ　ネンナナパーセントテイリツハライダシコース　エスビーアイセカイコウハイトウカブプレミアムファンドカワセヘッジアリネンジュウゴパーセントテイリツハライダシコース","内国投資信託受益証券","2月16日","8月16日","E13447","ＳＢＩアセットマネジメント株式会社"
"G13065","","人生１００年時代・世界分散ファンド（資産成長型）、人生１００年時代・世界分散ファンド（３％目標受取型）、人生１００年時代・世界分散ファンド（６％目標受取型）","ジンセイヒャクネンジダイセカイブンサンファンドシサンセイチョウガタジンセイヒャクネンジダイセカイブンサンファンドサンパーセントモクヒョウウケトリガタジンセイヒャクネンジダイセカイブンサンファンドロクパーセントモクヒョウウケトリガタ","内国投資信託受益証券","1月15日","7月15日","E08957","三井住友ＤＳアセットマネジメント株式会社"
"G13066","","９資産分散投資・スタンダード＜ＤＣ年金＞","キュウシサンブンサントウシスタンダードディーシーネンキン","内国投資信託受益証券","1月11日","","E10677","アセットマネジメントＯｎｅ株式会社"
"G13067","","野村ワールドボンド・ファンド","ノムラワールドボンドファンド","内国投資信託受益証券","5月15日","","E12460","野村アセットマネジメント株式会社"
"G13068","","ストップライン付き野村ワールドボンド・ファンド","ストップラインツキノムラワールドボンドファンド","内国投資信託受益証券","5月15日","","E12460","野村アセットマネジメント株式会社"
"G13069","","米国バリュー・ストラテジー・ファンド　Ａコース（野村ＳＭＡ・ＥＷ向け）、米国バリュー・ストラテジー・ファンド　Ｂコース（野村ＳＭＡ・ＥＷ向け）","ベイコクバリューストラテジーファンドエーコースノムラエスエムエーイーダブリュームケ　ベイコクバリューストラテジーファンドビーコースノムラエスエムエーイーダブリュームケ","内国投資信託受益証券","12月6日","","E12460","野村アセットマネジメント株式会社"
"G13070","","ｅＭＡＸＩＳ　Ｎｅｏ　遺伝子工学","イーマクシスネオイデンシコウガク","内国投資信託受益証券","8月17日","","E11518","三菱ＵＦＪアセットマネジメント株式会社"
"G13071","","ｅＭＡＸＩＳ　Ｎｅｏ　ロボット","イーマクシスネオロボット","内国投資信託受益証券","8月17日","","E11518","三菱ＵＦＪアセットマネジメント株式会社"
"G13072","","ｅＭＡＸＩＳ　Ｎｅｏ　宇宙開発","イーマクシスネオウチュウカイハツ","内国投資信託受益証券","8月17日","","E11518","三菱ＵＦＪアセットマネジメント株式会社"
"G13075","","グローバル・スペース株式ファンド（１年決算型）","グローバル　スペースカブシキファンド　イチネンケッサンガタ","内国投資信託受益証券","6月7日","","E12430","アモーヴァ・アセットマネジメント株式会社"
"G13076","","ニッセイ・デンマーク・カバード債券ファンド２０１８－０９（為替ヘッジあり）","ニッセイデンマークカバードサイケンファンドニゼロイチハチノゼロク　カワセヘッジアリ","内国投資信託受益証券","10月15日","","E12453","ニッセイアセットマネジメント株式会社"
"G13077","92850","東京インフラ・エネルギー投資法人","トウキョウインフラエネルギートウシホウジン","内国投資証券","6月末日","12月末日","E34255","東京インフラ・エネルギー投資法人"
"G13078","","ダイワつみたてインデックス日本株式","ダイワツミタテインデックスニホンカブシキ","内国投資信託受益証券","9月19日","","E06748","大和アセットマネジメント株式会社"
"G13079","","ダイワつみたてインデックス日本債券","ダイワツミタテインデックスニホンサイケン","内国投資信託受益証券","11月30日","","E06748","大和アセットマネジメント株式会社"
"G13080","","ダイワつみたてインデックス外国株式","ダイワツミタテインデックスガイコクカブシキ","内国投資信託受益証券","11月30日","","E06748","大和アセットマネジメント株式会社"
"G13081","","ダイワつみたてインデックス外国債券","ダイワツミタテインデックスガイコクサイケン","内国投資信託受益証券","11月30日","","E06748","大和アセットマネジメント株式会社"
"G13082","","ＵＢＳユニバーサル・トラスト（ケイマン）Ⅲ－マイスターズ・コレクション","ユービーエスユニバーサルトラストケイマンスリーマイスターズコレクション","外国投資信託受益証券","10月末日","","E15389","ＵＢＳマネジメント（ケイマン）リミテッド"
"G13084","","東京海上・宇宙関連株式ファンド（為替ヘッジなし）","トウキョウカイジョウウチュウカンレンカブシキファンドカワセヘッジナシ","内国投資信託受益証券","1月7日","7月7日","E06433","東京海上アセットマネジメント株式会社"
"G13085","","わたしの未来設計＜安定重視型＞（分配コース）、わたしの未来設計＜安定重視型＞（分配抑制コース）、わたしの未来設計＜成長重視型＞（分配コース）、わたしの未来設計＜成長重視型＞（分配抑制コース）","ワタシノミライセッケイアンテイジュウシガタブンパイコースワタシノミライセッケイアンテイジュウシガタブンパイヨクセイコースワタシノミライセッケイセイチョウジュウシガタブンパイコースワタシノミライセッケイセイチョウジュウシガタブンパイヨクセイコース","内国投資信託受益証券","1月15日","7月15日","E11518","三菱ＵＦＪアセットマネジメント株式会社"
"G13086","","ブラックロック・グローバル・ファンズ－ＵＳドル・ハイ・イールド・ボンド・ファンド","ブラックロックグローバルファンズユーエスドルハイイールドボンドファンド","外国投資証券","8月末日","","E31398","ブラックロック・グローバル・ファンズ"
"G13087","","ピクテ・エコディスカバリー・アロケーション・ファンド（毎月決算型）為替ヘッジあり","ピクテエコディスカバリーアロケーションファンドマイツキケッサンガタカワセヘッジアリ","内国投資信託受益証券","5月26日","11月26日","E10439","ピクテ・ジャパン株式会社"
"G13088","","ピクテ・エコディスカバリー・アロケーション・ファンド（年２回決算型）為替ヘッジあり","ピクテエコディスカバリーアロケーションファンドネンニカイケッサンガタカワセヘッジアリ","内国投資信託受益証券","5月26日","11月26日","E10439","ピクテ・ジャパン株式会社"
"G13090","","日本生命第２回劣後ローン流動化株式会社","ニホンセイメイダイニカイレツゴローンリュウドウカカブシキカイシャ","内国資産流動化証券","9月末日","","E34308","日本生命第２回劣後ローン流動化株式会社"
"G13091","","ステート・ストリート債券タームスプレッド・プレミア戦略オープン","ステートストリートサイケンタームスプレッドプレミアサイケンオープン","内国投資信託受益証券","6月20日","","E12963","ステート・ストリート・グローバル・アドバイザーズ株式会社"
"G13092","","レッド・アーク・グローバル・インベストメンツ（ケイマン）トラスト－償還時目標設定型ファンド１８０９","レッドアークグローバルインベストメンツケイマントラスト　ショウカンジモクヒョウセッテイガタファンドイチハチゼロキュウ","外国投資信託受益証券","6月末日","","E22200","シティグループ・ファースト・インベストメント・マネジメント・リミテッド"
"G13096","","ＧＣＩオルタナティブバスケット・ファンドＶ１０（ラップ専用）","ジーシーアイオルタナティブバスケットファンドブイテンラップセンヨウ","内国投資信託受益証券","6月15日","","E31744","株式会社ＧＣＩアセット・マネジメント"
"G13097","","ｉＦｒｅｅレバレッジ　Ｓ＆Ｐ５００","アイフリーレバレッジエスアンドピーゴヒャク","内国投資信託受益証券","8月30日","","E06748","大和アセットマネジメント株式会社"
"G13099","","ｉＦｒｅｅ　年金バランス","アイフリーネンキンバランス","内国投資信託受益証券","6月5日","","E06748","大和アセットマネジメント株式会社"
"G13100","","ｉＦｒｅｅＮＥＸＴ　ＮＡＳＤＡＱ１００インデックス","アイフリーネクストナスダックヒャクインデックス","内国投資信託受益証券","8月30日","","E06748","大和アセットマネジメント株式会社"
"G13102","","あおぞら・新グローバル分散ファンド（限定追加型）２０１８‐１０","アオゾラシングローバルブンサンファンドゲンテイツイカガタニイゼロイチハチノイチゼロ","内国投資信託受益証券","12月10日","","E30689","あおぞら投信株式会社"
"G13103","","ゴールドマン・サックス社債／国際分散投資戦略ファンド２０１８－０９","ゴールドマンサックスシャサイコクサイブンサントウシセンリャクファンドニイゼロイチハチゼロキュウ","内国投資信託受益証券","10月10日","","E10677","アセットマネジメントＯｎｅ株式会社"
"G13104","","フィッシャー・グローバル・スモールキャップ・エクイティ・ファンド","フィッシャーグローバルスモールキャップエクイティファンド","内国投資信託受益証券","9月25日","","E10677","アセットマネジメントＯｎｅ株式会社"
"G13105","","ノムラ・ルクセンブルグ・セレクト－野村短期米国国債ファンド","ノムラルクセンブルグセレクトノムラタンキベイコクコクサイファンド","外国投資信託受益証券","6月末日","","E14843","グローバル・ファンズ・マネジメント・エス・エー"
"G13106","","りそな日本中小型株式ファンド","リソナニホンチュウコガタカブシキファンド","内国投資信託受益証券","6月25日","","E32011","りそなアセットマネジメント株式会社"
"G13107","","げんき１００年ライフ株式ファンド","ゲンキヒャクネンライフカブシキファンド","内国投資信託受益証券","6月20日","12月20日","E08957","三井住友ＤＳアセットマネジメント株式会社"
"G13109","","中国人民元ソブリンオープン","チュウゴクジンミンゲンソブリンオープン","内国投資信託受益証券","2月10日","8月10日","E12441","ＳＢＩ岡三アセットマネジメント株式会社"
"G13110","","中国人民元ソブリンオープン（元高米ドル安戦略）","チュウゴクジンミンゲンソブリンオープンゲンダカベイドルヤスセンリャク","内国投資信託受益証券","2月10日","8月10日","E12441","ＳＢＩ岡三アセットマネジメント株式会社"
"G13111","","ａｕスマート・ベーシック（安定）／ａｕスマート・ベーシック（安定成長）","エーユースマートベーシックアンテイ　エーユースマートベーシックアンテイセイチョウ","内国投資信託受益証券","9月18日","","E34254","ａｕアセットマネジメント株式会社"
"G13112","","ａｕスマート・プライム（成長）／ａｕスマート・プライム（高成長）","エーユースマートプライムセイチョウ　エーユースマートプライムコウセイチョウ","内国投資信託受益証券","9月18日","","E34254","ａｕアセットマネジメント株式会社"
"G13113","","ブラックロック・ガバナンス・フォーカス・ファンド","ブラックロックガバナンスフォーカスファンド","内国投資信託受益証券","2月25日","","E09096","ブラックロック・ジャパン株式会社"
"G13114","","フィデリティ・ターゲット・デート・ファンド（アクティブ）２０６０","フィデリティターゲットデートファンドアクティブニセンロクジュウ","内国投資信託受益証券","9月25日","","E12481","フィデリティ投信株式会社"
"G13115","","フィデリティ・ターゲット・デート・ファンド（ベーシック）２０６０","フィデリティターゲットデートファンドベーシックニセンロクジュウ","内国投資信託受益証券","9月25日","","E12481","フィデリティ投信株式会社"
"G13116","","楽天グローバル中小型バリュー株ファンド","ラクテングローバルチュウコガタバリューカブファンド","内国投資信託受益証券","9月10日","","E15787","楽天投信投資顧問株式会社"
"G13120","","Ｏｎｅ世界分散セレクト（Ａコース）、Ｏｎｅ世界分散セレクト（Ｂコース）、Ｏｎｅ世界分散セレクト（Ｃコース）","ワンセカイブンサンセレクトエーコース　ワンセカイブンサンセレクトビーコース　ワンセカイブンサンセレクトシーコース","内国投資信託受益証券","3月15日","9月15日","E10677","アセットマネジメントＯｎｅ株式会社"
"G13121","","ＮＷＱグローバル厳選証券ファンド（為替ヘッジあり／為替ヘッジなし）","エヌダブリューキューグローバルゲンセンショウケンファンドカワセヘッジアリカワセヘッジナシ","内国投資信託受益証券","3月17日","9月17日","E06748","大和アセットマネジメント株式会社"
"G13122","","ＭＦＳプルーデント・ファンド（米ドル売り円買い）","エムエフエスプルーデント　ファンド　ベイドルウリエンガイ","内国投資信託受益証券","6月15日","","E11595","ＭＦＳインベストメント・マネジメント株式会社"
"G13123","","米国株式配当貴族・為替ヘッジあり型（投資一任サービス向け）","ベイコクカブシキハイトウキゾクカワセヘッジアリガタトウシイチニンサービスムケ","内国投資信託受益証券","4月22日","","E12460","野村アセットマネジメント株式会社"
"G13124","","米国株式配当貴族・為替ヘッジなし型（投資一任サービス向け）","ベイコクカブシキハイトウキゾクカワセヘッジナシガタトウシイチニンサービスムケ","内国投資信託受益証券","4月22日","","E12460","野村アセットマネジメント株式会社"
"G13125","","システマティック・グローバル・マクロ戦略ファンド（投資一任サービス向け）","システマティックグローバルマクロセンリャクファンドトウシイチニンサービスムケ","内国投資信託受益証券","3月22日","","E12460","野村アセットマネジメント株式会社"
"G13126","","ＳＭＴ　ＭＩＲＡＩｎｄｅｘ　ロボ","エスエムティー　ミラインデックス　ロボ","内国投資信託受益証券","3月15日","","E12444","三井住友トラスト・アセットマネジメント株式会社"
"G13128","","日本厳選割安株ファンド２０１８－１０（繰上償還条件付）","ニホンゲンセンワリヤスカブファンドニセンジュウハチノジュウ　クリアゲショウカンジョウケンツキ","内国投資信託受益証券","9月5日","","E12444","三井住友トラスト・アセットマネジメント株式会社"
"G13129","","ＳＢＩ‐ＰＩＭＣＯ　世界債券アクティブファンド（ＤＣ）","エスビーアイピムコセカイサイケンアクティブファンドディーシー","内国投資信託受益証券","10月3日","","E13447","ＳＢＩアセットマネジメント株式会社"
"G13130","","ＤＷＳ　コモディティ戦略ファンド（年１回決算型）Ａコース（為替ヘッジあり）／Ｂコース（為替ヘッジなし）","ディーダブリューエス　コモディティセンリャクファンドネンイッカイケッサンガタ　エーコースカワセヘッジアリ　ビーコースカワセヘッジナシ","内国投資信託受益証券","3月5日","","E06458","ドイチェ・アセット・マネジメント株式会社"
"G13131","","三菱ＵＦＪ　ＤＣ年金インデックス（先進国株式）","ミツビシユーエフジェイディーシーネンキンインデックスセンシンコクカブシキ","内国投資信託受益証券","5月20日","","E11518","三菱ＵＦＪアセットマネジメント株式会社"
"G13132","","三菱ＵＦＪ　ＤＣ年金インデックス（先進国債券）","ミツビシユーエフジェイディーシーネンキンインデックスセンシンコクサイケン","内国投資信託受益証券","5月12日","","E11518","三菱ＵＦＪアセットマネジメント株式会社"
"G13133","","三菱ＵＦＪ　ＤＣ年金インデックス（国内株式）","ミツビシユーエフジェイディーシーネンキンインデックスコクナイカブシキ","内国投資信託受益証券","2月20日","","E11518","三菱ＵＦＪアセットマネジメント株式会社"
"G13134","","ＳＢＩグローバル・バランス・ファンド","エスビーアイグローバルバランスファンド","内国投資信託受益証券","9月20日","","E13447","ＳＢＩアセットマネジメント株式会社"
"G13135","","中国株　ＡＩ運用ファンド","チュウゴクカブ　エーアイウンヨウファンド","内国投資信託受益証券","10月18日","","E12434","ＳＯＭＰＯアセットマネジメント株式会社"
"G13136","","グローバル３倍３分法ファンド（１年決算型）","グローバルサンバイサンブンポウファンド　イチネンケッサンガタ","内国投資信託受益証券","9月21日","","E12430","アモーヴァ・アセットマネジメント株式会社"
"G13137","","グローバル３倍３分法ファンド（隔月分配型）","グローバルサンバイサンブンポウファンド　カクゲツブンパイガタ","内国投資信託受益証券","3月21日","9月21日","E12430","アモーヴァ・アセットマネジメント株式会社"
"G13138","","インベスコ　世界厳選株式オープン（年１回決算型）","インベスコセカイゲンセンカブシキオープンネンイッカイケッサンガタ","内国投資信託受益証券","12月23日","","E06479","インベスコ・アセット・マネジメント株式会社"
"G13139","","イーストスプリング新興国スタープレイヤーズ","イーストスプリングシンコウコクスタープレイヤーズ","内国投資信託受益証券","4月24日","10月24日","E12566","イーストスプリング・インベストメンツ株式会社"
"G13140","","ゴールドマン・サックス社債／国際分散投資戦略ファンド２０１８－１０","ゴールドマンサックスシャサイコクサイブンサントウシセンリャクファンドニイゼロイチハチイチゼロ","内国投資信託受益証券","11月10日","","E10677","アセットマネジメントＯｎｅ株式会社"
"G13141","","ＵＢＳ中国Ａ株ファンド（年４回決算型）","ユービーエスチュウゴクエーカブファンド　ネンヨンカイケッサンガタ","内国投資信託受益証券","3月25日","9月25日","E12473","ＵＢＳアセット・マネジメント株式会社"
"G13142","","スパークス・新・国際優良日本アジア株ファンド","スパークスシンコクサイユウリョウニホンアジアカブファンド","内国投資信託受益証券","9月12日","","E11161","スパークス・アセット・マネジメント株式会社"
"G13145","","野村ＡＣＩ先進医療インパクト投資　Ａコース　為替ヘッジあり　資産成長型、野村ＡＣＩ先進医療インパクト投資　Ｂコース　為替ヘッジなし　資産成長型、野村ＡＣＩ先進医療インパクト投資　Ｃコース　為替ヘッジあり　予想分配金提示型、野村ＡＣＩ先進医療インパクト投資　Ｄコース　為替ヘッジなし　予想分配金提示型","ノムラエーシーアイセンシンイリョウインパクトトウシエーコースカワセヘッジアリシサンセイチョウガタ　ノムラエーシーアイセンシンイリョウインパクトトウシビーコースカワセヘッジナシシサンセイチョウガタ　ノムラエーシーアイセンシンイリョウインパクトトウシシーコースカワセヘッジアリヨソウブンパイキンテイジガタ　ノムラエーシーアイセンシンイリョウインパクトトウシディーコースカワセヘッジナシヨソウブンパイキンテイジガタ","内国投資信託受益証券","6月19日","12月19日","E12460","野村アセットマネジメント株式会社"
"G13146","","ウエスタン・グローバル債券ファンド（ＳＭＡ専用）","ウエスタン　グローバルサイケンファンド　エスエムエーセンヨウ","内国投資信託受益証券","10月9日","","E12425","フランクリン・テンプルトン・ジャパン株式会社"
"G13147","","チャイナ・イノベーション・オープン","チャイナイノベーションオープン","内国投資信託受益証券","4月20日","10月20日","E11518","三菱ＵＦＪアセットマネジメント株式会社"
"G13148","","ニッセイ宇宙関連グローバル株式ファンド（年２回決算型・為替ヘッジあり）／ニッセイ宇宙関連グローバル株式ファンド（年２回決算型・為替ヘッジなし）","ニッセイウチュウカンレングローバルカブシキファンドネンニカイケッサンガタカワセヘッジアリ　ニッセイウチュウカンレングローバルカブシキファンドネンニカイケッサンガタカワセヘッジナシ","内国投資信託受益証券","4月25日","10月25日","E12453","ニッセイアセットマネジメント株式会社"
"G13149","","ニッセイ宇宙関連グローバル株式ファンド（資産成長型・為替ヘッジあり）／ニッセイ宇宙関連グローバル株式ファンド（資産成長型・為替ヘッジなし）","ニッセイウチュウカンレングローバルカブシキファンドシサンセイチョウガタカワセヘッジアリ　ニッセイウチュウカンレングローバルカブシキファンドシサンセイチョウガタカワセヘッジナシ","内国投資信託受益証券","10月25日","","E12453","ニッセイアセットマネジメント株式会社"
"G13150","","コア投資戦略ファンド（積極成長型）","コアトウシセンリャクファンド　セッキョクセイチョウガタ","内国投資信託受益証券","7月10日","","E12444","三井住友トラスト・アセットマネジメント株式会社"
"G13151","","コア投資戦略ファンド（切替型ワイド）","コアトウシセンリャクファンド　キリカエガタワイド","内国投資信託受益証券","7月10日","","E12444","三井住友トラスト・アセットマネジメント株式会社"
"G13153","","イノベーション・インデックス・フィンテック","イノベーションインデックスフィンテック","内国投資信託受益証券","6月20日","","E08957","三井住友ＤＳアセットマネジメント株式会社"
"G13154","","日本株主還元株ファンド・ヘッジ型","ニホンカブヌシカンゲンカブファンドヘッジガタ","内国投資信託受益証券","2月3日","","E08957","三井住友ＤＳアセットマネジメント株式会社"
"G13156","","ｉＦｒｅｅレバレッジ　ＮＡＳＤＡＱ１００","アイフリーレバレッジナスダックヒャク","内国投資信託受益証券","10月18日","","E06748","大和アセットマネジメント株式会社"
"G13157","","ｉＦｒｅｅＡｃｔｉｖｅ　メディカルデバイス","アイフリーアクティブメディカルデバイス","内国投資信託受益証券","10月18日","","E06748","大和アセットマネジメント株式会社"
"G13159","","ｅＭＡＸＩＳ　ジャパンＥＳＧセレクト・リーダーズインデックス","イーマクシスジャパンイーエスジーセレクトリーダーズインデックス","内国投資信託受益証券","1月26日","","E11518","三菱ＵＦＪアセットマネジメント株式会社"
"G13161","","しんきん世界好配当利回り株ファンド（１年決算型）","シンキンセカイコウハイトウリマワリカブファンドイチネンケッサンガタ","内国投資信託受益証券","5月10日","","E12422","しんきんアセットマネジメント投信株式会社"
"G13163","","東京海上・ジャパン・レジリエンス株式オープン","トウキョウカイジョウジャパンレジリエンスカブシキオープン","内国投資信託受益証券","1月18日","7月18日","E06433","東京海上アセットマネジメント株式会社"
"G13164","","ダブル・ブレイン","ダブルブレイン","内国投資信託受益証券","11月22日","","E12460","野村アセットマネジメント株式会社"
"G13165","","オフショア・ストラテジー・ファンド－ＮＫプレミアムＣＡＴボンド・ファンド","オフショアストラテジーファンドエヌケープレミアムキャットボンドファンド","外国投資信託受益証券","5月末日","","E14984","インターナショナル・マネジメント・サービシズ・リミテッド"
"G13166","","野村リアルグロース・オープン（確定拠出年金向け）","ノムラリアルグロースオープンカクテイキョシュツネンキンムケ","内国投資信託受益証券","10月29日","","E12460","野村アセットマネジメント株式会社"
"G13167","","日本新興成長企業株ファンド","ニホンシンコウセイチョウキギョウカブファンド","内国投資信託受益証券","11月7日","","E12460","野村アセットマネジメント株式会社"
"G13168","25220","ｉシェアーズ　オートメーション　＆　ロボット　ＥＴＦ","アイシェアーズ　オートメーション　アンド　ロボット　イーティーエフ","内国投資信託受益証券","2月9日","8月9日","E09096","ブラックロック・ジャパン株式会社"
"G13169","","ゴールドマン・サックス社債／国際分散投資戦略ファンド２０１８－１１","ゴールドマンサックスシャサイコクサイブンサントウシセンリャクファンドニイゼロイチハチイチイチ","内国投資信託受益証券","12月10日","","E10677","アセットマネジメントＯｎｅ株式会社"
"G13170","","ｅＭＡＸＩＳ　Ｓｌｉｍ　全世界株式（オール・カントリー）","イーマクシススリムゼンセカイカブシキオールカントリー","内国投資信託受益証券","4月25日","","E11518","三菱ＵＦＪアセットマネジメント株式会社"
"G13171","","ＮＷＱグローバル厳選証券ファンド（為替ヘッジあり・なし／隔月分配型）（為替ヘッジあり・なし／資産成長型）","エヌダブリューキューグローバルゲンセンショウケンファンドカワセヘッジアリナシカクゲツブンパイガタカワセヘッジアリナシシサンセイチョウガタ","内国投資信託受益証券","3月17日","9月17日","E06748","大和アセットマネジメント株式会社"
"G13172","","ダイワ／バリュー・パートナーズ・チャイナ・イノベーター・ファンド","ダイワバリューパートナーズチャイナイノベーターファンド","内国投資信託受益証券","5月12日","11月12日","E06748","大和アセットマネジメント株式会社"
"G13174","","キャピタル世界株式ファンド（限定為替ヘッジ）","キャピタルセカイカブシキファンドゲンテイカワセヘッジ","内国投資信託受益証券","8月20日","","E14703","キャピタル・インターナショナル株式会社"
"G13175","","キャピタル世界株式ファンド年２回決算（分配重視）／（分配重視／限定為替ヘッジ）","キャピタルセカイカブシキファンドネンニカイケッサンブンパイジュウシブンパイジュウシゲンテイカワセヘッジ","内国投資信託受益証券","2月20日","8月20日","E14703","キャピタル・インターナショナル株式会社"
"G13176","","日経平均高配当利回り株ファンド","ニッケイヘイキンコウハイトウリマワリカブファンド","内国投資信託受益証券","6月15日","12月15日","E11518","三菱ＵＦＪアセットマネジメント株式会社"
"G13177","","モルガン・スタンレー社債／マルチアセット運用戦略ファンド２０１８－１２","モルガンスタンレーシャサイ　マルチアセットウンヨウセンリャクファンド　ニゼロイチハチイチニ","内国投資信託受益証券","12月16日","","E11764","Ｔ＆Ｄアセットマネジメント株式会社"
"G13178","","フランクリン・テンプルトン・グローバル・プレミア小型株ファンド（年１回決算型）","フランクリン　テンプルトン　グローバル　プレミアコガタカブファンド　ネンイッカイケッサンガタ","内国投資信託受益証券","12月6日","","E12425","フランクリン・テンプルトン・ジャパン株式会社"
"G13179","","フランクリン・テンプルトン・グローバル・プレミア小型株ファンド（年２回決算型）","フランクリン　テンプルトン　グローバル　プレミアコガタカブファンド　ネンニカイケッサンガタ","内国投資信託受益証券","6月6日","12月6日","E12425","フランクリン・テンプルトン・ジャパン株式会社"
"G13180","","米国株式配当貴族（年４回決算型）","ベイコクカブシキハイトウキゾクネンヨンカイケッサンガタ","内国投資信託受益証券","4月22日","10月22日","E12460","野村アセットマネジメント株式会社"
"G13181","","オール・マーケット・インカム戦略（資産成長重視コース／奇数月定額分配コース／奇数月定率分配コース／予想分配金提示型コース）","オールマーケットインカムセンリャクシサンセイチョウジュウシコースキスウツキテイガクブンパイコースキスウツキテイリツブンパイコースヨソウブンパイキンテイジガタコース","内国投資信託受益証券","5月12日","11月12日","E06748","大和アセットマネジメント株式会社"
"G13182","","パッシム・トラスト－シリーズ２０１８　Ｓ＆Ｐ　５００ファンド","パッシムトラストシリーズニセンジュウハチエスアンドピーゴヒャクファンド","外国投資信託受益証券","6月末日","","E30829","Ｊ．Ｐ．モルガン・マンサール・マネジメント・リミテッド"
"G13183","","これぞ、日本株","コレゾニホンカブ","内国投資信託受益証券","4月20日","","E11518","三菱ＵＦＪアセットマネジメント株式会社"
"G13185","","ＮＷＱフレキシブル・インカムファンド　為替ヘッジあり（毎月決算型）　ＮＷＱフレキシブル・インカムファンド　為替ヘッジなし（毎月決算型）","エヌダブリューキューフレキシブルインカムファンド　カワセヘッジアリ　マイツキケッサンガタ　エヌダブリューキューフレキシブルインカムファンド　カワセヘッジナシ　マイツキケッサンガタ","内国投資信託受益証券","5月25日","11月25日","E12444","三井住友トラスト・アセットマネジメント株式会社"
"G13186","","ＮＷＱフレキシブル・インカムファンド　為替ヘッジあり（年１回決算型）　ＮＷＱフレキシブル・インカムファンド　為替ヘッジなし（年１回決算型）","エヌダブリューキューフレキシブルインカムファンド　カワセヘッジアリ　ネンイッカイケッサンガタ　エヌダブリューキューフレキシブルインカムファンド　カワセヘッジナシ　ネンイッカイケッサンガタ","内国投資信託受益証券","11月25日","","E12444","三井住友トラスト・アセットマネジメント株式会社"
"G13187","","ＳＢＩ地方創生・世界高配当株式ファンド（為替ヘッジあり）＜資産成長コース＞、ＳＢＩ地方創生・世界高配当株式ファンド（為替ヘッジあり）＜年３％定率払出しコース＞＜年５％定率払出しコース＞＜年７％定率払出しコース＞","エスビーアイチホウソウセイセカイコウハイトウカブシキファンドカワセヘッジアリシサンセイチョウコース　エスビーアイチホウソウセイセカイコウハイトウカブシキファンドカワセヘッジアリネンサンパーセントテイリツハライダシコース　ネンゴパーセントテイリツハライダシコース　ネンナナパーセントテイリツハライダシコース","内国投資信託受益証券","6月16日","12月16日","E13447","ＳＢＩアセットマネジメント株式会社"
"G13188","","ＡＢ米国不動産好利回り債券ファンド（為替ヘッジなし）","エービーベイコクフドウサンコウリマワリサイケンファンドカワセヘッジナシ","内国投資信託受益証券","5月15日","11月15日","E12480","アライアンス・バーンスタイン株式会社"
"G13189","29710","エスコンジャパンリート投資法人","エスコンジャパンリートトウシホウジン","内国投資信託受益証券","1月末日","7月末日","E34397","エスコンジャパンリート投資法人"
"G13190","","スパークス・韓国株ファンド","スパークス　カンコクカブファンド","内国投資信託受益証券","12月18日","","E11161","スパークス・アセット・マネジメント株式会社"
"G13191","","ゴールドマン・サックス社債／国際分散投資戦略ファンド２０１８－１２","ゴールドマンサックスシャサイコクサイブンサントウシセンリャクファンドニイゼロイチハチイチニ","内国投資信託受益証券","1月10日","","E10677","アセットマネジメントＯｎｅ株式会社"
"G13192","","ｅＭＡＸＩＳ　Ｎｅｏ　バーチャルリアリティ","イーマクシスネオバーチャルリアリティ","内国投資信託受益証券","8月17日","","E11518","三菱ＵＦＪアセットマネジメント株式会社"
"G13193","","ｅＭＡＸＩＳ　Ｎｅｏ　ドローン","イーマクシスネオドローン","内国投資信託受益証券","8月17日","","E11518","三菱ＵＦＪアセットマネジメント株式会社"
"G13194","","ｅＭＡＸＩＳ　Ｎｅｏ　ナノテクノロジー","イーマクシスネオナノテクノロジー","内国投資信託受益証券","8月17日","","E11518","三菱ＵＦＪアセットマネジメント株式会社"
"G13195","","ｉＴｒｕｓｔセキュリティ","アイトラストセキュリティ","内国投資信託受益証券","2月20日","","E10439","ピクテ・ジャパン株式会社"
"G13197","","あおぞら・新グローバル分散ファンド（限定追加型）２０１９‐０１","アオゾラシングローバルブンサンファンドゲンテイツイカガタニイゼロイチキュウノゼロイチ","内国投資信託受益証券","12月10日","","E30689","あおぞら投信株式会社"
"G13198","","ＭＳＶグローバル資産配分ファンドⅠ（保守型）","エムエスブイグローバルシサンハイブンファンドイチ　ホシュガタ","内国投資信託受益証券","7月25日","","E32444","マネックス・アセットマネジメント株式会社"
"G13199","","ＭＳＶグローバル資産配分ファンドⅡ（安定型）","エムエスブイグローバルシサンハイブンファンドニ　アンテイガタ","内国投資信託受益証券","7月25日","","E32444","マネックス・アセットマネジメント株式会社"
"G13200","","ＭＳＶグローバル資産配分ファンドⅢ（安定成長型）","エムエスブイグローバルシサンハイブンファンドサン　アンテイセイチョウガタ","内国投資信託受益証券","7月25日","","E32444","マネックス・アセットマネジメント株式会社"
"G13201","","ＭＳＶグローバル資産配分ファンドⅣ（成長型）","エムエスブイグローバルシサンハイブンファンドヨン　セイチョウガタ","内国投資信託受益証券","7月25日","","E32444","マネックス・アセットマネジメント株式会社"
"G13202","","ＭＳＶグローバル資産配分ファンドⅤ（積極成長型）","エムエスブイグローバルシサンハイブンファンドゴ　セッキョクセイチョウガタ","内国投資信託受益証券","7月25日","","E32444","マネックス・アセットマネジメント株式会社"
"G13203","","ＣＳインベストメント・ファンズ・１２","シーエスインベストメントファンズトウェルブ","外国投資信託受益証券","3月末日","","E34542","クレディ・スイス・ファンド・マネジメント・エスエイ"
"G13205","","ＤＣニッセイ新興国株式インデックス","ディーシーニッセイシンコウコクカブシキインデックス","内国投資信託受益証券","11月20日","","E12453","ニッセイアセットマネジメント株式会社"
"G13206","","ＤＣニッセイ先進国リートインデックス","ディーシーニッセイセンシンコクリートインデックス","内国投資信託受益証券","11月20日","","E12453","ニッセイアセットマネジメント株式会社"
"G13207","","ＤＣニッセイ日本株式ＥＳＧ資産形成ファンド","ディーシーニッセイニホンカブシキイーエスジーシサンケイセイファント゛","内国投資信託受益証券","3月22日","","E12453","ニッセイアセットマネジメント株式会社"
"G13208","","ＤＣニッセイマーケットフォローバランス","ディーシーニッセイマーケットフォローバランス","内国投資信託受益証券","12月9日","","E12453","ニッセイアセットマネジメント株式会社"
"G13210","","インベスコ・ファンズ－インベスコ・バランスト・リスク・アロケーション・ファンド","インベスコファンズインベスコバランストリスクアロケーションファンド","外国投資信託受益証券","2月末日","","E34575","インベスコ・ファンズ"
"G13211","","ノルデア１・シキャブ－ヨーロピアン・ハイ・イールド・ボンド・ファンド","ノルデアワンシキャブヨーロピアンハイイールドボンドファンド","外国投資信託受益証券","12月末日","","E34574","ノルデア１・シキャブ"
"G13213","","社会課題解決応援ファンド","シャカイカダイカイケツオウエンファンド","内国投資信託受益証券","6月25日","12月25日","E06748","大和アセットマネジメント株式会社"
"G13214","","アスパイア","アスパイア","外国有価証券投資事業権利等","6月末日","","E34585","ハンサード・インターナショナル・リミテッド"
"G13215","","グローバル全生物ゲノム株式ファンド（１年決算型）","グローバルゼンセイブツゲノムカブシキファンド　イチネンケッサンガタ","内国投資信託受益証券","12月7日","","E12430","アモーヴァ・アセットマネジメント株式会社"
"G13216","92860","エネクス・インフラ投資法人","エネクスインフラトウシホウジン","内国投資信託受益証券","11月末日","","E34452","エネクス・インフラ投資法人"
"G13217","","ＵＳマイクロキャップ株式ファンド","ユーエスマイクロキャップカブシキファンド","内国投資信託受益証券","10月25日","","E27736","ベイビュー・アセット・マネジメント株式会社"
"G13218","","先進国ハイクオリティ成長株式ファンド（為替ヘッジあり）、先進国ハイクオリティ成長株式ファンド（為替ヘッジなし）","センシンコクハイクオリティセイチョウカブシキファンドカワセヘッジアリ　センシンコクハイクオリティセイチョウカブシキファンドカワセヘッジナシ","内国投資信託受益証券","1月14日","","E10677","アセットマネジメントＯｎｅ株式会社"
"G13219","","ゴールドマン・サックス社債／国際分散投資戦略ファンド２０１９－０１","ゴールドマンサックスシャサイコクサイブンサントウシセンリャクファンドニイゼロイチキュウゼロイチ","内国投資信託受益証券","2月10日","","E10677","アセットマネジメントＯｎｅ株式会社"
"G13220","","ステート・ストリート米国社債インデックス・オープン２","ステートストリートベイコクシャサイインデックスオープンニ","内国投資信託受益証券","1月10日","","E12963","ステート・ストリート・グローバル・アドバイザーズ株式会社"
"G13221","","分散名人（国内重視型）","ブンサンメイジンコクナイジュウシガタ","内国投資信託受益証券","3月20日","","E31678","ちばぎんアセットマネジメント株式会社"
"G13222","","次世代金融テクノロジー株式ファンド","ジセダイキンユウテクノロジーカブシキファンド","内国投資信託受益証券","1月28日","","E12434","ＳＯＭＰＯアセットマネジメント株式会社"
"G13223","","国内株式アクティブバリューファンド（ＳＭＡ専用）","コクナイカブシキアクティブバリューファンド　エスエムエーセンヨウ","内国投資信託受益証券","10月25日","","E12430","アモーヴァ・アセットマネジメント株式会社"
"G13224","","ＨＳＢＣ世界資産選抜育てるコース（資産形成型）／収穫コース（予想分配金提示型）","エイチエスビーシーセカイシサンセンバツソダテルコースシサンケイセイガタシュウカクコースヨソウブンパイキンテイジガタ","内国投資信託受益証券","1月15日","7月15日","E12492","ＨＳＢＣアセットマネジメント株式会社"
"G13226","25230","ＭＡＸＩＳトピックス（除く金融）上場投信","マクシストピックスノゾクキンユウジョウジョウトウシン","内国投資信託受益証券","1月16日","7月16日","E11518","三菱ＵＦＪアセットマネジメント株式会社"
"G13227","","ベイリー・ギフォード世界長期成長株ファンド","ベイリーギフォードセカイチョウキセイチョウカブファンド","内国投資信託受益証券","1月25日","","E11518","三菱ＵＦＪアセットマネジメント株式会社"
"G13228","","フランクリン・テンプルトン・豪州インカム資産ファンド（隔月分配型）","フランクリン　テンプルトン　ゴウシュウインカムシサンファンド　カクゲツブンパイガタ","内国投資信託受益証券","1月17日","7月17日","E12425","フランクリン・テンプルトン・ジャパン株式会社"
"G13229","25240","ＮＺＡＭ　上場投信　ＴＯＰＩＸ","エヌザム　ジョウジョウトウシン　トピックス","内国投資信託受益証券","2月15日","8月15日","E12882","農林中金全共連アセットマネジメント株式会社"
"G13230","25250","ＮＺＡＭ　上場投信　日経２２５","エヌザム　ジョウジョウトウシン　ニッケイニイニイゴ","内国投資信託受益証券","2月15日","8月15日","E12882","農林中金全共連アセットマネジメント株式会社"
"G13231","25260","ＮＺＡＭ　上場投信　ＪＰＸ日経４００","エヌザム　ジョウジョウトウシン　ジェイピーエックスニッケイヨンヒャク","内国投資信託受益証券","2月15日","8月15日","E12882","農林中金全共連アセットマネジメント株式会社"
"G13232","25270","ＮＺＡＭ　上場投信　東証ＲＥＩＴ　Ｃｏｒｅ指数","エヌザム　ジョウジョウトウシン　トウショウリート　コアシスウ","内国投資信託受益証券","1月15日","7月15日","E12882","農林中金全共連アセットマネジメント株式会社"
"G13233","","農林中金＜パートナーズ＞米国株式　Ｓ＆Ｐ５００インデックスファンド","ノウリンチュウキン　パートナーズ　ベイコクカブシキ　エスアンドピーゴヒャクインデックスファンド","内国投資信託受益証券","3月15日","","E12882","農林中金全共連アセットマネジメント株式会社"
"G13234","","農林中金＜パートナーズ＞Ｊ－ＲＥＩＴインデックスファンド（年１回決算型）","ノウリンチュウキン　パートナーズ　ジェイリートインデックスファンド　ネンイッカイケッサンガタ","内国投資信託受益証券","3月15日","","E12882","農林中金全共連アセットマネジメント株式会社"
"G13235","","モルガン・スタンレー社債／マルチアセット運用戦略ファンド２０１９－０３","モルガンスタンレーシャサイ　マルチアセットウンヨウセンリャクファンド　ニゼロイチキュウゼロサン","内国投資信託受益証券","3月27日","","E11764","Ｔ＆Ｄアセットマネジメント株式会社"
"G13236","","国内株式アクティブファンドセレクション（ラップ専用）","コクナイカブシキアクティブファンドセレクション　ラップセンヨウ","内国投資信託受益証券","1月26日","","E10677","アセットマネジメントＯｎｅ株式会社"
"G13237","","グローバルＳＤＧｓ株式ファンド","グローバルエスディージーズカブシキファンド","内国投資信託受益証券","2月7日","","E08957","三井住友ＤＳアセットマネジメント株式会社"
"G13241","","地方創生日本株ファンド","チホウソウセイニホンカブファンド","内国投資信託受益証券","4月10日","10月10日","E06748","大和アセットマネジメント株式会社"
"G13243","","プレミアム・ファンズ－グローバル・コア債券ファンド","プレミアムファンズグローバルコアサイケンファンド","外国投資信託受益証券","11月末日","","E14853","ＳＭＢＣ日興インベストメント・ファンド・マネジメント・カンパニー・エス・エイ"
"G13244","","ＵＢＳ　ＭＳＣＩ先進国ＥＳＧ株式インデックス・ファンド","ユービーエス　エムエスシーアイセンシンコクイーエスジーカブシキインデックス　ファンド","内国投資信託受益証券","9月5日","","E12473","ＵＢＳアセット・マネジメント株式会社"
"G13247","","世界フード関連株式オープン","セカイフードカンレンカブシキオープン","内国投資信託受益証券","1月26日","","E12460","野村アセットマネジメント株式会社"
"G13248","","ＡＲ国内バリュー株式ファンド（ファンドラップ）","エーアールコクナイバリューカブシキファンドファンドラップ","内国投資信託受益証券","7月22日","","E10677","アセットマネジメントＯｎｅ株式会社"
"G13249","","外国株式アクティブファンドセレクション（ラップ専用）","ガイコクカブシキアクティブファンドセレクションラップセンヨウ","内国投資信託受益証券","1月26日","","E11518","三菱ＵＦＪアセットマネジメント株式会社"
"G13250","","外国債券アクティブファンドセレクション（ラップ専用）","ガイコクサイケンアクティブファンドセレクションラップセンヨウ","内国投資信託受益証券","1月26日","","E11518","三菱ＵＦＪアセットマネジメント株式会社"
"G13251","","ゴールドマン・サックス社債／国際分散投資戦略ファンド２０１９－０２","ゴールドマンサックスシャサイコクサイブンサントウシセンリャクファンドニイゼロイチキュウゼロニイ","内国投資信託受益証券","3月10日","","E10677","アセットマネジメントＯｎｅ株式会社"
"G13252","","アクティブ元年・日本株ファンド","アクティブガンネンニホンカブファンド","内国投資信託受益証券","1月20日","","E08957","三井住友ＤＳアセットマネジメント株式会社"
"G13253","","野村日本小型株セレクト（野村ＳＭＡ・ＥＷ向け）","ノムラニホンコガタカブセレクトノムラエスエムエーイーダブリュームケ","内国投資信託受益証券","12月6日","","E12460","野村アセットマネジメント株式会社"
"G13255","25280","ｉＦｒｅｅＥＴＦ　東証ＲＥＩＴ　Ｃｏｒｅ指数","アイフリーイーティーエフトウショウリートコアシスウ","内国投資信託受益証券","3月10日","9月10日","E06748","大和アセットマネジメント株式会社"
"G13256","29720","サンケイリアルエステート投資法人","サンケイリアルエステートトウシホウジン","内国投資証券","8月末日","2月末日","E34684","サンケイリアルエステート投資法人"
"G13257","","楽天・全世界債券インデックス（為替ヘッジ）ファンド","ラクテンゼンセカイサイケンインデックスカワセヘッジファンド","内国投資信託受益証券","2月12日","","E15787","楽天投信投資顧問株式会社"
"G13259","","国内株式絶対収益追求型ファンド","コクナイカブシキゼッタイシュウエキツイキュウガタファンド","内国投資信託受益証券","2月25日","","E12444","三井住友トラスト・アセットマネジメント株式会社"
"G13261","","三井住友ＤＳ日本バリュー株ファンド","ミツイスミトモディーエスニホンバリューカブファンド","内国投資信託受益証券","7月8日","","E08957","三井住友ＤＳアセットマネジメント株式会社"
"G13262","","大和住銀日本グロース株ファンド","ダイワスミギンニホングロースカブファンド","内国投資信託受益証券","11月16日","","E08957","三井住友ＤＳアセットマネジメント株式会社"
"G13263","","エス・ビー・日本株オープン２２５","エスビーニホンカブオープンニイニイゴ","内国投資信託受益証券","3月14日","9月14日","E08957","三井住友ＤＳアセットマネジメント株式会社"
"G13264","","三井住友ＤＳ日本債券ファンド","ミツイスミトモディーエスニホンサイケンファンド","内国投資信託受益証券","3月7日","9月7日","E08957","三井住友ＤＳアセットマネジメント株式会社"
"G13265","","大和住銀ＤＣ年金設計ファンド３０　大和住銀ＤＣ年金設計ファンド５０　大和住銀ＤＣ年金設計ファンド７０","ダイワスミギンディーシーネンキンセッケイファンドサンジュウ　ダイワスミギンディーシーネンキンセッケイファンドゴジュウ　ダイワスミギンディーシーネンキンセッケイファンドナナジュウ","内国投資信託受益証券","11月19日","","E08957","三井住友ＤＳアセットマネジメント株式会社"
"G13266","","大和住銀ＤＣ日本株式ファンド","ダイワスミギンディーシーニホンカブシキファンド","内国投資信託受益証券","11月19日","","E08957","三井住友ＤＳアセットマネジメント株式会社"
"G13267","","大和住銀ＤＣ日本債券ファンド","ダイワスミギンディーシーニホンサイケンファンド","内国投資信託受益証券","11月19日","","E08957","三井住友ＤＳアセットマネジメント株式会社"
"G13268","","大和住銀ＤＣ外国株式ファンド","ダイワスミギンディーシーガイコクカブシキファンド","内国投資信託受益証券","11月19日","","E08957","三井住友ＤＳアセットマネジメント株式会社"
"G13269","","大和住銀ＤＣ外国債券ファンド","ダイワスミギンディーシーガイコクサイケンファンド","内国投資信託受益証券","11月19日","","E08957","三井住友ＤＳアセットマネジメント株式会社"
"G13270","","大和住銀ＤＣ日本バリュー株ファンド","ダイワスミギンディーシーニホンバリューカブファンド","内国投資信託受益証券","7月8日","","E08957","三井住友ＤＳアセットマネジメント株式会社"
"G13271","","大和住銀ジャパン・スペシャルニュートラル・コース（ヘッジあり）／マーケット・コース（ヘッジなし）","ダイワスミギンジャパンスペシャル　ニュートラルコースヘッジアリ　マーケットコースヘッジナシ","内国投資信託受益証券","1月24日","","E08957","三井住友ＤＳアセットマネジメント株式会社"
"G13272","","短期豪ドル債オープン（毎月分配型）","タンキゴウドルサイオープンマイツキブンパイガタ","内国投資信託受益証券","4月7日","10月7日","E08957","三井住友ＤＳアセットマネジメント株式会社"
"G13273","","エマージング債券ファンド（毎月分配型）","エマージングサイケンファンドマイツキブンパイガタ","内国投資信託受益証券","2月20日","8月20日","E08957","三井住友ＤＳアセットマネジメント株式会社"
"G13274","","Ｊ－Ｓｔｏｃｋアクティブ・オープン","ジェイストック　アクティブオープン","内国投資信託受益証券","10月20日","","E08957","三井住友ＤＳアセットマネジメント株式会社"
"G13275","","Ｔ．ロウ・プライスＵＳインカムファンド","ティロウプライスユーエスインカムファンド","内国投資信託受益証券","5月25日","11月25日","E08957","三井住友ＤＳアセットマネジメント株式会社"
"G13276","","チャイナ騰飛（チャイナ・エクイティ・オープン）","チャイナトンフェイチャイナエクイティオープン","内国投資信託受益証券","1月11日","7月11日","E08957","三井住友ＤＳアセットマネジメント株式会社"
"G13277","","大和住銀日本小型株ファンド","ダイワスミギンニホンコガタカブファンド","内国投資信託受益証券","6月10日","","E08957","三井住友ＤＳアセットマネジメント株式会社"
"G13278","","グローバル好配当株オープン","グローバルコウハイトウカブオープン","内国投資信託受益証券","1月8日","7月8日","E08957","三井住友ＤＳアセットマネジメント株式会社"
"G13279","","日本好配当株オープン","ニホンコウハイトウカブオープン","内国投資信託受益証券","4月8日","10月8日","E08957","三井住友ＤＳアセットマネジメント株式会社"
"G13281","","グローバル・ベスト・ファンド","グローバルベストファンド","内国投資信託受益証券","3月10日","9月10日","E08957","三井住友ＤＳアセットマネジメント株式会社"
"G13282","","大和住銀ＤＣ国内株式ファンド","ダイワスミギンディーシィーコクナイカブシキファンド","内国投資信託受益証券","1月27日","","E08957","三井住友ＤＳアセットマネジメント株式会社"
"G13283","","大和住銀ＤＣ海外株式アクティブファンド","ダイワスミギンディーシーカイガイカブシキアクティブファンド","内国投資信託受益証券","12月14日","","E08957","三井住友ＤＳアセットマネジメント株式会社"
"G13284","","ＳＭＢＣファンドラップ・日本バリュー株　ＳＭＢＣファンドラップ・日本グロース株　ＳＭＢＣファンドラップ・日本中小型株　ＳＭＢＣファンドラップ・米国株","エスエムビーシーファンドラップニホンバリューカブ　エスエムビーシーファンドラップニホングロースカブ　エスエムビーシーファンドラップニホンチュウコガタカブ　エスエムビーシーファンドラップベイコクカブ","内国投資信託受益証券","9月25日","","E08957","三井住友ＤＳアセットマネジメント株式会社"
"G13285","","アジア好配当株ファンド","アジアコウハイトウカブファンド","内国投資信託受益証券","2月15日","8月15日","E08957","三井住友ＤＳアセットマネジメント株式会社"
"G13286","","グローバル資産分散オープン","グローバルシサンブンサンオープン","内国投資信託受益証券","3月27日","9月27日","E08957","三井住友ＤＳアセットマネジメント株式会社"
"G13287","","高金利通貨オープン","コウキンリツウカオープン","内国投資信託受益証券","2月14日","8月14日","E08957","三井住友ＤＳアセットマネジメント株式会社"
"G13288","","ＤＣ日本国債プラス","ディーシーニホンコクサイプラス","内国投資信託受益証券","3月10日","","E08957","三井住友ＤＳアセットマネジメント株式会社"
"G13290","","通貨選択型エマージング・ボンド・ファンド","ツウカセンタクガタエマージングボンドファンド","内国投資信託受益証券","1月16日","7月16日","E08957","三井住友ＤＳアセットマネジメント株式会社"
"G13291","","大和住銀中国株式ファンド　大和住銀中国株式ファンド（マネー・ポートフォリオ）","ダイワスミギンチュウゴクカブシキファンド　ダイワスミギンチュウゴクカブシキファンドマネーポートフォリオ","内国投資信託受益証券","9月10日","","E08957","三井住友ＤＳアセットマネジメント株式会社"
"G13295","","日本株厳選ファンド","ニホンカブゲンセンファンド","内国投資信託受益証券","4月10日","10月10日","E08957","三井住友ＤＳアセットマネジメント株式会社"
"G13297","","日本株２２５・米ドルコース","ニホンカブニイニイゴベイドルコース","内国投資信託受益証券","4月25日","10月25日","E08957","三井住友ＤＳアセットマネジメント株式会社"
"G13298","","グローバルＣＢオープン","グローバルシービーオープン","内国投資信託受益証券","5月19日","11月19日","E08957","三井住友ＤＳアセットマネジメント株式会社"
"G13299","","短期豪ドル債オープン（年２回決算型）","タンキゴウドルサイオープンネンニカイケッサンガタ","内国投資信託受益証券","4月7日","10月7日","E08957","三井住友ＤＳアセットマネジメント株式会社"
"G13300","","メキシコ債券オープン（毎月分配型）","メキシコサイケンオープンマイツキブンパイガタ","内国投資信託受益証券","5月22日","11月22日","E08957","三井住友ＤＳアセットマネジメント株式会社"
"G13301","","オーストラリア高配当株プレミアム（毎月分配型）","オーストラリアコウハイトウカブプレミアムマイツキブンパイガタ","内国投資信託受益証券","1月17日","7月17日","E08957","三井住友ＤＳアセットマネジメント株式会社"
"G13302","","スマート・ストラテジー・ファンド（毎月決算型）　スマート・ストラテジー・ファンド（年２回決算型）","スマートストラテジーファンドマイツキケッサンガタ　スマートストラテジーファンドネンニカイケッサンガタ","内国投資信託受益証券","5月20日","11月20日","E08957","三井住友ＤＳアセットマネジメント株式会社"
"G13304","","カナダ高配当株ツインα（毎月分配型）","カナダコウハイトウカブツインアルファマイツキブンパイガタ","内国投資信託受益証券","4月17日","10月17日","E08957","三井住友ＤＳアセットマネジメント株式会社"
"G13305","","北米高配当株ファンド（毎月決算型）　北米高配当株ファンド（年２回決算型）","ホクベイコウハイトウカブファンドマイツキケッサンガタ　ホクベイコウハイトウカブファンドネンニカイケッサンガタ","内国投資信託受益証券","6月23日","12月23日","E08957","三井住友ＤＳアセットマネジメント株式会社"
"G13306","","エマージング・ボンド・ファンド・カナダドルコース（毎月分配型）　エマージング・ボンド・ファンド・メキシコペソコース（毎月分配型）","エマージングボンドファンドカナダドルコースマイツキブンパイガタ　エマージングボンドファンドメキシコペソコースマイツキブンパイガタ","内国投資信託受益証券","1月16日","7月16日","E08957","三井住友ＤＳアセットマネジメント株式会社"
"G13307","","タフ・アメリカ","タフアメリカ","内国投資信託受益証券","2月22日","8月22日","E08957","三井住友ＤＳアセットマネジメント株式会社"
"G13308","","メキシコ債券オープン（資産成長型）","メキシコサイケンオープンシサンセイチョウガタ","内国投資信託受益証券","5月22日","11月22日","E08957","三井住友ＤＳアセットマネジメント株式会社"
"G13309","","米国小型株ツインα（毎月分配型）","ベイコクコガタカブツインアルファマイツキブンパイガタ","内国投資信託受益証券","5月12日","11月12日","E08957","三井住友ＤＳアセットマネジメント株式会社"
"G13312","","ニッポン中小型株ファンド","ニッポンチュウコガタカブファンド","内国投資信託受益証券","2月2日","","E08957","三井住友ＤＳアセットマネジメント株式会社"
"G13314","","日本株アルファ・カルテット（毎月分配型）","ニホンカブアルファカルテットマイツキブンパイガタ","内国投資信託受益証券","3月4日","9月4日","E08957","三井住友ＤＳアセットマネジメント株式会社"
"G13320","","富岡製糸場・絹産業遺産群保護活動応援ファンド","トミオカセイシジョウキヌサンギョウイサングンホゴカツドウオウエンファンド","内国投資信託受益証券","1月4日","7月4日","E08957","三井住友ＤＳアセットマネジメント株式会社"
"G13322","","フレキシブル日本株ファンド","フレキシブルニホンカブファンド","内国投資信託受益証券","7月25日","","E08957","三井住友ＤＳアセットマネジメント株式会社"
"G13324","","英国国債ファンド－ギルト１０－（為替ヘッジなし）","エイコクコクサイファンドギルトテンカワセヘッジナシ","内国投資信託受益証券","3月2日","9月2日","E08957","三井住友ＤＳアセットマネジメント株式会社"
"G13325","","米国リバーサル戦略ツインαネオ（毎月分配型）","ベイコクリバーサルセンリャクツインアルファネオマイツキブンパイガタ","内国投資信託受益証券","6月5日","12月5日","E08957","三井住友ＤＳアセットマネジメント株式会社"
"G13326","","米国リート厳選ファンド（毎月決算型）　米国リート厳選ファンド（資産成長型）","ベイコクリートゲンセンファンドマイツキケッサンガタ　ベイコクリートゲンセンファンドシサンセイチョウガタ","内国投資信託受益証券","1月12日","7月12日","E08957","三井住友ＤＳアセットマネジメント株式会社"
"G13328","","大和住銀ジャパン・ファンダメンタル・アクティブ・ファンド（ダイワＳＭＡ専用）","ダイワスミギンジャパンファンダメンタルアクティブファンドダイワエスエムエイセンヨウ","内国投資信託受益証券","3月5日","","E08957","三井住友ＤＳアセットマネジメント株式会社"
"G13334","","米国コア・バランス・ファンド","ベイコクコアバランスファンド","内国投資信託受益証券","2月22日","8月22日","E08957","三井住友ＤＳアセットマネジメント株式会社"
"G13335","","ＳＭＢＣ円資産ファンド","エスエムビーシーエンシサンファンド","内国投資信託受益証券","11月11日","","E08957","三井住友ＤＳアセットマネジメント株式会社"
"G13338","","米国イノベーション・ファンド（年４回決算型）","ベイコクイノベーションファンドネンヨンカイケッサンガタ","内国投資信託受益証券","1月20日","7月20日","E08957","三井住友ＤＳアセットマネジメント株式会社"
"G13339","","米国イノベーション・ファンド（年１回決算型）","ベイコクイノベーションファンドネンイッカイケッサンガタ","内国投資信託受益証券","1月20日","","E08957","三井住友ＤＳアセットマネジメント株式会社"
"G13341","","ひとくふう日本株式ファンド","ヒトクフウニホンカブシキファンド","内国投資信託受益証券","3月3日","","E08957","三井住友ＤＳアセットマネジメント株式会社"
"G13342","","日本株アルファ・カルテット（年２回決算型）","ニホンカブアルファカルテットネンニカイケッサンガタ","内国投資信託受益証券","3月4日","9月4日","E08957","三井住友ＤＳアセットマネジメント株式会社"
"G13343","","ひとくふう世界国債ファンド（為替ヘッジあり）","ヒトクフウセカイコクサイファンドカワセヘッジアリ","内国投資信託受益証券","3月3日","","E08957","三井住友ＤＳアセットマネジメント株式会社"
"G13344","","世界国債プラス","セカイコクサイプラス","内国投資信託受益証券","4月27日","","E08957","三井住友ＤＳアセットマネジメント株式会社"
"G13345","","大和住銀ＤＣ日本株式アクティブファンド","ダイワスミギンディーシーニホンカブシキアクティブファンド","内国投資信託受益証券","2月21日","","E08957","三井住友ＤＳアセットマネジメント株式会社"
"G13346","","日本高配当株フォーカス（マイルドジャパン）　日本高配当株フォーカス（プレミアジャパン）","ニホンコウハイトウカブフォーカスマイルドジャパン　ニホンコウハイトウカブフォーカスプレミアジャパン","内国投資信託受益証券","4月26日","","E08957","三井住友ＤＳアセットマネジメント株式会社"
"G13347","","人生１００年応援ファンド（資産成長コース）、人生１００年応援ファンド（ちょっぴり受取コース）、人生１００年応援ファンド（おもいっきり受取コース）","ジンセイヒャクネンオウエンファンドシサンセイチョウコースジンセイヒャクネンオウエンファンドチョッピリウケトリコースジンセイヒャクネンオウエンファンドオモイッキリウケトリコース","内国投資信託受益証券","3月15日","9月15日","E08957","三井住友ＤＳアセットマネジメント株式会社"
"G13349","","マイ・ウェイ・ジャパン","マイウェイジャパン","内国投資信託受益証券","3月17日","","E08957","三井住友ＤＳアセットマネジメント株式会社"
"G13350","","ひとくふう新興国株式ファンド","ヒトクフウシンコウコクカブシキファンド","内国投資信託受益証券","3月3日","","E08957","三井住友ＤＳアセットマネジメント株式会社"
"G13351","","世界インパクト投資ファンド","セカイインパクトトウシファンド","内国投資信託受益証券","2月10日","8月10日","E08957","三井住友ＤＳアセットマネジメント株式会社"
"G13352","","大和住銀／コロンビア米国株リバーサル戦略ファンドＡコース（ダイワ投資一任専用）　大和住銀／コロンビア米国株リバーサル戦略ファンドＢコース（ダイワ投資一任専用）","ダイワスミギンコロンビアベイコクカブリバーサルセンリャクファンドエーコースダイワトウシイチニンセンヨウ　ダイワスミギンコロンビアベイコクカブリバーサルセンリャクファンドビーコースダイワトウシイチニンセンヨウ","内国投資信託受益証券","6月15日","","E08957","三井住友ＤＳアセットマネジメント株式会社"
"G13353","","ひとくふう先進国株式ファンド","ヒトクフウセンシンコクカブシキファンド","内国投資信託受益証券","3月3日","","E08957","三井住友ＤＳアセットマネジメント株式会社"
"G13355","","ひとくふう先進国リートファンド","ヒトクフウセンシンコクリートファンド","内国投資信託受益証券","3月3日","","E08957","三井住友ＤＳアセットマネジメント株式会社"
"G13356","","日本成長テーマフォーカス","ニホンセイチョウテーマフォーカス","内国投資信託受益証券","1月26日","","E08957","三井住友ＤＳアセットマネジメント株式会社"
"G13357","","世界リアルアセット・バランス（毎月決算型）　世界リアルアセット・バランス（資産成長型）","セカイリアルアセットバランスマイツキケッサンガタ　セカイリアルアセットバランスシサンセイチョウガタ","内国投資信託受益証券","3月5日","9月5日","E08957","三井住友ＤＳアセットマネジメント株式会社"
"G13359","","米国中期債運用戦略ファンド（ダイワ投資一任専用）","ベイコクチュウキサイウンヨウセンリャクファンドダイワトウシイチニンセンヨウ","内国投資信託受益証券","3月11日","9月11日","E08957","三井住友ＤＳアセットマネジメント株式会社"
"G13360","","グローバルＥＶ関連株ファンド（為替ヘッジあり）　グローバルＥＶ関連株ファンド（為替ヘッジなし）","グローバルイーブイカンレンカブファンドカワセヘッジアリ　グローバルイーブイカンレンカブファンドカワセヘッジナシ","内国投資信託受益証券","1月23日","7月23日","E08957","三井住友ＤＳアセットマネジメント株式会社"
"G13361","","大和住銀先進国国債ファンド（リスク抑制型）","ダイワスミギンセンシンコクコクサイファンドリスクヨクセイガタ","内国投資信託受益証券","4月15日","","E08957","三井住友ＤＳアセットマネジメント株式会社"
"G13362","","欧州バンクローン・オープン（為替ヘッジあり）　欧州バンクローン・オープン（為替ヘッジなし）","オウシュウバンクローンオープンカワセヘッジアリ　オウシュウバンクローンオープンカワセヘッジナシ","内国投資信託受益証券","4月21日","10月21日","E08957","三井住友ＤＳアセットマネジメント株式会社"
"G13363","","世界インパクト投資ファンド（資産成長型）","セカイインパクトトウシファンドシサンセイチョウガタ","内国投資信託受益証券","8月10日","","E08957","三井住友ＤＳアセットマネジメント株式会社"
"G13364","","＜七十七＞ＥＳＧ日本株オープン","シチジュウシチイーエスジーニホンカブオープン","内国投資信託受益証券","1月17日","","E08957","三井住友ＤＳアセットマネジメント株式会社"
"G13365","","ひとくふうターゲット・デート・ファンド２０３０／２０３５／２０４０／２０４５／２０５０／２０５５／２０６０／２０６５／２０７０","ヒトクフウターゲットデートファンドニゼロサンゼロ　ニゼロサンゴ　ニゼロヨンゼロ　ニゼロヨンゴ　ニゼロゴゼロ　ニゼロゴゴ　ニゼロロクゼロ　ニゼロロクゴ　ニゼロナナゼロ","内国投資信託受益証券","12月20日","","E08957","三井住友ＤＳアセットマネジメント株式会社"
"G13367","","世界小型株厳選ファンド","セカイコガタカブゲンセンファンド","内国投資信託受益証券","1月25日","7月25日","E08957","三井住友ＤＳアセットマネジメント株式会社"
"G13369","","世界スタートアップ＆イノベーション株式ファンド","セカイスタートアップアンドイノベーションカブシキファンド","内国投資信託受益証券","3月5日","","E12444","三井住友トラスト・アセットマネジメント株式会社"
"G13370","","デンマーク・カバード債券・インカムファンド２０１９－０３（為替ヘッジあり）","デンマークカバードサイケンインカムファンド　ニゼロイチキュウゼロサン　カワセヘッジアリ","内国投資信託受益証券","3月25日","9月25日","E31533","スカイオーシャン・アセットマネジメント株式会社"
"G13371","","ソシエテ・ジェネラル　イタリア国債ユーロ円建リパッケージ債券（為替参照利回り変動型）ファンド２０１９－０３","ソシエテジェネラル　イタリアコクサイユーロエンダテリパッケージサイケン　カワセサンショウリマワリヘンドウガタ　ファンド","内国投資信託受益証券","3月24日","","E12448","明治安田アセットマネジメント株式会社"
"G13372","","イノベーション・インデックス・シェアリングエコノミー","イノベーションインデックスシェアリングエコノミー","内国投資信託受益証券","6月20日","","E08957","三井住友ＤＳアセットマネジメント株式会社"
"G13373","","Ｏｎｅ国内株オープン（年２回決算型）","ワンコクナイカブオープンネンニカイケッサンガタ","内国投資信託受益証券","2月末日","8月29日","E10677","アセットマネジメントＯｎｅ株式会社"
"G13376","","おおさか・かんさいアクティブファンド","オオサカカンサイアクティブファンド","内国投資信託受益証券","3月15日","","E10677","アセットマネジメントＯｎｅ株式会社"
"G13377","","レッド・アーク・グローバル・インベストメンツ（ケイマン）トラスト－償還時目標設定型ファンド１９０３","レッドアークグローバルインベストメンツケイマントラスト　ショウカンジモクヒョウセッテイガタファンドイチキュウゼロサン","外国投資信託受益証券","12月末日","","E22200","シティグループ・ファースト・インベストメント・マネジメント・リミテッド"
"G13379","","フランス国債７－１０年ラダーファンド（為替ヘッジあり）（ラップ向け）","フランスコクサイナナカラジュウネンラダーファンドカワセヘッジアリラップムケ","内国投資信託受益証券","3月17日","9月17日","E11518","三菱ＵＦＪアセットマネジメント株式会社"
"G13380","","ゴールドマン・サックス社債／国際分散投資戦略ファンド２０１９－０３","ゴールドマンサックスシャサイコクサイブンサントウシセンリャクファンドニイゼロイチキュウゼロサン","内国投資信託受益証券","4月10日","","E10677","アセットマネジメントＯｎｅ株式会社"
"G13381","","ソフォス・ケイマン・トラストⅡ―米ドル建　モルガン・スタンレー　グローバル・プレミアム株式オープン","ソフォスケイマントラストツーベイドルダテモルガンスタンレーグローバルプレミアムカブシキオープン","外国投資信託受益証券","2月末日","","E34767","ファンドロジック（ジャージー）リミテッド"
"G13382","","グローバル・インカム・フルコース（為替リスク軽減型）／（為替ヘッジなし）","グローバルインカムフルコースカワセリスクケイゲンガタカワセヘッジナシ","内国投資信託受益証券","6月20日","12月20日","E11518","三菱ＵＦＪアセットマネジメント株式会社"
"G13383","","インターナショナル株式アクティブファンド（ラップ専用）","インターナショナルカブシキアクティブファンドラップセンヨウ","内国投資信託受益証券","12月14日","","E08957","三井住友ＤＳアセットマネジメント株式会社"
"G13384","","ＤＣターゲット・イヤーファンド（６資産・運用継続型）","ディーシーターゲット　イヤーファンド　ロクシサン　ウンヨウケイゾクガタ","内国投資信託受益証券","8月28日","","E12444","三井住友トラスト・アセットマネジメント株式会社"
"G13386","","ＢＮＹメロン・リアル・リターン・ファンド（ＳＭＡ向け）（為替ヘッジなし）","ビーエヌワイメロンリアルリターンファンドエスエムエームケカワセヘッジナシ","内国投資信託受益証券","3月17日","","E13343","ＢＮＹメロン・インベストメント・マネジメント・ジャパン株式会社"
"G13387","","楽天日本株トリプル・ベアⅣ","ラクテンニホンカブトリプルベアフォー","内国投資信託受益証券","6月15日","","E15787","楽天投信投資顧問株式会社"
"G13388","","グローバル担保付き債券ファンド（為替ヘッジあり）","グローバルタンポツキサイケンファンド　カワセヘッジアリ","内国投資信託受益証券","6月15日","12月15日","E12430","アモーヴァ・アセットマネジメント株式会社"
"G13389","","ＳＭＴ　ＭＩＲＡＩｎｄｅｘ　バイオ・メディカル","エスエムティー　ミラインデックス　バイオ　メディカル","内国投資信託受益証券","3月15日","","E12444","三井住友トラスト・アセットマネジメント株式会社"
"G13390","","クスリのアオキホールディングス株式ファンド（確定拠出年金向け）","クスリノアオキホールディングスカブシキファンドカクテイキョシュツネンキンムケ","内国投資信託受益証券","10月8日","","E12460","野村アセットマネジメント株式会社"
"G13392","","投資のソムリエ（ターゲット・イヤー２０４０）、投資のソムリエ（ターゲット・イヤー２０５０）、投資のソムリエ（ターゲット・イヤー２０６０）","トウシノソムリエターゲットイヤーニイゼロヨンゼロ　トウシノソムリエターゲットイヤーニイゼロゴウゼロ　トウシノソムリエターゲットイヤーニイゼロロクゼロ","内国投資信託受益証券","1月11日","","E10677","アセットマネジメントＯｎｅ株式会社"
"G13394","","実績配当型合同運用指定金銭信託（個人用）ベビーファンド　対面型受益権／愛称：投資の一歩　実績配当型合同運用指定金銭信託（個人用）ベビーファンド　非対面型受益権／愛称：クエスト","ジッセキハイトウガタゴウドウウンヨウシテイキンセンシンタクコジンヨウベビーファンド　タイメンガタジュエキケンアイショウトウシノイッポ　ジッセキハイトウガタゴウドウウンヨウシテイキンセンシンタクコジンヨウベビーファンド　ヒタイメンガタジュエキケンアイショウクエスト","内国信託受益証券・信託受益権","3月19日","9月19日","E03626","三菱ＵＦＪ信託銀行株式会社"
"G13395","","野村中国債券ファンド（毎月分配型）、野村中国債券ファンド（年２回決算型）","ノムラチュウゴクサイケンファンドマイツキブンパイガタ　ノムラチュウゴクサイケンファンドネンニカイケッサンガタ","内国投資信託受益証券","6月13日","12月13日","E12460","野村アセットマネジメント株式会社"
"G13397","","日系外債オープン（為替ヘッジあり）／（為替ヘッジなし）","ニッケイガイサイオープンカワセヘッジアリカワセヘッジナシ","内国投資信託受益証券","4月15日","10月15日","E12441","ＳＢＩ岡三アセットマネジメント株式会社"
"G13398","","円キャッシュプラス・高金利先進国債券ファンド","エンキャッシュプラス　コウキンリセンシンコクサイケンファンド","内国投資信託受益証券","3月17日","","E12430","アモーヴァ・アセットマネジメント株式会社"
"G13399","","ラッセル・インベストメント国内株式マルチ・マネージャーＦ","ラッセルインベストメントコクナイカブシキマルチマネージャーエフ","内国投資信託受益証券","3月13日","","E12450","ラッセル・インベストメント株式会社"
"G13400","","マニュライフ・アジア好利回り債券戦略ファンド（３年投資型）２０１９‐０４　為替ヘッジありコース、マニュライフ・アジア好利回り債券戦略ファンド（３年投資型）２０１９‐０４　為替ヘッジなしコース","マニュライフアジアコウリマワリサイケンセンリャクファンドサンネントウシガタカワセヘッジアリコース　マニュライフアジアコウリマワリサイケンセンリャクファンドサンネントウシガタカワセヘッジナシコース","内国投資信託受益証券","4月20日","10月20日","E30703","マニュライフ・インベストメント・マネジメント株式会社"
"G13401","","日本生命第３回劣後ローン流動化株式会社","ニホンセイメイダイサンカイレツゴローンリュウドウカカブシキカイシャ","内国資産流動化証券","9月30日","","E34852","日本生命第３回劣後ローン流動化株式会社"
"G13402","","マルチ・マネージャー・アクセスＩＩ－エマージング・マーケット・デッド－ＵＳ　マルチ・クレジット－ハイ・イールド","マルチマネージャーアクセスツーエマージングマーケットデッドユーエスマルチクレジットハイイールド","外国投資証券","7月末日","","E34110","マルチ・マネージャー・アクセスⅡ"
"G13403","","東京海上・宇宙関連株式ファンド（為替ヘッジあり）","トウキョウカイジョウウチュウカンレンカブシキファンドカワセヘッジアリ","内国投資信託受益証券","1月7日","7月7日","E06433","東京海上アセットマネジメント株式会社"
"G13404","","ゴールドマン・サックス社債／国際分散投資戦略ファンド２０１９－０４","ゴールドマンサックスシャサイコクサイブンサントウシセンリャクファンドニイゼロイチキュウゼロヨン","内国投資信託受益証券","5月10日","","E10677","アセットマネジメントＯｎｅ株式会社"
"G13405","","ＤＩＡＭケイマン・トラスト－米ドル建てゴールドマン・サックス社債／国際分散投資戦略ファンド（５年）２０１９－０４","ダイアムケイマントラストベイドルダテゴールドマンサックスシャサイコクサイブンサントウシセンリャクファンドゴネンニゼロイチキュウゼロヨン","外国投資信託受益証券","5月末日","","E25766","クイーンズゲート"
"G13407","","ＧＳグローバル・コア株式ファンド（ＤＣ・つみたてＮＩＳＡ専用）","ジーエス　グローバル　コア　カブシキ　ファンド　ディーシー　ツミタテ　ニーサ　センヨウ","内国投資信託受益証券","3月10日","","E12457","ゴールドマン・サックス・アセット・マネジメント株式会社"
"G13408","","＜ＤＣ＞ベイリー・ギフォード世界長期成長株ファンド","ディーシーベイリーギフォードセカイチョウキセイチョウカブファンド","内国投資信託受益証券","1月25日","","E11518","三菱ＵＦＪアセットマネジメント株式会社"
"G13410","","楽天・ビッグデータ日本株ファンド","ラクテンビッグデータニホンカブファンド","内国投資信託受益証券","5月25日","","E15787","楽天投信投資顧問株式会社"
"G13411","","世界セレクティブ株式オープン","セカイセレクティブカブシキオープン","内国投資信託受益証券","4月25日","","E06748","大和アセットマネジメント株式会社"
"G13412","","デンマークカバード債券プラス（為替ヘッジあり）２０１９－０５（限定追加型）","デンマークカバードサイケンプラスカワセヘッジアリニセンジュウクノゼロゴゲンテイツイカガタ","内国投資信託受益証券","5月26日","11月26日","E12460","野村アセットマネジメント株式会社"
"G13413","","Ｏｎｅ日本の成長力α＜ＤＣ年金＞","ワンニホンノセイチョウリョクアルファディーシーネンキン","内国投資信託受益証券","9月3日","","E10677","アセットマネジメントＯｎｅ株式会社"
"G13414","","Ｏｎｅ　ＤＣ　先進国株式インデックスファンド","ワンディーシーセンシンコクカブシキインデックスファンド","内国投資信託受益証券","3月25日","","E10677","アセットマネジメントＯｎｅ株式会社"
"G13415","25290","ＮＥＸＴ　ＦＵＮＤＳ　野村株主還元７０連動型上場投信","ネクストファンズノムラカブヌシカンゲンナナジュウレンドウガタジョウジョウトウシン","内国投資信託受益証券","4月7日","10月7日","E12460","野村アセットマネジメント株式会社"
"G13416","","スーパー　ボンド　ベア　オープン４","スーパーボンドベアオープンフォー","内国投資信託受益証券","4月24日","","E12460","野村アセットマネジメント株式会社"
"G13417","","りそな・リスクコントロールファンド２０１９－０６","リソナ　リスクコントロールファンドニイゼロイチキュー　ゼロロク","内国投資信託受益証券","5月15日","","E32011","りそなアセットマネジメント株式会社"
"G13418","","りそなターゲット・イヤー・ファンド２０３５、りそなターゲット・イヤー・ファンド２０４５、りそなターゲット・イヤー・ファンド２０５５","リソナターゲット　イヤー　ファンドニイゼロサンゴー　リソナターゲット　イヤー　ファンドニイゼロヨンゴー　リソナターゲット　イヤー　ファンドニイゼロゴーゴー","内国投資信託受益証券","3月25日","","E32011","りそなアセットマネジメント株式会社"
"G13419","","りそなターゲット・イヤー・ファンド２０６０","リソナターゲット　イヤー　ファンドニイゼロロクゼロ","内国投資信託受益証券","3月25日","","E32011","りそなアセットマネジメント株式会社"
"G13421","","ニッセイ日本株ＥＳＧフォーカスファンド（年２回決算型）","ニッセイニホンカブイーエスジーフォーカスファンドネンニカイケッサンガタ","内国投資信託受益証券","5月25日","11月25日","E12453","ニッセイアセットマネジメント株式会社"
"G13422","","ニッセイ日本株ＥＳＧフォーカスファンド（資産成長型）","ニッセイニホンカブイーエスジーフォーカスファンドシサンセイチョウガタ","内国投資信託受益証券","11月25日","","E12453","ニッセイアセットマネジメント株式会社"
"G13423","","しんきんフコクＥＳＧ日本株式ファンド","シンキンフコクイーエスジーニホンカブシキファンド","内国投資信託受益証券","3月22日","","E12422","しんきんアセットマネジメント投信株式会社"
"G13424","","ゲーム＆ｅスポーツ・オープン","ゲームアンドイースポーツオープン","内国投資信託受益証券","1月30日","7月30日","E06748","大和アセットマネジメント株式会社"
"G13425","","エドテック・オープン","エドテックオープン","内国投資信託受益証券","1月30日","7月30日","E06748","大和アセットマネジメント株式会社"
"G13426","","ティー・ロウ・プライス　世界厳選成長株式ファンド　＜資産成長型＞（Ａコース・為替ヘッジあり）（Ｂコース・為替ヘッジなし）、＜分配重視型＞（Ｃコース・為替ヘッジあり）（Ｄコース・為替ヘッジなし）","ティーロウプライス　セカイゲンセンセイチョウカブシキファンド　シサンセイチョウガタ　エイコース　カワセヘッジアリ　ビーコース　カワセヘッジナシ　ブンパイジュウシガタ　シーコース　カワセヘッジアリ　ディーコース　カワセヘッジナシ","内国投資信託受益証券","9月15日","3月15日","E33958","ティー・ロウ・プライス・ジャパン株式会社"
"G13427","","マルチ・ストラテジーズ・トラスト－ヌビーン・ダイナミックＵＳエクイティ・ストラテジー","マルチストラテジーズトラストヌビーンダイナミックユーエスエクイティストラテジー","外国投資信託受益証券","9月末日","","E15174","ルクセンブルク三菱ＵＦＪインベスターサービス銀行Ｓ．Ａ．"
"G13428","","ゴールドマン・サックス社債／国際分散投資戦略ファンド２０１９－０５","ゴールドマンサックスシャサイコクサイブンサントウシセンリャクファンドニイゼロイチキュウゼロゴウ","内国投資信託受益証券","6月10日","","E10677","アセットマネジメントＯｎｅ株式会社"
"G13430","","東京海上・ジャパン・マイスター株式オープン","トウキョウカイジョウジャパンマイスターカブシキオープン","内国投資信託受益証券","5月10日","11月10日","E06433","東京海上アセットマネジメント株式会社"
"G13431","","ＳＢＩグローバル株式債券バランス・ファンド（為替ヘッジあり）、ＳＢＩグローバル株式債券バランス・ファンド（為替ヘッジなし）","エスビーアイグローバルカブシキサイケンバランスファンド　カワセヘッジアリ　エスビーアイグローバルカブシキサイケンバランスファンド　カワセヘッジナシ","内国投資信託受益証券","5月28日","","E13447","ＳＢＩアセットマネジメント株式会社"
"G13432","","ＨＳＢＣ中国人民元債券オープン（毎月決算型）／（年２回決算型）","エイチエスビーシーチュウゴクジンミンゲンサイケンオープンマイツキケッサンガタネンニカイケッサンガタ","内国投資信託受益証券","5月20日","11月20日","E12492","ＨＳＢＣアセットマネジメント株式会社"
"G13433","","ＳＭＢＣ・アムンディ　クライメート・アクション","エスエムビーシーアムンディクライメートアクション","内国投資信託受益証券","2月25日","8月25日","E09666","アムンディ・ジャパン株式会社"
"G13434","","ＪＰＭ　ＵＳコア債券ファンド（為替ヘッジなし、年１回決算型）","ジェイピーエムユーエスコアサイケンファンドカワセヘッジナシネンイッカイケッサンガタ","内国投資信託受益証券","11月15日","","E06264","ＪＰモルガン・アセット・マネジメント株式会社"
"G13435","","ＪＰＭ　ＵＳコア債券ファンド（為替ヘッジなし、隔月決算型）","ジェイピーエムユーエスコアサイケンファンドカワセヘッジナシカクゲツケッサンガタ","内国投資信託受益証券","5月15日","11月15日","E06264","ＪＰモルガン・アセット・マネジメント株式会社"
"G13436","","ＪＰＭ　ＵＳコア債券ファンド（為替ヘッジあり、年１回決算型）","ジェイピーエムユーエスコアサイケンファンドカワセヘッジアリネンイッカイケッサンガタ","内国投資信託受益証券","11月15日","","E06264","ＪＰモルガン・アセット・マネジメント株式会社"
"G13437","","ＪＰＭ　ＵＳコア債券ファンド（為替ヘッジあり、隔月決算型）","ジェイピーエムユーエスコアサイケンファンドカワセヘッジアリカクゲツケッサンガタ","内国投資信託受益証券","5月15日","11月15日","E06264","ＪＰモルガン・アセット・マネジメント株式会社"
"G13439","","ｉＴｒｕｓｔインカム株式（為替ヘッジなし）","アイトラストインカムカブシキカワセヘッジナシ","内国投資信託受益証券","1月10日","","E10439","ピクテ・ジャパン株式会社"
"G13440","","にいがた未来応援日本株ファンド","ニイガタミライオウエンニホンカブファンド","内国投資信託受益証券","6月15日","","E12448","明治安田アセットマネジメント株式会社"
"G13441","","世界ＳＤＧｓハイインカム・ファンド（為替ヘッジあり毎月分配型）　世界ＳＤＧｓハイインカム・ファンド（為替ヘッジなし毎月分配型）　世界ＳＤＧｓハイインカム・ファンド（為替ヘッジあり資産成長型）　世界ＳＤＧｓハイインカム・ファンド（為替ヘッジなし資産成長型）","セカイエスディージーズハイインカムファンドカワセヘッジアリマイツキブンパイガタ　セカイエスディージーズハイインカムファンドカワセヘッジナシマイツキブンパイガタ　セカイエスディージーズハイインカムファンドカワセヘッジアリシサンセイチョウガタ　セカイエスディージーズハイインカムファンドカワセヘッジナシシサンセイチョウガタ","内国投資信託受益証券","2月10日","8月10日","E08957","三井住友ＤＳアセットマネジメント株式会社"
"G13442","","４資産分散投資・ミドルクラス＜ＤＣ年金＞","ヨンシサンブンサントウシミドルクラスディーシーネンキン","内国投資信託受益証券","2月25日","","E10677","アセットマネジメントＯｎｅ株式会社"
"G13443","","Ｏｎｅ　ＮＹダウ・インデックス・ファンド","ワンニューヨークダウインデックスファンド","内国投資信託受益証券","10月12日","","E10677","アセットマネジメントＯｎｅ株式会社"
"G13444","","ｅＭＡＸＩＳ　Ｎｅｏ　フィンテック","イーマクシスネオフィンテック","内国投資信託受益証券","8月17日","","E11518","三菱ＵＦＪアセットマネジメント株式会社"
"G13445","","ｅＭＡＸＩＳ　Ｎｅｏ　自動運転","イーマクシスネオジドウウンテン","内国投資信託受益証券","8月17日","","E11518","三菱ＵＦＪアセットマネジメント株式会社"
"G13446","","ｅＭＡＸＩＳ　Ｎｅｏ　ウェアラブル","イーマクシスネオウェアラブル","内国投資信託受益証券","8月17日","","E11518","三菱ＵＦＪアセットマネジメント株式会社"
"G13447","","アジア成長投資戦略ファンド","アジアセイチョウトウシセンリャクファンド","内国投資信託受益証券","6月7日","","E08957","三井住友ＤＳアセットマネジメント株式会社"
"G13448","25520","上場インデックスファンドＪリート（東証ＲＥＩＴ指数）隔月分配型（ミニ）","ジョウジョウインデックスファンドジェイリート　トウショウリートシスウ　カクゲツブンパイガタ　ミニ","内国投資信託受益証券","6月8日","12月8日","E12430","アモーヴァ・アセットマネジメント株式会社"
"G13450","","じゅうろく　地元応援ファンド","ジュウロク　ジモトオウエンファンド","内国投資信託受益証券","7月29日","","E11764","Ｔ＆Ｄアセットマネジメント株式会社"
"G13451","","ＧＳグローバル・ビッグデータ投資戦略　隔月決算コース（為替ヘッジなし）","ジーエス　グローバル　ビッグデータ　トウシセンリャク　カクゲツケッサンコース　カワセヘッジナシ","内国投資信託受益証券","3月10日","9月10日","E12457","ゴールドマン・サックス・アセット・マネジメント株式会社"
"G13452","","Ｏｎｅグローバル中小型長期成長株ファンド＜ＤＣ年金＞","ワングローバルチュウコガタチョウキセイチョウカブファンドディーシーネンキン","内国投資信託受益証券","12月20日","","E10677","アセットマネジメントＯｎｅ株式会社"
"G13453","","ゴールドマン・サックス社債／国際分散投資戦略ファンド２０１９－０６","ゴールドマンサックスシャサイコクサイブンサントウシセンリャクファンドニイゼロイチキュウゼロロク","内国投資信託受益証券","7月10日","","E10677","アセットマネジメントＯｎｅ株式会社"
"G13455","","グローバル・プロスペクティブ・ファンド","グローバル　プロスペクティブ　ファンド","内国投資信託受益証券","5月20日","","E12430","アモーヴァ・アセットマネジメント株式会社"
"G13457","25300","ＭＡＸＩＳ　ＨｕａＡｎ中国株式（上海１８０Ａ株）上場投信","マクシスファーアンチュウゴクカブシキシャンハイヒャクハチジュウエーカブジョウジョウトウシン","内国投資信託受益証券","6月8日","12月8日","E11518","三菱ＵＦＪアセットマネジメント株式会社"
"G13458","25530","Ｏｎｅ　ＥＴＦ　南方　中国Ａ株　ＣＳＩ５００","ワン　イーティーエフ　ナンポウ　チュウゴクエーカブ　シーエスアイゴヒャク","内国投資信託受益証券","7月8日","","E10677","アセットマネジメントＯｎｅ株式会社"
"G13459","","ブラックロック・ヘルスサイエンス・ＤＣファンド","ブラックロックヘルスサイエンスディーシーファンド","内国投資信託受益証券","8月20日","","E09096","ブラックロック・ジャパン株式会社"
"G13460","","ｉシェアーズ　上場プライベート・エクイティ・インデックス・ファンド","アイシェアーズジョウジョウプライベートエクイティインデックスファンド","内国投資信託受益証券","5月20日","","E09096","ブラックロック・ジャパン株式会社"
"G13461","","世界ツーリズム株式ファンド","セカイツーリズムカブシキファンド","内国投資信託受益証券","6月20日","12月20日","E14714","キャピタル　アセットマネジメント株式会社"
"G13462","","住友生命第１回劣後ローン流動化株式会社","スミトモセイメイダイイッカイレツゴローンリュウドウカカブシキガイシャ","内国資産流動化証券","12月末日","","E34991","住友生命第１回劣後ローン流動化株式会社"
"G13464","","ダイワつみたてインデックスバランス５０","ダイワツミタテインデックスバランスゴジュウ","内国投資信託受益証券","6月5日","","E06748","大和アセットマネジメント株式会社"
"G13465","","ダイワつみたてインデックスバランス３０","ダイワツミタテインデックスバランスサンジュウ","内国投資信託受益証券","6月5日","","E06748","大和アセットマネジメント株式会社"
"G13466","","ダイワつみたてインデックスバランス７０","ダイワツミタテインデックスバランスナナジュウ","内国投資信託受益証券","6月5日","","E06748","大和アセットマネジメント株式会社"
"G13467","","ＵＢＳユニバーサル・トラスト（ケイマン）Ⅲ－ＰＩＭＣＯ　短期インカム戦略ファンド","ユービーエスユニバーサルトラストケイマンスリーピムコ　タンキインカムセンリャクファンド","外国投資信託受益証券","12月末日","","E15389","ＵＢＳマネジメント（ケイマン）リミテッド"
"G13468","","ベイリー・ギフォード　インパクト投資ファンド","ベイリーギフォードインパクトトウシファンド","内国投資信託受益証券","6月25日","","E11518","三菱ＵＦＪアセットマネジメント株式会社"
"G13469","","ジパング企業債ファンド","ジパングキギョウサイファンド","内国投資信託受益証券","5月15日","11月15日","E12430","アモーヴァ・アセットマネジメント株式会社"
"G13472","","ニッセイ／シュローダー・グローバルＣＢファンド（年２回決算型・為替ヘッジあり）／ニッセイ／シュローダー・グローバルＣＢファンド（年２回決算型・為替ヘッジなし）","ニッセイシュローダーグローバルシービーファンドネンニカイケッサンガタカワセヘッジアリ　ニッセイシュローダーグローバルシービーファンドネンニカイケッサンガタカワセヘッジナシ","内国投資信託受益証券","6月20日","12月20日","E12453","ニッセイアセットマネジメント株式会社"
"G13473","","ニッセイ／シュローダー・グローバルＣＢファンド（資産成長型・為替ヘッジあり）／ニッセイ／シュローダー・グローバルＣＢファンド（資産成長型・為替ヘッジなし）","ニッセイシュローダーグローバルシービーファンドシサンセイチョウガタカワセヘッジアリ　ニッセイシュローダーグローバルシービーファンドシサンセイチョウガタカワセヘッジナシ","内国投資信託受益証券","6月20日","","E12453","ニッセイアセットマネジメント株式会社"
"G13474","","ニッセイ・デンマーク・カバード債券ファンド２０１９－０７（為替ヘッジあり・限定追加型）","ニッセイデンマークカバードサイケンファンドニゼロイチキュウノゼロナナカワセヘッジアリゲンテイツイカガタ","内国投資信託受益証券","4月15日","10月15日","E12453","ニッセイアセットマネジメント株式会社"
"G13475","25540","ＮＥＸＴ　ＦＵＮＤＳ　ブルームバーグ米国投資適格社債（１－１０年）インデックス（為替ヘッジあり）連動型上場投信","ネクストファンズブルームバーグベイコクトウシテキカクシャサイイチジュウネンインデックスカワセヘッジアリレンドウガタジョウジョウトウシン","内国投資信託受益証券","3月7日","9月7日","E12460","野村アセットマネジメント株式会社"
"G13476","","ゴールドマン・サックス社債／国際分散投資戦略ファンド２０１９－０７","ゴールドマンサックスシャサイコクサイブンサントウシセンリャクファンドニイゼロイチキュウゼロナナ","内国投資信託受益証券","8月10日","","E10677","アセットマネジメントＯｎｅ株式会社"
"G13477","","Ｏｎｅ　ＤＣ　先進国リートインデックスファンド","ワンディーシーセンシンコクリートインデックスファンド","内国投資信託受益証券","3月25日","","E10677","アセットマネジメントＯｎｅ株式会社"
"G13478","","三井住友ＤＳ・国内株式インデックス年金ファンド","ミツイスミトモディーエスコクナイカブシキインデックスネンキンファンド","内国投資信託受益証券","11月30日","","E08957","三井住友ＤＳアセットマネジメント株式会社"
"G13479","","三井住友ＤＳ・国内債券インデックス年金ファンド","ミツイスミトモディーエスコクナイサイケンインデックスネンキンファンド","内国投資信託受益証券","6月20日","","E08957","三井住友ＤＳアセットマネジメント株式会社"
"G13480","","三井住友ＤＳ・外国債券インデックス年金ファンド","ミツイスミトモディーエスガイコクサイケンインデックスネンキンファンド","内国投資信託受益証券","12月17日","","E08957","三井住友ＤＳアセットマネジメント株式会社"
"G13481","","三井住友ＤＳ・外国株式インデックス年金ファンド","ミツイスミトモディーエスガイコクカブシキインデックスネンキンファンド","内国投資信託受益証券","11月30日","","E08957","三井住友ＤＳアセットマネジメント株式会社"
"G13482","","三井住友ＤＳ・年金バランス３０（債券重点型）、三井住友ＤＳ・年金バランス５０（標準型）、三井住友ＤＳ・年金バランス７０（株式重点型）","ミツイスミトモディーエスネンキンバランスサンジュウサイケンジュウテンガタ　ミツイスミトモディーエスネンキンバランスゴジュウヒョウジュンガタ　ミツイスミトモディーエスネンキンバランスナナジュウカブシキジュウテンガタ","内国投資信託受益証券","2月18日","","E08957","三井住友ＤＳアセットマネジメント株式会社"
"G13483","","Ｏｎｅ　ＤＣ　先進国債券インデックスファンド","ワンディーシーセンシンコクサイケンインデックスファンド","内国投資信託受益証券","3月25日","","E10677","アセットマネジメントＯｎｅ株式会社"
"G13484","","債券スマートインカム戦略＜リスク抑制型＞（ファンドラップ）","サイケンスマートインカムセンリャクリスクヨクセイガタファンドラップ","内国投資信託受益証券","4月14日","","E10677","アセットマネジメントＯｎｅ株式会社"
"G13485","","Ｏｎｅ　ＤＣ　新興国株式インデックスファンド","ワンディーシーシンコウコクカブシキインデックスファンド","内国投資信託受益証券","3月25日","","E10677","アセットマネジメントＯｎｅ株式会社"
"G13486","","東洋・中国Ａ株ファンド「創新」２０１９－０７","トウヨウチュウゴクエーカブファンドソウシンニゼロイチキュウゼロナナ","内国投資信託受益証券","7月25日","","E12434","ＳＯＭＰＯアセットマネジメント株式会社"
"G13487","","コモディティＬＳアルファ・ファンド（ＳＭＡ専用）","コモディティエルエスアルファ　ファンド　エスエムエーセンヨウ","内国投資信託受益証券","5月26日","","E12444","三井住友トラスト・アセットマネジメント株式会社"
"G13489","","イスラエル株式ファンド","イスラエルカブシキファンド","内国投資信託受益証券","6月21日","12月21日","E06748","大和アセットマネジメント株式会社"
"G13490","","ＧＢＣＡファンド（ＳＭＡ専用）","ジービーシーエーファンド　エスエムエーセンヨウ","内国投資信託受益証券","2月20日","","E12444","三井住友トラスト・アセットマネジメント株式会社"
"G13491","","ソシエテ・ジェネラル　イタリア国債ユーロ円建リパッケージ債券（為替参照利回り変動型）ファンド２０１９ー０８","ソシエテ　ジェネラル　イタリアコクサイユーロエンダテリパッケージサイケン　カワセサンショウリマワリヘンドウガタファンド","内国投資信託受益証券","6月10日","","E12448","明治安田アセットマネジメント株式会社"
"G13492","","明治安田生命２０１９基金特定目的会社","メイジヤスダセイメイニセンジュウキュウキキントクテイモクテキカイシャ","内国資産流動化証券","12月末日","","E35030","明治安田生命２０１９基金特定目的会社"
"G13493","25550","東証ＲＥＩＴ　ＥＴＦ","トウショウリート　イーティーエフ","内国投資信託受益証券","4月12日","10月12日","E14415","シンプレクス・アセット・マネジメント株式会社"
"G13494","","ＳＭＴ　ＭＩＲＡＩｎｄｅｘ　ｅビジネス","エスエムティー　ミラインデックス　イービジネス","内国投資信託受益証券","2月15日","","E12444","三井住友トラスト・アセットマネジメント株式会社"
"G13497","","インベスコ　世界ブロックチェーン株式ファンド","インベスコセカイブロックチェーンカブシキファンド","内国投資信託受益証券","7月10日","","E06479","インベスコ・アセット・マネジメント株式会社"
"G13498","","りそな・リスクコントロールファンド２０１９－０９","リソナ　リスクコントロールファンドニイゼロイチキュウ　ゼロキュウ","内国投資信託受益証券","8月15日","","E32011","りそなアセットマネジメント株式会社"
"G13499","","グローバル株式ファンド","グローバルカブシキファンド","内国投資信託受益証券","4月15日","","E31533","スカイオーシャン・アセットマネジメント株式会社"
"G13500","","東京海上・がんとたたかう投信","トウキョウカイジョウガントタタカウトウシン","内国投資信託受益証券","2月4日","","E06433","東京海上アセットマネジメント株式会社"
"G13501","","日本生命２０１９基金流動化株式会社","ニホンセイメイニセンジュウキュウキキンリュウドウカカブシキカイシャ","内国資産流動化証券","9月30日","","E35050","日本生命２０１９基金流動化株式会社"
"G13502","","アムンディ・みらい定期便","アムンディミライテイキビン","内国投資信託受益証券","1月25日","7月25日","E09666","アムンディ・ジャパン株式会社"
"G13503","","ＭＦＳ・グローバル株式ファンド","エムエフエスグローバルカブシキファンド","内国投資信託受益証券","8月1日","","E08957","三井住友ＤＳアセットマネジメント株式会社"
"G13504","","シュローダー日本株ＥＳＧフォーカス・ファンド","シュローダーニホンカブイーエスジーフォーカス　ファンド","内国投資信託受益証券","6月20日","","E12586","シュローダー・インベストメント・マネジメント株式会社"
"G13505","","ＵＢＳユニバーサル・トラスト（ケイマン）Ⅲ－ピムコ　ショート・ターム　ストラテジー","ユービーエスユニバーサルトラストケイマンスリーピムコショートタームストラテジー","外国投資信託受益証券","7月末日","","E15389","ＵＢＳマネジメント（ケイマン）リミテッド"
"G13506","","たわらノーロード　全世界株式","タワラノーロード　ゼンセカイカブシキ","内国投資信託受益証券","10月12日","","E10677","アセットマネジメントＯｎｅ株式会社"
"G13508","","しんきんＤＣ日経２２５株式ファンド","シンキンディーシーニッケイニーニーゴカブシキファンド","内国投資信託受益証券","9月10日","","E12422","しんきんアセットマネジメント投信株式会社"
"G13509","","ＰＩＭＣＯ新興国ハイインカム債券ファンド（毎月分配型）","ピムコシンコウコクハイインカムサイケンファンド　マイツキブンパイガタ","内国投資信託受益証券","1月25日","7月25日","E12430","アモーヴァ・アセットマネジメント株式会社"
"G13510","","ＰＩＭＣＯ新興国ハイインカム債券ファンド（１年決算型）","ピムコシンコウコクハイインカムサイケンファンド　イチネンケッサンガタ","内国投資信託受益証券","7月25日","","E12430","アモーヴァ・アセットマネジメント株式会社"
"G13511","","東洋・中国Ａ株ファンド「創新」２０１９－０８","トウヨウチュウゴクエーカブファンドソウシンニゼロイチキュウゼロハチ","内国投資信託受益証券","7月25日","","E12434","ＳＯＭＰＯアセットマネジメント株式会社"
"G13512","","デンマーク・カバード債券・インカムファンド２０１９－０９（為替ヘッジあり）","デンマークカバードサイケンインカムファンド　ニゼロイチキュウゼロキュウ　カワセヘッジアリ","内国投資信託受益証券","3月25日","9月25日","E31533","スカイオーシャン・アセットマネジメント株式会社"
"G13513","25560","Ｏｎｅ　ＥＴＦ　東証ＲＥＩＴ指数","ワンイーティーエフトウショウリートシスウ","内国投資信託受益証券","1月8日","7月8日","E10677","アセットマネジメントＯｎｅ株式会社"
"G13514","","ＰａｙＰａｙ投信ウルトラバランス　世界株式","ペイペイトウシンウルトラバランスセカイカブシキ","内国投資信託受益証券","2月25日","8月25日","E14601","ＰａｙＰａｙアセットマネジメント株式会社"
"G13517","","りそな　つみたてグローバル株式アクティブファンド","リソナ　ツミタテグローバルカブシキアクティブファンド","内国投資信託受益証券","8月20日","","E32011","りそなアセットマネジメント株式会社"
"G13518","","三菱ＵＦＪ　ＤＣ年金バランス（株式２５）","ミツビシユーエフジェイディーシーネンキンバランスカブシキニジューゴ","内国投資信託受益証券","5月20日","","E11518","三菱ＵＦＪアセットマネジメント株式会社"
"G13519","","グローバルＥＴＦ・インカム・バランスファンド（年２回決算型）","グローバルイーティーエフ　インカム　バランスファンド　ネンニカイケッサンガタ","内国投資信託受益証券","1月15日","7月15日","E12444","三井住友トラスト・アセットマネジメント株式会社"
"G13520","","グローバルＥＴＦ・インカム・バランスファンド（年１回決算型）","グローバルイーティーエフ　インカム　バランスファンド　ネンイッカイケッサンガタ","内国投資信託受益証券","1月15日","","E12444","三井住友トラスト・アセットマネジメント株式会社"
"G13521","","東洋・中国Ａ株ファンド「創新」２０１９－０９","トウヨウチュウゴクエーカブファンドソウシンニゼロイチキュウゼロキュウ","内国投資信託受益証券","7月25日","","E12434","ＳＯＭＰＯアセットマネジメント株式会社"
"G13522","","オルトゥ・クールバ・トラスト－償還時目標設定型ファンド１９０９米ドル建て／償還時目標設定型ファンド１９０９豪ドル建て","オルトゥクールバトラストショウカンジモクヒョウセッテイガタファンドイチキュウゼロキュウベイドルダテショウカンジモクヒョウセッテイガタファンドイチキュウゼロキュウゴウドルダテ","外国投資信託受益証券","5月末日","","E15033","ＩＱ　ＥＱマネジメント・バミューダ・リミテッド"
"G13523","","ＳＢＩ・Ｖ・Ｓ＆Ｐ５００インデックス・ファンド","エスビーアイ　ブイ　エスアンドピーゴヒャク　インデックスファンド","内国投資信託受益証券","9月14日","","E13447","ＳＢＩアセットマネジメント株式会社"
"G13524","","ゴールドマン・サックス社債／国際分散投資戦略ファンド２０１９－０９","ゴールドマンサックスシャサイコクサイブンサントウシセンリャクファンドニイゼロイチキュウゼロキュウ","内国投資信託受益証券","10月10日","","E10677","アセットマネジメントＯｎｅ株式会社"
"G13525","","グローバル医薬品株式ファンド","グローバルイヤクヒンカブシキファンド","内国投資信託受益証券","3月25日","9月25日","E26704","カレラアセットマネジメント株式会社"
"G13526","","ＮＷＱグローバル厳選証券（米国株プラス）毎月分配型","エヌダブリューキューグローバルゲンセンショウケンベイコクカブプラスマイツキブンパイガタ","内国投資信託受益証券","3月17日","9月17日","E06748","大和アセットマネジメント株式会社"
"G13529","","優良好配当・日本株式ファンド","ユウリョウコウハイトウニホンカブシキファンド","内国投資信託受益証券","4月11日","10月11日","E12441","ＳＢＩ岡三アセットマネジメント株式会社"
"G13531","","ＵＳリート・プラス（為替ヘッジなし／毎月分配型）","ユーエスリートプラスカワセヘッジナシマイツキブンパイガタ","内国投資信託受益証券","2月26日","8月26日","E06748","大和アセットマネジメント株式会社"
"G13532","","りそな・リスクコントロールファンド２０１９－１０","リソナ　リスクコントロールファンドニイゼロイチキュウ　ジュウ","内国投資信託受益証券","9月15日","","E32011","りそなアセットマネジメント株式会社"
"G13533","","東京海上ターゲット・イヤー・ファンド２０３５／２０４０／２０４５／２０５０／２０５５／２０６０／２０６５／２０７０","トウキョウカイジョウターゲットイヤーファンド","内国投資信託受益証券","1月25日","","E06433","東京海上アセットマネジメント株式会社"
"G13534","","ひふみワールド","ヒフミワールド","内国投資信託受益証券","2月15日","","E21671","レオス・キャピタルワークス株式会社"
"G13535","","ピクテ・ゴールド（為替ヘッジなし）","ピクテゴールドカワセヘッジナシ","内国投資信託受益証券","7月15日","","E10439","ピクテ・ジャパン株式会社"
"G13536","","野村資産設計ファンド（ＤＣ・つみたてＮＩＳＡ）２０６０","ノムラシサンセッケイファンドディーシーツミタテニーサニセンロクジュウ","内国投資信託受益証券","6月22日","","E12460","野村アセットマネジメント株式会社"
"G13542","","しんきんグローバル６資産ファンド（１年決算型）","シンキングローバルロクシサンファンドイチネンケッサンガタ","内国投資信託受益証券","6月12日","","E12422","しんきんアセットマネジメント投信株式会社"
"G13543","","しんきん３資産ファンド（１年決算型）","シンキンサンシサンファンドイチネンケッサンガタ","内国投資信託受益証券","9月20日","","E12422","しんきんアセットマネジメント投信株式会社"
"G13544","","アムンディ・次世代教育関連ファンド","アムンディジセダイキョウイクカンレンファンド","内国投資信託受益証券","3月18日","9月18日","E09666","アムンディ・ジャパン株式会社"
"G13545","","八十二　信州応援日本株ファンド","ハチジュウニ　シンシュウオウエンニホンカブファンド","内国投資信託受益証券","7月25日","","E12448","明治安田アセットマネジメント株式会社"
"G13546","","ゴールドマン・サックス社債／国際分散投資戦略ファンド２０１９－１０","ゴールドマンサックスシャサイコクサイブンサントウシセンリャクファンドニイゼロイチキュウイチゼロ","内国投資信託受益証券","11月10日","","E10677","アセットマネジメントＯｎｅ株式会社"
"G13547","","野村ターゲットインカムファンド（資産成長型）、野村ターゲットインカムファンド（年６％目標払出型）","ノムラターゲットインカムファンドシサンセイチョウガタ　ノムラターゲットインカムファンドネンロクパーセントモクヒョウハライダシガタ","内国投資信託受益証券","5月15日","11月15日","E12460","野村アセットマネジメント株式会社"
"G13549","","東洋・中国Ａ株ファンド「創新」２０１９－１０","トウヨウチュウゴクエーカブファンドソウシンニゼロイチキュウイチゼロ","内国投資信託受益証券","7月25日","","E12434","ＳＯＭＰＯアセットマネジメント株式会社"
"G13550","","リスク抑制型・４資産バランスファンド","リスクヨクセイガタヨンシサンバランスファンド","内国投資信託受益証券","4月24日","10月24日","E12441","ＳＢＩ岡三アセットマネジメント株式会社"
"G13551","","ノムラ日本株ベータヘッジ戦略ファンド（ＳＭＡ専用）","ノムラニホンカブベータヘッジセンリャクファンドエスエムエーセンヨウ","内国投資信託受益証券","12月20日","","E12460","野村アセットマネジメント株式会社"
"G13552","","スパークス・ベスト・ピック・ファンドⅡ（日本・アジア）マーケットヘッジあり　スパークス・ベスト・ピック・ファンドⅡ（日本・アジア）マーケットヘッジなし","スパークスベストピックファンドツー　ニホンアジア　マーケットヘッジアリ　スパークスベストピックファンドツー　ニホンアジア　マーケットヘッジナシ","内国投資信託受益証券","2月27日","8月27日","E11161","スパークス・アセット・マネジメント株式会社"
"G13554","","ＵＢＳ合併裁定戦略ファンド（ＳＭＡ専用）","ユービーエスガッペイサイテイセンリャクファンド　エスエムエーセンヨウ","内国投資信託受益証券","9月25日","","E12473","ＵＢＳアセット・マネジメント株式会社"
"G13556","","グローバルＡＩファンド（予想分配金提示型）／グローバルＡＩファンド（為替ヘッジあり予想分配金提示型）","グローバルエーアイファンドヨソウブンパイキンテイジガタ　グローバルエーアイファンドカワセヘッジアリヨソウブンパイキンテイジガタ","内国投資信託受益証券","3月25日","9月25日","E08957","三井住友ＤＳアセットマネジメント株式会社"
"G13558","","ＳＭＴ　ＭＩＲＡＩｎｄｅｘ　エコ","エスエムティー　ミラインデックス　エコ","内国投資信託受益証券","3月15日","","E12444","三井住友トラスト・アセットマネジメント株式会社"
"G13559","","バラック・ファンドＳＰＣリミテッド－バラック・ストラクチャード・トレード・ファイナンス・セグリゲーテッド・ポートフォリオ","バラックファンドエスピーシーリミテッドバラックストラクチャードトレードファイナンスセグリゲーテッドポートフォリオ","外国投資証券","12月末日","","E35219","バラック・ファンドＳＰＣリミテッド"
"G13560","","日本厳選高配当株ファンド２０１９－１０（繰上償還条件付）","ニホンゲンセンコウハイトウカブファンドニセンジュウキュウノジュウ　クリアゲショウカンジョウケンツキ","内国投資信託受益証券","10月26日","","E12444","三井住友トラスト・アセットマネジメント株式会社"
"G13562","","ビッグデータ新興国小型株ファンド（１年決算型）","ビッグデータシンコウコクコガタカブファンド　イチネンケッサンガタ","内国投資信託受益証券","10月20日","","E12430","アモーヴァ・アセットマネジメント株式会社"
"G13563","","ボンド・ゼロトリプル（予想分配金提示型）","ボンドゼロトリプルヨソウブンパイキンテイジガタ","内国投資信託受益証券","4月15日","10月15日","E08957","三井住友ＤＳアセットマネジメント株式会社"
"G13564","","ボンド・ゼロトリプル（資産成長型）","ボンドゼロトリプルシサンセイチョウガタ","内国投資信託受益証券","10月15日","","E08957","三井住友ＤＳアセットマネジメント株式会社"
"G13565","","テトラ・エクイティ","テトラエクイティ","内国投資信託受益証券","10月15日","","E08957","三井住友ＤＳアセットマネジメント株式会社"
"G13566","","米国３倍４資産リスク分散ファンド（隔月決算型）／（年２回決算型）","ベイコクサンバイヨンシサンリスクブンサンファンドカクゲツケッサンガタネンニカイケッサンガタ","内国投資信託受益証券","3月11日","9月11日","E06748","大和アセットマネジメント株式会社"
"G13567","","米国３倍４資産リスク分散ファンド（毎月決算型）","ベイコクサンバイヨンシサンリスクブンサンファンドマイツキケッサンガタ","内国投資信託受益証券","3月11日","9月11日","E06748","大和アセットマネジメント株式会社"
"G13568","","楽天・米国レバレッジバランス・ファンド","ラクテン　ベイコクレバレッジバランス　ファンド","内国投資信託受益証券","8月25日","","E15787","楽天投信投資顧問株式会社"
"G13569","","マニュライフ・円ハイブリッド債券インカム・ファンド（３ヵ月決算型）","マニュライフエンハイブリッドサイケンインカムファンドサンカゲツケッサンガタ","内国投資信託受益証券","4月25日","10月25日","E30703","マニュライフ・インベストメント・マネジメント株式会社"
"G13570","","マニュライフ・円ハイブリッド債券インカム・ファンド（年１回決算型）","マニュライフエンハイブリッドサイケンインカムファンドネンイッカイケッサンガタ","内国投資信託受益証券","10月25日","","E30703","マニュライフ・インベストメント・マネジメント株式会社"
"G13573","","第９２回２０２４年９月満期株価指数参照円建信託社債（デジタルクーポン型・早期償還条項付）（責任財産限定特約付）参照指数：東証銀行業株価指数","ダイキュウジュウニカイニセンニジュウヨネンクガツマンキカブカシスウサンショウエンダテシンタクシャサイデジタルクーポンガタソウキショウカンジョウコウツキセキニンザイサンゲンテイトクヤクツキサンショウシスウトウショウギンコウギョウカブカシスウ","内国信託受益証券・信託受益権","5月13日","11月13日","E03626","三菱ＵＦＪ信託銀行株式会社"
"G13574","","第９３回２０２２年１２月満期株価指数参照円建信託社債（固定クーポン型・早期償還条項付）（責任財産限定特約付）参照指数：東証銀行業株価指数","ダイキュウジュウサンカイニセンニジュウニネンジュウニガツマンキカブカシスウサンショウエンダテシンタクシャサイコテイクーポンガタソウキショウカンジョウコウツキセキニンザイサンゲンテイトクヤクツキサンショウシスウトウショウギンコウギョウカブカシスウ","内国信託受益証券・信託受益権","5月13日","11月13日","E03626","三菱ＵＦＪ信託銀行株式会社"
"G13575","","ブラックロックおまかせバランス投信","ブラックロックオマカセバランストウシン","内国投資信託受益証券","8月2日","","E09096","ブラックロック・ジャパン株式会社"
"G13576","","Ｓｍａｒｔ－ｉ　国内株式ＥＳＧインデックス","スマート　アイ　コクナイカブシキイーエスジーインデックス","内国投資信託受益証券","11月25日","","E32011","りそなアセットマネジメント株式会社"
"G13577","","Ｓｍａｒｔ－ｉ　先進国株式ＥＳＧインデックス","スマート　アイ　センシンコクカブシキイーエスジーインデックス","内国投資信託受益証券","11月25日","","E32011","りそなアセットマネジメント株式会社"
"G13579","","ＹＭＦＧ　未来共創ファンド","ワイエムエフジー　ミライキョウソウファンド","内国投資信託受益証券","10月23日","4月23日","E32437","ワイエムアセットマネジメント株式会社"
"G13580","","りそな・リスクコントロールファンド２０１９－１２","リソナ　リスクコントロールファンドニイゼロイチキュウ　ジュウニ","内国投資信託受益証券","11月15日","","E32011","りそなアセットマネジメント株式会社"
"G13581","","フランクリン・テンプルトン・アメリカ高配当株ファンド（毎月分配型／３ヵ月決算型／年２回決算型）","フランクリン　テンプルトン　アメリカコウハイトウカブファンド　マイツキブンパイガタ　サンカゲツケッサンガタ　ネンニカイケッサンガタ","内国投資信託受益証券","2月20日","8月20日","E12425","フランクリン・テンプルトン・ジャパン株式会社"
"G13583","","米国ＩＰＯニューステージ・ファンド＜為替ヘッジあり＞＜為替ヘッジなし＞（年２回決算型）","ベイコクアイピーオーニューステージファンドカワセヘッジアリカワセヘッジナシネンニカイケッサンガタ","内国投資信託受益証券","5月15日","11月15日","E11518","三菱ＵＦＪアセットマネジメント株式会社"
"G13584","","米国ＩＰＯニューステージ・ファンド＜為替ヘッジあり＞＜為替ヘッジなし＞（資産成長型）","ベイコクアイピーオーニューステージファンドカワセヘッジアリカワセヘッジナシシサンセイチョウガタ","内国投資信託受益証券","11月15日","","E11518","三菱ＵＦＪアセットマネジメント株式会社"
"G13585","","東洋・中国Ａ株ファンド「創新」２０１９－１１","トウヨウチュウゴクエーカブファンドソウシンニゼロイチキュウイチイチ","内国投資信託受益証券","7月25日","","E12434","ＳＯＭＰＯアセットマネジメント株式会社"
"G13586","","ｅＭＡＸＩＳ　Ｓｌｉｍ　先進国リートインデックス（除く日本）","イーマクシススリムセンシンコクリートインデックスノゾクニホン","内国投資信託受益証券","4月25日","","E11518","三菱ＵＦＪアセットマネジメント株式会社"
"G13587","","ｅＭＡＸＩＳ　Ｓｌｉｍ　国内リートインデックス","イーマクシススリムコクナイリートインデックス","内国投資信託受益証券","4月25日","","E11518","三菱ＵＦＪアセットマネジメント株式会社"
"G13588","","ゴールドマン・サックス社債／国際分散投資戦略ファンド２０１９－１１","ゴールドマンサックスシャサイコクサイブンサントウシセンリャクファンドニイゼロイチキュウイチイチ","内国投資信託受益証券","12月10日","","E10677","アセットマネジメントＯｎｅ株式会社"
"G13589","","ノムラ・ケイマン・トラスト－ＰＩＭＣＯインカム・ストラテジー・ファンド（米ドル）／ＰＩＭＣＯインカム・ストラテジー・ファンド（豪ドル）","ノムラケイマントラストピムコインカムストラテジーファンドベイドルピムコインカムストラテジーファンドゴウドル","外国投資信託受益証券","10月末日","","E26746","グローバル・ファンズ・トラスト・カンパニー"
"G13590","","グローバル・リート・インデックスファンド（毎月決算型／資産形成型）","グローバルリートインデックスファンドマイツキケッサンガタシサンケイセイガタ","内国投資信託受益証券","5月14日","11月14日","E06748","大和アセットマネジメント株式会社"
"G13591","","マンＡＨＬスマート・レバレッジ戦略ファンド","マンエーエイチエルスマートレバレッジセンリャクファンド","内国投資信託受益証券","4月12日","10月12日","E06748","大和アセットマネジメント株式会社"
"G13592","","日本生命第４回劣後ローン流動化株式会社","ニホンセイメイダイヨンカイレツゴローンリュウドウカカブシキカイシャ","内国資産流動化証券","9月30日","","E35282","日本生命第４回劣後ローン流動化株式会社"
"G13593","","米国分散投資戦略ファンド（１倍コース）　米国分散投資戦略ファンド（３倍コース）　米国分散投資戦略ファンド（５倍コース）","ベイコクブンサントウシセンリャクファンドイチバイコース　ベイコクブンサントウシセンリャクファンドサンバイコース　ベイコクブンサントウシセンリャクファンドゴバイコース","内国投資信託受益証券","5月10日","11月10日","E08957","三井住友ＤＳアセットマネジメント株式会社"
"G13594","29790","ＳＯＳｉＬＡ物流リート投資法人","ソシラブツリュウリートトウシホウジン","内国投資証券","11月末日","5月末日","E35254","ＳＯＳｉＬＡ物流リート投資法人"
"G13595","","グローバル超好配当株式ファンド（隔月決算型／資産成長型）","グローバルチョウコウハイトウカブシキファンドカクゲツケッサンガタシサンセイチョウガタ","内国投資信託受益証券","5月23日","11月23日","E06748","大和アセットマネジメント株式会社"
"G13596","","ワールド・アクティブ・ボンド・オープン（為替ヘッジあり）","ワールドアクティブボンドオープンカワセヘッジアリ","内国投資信託受益証券","4月10日","10月10日","E06748","大和アセットマネジメント株式会社"
"G13598","","のむラップ・ファンド（目標分配金受取型）","ノムラップファンドモクヒョウブンパイキンウケトリガタ","内国投資信託受益証券","3月18日","9月18日","E12460","野村アセットマネジメント株式会社"
"G13599","","Ｏｎｅ国際分散投資戦略ファンド（目標リスク８％）","ワンコクサイブンサントウシセンリャクファンドモクヒョウリスクハチパーセント","内国投資信託受益証券","6月8日","","E10677","アセットマネジメントＯｎｅ株式会社"
"G13600","","Ｏｎｅ国際分散投資戦略ファンド（目標リスク６％）","ワンコクサイブンサントウシセンリャクファンドモクヒョウリスクロクパーセント","内国投資信託受益証券","6月8日","","E10677","アセットマネジメントＯｎｅ株式会社"
"G13601","","Ｏｎｅ国際分散投資戦略ファンド（目標リスク４％）","ワンコクサイブンサントウシセンリャクファンドモクヒョウリスクヨンパーセント","内国投資信託受益証券","6月8日","","E10677","アセットマネジメントＯｎｅ株式会社"
"G13602","","Ｏｎｅ国際分散投資戦略ファンド（目標リスク２％）","ワンコクサイブンサントウシセンリャクファンドモクヒョウリスクニパーセント","内国投資信託受益証券","6月8日","","E10677","アセットマネジメントＯｎｅ株式会社"
"G13603","","Ｏｎｅ高配当利回り厳選ジャパン","ワンコウハイトウリマワリゲンセンジャパン","内国投資信託受益証券","3月15日","","E10677","アセットマネジメントＯｎｅ株式会社"
"G13604","","ＳＢＩ米国小型成長株ファンド","エスビーアイベイコクコガタセイチョウカブファンド","内国投資信託受益証券","5月25日","11月25日","E13447","ＳＢＩアセットマネジメント株式会社"
"G13605","","米国小型株グロース・ファンド","ベイコクコガタカブグロースファンド","内国投資信託受益証券","2月15日","8月15日","E06748","大和アセットマネジメント株式会社"
"G13608","","第９６回２０２４年９月満期株価指数参照円建信託社債（デジタルクーポン型・早期償還条項付）（責任財産限定特約付）参照指数：東証銀行業株価指数","ダイキュウジュウロクカイニセンニジュウヨネンクガツマンキカブカシスウサンショウエンダテシンタクシャサイデジタルクーポンガタソウキショウカンジョウコウツキセキニンザイサンゲンテイトクヤクツキサンショウシスウトウショウギンコウギョウカブカシスウ","内国信託受益証券・信託受益権","6月13日","12月13日","E03626","三菱ＵＦＪ信託銀行株式会社"
"G13609","","第９７回２０２２年１２月満期株価指数参照円建信託社債（固定クーポン型・早期償還条項付）（責任財産限定特約付）参照指数：東証銀行業株価指数","ダイキュウジュウナナカイニセンニジュウニネンジュウニガツマンキカブカシスウサンショウエンダテシンタクシャサイコテイクーポンガタソウキショウカンジョウコウツキセキニンザイサンゲンテイトクヤクツキサンショウシスウトウショウギンコウギョウカブカシスウ","内国信託受益証券・信託受益権","6月13日","12月13日","E03626","三菱ＵＦＪ信託銀行株式会社"
"G13610","","ＰａｙＰａｙ投信ウルトラバランス　高利回り債券（年２回決算型／隔月決算型）","ペイペイトウシンウルトラバランス　コウリマワリサイケン　ネンニカイケッサンガタ　カクゲツケッサンガタ","内国投資信託受益証券","5月10日","11月10日","E14601","ＰａｙＰａｙアセットマネジメント株式会社"
"G13611","","ＵＢＳ中国ハイイールド債券ファンド（毎月決算型・為替ヘッジあり）、ＵＢＳ中国ハイイールド債券ファンド（毎月決算型・為替ヘッジなし）、ＵＢＳ中国ハイイールド債券ファンド（年２回決算型・為替ヘッジあり）、ＵＢＳ中国ハイイールド債券ファンド（年２回決算型・為替ヘッジなし）","ユービーエスチュウゴクハイイールドサイケンファンド　マイツキケッサンガタ　カワセヘッジアリ　ユービーエスチュウゴクハイイールドサイケンファンド　マイツキケッサンガタ　カワセヘッジナシ　ユービーエスチュウゴクハイイールドサイケンファンド　ネンニカイケッサンガタ　カワセヘッジアリ　ユービーエスチュウゴクハイイールドサイケンファンド　ネンニカイケッサンガタ　カワセヘッジナシ","内国投資信託受益証券","5月25日","11月25日","E12473","ＵＢＳアセット・マネジメント株式会社"
"G13612","","マニュライフ・アジア好利回り債券戦略ファンド（３年投資型）２０１９‐１２　為替ヘッジありコース、マニュライフ・アジア好利回り債券戦略ファンド（３年投資型）２０１９‐１２　為替ヘッジなしコース","マニュライフアジアコウリマワリサイケンセンリャクファンドサンネントウシガタカワセヘッジアリコース　マニュライフアジアコウリマワリサイケンセンリャクファンドサンネントウシガタカワセヘッジナシコース","内国投資信託受益証券","1月25日","7月25日","E30703","マニュライフ・インベストメント・マネジメント株式会社"
"G13613","","米国株式シグナルチェンジ戦略ファンド（為替ヘッジあり）（為替ヘッジなし）","ベイコクカブシキシグナルチェンジセンリャクファンドカワセヘッジアリカワセヘッジナシ","内国投資信託受益証券","5月24日","11月24日","E11518","三菱ＵＦＪアセットマネジメント株式会社"
"G13616","","バリューハント日本株","バリューハントニホンカブ","内国投資信託受益証券","12月25日","","E12460","野村アセットマネジメント株式会社"
"G13617","","フューチャートレンド世界株","フューチャートレンドセカイカブ","内国投資信託受益証券","11月14日","","E12460","野村アセットマネジメント株式会社"
"G13618","","ニッセイ・デンマーク・カバード債券ファンド２０１９－１２（為替ヘッジあり・限定追加型）","ニッセイデンマークカバードサイケンファンドニゼロイチキュウノイチニカワセヘッジアリゲンテイツイカガタ","内国投資信託受益証券","4月15日","10月15日","E12453","ニッセイアセットマネジメント株式会社"
"G13619","","ジャパン・アクティブ・ボンド・オープン","ジャパンアクティブボンドオープン","内国投資信託受益証券","6月15日","12月15日","E06748","大和アセットマネジメント株式会社"
"G13620","","ひふみワールド＋","ヒフミワールドプラス","内国投資信託受益証券","2月15日","","E21671","レオス・キャピタルワークス株式会社"
"G13622","","グローバル・Ｍ＆Ａオポチュニティ・ファンド","グローバルエムアンドエーオポチュニティファンド","外国投資信託受益証券","12月末日","","E14951","ＵＢＳオコーナー・エルエルシー"
"G13623","","ティー・ロウ・プライス　米国成長株式ファンド","ティーロウプライス　ベイコクセイチョウカブシキファンド","内国投資信託受益証券","11月15日","","E33958","ティー・ロウ・プライス・ジャパン株式会社"
"G13624","","お金のデザイン・グローバル・リアルアセット・ファンド（世界の実物資産中心）","オカネノデザイン　グローバル　リアルアセット　ファンド　セカイノジツブツシサンチュウシン","内国投資信託受益証券","9月10日","","E32909","株式会社お金のデザイン"
"G13625","","早期償還条項付・新興国債券戦略１９１２","ソウキショウカンジョウコウツキ　シンコウコクサイケンセンリャクイチキュウイチニ","内国投資信託受益証券","12月20日","","E13447","ＳＢＩアセットマネジメント株式会社"
"G13626","","東洋・中国Ａ株ファンド「創新」２０１９－１２","トウヨウチュウゴクエーカブファンドソウシンニゼロイチキュウイチニ","内国投資信託受益証券","7月25日","","E12434","ＳＯＭＰＯアセットマネジメント株式会社"
"G13627","","ゴールドマン・サックス社債／国際分散投資戦略ファンド２０１９－１２","ゴールドマンサックスシャサイコクサイブンサントウシセンリャクファンドニイゼロイチキュウイチニ","内国投資信託受益証券","1月10日","","E10677","アセットマネジメントＯｎｅ株式会社"
"G13628","","レッド・アーク・グローバル・インベストメンツ（ケイマン）トラスト－フレキシベータファンドＶＴ５／ＶＴ１０","レッドアークグローバルインベストメンツケイマントラスト　フレキシベータファンドブイティーファイブブイティーテン","外国投資信託受益証券","6月末日","","E22200","シティグループ・ファースト・インベストメント・マネジメント・リミテッド"
"G13629","","アジア大型株長期厳選投資","アジアオオガタカブチョウキゲンセントウシ","内国投資信託受益証券","1月8日","","E06748","大和アセットマネジメント株式会社"
"G13630","","デンマーク・カバードボンド戦略ファンド２０１９－１２（為替ヘッジあり／限定追加型）","デンマークカバードボンドセンリャクファンドニセンジュウキュウジュウニカワセヘッジアリゲンテイツイカガタ","内国投資信託受益証券","11月20日","","E06748","大和アセットマネジメント株式会社"
"G13631","","バークレイズ社債／インカム戦略ファンド２０１９－１２","バークレイズシャサイ　インカムセンリャクファンドニゼロイチキュウイチニ","内国投資信託受益証券","12月28日","","E12434","ＳＯＭＰＯアセットマネジメント株式会社"
"G13632","","ＳＭＴ　ＭＩＲＡＩｎｄｅｘ　宇宙","エスエムティー　ミラインデックス　ウチュウ","内国投資信託受益証券","4月26日","","E12444","三井住友トラスト・アセットマネジメント株式会社"
"G13635","","楽天日本株３．８倍ベア","ラクテンニホンカブサンテンハチバイベア","内国投資信託受益証券","6月15日","","E15787","楽天投信投資顧問株式会社"
"G13637","","東京海上・円資産バランスファンド（３倍型）（毎月決算型）","トウキョウカイジョウエンシサンバランスファンドサンバイガタマイツキケッサンガタ","内国投資信託受益証券","6月10日","12月10日","E06433","東京海上アセットマネジメント株式会社"
"G13638","","東京海上・円資産バランスファンド（３倍型）（年１回決算型）","トウキョウカイジョウエンシサンバランスファンドサンバイガタネンイッカイケッサンガタ","内国投資信託受益証券","12月10日","","E06433","東京海上アセットマネジメント株式会社"
"G13639","25570","ＳＭＤＡＭ　トピックス上場投信","エスエムディーエーエム　トピックスジョウジョウトウシン","内国投資信託受益証券","4月8日","10月8日","E08957","三井住友ＤＳアセットマネジメント株式会社"
"G13640","","レッド・アーク・グローバル・インベストメンツ（ケイマン）トラスト－米ドル建て　シティグループ社債　最大上昇率参照型（グローバル・マルチアセット戦略）ファンド","レッドアークグローバルインベストメンツケイマントラスト　ベイドルダテシティグループシャサイサイダイジョウショウリツサンショウガタグローバルマルチアセットセンリャクファンド","外国投資信託受益証券","12月末日","","E22200","シティグループ・ファースト・インベストメント・マネジメント・リミテッド"
"G13641","","国内債券インデックス・オープン（ラップ向け）","コクナイサイケンインデックスオープンラップムケ","内国投資信託受益証券","7月10日","","E06479","インベスコ・アセット・マネジメント株式会社"
"G13642","","国内リートインデックス・オープン（ラップ向け）","コクナイリートインデックスオープンラップムケ","内国投資信託受益証券","7月10日","","E06479","インベスコ・アセット・マネジメント株式会社"
"G13643","","先進国株式インデックス・オープン＜為替ヘッジあり＞（ラップ向け）","センシンコクカブシキインデックスオープンカワセヘッジアリラップムケ","内国投資信託受益証券","7月10日","","E06479","インベスコ・アセット・マネジメント株式会社"
"G13644","","先進国株式インデックス・オープン＜為替ヘッジなし＞（ラップ向け）","センシンコクカブシキインデックスオープンカワセヘッジナシラップムケ","内国投資信託受益証券","7月10日","","E06479","インベスコ・アセット・マネジメント株式会社"
"G13645","","先進国債券インデックス・オープン＜為替ヘッジあり＞（ラップ向け）","センシンコクサイケンインデックスオープンカワセヘッジアリラップムケ","内国投資信託受益証券","7月10日","","E06479","インベスコ・アセット・マネジメント株式会社"
"G13646","","先進国債券インデックス・オープン＜為替ヘッジなし＞（ラップ向け）","センシンコクサイケンインデックスオープンカワセヘッジナシラップムケ","内国投資信託受益証券","7月10日","","E06479","インベスコ・アセット・マネジメント株式会社"
"G13647","","先進国リートインデックス・オープン＜為替ヘッジあり＞（ラップ向け）","センシンコクリートインデックスオープンカワセヘッジアリラップムケ","内国投資信託受益証券","7月10日","","E06479","インベスコ・アセット・マネジメント株式会社"
"G13648","","先進国リートインデックス・オープン＜為替ヘッジなし＞（ラップ向け）","センシンコクリートインデックスオープンカワセヘッジナシラップムケ","内国投資信託受益証券","7月10日","","E06479","インベスコ・アセット・マネジメント株式会社"
"G13649","","新興国債券インデックス・オープン（ラップ向け）","シンコウコクサイケンインデックスオープンラップムケ","内国投資信託受益証券","7月10日","","E06479","インベスコ・アセット・マネジメント株式会社"
"G13654","","第１００回２０２４年９月満期株価指数参照円建信託社債（デジタルクーポン型・早期償還条項付）（責任財産限定特約付）参照指数：東証銀行業株価指数","ダイヒャッカイニセンニジュウヨネンクガツマンキカブカシスウサンショウエンダテシンタクシャサイデジタルクーポンガタソウキショウカンジョウコウツキセキニンザイサンゲンテイトクヤクツキサンショウシスウトウショウギンコウギョウカブカシスウ","内国信託受益証券・信託受益権","1月10日","7月10日","E03626","三菱ＵＦＪ信託銀行株式会社"
"G13656","","楽天・ポジティブ・インパクト株式ファンド","ラクテン　ポジティブ　インパクトカブシキファンド","内国投資信託受益証券","11月15日","","E15787","楽天投信投資顧問株式会社"
"G13657","","農林中金＜パートナーズ＞おおぶねＪＡＰＡＮ（日本選抜）","ノウリンチュウキン　パートナーズ　オオブネジャパン　ニホンセンバツ","内国投資信託受益証券","12月15日","","E35304","農林中金バリューインベストメンツ株式会社"
"G13658","","国内株式インデックス・オープン（ラップ向け）","コクナイカブシキインデックスオープンラップムケ","内国投資信託受益証券","6月25日","","E11518","三菱ＵＦＪアセットマネジメント株式会社"
"G13659","","新興国株式インデックス・オープン（ラップ向け）","シンコウコクカブシキインデックスオープンラップムケ","内国投資信託受益証券","6月25日","","E11518","三菱ＵＦＪアセットマネジメント株式会社"
"G13660","","先進国株式インデックスファンド（ラップ向け）","センシンコクカブシキインデックスファンドラップムケ","内国投資信託受益証券","3月25日","","E11518","三菱ＵＦＪアセットマネジメント株式会社"
"G13662","","パインブリッジ・グローバル・テクノロジー・インフラ・ファンド（３ヵ月決算型）","パインブリッジグローバルテクノロジーインフラファンドサンカゲツケッサンガタ","内国投資信託受益証券","6月15日","12月15日","E12437","パインブリッジ・インベストメンツ株式会社"
"G13663","","パインブリッジ・グローバル・テクノロジー・インフラ・ファンド＜為替ヘッジあり＞","パインブリッジグローバルテクノロジーインフラファンドカワセヘッジアリ","内国投資信託受益証券","12月15日","","E12437","パインブリッジ・インベストメンツ株式会社"
"G13666","","クリーンテック株式＆グリーンボンド・ファンド（資産成長型／予想分配金提示型）","クリーンテックカブシキアンドグリーンボンドファンドシサンセイチョウガタヨソウブンパイキンテイジガタ","内国投資信託受益証券","5月11日","11月11日","E06748","大和アセットマネジメント株式会社"
"G13667","","国債ロング・ショート２．５戦略ファンド（年２回決算型）","コクサイロングショートニテンゴセンリャクファンドネンニカイケッサンガタ","内国投資信託受益証券","1月20日","7月20日","E12963","ステート・ストリート・グローバル・アドバイザーズ株式会社"
"G13668","","ＧＳフューチャー・テクノロジー・リーダーズ　Ａコース（限定為替ヘッジ）／Ｂコース（為替ヘッジなし）","ジーエス　フューチャー　テクノロジー　リーダーズ　エーコース　ゲンテイカワセヘッジ　ビーコース　カワセヘッジナシ","内国投資信託受益証券","5月30日","11月30日","E12457","ゴールドマン・サックス・アセット・マネジメント株式会社"
"G13669","","ジャパン・インフラファンド投資法人","ジャパン　インフラファンドトウシホウジン","内国投資証券","11月末日","5月末日","E35423","ジャパン・インフラファンド投資法人"
"G13670","","ゴールドマン・サックス社債／国際分散投資戦略ファンド２０２０－０１","ゴールドマンサックスシャサイコクサイブンサントウシセンリャクファンドニイゼロニイゼロゼロイチ","内国投資信託受益証券","2月10日","","E10677","アセットマネジメントＯｎｅ株式会社"
"G13671","","東洋・中国Ａ株ファンド「創新」２０２０－０１","トウヨウチュウゴクエーカブファンドソウシンニゼロニゼロゼロイチ","内国投資信託受益証券","7月25日","","E12434","ＳＯＭＰＯアセットマネジメント株式会社"
"G13672","","自社株買い企業世界株式オープン（ラップ向け）","ジシャカブガイキギョウセカイカブシキオープンラップムケ","内国投資信託受益証券","8月5日","","E06479","インベスコ・アセット・マネジメント株式会社"
"G13673","","連続増配企業世界株式オープン（ラップ向け）","レンゾクゾウハイキギョウセカイカブシキオープンラップムケ","内国投資信託受益証券","8月5日","","E06479","インベスコ・アセット・マネジメント株式会社"
"G13674","","クオリティ企業先進国株式オープン（ラップ向け）","クオリティキギョウセンシンコクカブシキオープンラップムケ","内国投資信託受益証券","8月5日","","E06479","インベスコ・アセット・マネジメント株式会社"
"G13675","","ＥＳＧ米国株式オープン（ラップ向け）","イーエスジーベイコクカブシキオープンラップムケ","内国投資信託受益証券","8月5日","","E06479","インベスコ・アセット・マネジメント株式会社"
"G13676","","ＥＳＧ欧州株式オープン（ラップ向け）","イーエスジーオウシュウカブシキオープンラップムケ","内国投資信託受益証券","8月5日","","E06479","インベスコ・アセット・マネジメント株式会社"
"G13677","","医療関連世界株式オープン（ラップ向け）","イリョウカンレンセカイカブシキオープンラップムケ","内国投資信託受益証券","8月5日","","E06479","インベスコ・アセット・マネジメント株式会社"
"G13678","","長寿社会世界株式オープン（ラップ向け）","チョウジュシャカイセカイカブシキオープンラップムケ","内国投資信託受益証券","8月5日","","E06479","インベスコ・アセット・マネジメント株式会社"
"G13679","","デジタル社会世界株式オープン（ラップ向け）","デジタルシャカイセカイカブシキオープンラップムケ","内国投資信託受益証券","8月5日","","E06479","インベスコ・アセット・マネジメント株式会社"
"G13680","","ロボティクス世界株式オープン（ラップ向け）","ロボティクスセカイカブシキオープンラップムケ","内国投資信託受益証券","8月5日","","E06479","インベスコ・アセット・マネジメント株式会社"
"G13681","","Ｔ＆Ｄ　ベトナム株式ファンド","ティアンドディベトナムカブシキファンド","内国投資信託受益証券","8月28日","","E11764","Ｔ＆Ｄアセットマネジメント株式会社"
"G13683","","フードテック・オープン","フードテックオープン","内国投資信託受益証券","1月30日","7月30日","E06748","大和アセットマネジメント株式会社"
"G13684","25580","ＭＡＸＩＳ米国株式（Ｓ＆Ｐ５００）上場投信","マクシスベイコクカブシキエスアンドピーゴヒャクジョウジョウトウシン","内国投資信託受益証券","6月8日","12月8日","E11518","三菱ＵＦＪアセットマネジメント株式会社"
"G13685","25590","ＭＡＸＩＳ全世界株式（オール・カントリー）上場投信","マクシスゼンセカイカブシキオールカントリージョウジョウトウシン","内国投資信託受益証券","6月8日","12月8日","E11518","三菱ＵＦＪアセットマネジメント株式会社"
"G13686","","たわらノーロード　フォーカス　ＡＩ","タワラノーロード　フォーカス　エーアイ","内国投資信託受益証券","2月9日","","E10677","アセットマネジメントＯｎｅ株式会社"
"G13687","","たわらノーロード　フォーカス　ロボット・テクノロジー","タワラノーロード　フォーカス　ロボットテクノロジー","内国投資信託受益証券","2月9日","","E10677","アセットマネジメントＯｎｅ株式会社"
"G13688","","ＨＳＢＣ世界資産選抜充実生活コース（定率払出型）","エイチエスビーシーセカイシサンセンバツジュウジツセイカツコーステイリツハライダシガタ","内国投資信託受益証券","1月15日","7月15日","E12492","ＨＳＢＣアセットマネジメント株式会社"
"G13689","","たわらノーロード　フォーカス　フィンテック","タワラノーロード　フォーカス　フィンテック","内国投資信託受益証券","2月9日","","E10677","アセットマネジメントＯｎｅ株式会社"
"G13690","","たわらノーロード　フォーカス　次世代通信","タワラノーロード　フォーカス　ジセダイツウシン","内国投資信託受益証券","2月9日","","E10677","アセットマネジメントＯｎｅ株式会社"
"G13691","","シティグループ社債／円建て償還時ターゲットファンド２０２０－０３","シティグループシャサイエンダテショウカンジターゲットファンドニイゼロニイゼロゼロサン","内国投資信託受益証券","3月15日","","E08957","三井住友ＤＳアセットマネジメント株式会社"
"G13692","","Ｏｎｅフォーカス　ミレニアルズ","ワンフォーカスミレニアルズ","内国投資信託受益証券","2月9日","","E10677","アセットマネジメントＯｎｅ株式会社"
"G13693","","世界成長スマートファンド","セカイセイチョウスマートファンド","内国投資信託受益証券","10月26日","","E31533","スカイオーシャン・アセットマネジメント株式会社"
"G13696","","三井住友ＤＳ・ＤＣターゲットイヤーファンド２０６０","ミツイスミトモディーエスディーシーターゲットイヤーファンドニイゼロロクゼロ","内国投資信託受益証券","4月26日","","E08957","三井住友ＤＳアセットマネジメント株式会社"
"G13697","","カレラ改日本株式ファンド","カレラカイニホンカブシキファンド","内国投資信託受益証券","2月20日","8月20日","E26704","カレラアセットマネジメント株式会社"
"G13700","","第１０４回２０２４年１２月満期株価指数参照円建信託社債（デジタルクーポン型・早期償還条項付）（責任財産限定特約付）参照指数：東証銀行業株価指数","ダイヒャクヨンカイニセンニジュウヨネンジュウニガツマンキカブカシスウサンショウエンダテシンタクシャサイデジタルクーポンガタソウキショウカンジョウコウツキセキニンザイサンゲンテイトクヤクツキサンショウシスウトウショウギンコウギョウカブカシスウ","内国信託受益証券・信託受益権","2月10日","8月10日","E03626","三菱ＵＦＪ信託銀行株式会社"
"G13702","","オーストラリア好利回り３資産バランス＜為替ヘッジあり＞（年２回決算型）","オーストラリアコウリマワリサンシサンバランスカワセヘッジアリネンニカイケッサンガタ","内国投資信託受益証券","3月15日","9月15日","E11518","三菱ＵＦＪアセットマネジメント株式会社"
"G13705","","東洋・中国Ａ株ファンド「創新」２０２０－０２","トウヨウチュウゴクエーカブファンドソウシンニゼロニゼロゼロニ","内国投資信託受益証券","7月25日","","E12434","ＳＯＭＰＯアセットマネジメント株式会社"
"G13706","","野村未来トレンド発見ファンド　Ｃコース（為替ヘッジあり）予想分配金提示型、野村未来トレンド発見ファンド　Ｄコース（為替ヘッジなし）予想分配金提示型","ノムラミライトレンドハッケンファンドシーコースカワセヘッジアリヨソウブンパイキンテイジガタ　ノムラミライトレンドハッケンファンドディーコースカワセヘッジナシヨソウブンパイキンテイジガタ","内国投資信託受益証券","5月14日","11月14日","E12460","野村アセットマネジメント株式会社"
"G13707","","ゴールドマン・サックス社債／国際分散投資戦略ファンド２０２０－０３","ゴールドマンサックスシャサイコクサイブンサントウシセンリャクファンドニイゼロニイゼロゼロサン","内国投資信託受益証券","4月10日","","E10677","アセットマネジメントＯｎｅ株式会社"
"G13708","","シュローダー・エマージング中小型株式ファンド","シュローダー　エマージングチュウコガタカブシキファンド","内国投資信託受益証券","1月25日","7月25日","E12586","シュローダー・インベストメント・マネジメント株式会社"
"G13709","","未来の光　日本小型株式ファンド","ミライノヒカリ　ニホンコガタカブシキファンド","内国投資信託受益証券","3月15日","9月15日","E26704","カレラアセットマネジメント株式会社"
"G13710","","フード・イノベーション厳選株式ファンド","フードイノベーションゲンセンカブシキファンド","内国投資信託受益証券","2月10日","8月10日","E08957","三井住友ＤＳアセットマネジメント株式会社"
"G13711","","世界セレクティブ株式オープン（年２回決算型）","セカイセレクティブカブシキオープンネンニカイケッサンガタ","内国投資信託受益証券","4月25日","10月25日","E06748","大和アセットマネジメント株式会社"
"G13712","25600","ＭＡＸＩＳカーボン・エフィシェント日本株上場投信","マクシスカーボンエフィシェントニホンカブジョウジョウトウシン","内国投資信託受益証券","5月10日","11月10日","E11518","三菱ＵＦＪアセットマネジメント株式会社"
"G13714","","グローバル５．５倍バランスファンド（１年決算型）","グローバルゴウテンゴバイバランスファンド　イチネンケッサンガタ","内国投資信託受益証券","12月21日","","E12430","アモーヴァ・アセットマネジメント株式会社"
"G13716","","次世代通信関連　アジア株式戦略ファンド","ジセダイツウシンカンレン　アジアカブシキセンリャクファンド","内国投資信託受益証券","1月7日","","E12444","三井住友トラスト・アセットマネジメント株式会社"
"G13717","25610","ｉシェアーズ・コア　日本国債　ＥＴＦ","アイシェアーズ　コア　ニホンコクサイ　イーティーエフ","内国投資信託受益証券","1月11日","7月11日","E09096","ブラックロック・ジャパン株式会社"
"G13718","","ＮＺＡＭ・ベータ　日経２２５","エヌザム　ベータ　ニッケイニイニイゴ","内国投資信託受益証券","12月11日","","E12882","農林中金全共連アセットマネジメント株式会社"
"G13719","","ＮＺＡＭ・ベータ　Ｓ＆Ｐ５００","エヌザム　ベータ　エスアンドピーゴヒャク","内国投資信託受益証券","12月11日","","E12882","農林中金全共連アセットマネジメント株式会社"
"G13720","","ＮＺＡＭ・ベータ　日本２資産（株式＋ＲＥＩＴ）","エヌザム　ベータ　ニホンニシサン　カブシキプラスリート","内国投資信託受益証券","12月11日","","E12882","農林中金全共連アセットマネジメント株式会社"
"G13721","","ＮＺＡＭ・ベータ　米国２資産（株式＋ＲＥＩＴ）","エヌザム　ベータ　ベイコクニシサン　カブシキプラスリート","内国投資信託受益証券","12月11日","","E12882","農林中金全共連アセットマネジメント株式会社"
"G13722","","フィデリティ・世界割安成長株投信　Ａコース（為替ヘッジあり）　フィデリティ・世界割安成長株投信　Ｂコース（為替ヘッジなし）","フィデリティセカイワリヤスセイチョウカブトウシンエーコースカワセヘッジアリ　フィデリティセカイワリヤスセイチョウカブトウシンビーコースカワセヘッジナシ","内国投資信託受益証券","2月20日","","E12481","フィデリティ投信株式会社"
"G13724","","ＮＷＱグローバル厳選証券ファンド（為替ヘッジあり・なし／毎月分配型）","エヌダブリューキューグローバルゲンセンショウケンファンドカワセヘッジアリナシマイツキブンパイガタ","内国投資信託受益証券","3月17日","9月17日","E06748","大和アセットマネジメント株式会社"
"G13725","","りそな・リスクコントロールファンド２０２０－０３","リソナ　リスクコントロールファンドニイゼロニイゼロ　ゼロサン","内国投資信託受益証券","2月15日","","E32011","りそなアセットマネジメント株式会社"
"G13726","","楽天・新経連株価指数ファンド","ラクテン　シンケイレンカブカシスウファンド","内国投資信託受益証券","2月15日","","E15787","楽天投信投資顧問株式会社"
"G13727","","次世代ＲＥＩＴオープン＜資産成長型＞（為替ヘッジあり）／＜資産成長型＞（為替ヘッジなし）／＜毎月決算型＞（為替ヘッジあり）予想分配金提示型／＜毎月決算型＞（為替ヘッジなし）予想分配金提示型","ジセダイリートオープンシサンセイチョウガタカワセヘッジアリシサンセイチョウガタカワセヘッジナシマイツキケッサンガタカワセヘッジアリヨソウブンパイキンテイジガタマイツキケッサンガタカワセヘッジナシヨソウブンパイキンテイジガタ","内国投資信託受益証券","2月13日","8月13日","E11518","三菱ＵＦＪアセットマネジメント株式会社"
"G13728","","ジャパンＥＳＧクオリティ２００インデックスファンド","ジャパンイーエスジークオリティニヒャクインデックスファンド","内国投資信託受益証券","3月10日","","E31678","ちばぎんアセットマネジメント株式会社"
"G13733","","モルガン・スタンレー　グローバル・サステイン戦略ファンド（為替ヘッジあり）、モルガン・スタンレー　グローバル・サステイン戦略ファンド（為替ヘッジなし）","モルガンスタンレーグローバルサステインセンリャクファンドカワセヘッジアリ　モルガンスタンレーグローバルサステインセンリャクファンドカワセヘッジナシ","内国投資信託受益証券","3月6日","","E12460","野村アセットマネジメント株式会社"
"G13735","","ＳＢＩ中国テクノロジー株ファンド","エスビーアイチュウゴクテクノロジーカブファンド","内国投資信託受益証券","2月25日","","E13447","ＳＢＩアセットマネジメント株式会社"
"G13736","","オルトゥ・クールバ・トラスト－ゴールドマン・サックス社債／償還時目標設定型ファンド２０２０－０３","オルトゥクールバトラストゴールドマンサックスシャサイショウカンジモクヒョウセッテイガタファンドニゼロニゼロゼロサン","外国投資信託受益証券","5月末日","","E15033","ＩＱ　ＥＱマネジメント・バミューダ・リミテッド"
"G13737","","ＨＳＢＣグローバル・ターゲット利回り債券ファンド２０２０－０３（限定追加型）","エイチエスビーシーグローバルターゲットリマワリサイケンファンドニィゼロニィゼロゼロサンゲンテイツイカガタ","内国投資信託受益証券","4月30日","","E12492","ＨＳＢＣアセットマネジメント株式会社"
"G13738","","クォンティック・トラスト－早期償還目標水準設定型ファンド　スマート・ブレイン２０２０－０３","クォンティックトラストソウキショウカンモクヒョウスイジュンセッテイガタファンドスマートブレインニマルニマルマルサン","外国投資信託受益証券","2月末日","","E14853","ＳＭＢＣ日興インベストメント・ファンド・マネジメント・カンパニー・エス・エイ"
"G13739","","野村日経２２５インデックス（野村ＳＭＡ・ＥＷ向け）","ノムラニッケイニニゴインデックスノムラエスエムエーイーダブリュームケ","内国投資信託受益証券","12月6日","","E12460","野村アセットマネジメント株式会社"
"G13740","","東京海上・世界モノポリー戦略株式ファンド（毎月決算型）","トウキョウカイジョウセカイモノポリーセンリャクカブシキファンドマイツキケッサンガタ","内国投資信託受益証券","1月15日","7月15日","E06433","東京海上アセットマネジメント株式会社"
"G13741","","東洋・中国Ａ株ファンド「創新」２０２０－０３","トウヨウチュウゴクエーカブファンドソウシンニゼロニゼロゼロサン","内国投資信託受益証券","7月25日","","E12434","ＳＯＭＰＯアセットマネジメント株式会社"
"G13742","","リスクコントロール・オープン","リスクコントロール　オープン","内国投資信託受益証券","2月15日","8月15日","E32011","りそなアセットマネジメント株式会社"
"G13743","","国内債券インデックスファンド（ラップ向け）","コクナイサイケンインデックスファンドラップムケ","内国投資信託受益証券","3月25日","","E11518","三菱ＵＦＪアセットマネジメント株式会社"
"G13744","","スペイン国債７－１０年ラダーファンド（為替ヘッジあり）（ラップ向け）","スペインコクサイナナカラジュウネンラダーファンドカワセヘッジアリラップムケ","内国投資信託受益証券","3月17日","9月17日","E11518","三菱ＵＦＪアセットマネジメント株式会社"
"G13745","","ＮＺＡＭ・ベータ　日本ＲＥＩＴ","エヌザム　ベータ　ニホンリート","内国投資信託受益証券","12月11日","","E12882","農林中金全共連アセットマネジメント株式会社"
"G13746","","ＮＺＡＭ・ベータ　米国ＲＥＩＴ","エヌザム　ベータ　ベイコクリート","内国投資信託受益証券","12月11日","","E12882","農林中金全共連アセットマネジメント株式会社"
"G13747","","ＮＺＡＭ・ベータ　ＮＹダウ３０","エヌザム　ベータ　ニューヨークダウサンジュウ","内国投資信託受益証券","2月21日","","E12882","農林中金全共連アセットマネジメント株式会社"
"G13748","","ＮＺＡＭ・ベータ　ＮＡＳＤＡＱ１００","エヌザム　ベータ　ナスダックヒャク","内国投資信託受益証券","2月21日","","E12882","農林中金全共連アセットマネジメント株式会社"
"G13749","","ＮＺＡＭ・レバレッジ　日本株式２倍ブル","エヌザム　レバレッジ　ニホンカブシキニバイブル","内国投資信託受益証券","2月22日","","E12882","農林中金全共連アセットマネジメント株式会社"
"G13750","","ＮＺＡＭ・レバレッジ　米国株式２倍ブル（Ｓ＆Ｐ５００）","エヌザム　レバレッジ　ベイコクカブシキニバイブル　エスアンドピーゴヒャク","内国投資信託受益証券","2月22日","","E12882","農林中金全共連アセットマネジメント株式会社"
"G13752","","つみたて米国株式（Ｓ＆Ｐ５００）","ツミタテベイコクカブシキエスアンドピーゴヒャク","内国投資信託受益証券","6月25日","","E11518","三菱ＵＦＪアセットマネジメント株式会社"
"G13753","","つみたて全世界株式","ツミタテゼンセカイカブシキ","内国投資信託受益証券","6月25日","","E11518","三菱ＵＦＪアセットマネジメント株式会社"
"G13754","25620","上場インデックスファンド米国株式（ダウ平均）為替ヘッジあり","ジョウジョウインデックスファンドベイコクカブシキ　ダウヘイキン　カワセヘッジアリ","内国投資信託受益証券","1月8日","7月8日","E12430","アモーヴァ・アセットマネジメント株式会社"
"G13755","","野村スリーゼロ先進国株式投信","ノムラスリーゼロセンシンコクカブシキトウシン","内国投資信託受益証券","12月20日","","E12460","野村アセットマネジメント株式会社"
"G13756","","先進国ロング・ショート戦略ファンド（ラップ向け）","センシンコクロングショートセンリャクファンドラップムケ","内国投資信託受益証券","2月5日","8月5日","E11518","三菱ＵＦＪアセットマネジメント株式会社"
"G13757","","ＳＢＩ日本株３．８ベア","エスビーアイニホンカブサンテンハチベア","内国投資信託受益証券","3月16日","","E13447","ＳＢＩアセットマネジメント株式会社"
"G13758","","ＨＳＢＣオルタナティブ・バランス・ファンド","エイチエスビーシーオルタナティブバランスファンド","内国投資信託受益証券","4月10日","","E12492","ＨＳＢＣアセットマネジメント株式会社"
"G13759","","農林中金＜パートナーズ＞おおぶねグローバル（長期厳選）","ノウリンチュウキン　パートナーズ　オオブネグローバル　チョウキゲンセン","内国投資信託受益証券","3月15日","","E35304","農林中金バリューインベストメンツ株式会社"
"G13765","","ＵＢＳユニバーサル・トラスト（ケイマン）Ⅲ－外貨建てマンＡＨＬスマート・レバレッジ戦略ファンド","ユービーエスユニバーサルトラストケイマンスリーガイカダテマンエーエイチエルスマートレバレッジセンリャクファンド","外国投資信託受益証券","1月末日","","E15389","ＵＢＳマネジメント（ケイマン）リミテッド"
"G13766","","東京海上・インド・オーナーズ株式オープン","トウキョウカイジョウインドオーナーズカブシキオープン","内国投資信託受益証券","3月7日","","E06433","東京海上アセットマネジメント株式会社"
"G13772","","野村ブル・ベア　セレクト８","ノムラブルベアセレクトエイト","内国投資信託受益証券","4月5日","","E12460","野村アセットマネジメント株式会社"
"G13773","","Ｏｎｅ　ターゲットリターン・ファンド（４％コース）","ワンターゲットリターンファンドヨンパーセントコース","内国投資信託受益証券","3月25日","","E10677","アセットマネジメントＯｎｅ株式会社"
"G13774","","世界８資産リスク分散バランスファンド（目標払出し型）","セカイハチシサンリスクブンサンバランスファンドモクヒョウハライダシガタ","内国投資信託受益証券","1月11日","7月11日","E10677","アセットマネジメントＯｎｅ株式会社"
"G13775","","楽天・グロース・ワールド株式ファンド（ラップ向け）","ラクテン　グロース　ワールドカブシキファンド　ラップムケ","内国投資信託受益証券","2月15日","","E15787","楽天投信投資顧問株式会社"
"G13776","","三菱ＵＦＪ国際　ターゲットリターン・ファンド（２％コース）","ミツビシユーエフジェイコクサイターゲットリターンファンドニパーセントコース","内国投資信託受益証券","3月25日","","E11518","三菱ＵＦＪアセットマネジメント株式会社"
"G13777","","ニュー・ニッチ　日本小型株ファンド","ニューニッチ　ニホンコガタカブファンド","内国投資信託受益証券","4月15日","10月15日","E26704","カレラアセットマネジメント株式会社"
"G13782","","ＭＳＩＭグローバル株式コンセントレイト・ファンド（ＳＭＡ専用）","エムエスアイエムグローバルカブシキコンセントレイト　ファンド　エスエムエーセンヨウ","内国投資信託受益証券","5月15日","","E12444","三井住友トラスト・アセットマネジメント株式会社"
"G13783","","ＮＹダウ・トリプル・レバレッジ","ニューヨークダウトリプルレバレッジ","内国投資信託受益証券","3月29日","","E06748","大和アセットマネジメント株式会社"
"G13785","","ＳＢＩ米国株（ＮＹＳＥ　ＦＡＮＧ＋）トリプル・ベア","エスビーアイ　ベイコクカブ　エヌワイエスイー　ファングプラス　トリプルベア","内国投資信託受益証券","4月21日","","E13447","ＳＢＩアセットマネジメント株式会社"
"G13786","","ＳＢＩ国内ＲＥＩＴ　ダブル・ベア","エスビーアイ　コクナイリート　ダブルベア","内国投資信託受益証券","4月21日","","E13447","ＳＢＩアセットマネジメント株式会社"
"G13787","","あおぞら・新グローバル・コア・ファンド（限定追加型）２０２０－Ⅰ","アオゾラシングローバルコアファンドゲンテイツイカガタニイゼロニイゼロノイチ","内国投資信託受益証券","5月20日","","E30689","あおぞら投信株式会社"
"G13788","","りそな・リスクコントロールファンド２０２０－０６","リソナ　リスクコントロールファンドニイゼロニイゼロ　ゼロロク","内国投資信託受益証券","5月15日","","E32011","りそなアセットマネジメント株式会社"
"G13793","","ゴールドマン・サックス社債／国際分散投資戦略ファンド２０２０－０５","ゴールドマンサックスシャサイコクサイブンサントウシセンリャクファンドニイゼロニイゼロゼロゴウ","内国投資信託受益証券","6月10日","","E10677","アセットマネジメントＯｎｅ株式会社"
"G13795","","三菱ＵＦＪ　先進国リートインデックスファンド","ミツビシユーエフジェイセンシンコクリートインデックスファンド","内国投資信託受益証券","4月25日","","E11518","三菱ＵＦＪアセットマネジメント株式会社"
"G13796","","華流国潮イノベーション株式ファンド（１年決算型）","カリュウコクチョウイノベーションカブシキファンド　イチネンケッサンガタ","内国投資信託受益証券","5月18日","","E12430","アモーヴァ・アセットマネジメント株式会社"
"G13797","","Ｏｎｅ国際分散投資戦略ファンド（目標リスク８％）＜ＤＣ年金＞、Ｏｎｅ国際分散投資戦略ファンド（目標リスク６％）＜ＤＣ年金＞、Ｏｎｅ国際分散投資戦略ファンド（目標リスク４％）＜ＤＣ年金＞、Ｏｎｅ国際分散投資戦略ファンド（目標リスク２％）＜ＤＣ年金＞","ワンコクサイブンサントウシセンリャクファンドモクヒョウリスクハチパーセントディーシーネンキン　ワンコクサイブンサントウシセンリャクファンドモクヒョウリスクロクパーセントディーシーネンキン　ワンコクサイブンサントウシセンリャクファンドモクヒョウリスクヨンパーセントディーシーネンキン　ワンコクサイブンサントウシセンリャクファンドモクヒョウリスクニパーセントディーシーネンキン","内国投資信託受益証券","6月8日","","E10677","アセットマネジメントＯｎｅ株式会社"
"G13798","","スパークス・厳選投資ファンド（確定拠出年金向け）","スパークス　ゲンセントウシ　ファンド　カクテイキョシュツネンキンムケ","内国投資信託受益証券","5月25日","","E11161","スパークス・アセット・マネジメント株式会社"
"G13799","","先進国リスクターゲットファンド","センシンコクリスクターゲットファンド","内国投資信託受益証券","6月5日","12月5日","E11764","Ｔ＆Ｄアセットマネジメント株式会社"
"G13800","","アライアンス・バーンスタインＳＩＣＡＶ－アメリカン・グロース・ポートフォリオ","アライアンスバーンスタインシキャブアメリカングロースポートフォリオ","外国投資証券","5月末日","","E14837","アライアンス・バーンスタインＳＩＣＡＶ"
"G13801","","アルジェブリスＵＣＩＴＳファンズｐｌｃ－アルジェブリス・ファイナンシャル・クレジット・ファンド","アルジェブリスユーシッツファンズピーエルシーアルジェブリスファイナンシャルクレジットファンド","外国投資証券","12月末日","","E35752","アルジェブリスＵＣＩＴＳファンズ　ｐｌｃ"
"G13802","","りそな　つみたて国内株式アクティブファンド","リソナ　ツミタテコクナイカブシキアクティブファンド","内国投資信託受益証券","2月15日","","E32011","りそなアセットマネジメント株式会社"
"G13803","","ＵＢＳユニバーサル・トラスト（ケイマン）Ⅲ－ＳＢＩ－ピクテ　アジア・ハイテクベンチャー・ファンド","ユービーエスユニバーサルトラストケイマンスリーエスビーアイピクテアジアハイテクベンチャーファンド","外国投資信託受益証券","6月末日","","E15389","ＵＢＳマネジメント（ケイマン）リミテッド"
"G13804","","ＪＰＭグローバル高利回りＣＢファンド（限定追加型）２０２０－０６","ジェイピーエムグローバルコウリマワリシービーファンドゲンテイツイカガタニセンニジュウノゼロロク","内国投資信託受益証券","6月18日","","E06264","ＪＰモルガン・アセット・マネジメント株式会社"
"G13805","","世の中を良くする企業ファンド（野村日本株ＥＳＧ投資）（確定拠出年金向け）","ヨノナカヲヨクスルキギョウファンドノムラニホンカブイーエスジートウシカクテイキョシュツネンキンムケ","内国投資信託受益証券","3月24日","","E12460","野村アセットマネジメント株式会社"
"G13806","","ティー・ロウ・プライス　世界厳選成長株式ファンド（確定拠出年金向け）","ティーロウプライス　セカイゲンセンセイチョウカブシキファンド　カクテイキョシュツネンキンムケ","内国投資信託受益証券","9月15日","","E33958","ティー・ロウ・プライス・ジャパン株式会社"
"G13809","","ダイワ・ゴールド・ファンド（ダイワ投資一任専用）","ダイワゴールドファンドダイワトウシイチニンセンヨウ","内国投資信託受益証券","5月14日","","E06748","大和アセットマネジメント株式会社"
"G13810","","アムンディ・次世代イノベーティブ世界株式ファンド","アムンディジセダイイノベーティブセカイカブシキファンド","内国投資信託受益証券","6月27日","12月27日","E09666","アムンディ・ジャパン株式会社"
"G13811","","楽天・日本株マイクロキャップ・ファンド","ラクテン　ニホンカブマイクロキャップ　ファンド","内国投資信託受益証券","5月25日","","E15787","楽天投信投資顧問株式会社"
"G13812","","ゴールドマン・サックス社債／国際分散投資戦略ファンド２０２０－０６","ゴールドマンサックスシャサイコクサイブンサントウシセンリャクファンドニイゼロニイゼロゼロロク","内国投資信託受益証券","7月10日","","E10677","アセットマネジメントＯｎｅ株式会社"
"G13813","","マネックス・アクティビスト・ファンド","マネックスアクティビストファンド","内国投資信託受益証券","3月10日","","E32444","マネックス・アセットマネジメント株式会社"
"G13814","","ＳＢＩポストコロナファンド","エスビーアイポストコロナファンド","内国投資信託受益証券","7月5日","","E13447","ＳＢＩアセットマネジメント株式会社"
"G13815","","ピクテ・ゴールデン・リスクプレミアム・ファンド","ピクテゴールデンリスクプレミアムファンド","内国投資信託受益証券","8月15日","","E10439","ピクテ・ジャパン株式会社"
"G13816","","ＯｎｅグローバルＥＳＧ厳選株ファンド＜ＤＣ年金＞","ワングローバルイーエスジーゲンセンカブファンドディーシーネンキン","内国投資信託受益証券","6月5日","","E10677","アセットマネジメントＯｎｅ株式会社"
"G13817","25630","ｉシェアーズ　Ｓ＆Ｐ　５００　米国株　ＥＴＦ（為替ヘッジあり）","アイシェアーズ　エスアンドピー　ゴヒャク　ベイコクカブ　イーティーエフ　カワセヘッジアリ","内国投資信託受益証券","2月9日","8月9日","E09096","ブラックロック・ジャパン株式会社"
"G13818","","お金のデザイン・リキッド・オルタナティブ・ファンド","オカネノデザイン　リキッド　オルタナティブ　ファンド","内国投資信託受益証券","9月10日","","E32909","株式会社お金のデザイン"
"G13819","","グローバルＥＳＧハイクオリティ成長株式ファンド（為替ヘッジなし）","グローバルイーエスジーハイクオリティセイチョウカブシキファンドカワセヘッジナシ","内国投資信託受益証券","7月14日","","E10677","アセットマネジメントＯｎｅ株式会社"
"G13820","","あおぞら・新グローバル分散ファンド（限定追加型）２０２０‐０７","アオゾラシングローバルブンサンファンドゲンテイツイカガタニイゼロニイゼロノゼロナナ","内国投資信託受益証券","11月10日","","E30689","あおぞら投信株式会社"
"G13822","","ブリオングロード・ブリッジ・ユニット・トラスト－ＤＭＳ償還時目標設定型ファンド２０２０－０７（ゴールドマン・サックス社債投資型）","ブリオングロードブリッジユニットトラストディーエムエスショウカンジモクヒョウセッテイガタファンドニマルニマルマルナナゴールドマンサックスシャサイトウシガタ","外国投資信託受益証券","12月末日","","E35772","ウェイストーン・マネジメント・カンパニー（ＩＥ）リミテッド"
"G13823","","ニッセイ世界株式ファンド（ＧＤＰ型バスケット）＜購入・換金手数料なし＞","ニッセイセカイカブシキファンドジーディーピーガタバスケットコウニュウカンキンテスウリョウナシ","内国投資信託受益証券","11月20日","","E12453","ニッセイアセットマネジメント株式会社"
"G13824","","ＨＳＢＣグローバル・ターゲット利回り債券ファンド２０２０－０７（限定追加型）","エイチエスビーシーグローバルターゲットリマワリサイケンファンドニィゼロニィゼロゼロナナゲンテイツイカガタ","内国投資信託受益証券","7月31日","","E12492","ＨＳＢＣアセットマネジメント株式会社"
"G13825","","日興ワールド・トラスト－デンマーク・カバード債券ファンド　米ドル建て（米ドルヘッジあり）","ニッコウワールドトラストデンマークカバードサイケンファンドベイドルダテベイドルヘッジアリ","外国投資信託受益証券","12月末日","","E14853","ＳＭＢＣ日興インベストメント・ファンド・マネジメント・カンパニー・エス・エイ"
"G13827","","ロボット・テクノロジー関連株ファンド　－ロボテック－（毎月決算／予想分配金提示型）","ロボットテクノロジーカンレンカブファンドロボテックマイツキケッサンヨソウブンパイキンテイジガタ","内国投資信託受益証券","3月13日","9月13日","E06748","大和アセットマネジメント株式会社"
"G13830","","野村ＡＣＩハイインカムＲＥＩＴファンド（為替ヘッジあり）　毎月分配型","ノムラエーシーアイハイインカムリートファンドカワセヘッジアリマイツキブンパイガタ","内国投資信託受益証券","1月15日","7月15日","E12460","野村アセットマネジメント株式会社"
"G13831","","東洋・中国Ａ株ファンドＤＤ「華夏」２０２０","トウヨウチュウゴクエーカブファンドディーディーカカニゼロニゼロ","内国投資信託受益証券","7月25日","","E12434","ＳＯＭＰＯアセットマネジメント株式会社"
"G13832","","ゴールドマン・サックス社債／国際分散投資戦略ファンド２０２０－０７","ゴールドマンサックスシャサイコクサイブンサントウシセンリャクファンドニイゼロニイゼロゼロナナ","内国投資信託受益証券","8月10日","","E10677","アセットマネジメントＯｎｅ株式会社"
"G13833","","シュローダー先進国好利回りＣＢファンド２０２０－０７（限定追加型）","シュローダーセンシンコクコウリマワリシービーファンドニィゼロニィゼロ　ゼロナナ　ゲンテイツイカガタ","内国投資信託受益証券","7月26日","","E12586","シュローダー・インベストメント・マネジメント株式会社"
"G13834","","アムンディＤＣファンド　世界株式・気候変動対応","アムンディディーシーファンドセカイカブシキキコウヘンドウタイオウ","内国投資信託受益証券","2月25日","8月25日","E09666","アムンディ・ジャパン株式会社"
"G13835","","アムンディＤＣファンド　世界株式・次世代教育関連","アムンディディーシーファンドセカイカブシキジセダイキョウイクカンレン","内国投資信託受益証券","3月18日","9月18日","E09666","アムンディ・ジャパン株式会社"
"G13836","","ダイワＳｏｃｉｅｔｙ　５．０関連株ファンド（資産成長型／予想分配金提示型）","ダイワソサイエティファイブポイントゼロカンレンカブファンドシサンセイチョウガタヨソウブンパイキンテイジガタ","内国投資信託受益証券","1月19日","7月19日","E06748","大和アセットマネジメント株式会社"
"G13837","","ＪＰＭ債券インカム・ファンド（為替ヘッジなし、年１回決算型）","ジェイピーエムサイケンインカムファンドカワセヘッジナシネンイッカイケッサンガタ","内国投資信託受益証券","1月9日","","E06264","ＪＰモルガン・アセット・マネジメント株式会社"
"G13838","","ＪＰＭ債券インカム・ファンド（為替ヘッジなし、毎月決算型）","ジェイピーエムサイケンインカムファンドカワセヘッジナシマイツキケッサンガタ","内国投資信託受益証券","1月9日","7月9日","E06264","ＪＰモルガン・アセット・マネジメント株式会社"
"G13839","","ＪＰＭ債券インカム・ファンド（為替ヘッジあり、年１回決算型）","ジェイピーエムサイケンインカムファンドカワセヘッジアリネンイッカイケッサンガタ","内国投資信託受益証券","1月9日","","E06264","ＪＰモルガン・アセット・マネジメント株式会社"
"G13840","","ＪＰＭ債券インカム・ファンド（為替ヘッジあり、毎月決算型）","ジェイピーエムサイケンインカムファンドカワセヘッジアリマイツキケッサンガタ","内国投資信託受益証券","1月9日","7月9日","E06264","ＪＰモルガン・アセット・マネジメント株式会社"
"G13841","","クリーンテック株式ファンド（資産成長型）","クリーンテックカブシキファンドシサンセイチョウガタ","内国投資信託受益証券","5月11日","11月11日","E06748","大和アセットマネジメント株式会社"
"G13842","","デジタル・トランスフォーメーション株式ファンド","デジタル　トランスフォーメーションカブシキファンド","内国投資信託受益証券","6月7日","","E12430","アモーヴァ・アセットマネジメント株式会社"
"G13845","","ＳＭＢＣ・ＤＣインデックスファンド（ＭＳＣＩコクサイ）","エスエムビーシーディーシーインデックスファンドエムエスシーアイコクサイ","内国投資信託受益証券","11月30日","","E08957","三井住友ＤＳアセットマネジメント株式会社"
"G13846","","ＳＭＢＣ・ＤＣインデックスファンド（日経２２５）","エスエムビーシーディーシーインデックスファンドニッケイニーニーゴ","内国投資信託受益証券","11月10日","","E08957","三井住友ＤＳアセットマネジメント株式会社"
"G13847","","ＳＭＢＣ・ＤＣインデックスファンド（Ｓ＆Ｐ５００）","エスエムビーシーディーシーインデックスファンドエスアンドピーゴヒャク","内国投資信託受益証券","11月20日","","E08957","三井住友ＤＳアセットマネジメント株式会社"
"G13848","","モルガン・スタンレーＵＳハイイールド債券ファンド（毎月決算型）（為替ヘッジあり）、モルガン・スタンレーＵＳハイイールド債券ファンド（毎月決算型）（為替ヘッジなし）","モルガンスタンレーユーエスハイイールドサイケンファンドマイツキケッサンガタカワセヘッジアリ　モルガンスタンレーユーエスハイイールドサイケンファンドマイツキケッサンガタカワセヘッジナシ","内国投資信託受益証券","1月15日","7月15日","E10677","アセットマネジメントＯｎｅ株式会社"
"G13849","","モルガン・スタンレーＵＳハイイールド債券ファンド（年１回決算型）（為替ヘッジあり）、モルガン・スタンレーＵＳハイイールド債券ファンド（年１回決算型）（為替ヘッジなし）","モルガンスタンレーユーエスハイイールドサイケンファンドネンイッカイケッサンガタカワセヘッジアリ　モルガンスタンレーユーエスハイイールドサイケンファンドネンイッカイケッサンガタカワセヘッジナシ","内国投資信託受益証券","7月15日","","E10677","アセットマネジメントＯｎｅ株式会社"
"G13850","","Ｓｍａｒｔ－ｉ　Ｓ＆Ｐ５００インデックス","スマート　アイ　エスアンドピーゴヒャクインデックス","内国投資信託受益証券","6月25日","","E32011","りそなアセットマネジメント株式会社"
"G13851","","いちよしＳＤＧｓ中小型株ファンド","イチヨシエスディジーエスチュウコガタカブファンド","内国投資信託受益証券","8月20日","","E30994","いちよしアセットマネジメント株式会社"
"G13852","","ダイワ高利回りＪ－ＲＥＩＴオープン（毎月分配型）","ダイワコウリマワリジェイリートオープンマイツキブンパイガタ","内国投資信託受益証券","6月21日","12月21日","E06748","大和アセットマネジメント株式会社"
"G13854","","世界新時代株式ファンド（資産成長型）","セカイシンジダイカブシキファンドシサンセイチョウガタ","内国投資信託受益証券","7月26日","","E08957","三井住友ＤＳアセットマネジメント株式会社"
"G13855","","世界新時代株式ファンド（予想分配金提示型）","セカイシンジダイカブシキファンドヨソウブンパイキンテイジガタ","内国投資信託受益証券","1月26日","7月26日","E08957","三井住友ＤＳアセットマネジメント株式会社"
"G13856","","フィデリティ・世界割安成長株投信　Ａコース（為替ヘッジあり）（野村ＳＭＡ・ＥＷ向け）　フィデリティ・世界割安成長株投信　Ｂコース（為替ヘッジなし）（野村ＳＭＡ・ＥＷ向け）","フィデリティセカイワリヤスセイチョウカブトウシンエーコースカワセヘッジアリノムラエスエムエーイーダブリュームケ　フィデリティセカイワリヤスセイチョウカブトウシンビーコースカワセヘッジナシノムラエスエムエーイーダブリュームケ","内国投資信託受益証券","12月6日","","E12481","フィデリティ投信株式会社"
"G13857","","ダイワ新生活関連株ファンド","ダイワシンセイカツカンレンカブファンド","内国投資信託受益証券","1月26日","7月26日","E06748","大和アセットマネジメント株式会社"
"G13858","","東京海上・エンターテインメント・テクノロジー株式ファンド","トウキョウカイジョウエンターテインメントテクノロジーカブシキファンド","内国投資信託受益証券","2月6日","8月6日","E06433","東京海上アセットマネジメント株式会社"
"G13859","","フィデリティ・米国株式ファンド　Ｅコース（毎月決算・予想分配金提示型・為替ヘッジあり）　フィデリティ・米国株式ファンド　Ｆコース（毎月決算・予想分配金提示型・為替ヘッジなし）","フィデリティベイコクカブシキファンドイーコースマイツキケッサンヨソウブンパイキンテイジガタカワセヘッジアリ　フィデリティベイコクカブシキファンドエフコースマイツキケッサンヨソウブンパイキンテイジガタカワセヘッジナシ","内国投資信託受益証券","5月20日","11月20日","E12481","フィデリティ投信株式会社"
"G13860","","世界セレクティブ株式オープン（為替ヘッジあり／年２回決算型）","セカイセレクティブカブシキオープンカワセヘッジアリネンニカイケッサンガタ","内国投資信託受益証券","4月25日","10月25日","E06748","大和アセットマネジメント株式会社"
"G13861","","世界セレクティブ株式オープン（為替ヘッジあり／年１回決算型）","セカイセレクティブカブシキオープンカワセヘッジアリネンイッカイケッサンガタ","内国投資信託受益証券","4月25日","","E06748","大和アセットマネジメント株式会社"
"G13862","","たわらノーロード　先進国リート（為替ヘッジなし）＜ラップ専用＞","タワラノーロード　センシンコクリートカワセヘッジナシラップセンヨウ","内国投資信託受益証券","5月8日","","E10677","アセットマネジメントＯｎｅ株式会社"
"G13863","","たわらノーロード　先進国リート（為替ヘッジあり）＜ラップ専用＞","タワラノーロード　センシンコクリートカワセヘッジアリラップセンヨウ","内国投資信託受益証券","5月8日","","E10677","アセットマネジメントＯｎｅ株式会社"
"G13864","","野村ブラックロック循環経済関連株投信　Ａコース、野村ブラックロック循環経済関連株投信　Ｂコース","ノムラブラックロックジュンカンケイザイカンレンカブトウシンエーコース　ノムラブラックロックジュンカンケイザイカンレンカブトウシンビーコース","内国投資信託受益証券","2月6日","8月6日","E12460","野村アセットマネジメント株式会社"
"G13865","","埼玉りそな・グローバルバランス・プラスＥＳＧ","サイタマリソナ　グローバルバランス　プラスイーエスジー","内国投資信託受益証券","8月20日","","E32011","りそなアセットマネジメント株式会社"
"G13866","","ＤＣ米国株式インデックス・オープン（Ｓ＆Ｐ５００）","ディーシーベイコクカブシキインデックス　オープン　エスアンドピーゴヒャク","内国投資信託受益証券","3月10日","","E12444","三井住友トラスト・アセットマネジメント株式会社"
"G13867","25670","ＮＺＡＭ　上場投信　Ｓ＆Ｐ／ＪＰＸカーボン・エフィシェント指数","エヌザム　ジョウジョウトウシン　エスアンドピー　ジェイピーエックスカーボン　エフィシェントシスウ","内国投資信託受益証券","2月15日","8月15日","E12882","農林中金全共連アセットマネジメント株式会社"
"G13870","","ゴールドマン・サックス社債／国際分散投資戦略ファンド２０２０－０９","ゴールドマンサックスシャサイコクサイブンサントウシセンリャクファンドニイゼロニイゼロゼロキュウ","内国投資信託受益証券","10月10日","","E10677","アセットマネジメントＯｎｅ株式会社"
"G13871","","Ｏｎｅグローバル中小型長期成長株ファンド","ワングローバルチュウコガタチョウキセイチョウカブファンド","内国投資信託受益証券","12月20日","","E10677","アセットマネジメントＯｎｅ株式会社"
"G13872","","ｉＦｒｅｅレバレッジ　ＦＡＮＧ＋","アイフリーレバレッジファングプラス","内国投資信託受益証券","8月18日","","E06748","大和アセットマネジメント株式会社"
"G13873","","ＦＡＮＧ＋２倍ブル、ＦＡＮＧ＋２倍ベア、ＦＡＮＧ＋ブルベア・マネーポートフォリオ","ファングプラスニバイブルファングプラスニバイベアファングプラスブルベアマネーポートフォリオ","内国投資信託受益証券","8月18日","","E06748","大和アセットマネジメント株式会社"
"G13875","","マニュライフ・厳選日本株ファンド","マニュライフゲンセンニホンカブファンド","内国投資信託受益証券","9月20日","","E30703","マニュライフ・インベストメント・マネジメント株式会社"
"G13876","25640","グローバルＸ　ＭＳＣＩスーパーディビィデンド－日本株式　ＥＴＦ","グローバルエックスエムエスシーアイスーパーディビィデンドニホンカブシキイーティーエフ","内国投資信託受益証券","1月24日","7月24日","E35933","Ｇｌｏｂａｌ　Ｘ　Ｊａｐａｎ株式会社"
"G13877","25650","グローバルＸ　ロジスティクス・Ｊ－ＲＥＩＴ　ＥＴＦ","グローバルエックスロジスティクスジェイリートイーティーエフ","内国投資信託受益証券","6月24日","12月24日","E35933","Ｇｌｏｂａｌ　Ｘ　Ｊａｐａｎ株式会社"
"G13878","","ダイワ・ＵＳ－ＲＥＩＴ・ネクスト（毎月分配型）","ダイワユーエスリートネクストマイツキブンパイガタ","内国投資信託受益証券","2月23日","8月23日","E06748","大和アセットマネジメント株式会社"
"G13879","","インデックスファンドＮＡＳＤＡＱ１００（アメリカ株式）","インデックスファンドナスダックヒャク　アメリカカブシキ","内国投資信託受益証券","7月8日","","E12430","アモーヴァ・アセットマネジメント株式会社"
"G13880","25660","上場インデックスファンド日経ＥＳＧリート","ジョウジョウインデックスファンドニッケイイーエスジーリート","内国投資信託受益証券","1月8日","7月8日","E12430","アモーヴァ・アセットマネジメント株式会社"
"G13881","","ティー・ロウ・プライス　グローバル・テクノロジー株式ファンド　Ａコース（為替ヘッジあり）／Ｂコース（為替ヘッジなし）","ティーロウプライス　グローバルテクノロジーカブシキファンド　エイコース　カワセヘッジアリ　ビーコース　カワセヘッジナシ","内国投資信託受益証券","2月25日","","E33958","ティー・ロウ・プライス・ジャパン株式会社"
"G13882","","ピムコ・バミューダ・トラストＩＩ－ＰＩＭＣＯコア・インカム社債ファンド２０２０－１０","ピムコバミューダトラストツーピムココアインカムシャサイファンドニマルニマルジュウ","外国投資信託受益証券","10月末日","","E15034","パシフィック・インベストメント・マネジメント・カンパニー・エルエルシー"
"G13883","","ジャナス・セレクション","ジャナスセレクション","外国投資信託受益証券","12月末日","","E35957","ジャナス・ヘンダーソン・インベスターズ・ヨーロッパ・エスエー"
"G13884","","グローバルＤＸ関連株式ファンド（予想分配金提示型）","グローバルディーエックスカンレンカブシキファンドヨソウブンパイキンテイジガタ","内国投資信託受益証券","3月10日","9月10日","E08957","三井住友ＤＳアセットマネジメント株式会社"
"G13885","","グローバルＤＸ関連株式ファンド（資産成長型）","グローバルディーエックスカンレンカブシキファンドシサンセイチョウガタ","内国投資信託受益証券","9月10日","","E08957","三井住友ＤＳアセットマネジメント株式会社"
"G13886","","三菱ＵＦＪ　ＤＣ日本株ＥＳＧアクティブファンド","ミツビシユーエフジェイディーシーニホンカブイーエスジーアクティブファンド","内国投資信託受益証券","5月25日","","E11518","三菱ＵＦＪアセットマネジメント株式会社"
"G13887","","三菱ＵＦＪ　ＤＣジャパンＥＳＧセレクト・リーダーズインデックス","ミツビシユーエフジェイディーシージャパンイーエスジーセレクトリーダーズインデックス","内国投資信託受益証券","1月26日","","E11518","三菱ＵＦＪアセットマネジメント株式会社"
"G13888","","＜ＤＣ＞ベイリー・ギフォード　ＥＳＧ世界株ファンド","ディーシーベイリーギフォードイーエスジーセカイカブファンド","内国投資信託受益証券","6月25日","","E11518","三菱ＵＦＪアセットマネジメント株式会社"
"G13889","","ＵＢＳ（Ｌｕｘ）キー・セレクション・シキャブ－デジタル・トランスフォーメーション・テーマ（米ドル）","ユービーエスルクスキーセレクションシキャブデジタルトランスフォーメーションテーマベイドル","外国投資証券","9月末日","","E15296","ＵＢＳ（Ｌｕｘ）キー・セレクション・シキャブ"
"G13890","","カレラインフラ・ファンド","カレラインフラファンド","内国投資信託受益証券","3月20日","9月20日","E26704","カレラアセットマネジメント株式会社"
"G13893","","グローバル全生物ゲノム株式ファンド（年２回決算型）","グローバルゼンセイブツゲノムカブシキファンド　ネンニカイケッサンガタ","内国投資信託受益証券","6月7日","12月7日","E12430","アモーヴァ・アセットマネジメント株式会社"
"G13894","","日本生命第５回劣後ローン流動化株式会社","ニホンセイメイダイゴカイレツゴローンリュウドウカカブシキカイシャ","内国資産流動化証券","9月30日","","E35980","日本生命第５回劣後ローン流動化株式会社"
"G13895","25680","上場インデックスファンド米国株式（ＮＡＳＤＡＱ１００）為替ヘッジなし","ジョウジョウインデックスファンドベイコクカブシキ　ナスダックヒャク　カワセヘッジナシ","内国投資信託受益証券","1月8日","7月8日","E12430","アモーヴァ・アセットマネジメント株式会社"
"G13896","25690","上場インデックスファンド米国株式（ＮＡＳＤＡＱ１００）為替ヘッジあり","ジョウジョウインデックスファンドベイコクカブシキ　ナスダックヒャク　カワセヘッジアリ","内国投資信託受益証券","1月8日","7月8日","E12430","アモーヴァ・アセットマネジメント株式会社"
"G13897","","フィデリティ・ターゲット・デート・ファンド（ベーシック）２０３５","フィデリティターゲットデートファンドベーシックニセンサンジュウゴ","内国投資信託受益証券","9月25日","","E12481","フィデリティ投信株式会社"
"G13898","","フィデリティ・ターゲット・デート・ファンド（ベーシック）２０４５","フィデリティターゲットデートファンドベーシックニセンヨンジュウゴ","内国投資信託受益証券","9月25日","","E12481","フィデリティ投信株式会社"
"G13899","","フィデリティ・ターゲット・デート・ファンド（ベーシック）２０５５","フィデリティターゲットデートファンドベーシックニセンゴジュウゴ","内国投資信託受益証券","9月25日","","E12481","フィデリティ投信株式会社"
"G13903","","三井住友ＤＳ・国内リートインデックス年金ファンド","ミツイスミトモディーエスコクナイリートインデックスネンキンファンド","内国投資信託受益証券","2月25日","","E08957","三井住友ＤＳアセットマネジメント株式会社"
"G13904","","楽天・ＵＳハイイールド社債インデックス（為替ヘッジ）ファンド（ラップ向け）","ラクテン　ユーエスハイイールドシャサイインデックス　カワセヘッジ　ファンド　ラップムケ","内国投資信託受益証券","8月25日","","E15787","楽天投信投資顧問株式会社"
"G13905","","三井住友ＤＳ・外国リートインデックス年金ファンド","ミツイスミトモディーエスガイコクリートインデックスネンキンファンド","内国投資信託受益証券","2月25日","","E08957","三井住友ＤＳアセットマネジメント株式会社"
"G13906","","あおぞら・新グローバル分散ファンド（限定追加型）２０２０‐１０","アオゾラシングローバルブンサンファンドゲンテイツイカガタニイゼロニイゼロノイチゼロ","内国投資信託受益証券","11月10日","","E30689","あおぞら投信株式会社"
"G13907","","あおぞら・新グローバル・コア・ファンド（限定追加型）２０２０－Ⅱ","アオゾラシングローバルコアファンドゲンテイツイカガタニイゼロニイゼロノニ","内国投資信託受益証券","10月20日","","E30689","あおぞら投信株式会社"
"G13908","","百戦錬磨の名人ファンド","ヒャクセンレンマノメイジンファンド","内国投資信託受益証券","2月24日","8月24日","E11518","三菱ＵＦＪアセットマネジメント株式会社"
"G13909","","ＵＢＳユニバーサル・トラスト（ケイマン）Ⅲ－豪ドル建て短期債券ファンド","ユービーエスユニバーサルトラストケイマンスリーゴウドルダテタンキサイケンファンド","外国投資信託受益証券","8月末日","","E15389","ＵＢＳマネジメント（ケイマン）リミテッド"
"G13910","","マニュライフ・インベストメンツ・トラスト－ＵＳ・コア・フィクスド・インカム・ファンド","マニュライフインベストメンツトラストユーエスコアフィクスドインカムファンド","外国投資信託受益証券","12月末日","","E36012","マニュライフ・インベストメント・マネジメント（ＨＫ）リミテッド"
"G13911","","ＵＢＳグローバルＤＸ株式ファンド（資産成長型）","ユービーエスグローバルディーエックスカブシキファンド　シサンセイチョウガタ","内国投資信託受益証券","10月15日","","E12473","ＵＢＳアセット・マネジメント株式会社"
"G13912","","ＵＢＳグローバルＤＸ株式ファンド（予想分配金提示型）","ユービーエスグローバルディーエックスカブシキファンド　ヨソウブンパイキンテイジガタ","内国投資信託受益証券","4月15日","10月15日","E12473","ＵＢＳアセット・マネジメント株式会社"
"G13913","","ゴールドマン・サックス社債／国際分散投資戦略ファンド２０２０－１０","ゴールドマンサックスシャサイコクサイブンサントウシセンリャクファンドニイゼロニイゼロイチゼロ","内国投資信託受益証券","11月10日","","E10677","アセットマネジメントＯｎｅ株式会社"
"G13915","","ニッセイ　国内３資産　高値参照型　バランスファンド（安定型）／ニッセイ　国内３資産　高値参照型　バランスファンド（積極型）","ニッセイコクナイサンシサンタカネサンショウガタバランスファンドアンテイガタ　ニッセイコクナイサンシサンタカネサンショウガタバランスファンドセッキョクガタ","内国投資信託受益証券","2月20日","","E12453","ニッセイアセットマネジメント株式会社"
"G13916","","ニッセイ日経２２５高値参照型アロケーションファンド","ニッセイニッケイニニゴタカネサンショウガタアロケーションファンド","内国投資信託受益証券","2月20日","","E12453","ニッセイアセットマネジメント株式会社"
"G13917","","住友生命第２回劣後ローン流動化株式会社","スミトモセイメイダイニカイレツゴローンリュウドウカカブシキガイシャ","内国資産流動化証券","12月末日","","E36020","住友生命第２回劣後ローン流動化株式会社"
"G13919","","グローバル中小型株式ファンド","グローバルチュウコガタカブシキファンド","内国投資信託受益証券","6月17日","","E32011","りそなアセットマネジメント株式会社"
"G13920","","ａｕＡＭ未来都市関連株式ファンド（為替ヘッジあり／為替ヘッジなし）","エーユーエーエムミライトシカンレンカブシキファンド　カワセヘッジアリ　カワセヘッジナシ","内国投資信託受益証券","4月14日","10月14日","E34254","ａｕアセットマネジメント株式会社"
"G13923","26200","ｉシェアーズ　米国債１－３年　ＥＴＦ","アイシェアーズ　ベイコクサイイチサンネン　イーティーエフ","内国投資信託受益証券","1月11日","7月11日","E09096","ブラックロック・ジャパン株式会社"
"G13924","26210","ｉシェアーズ　米国債２０年超　ＥＴＦ（為替ヘッジあり）","アイシェアーズ　ベイコクサイニジュウネンチョウ　イーティーエフ　カワセヘッジアリ","内国投資信託受益証券","1月11日","7月11日","E09096","ブラックロック・ジャパン株式会社"
"G13925","26220","ｉシェアーズ　米ドル建て新興国債券　ＥＴＦ（為替ヘッジあり）","アイシェアーズ　ベイドルダテシンコウコクサイケン　イーティーエフ　カワセヘッジアリ","内国投資信託受益証券","1月11日","7月11日","E09096","ブラックロック・ジャパン株式会社"
"G13926","26230","ｉシェアーズ　ユーロ建て投資適格社債　ＥＴＦ（為替ヘッジあり）","アイシェアーズ　ユーロダテトウシテキカクシャサイ　イーティーエフ　カワセヘッジアリ","内国投資信託受益証券","4月11日","10月11日","E09096","ブラックロック・ジャパン株式会社"
"G13927","","ＰＩＭＣＯ　ダイナミック・マルチアセット戦略ファンド（年２回決算型）","ピムコダイナミックマルチアセットセンリャクファンドネンニカイケッサンガタ","内国投資信託受益証券","3月10日","9月10日","E12441","ＳＢＩ岡三アセットマネジメント株式会社"
"G13928","","ＰＩＭＣＯ　ダイナミック・マルチアセット戦略ファンド（資産成長型）","ピムコダイナミックマルチアセットセンリャクファンドシサンセイチョウガタ","内国投資信託受益証券","9月10日","","E12441","ＳＢＩ岡三アセットマネジメント株式会社"
"G13929","","アクティブ・リート・ニッポン（毎月分配型／資産成長型）","アクティブリートニッポンマイツキブンパイガタシサンセイチョウガタ","内国投資信託受益証券","3月15日","9月15日","E06748","大和アセットマネジメント株式会社"
"G13930","","グローバル・ハイブリッド証券ファンド（為替ヘッジあり）２０２０－１１（限定追加型）","グローバルハイブリッドショウケンファンドカワセヘッジアリニセンニジュウノジュウイチゲンテイツイカガタ","内国投資信託受益証券","11月8日","","E12460","野村アセットマネジメント株式会社"
"G13931","","グローバル債券ポートフォリオ（Ｂ）","グローバルサイケンポートフォリオ　ビー","内国投資信託受益証券","10月25日","","E36006","株式会社ｓｕｓｔｅｎキャピタル・マネジメント"
"G13932","","グローバル資産分散ポートフォリオ（Ｒ）","グローバルシサンブンサンポートフォリオ　アール","内国投資信託受益証券","10月25日","","E36006","株式会社ｓｕｓｔｅｎキャピタル・マネジメント"
"G13933","","グローバル複合戦略ポートフォリオ（Ｇ）","グローバルフクゴウセンリャクポートフォリオ　ジー","内国投資信託受益証券","10月25日","","E36006","株式会社ｓｕｓｔｅｎキャピタル・マネジメント"
"G13934","","野村環境リーダーズ戦略ファンド　Ａコース、野村環境リーダーズ戦略ファンド　Ｂコース","ノムラカンキョウリーダーズセンリャクファンドエーコース　ノムラカンキョウリーダーズセンリャクファンドビーコース","内国投資信託受益証券","4月11日","10月11日","E12460","野村アセットマネジメント株式会社"
"G13935","","米国ＡＢＣ戦略ファンド（１倍コース／３倍コース／５倍コース）","ベイコクエイビーシーセンリャクファンドイチバイコースサンバイコースゴバイコース","内国投資信託受益証券","4月4日","10月4日","E06748","大和アセットマネジメント株式会社"
"G13938","","ＤＣニッセイおまかせバランスファンド（安定）","ディーシーニッセイオマカセバランスファンドアンテイ","内国投資信託受益証券","12月24日","","E12453","ニッセイアセットマネジメント株式会社"
"G13939","","グローバル・モビリティ・サービス株式ファンド（年２回決算型）","グローバル　モビリティ　サービスカブシキファンド　ネンニカイケッサンガタ","内国投資信託受益証券","1月20日","7月20日","E12430","アモーヴァ・アセットマネジメント株式会社"
"G13940","","米国株式イントラデイ・トレンド戦略ファンド（ＳＭＡ専用）","ベイコクカブシキイントラデイ　トレンドセンリャクファンド　エスエムエーセンヨウ","内国投資信託受益証券","3月10日","","E12444","三井住友トラスト・アセットマネジメント株式会社"
"G13941","","米国株式デイリートレンド戦略ファンド","ベイコクカブシキデイリートレンドセンリャクファンド","内国投資信託受益証券","3月10日","","E12444","三井住友トラスト・アセットマネジメント株式会社"
"G13942","","ＰａｙＰａｙ投信　米国株式ボラティリティ戦略（為替ヘッジなし）","ペイペイトウシン　ベイコクカブシキボラティリティセンリャク　カワセヘッジナシ","内国投資信託受益証券","10月25日","","E14601","ＰａｙＰａｙアセットマネジメント株式会社"
"G13943","","ブラックロック・世界株式インパクト投資ファンド（ＤＣ）","ブラックロックセカイカブシキインパクトトウシファンドディーシー","内国投資信託受益証券","10月20日","","E09096","ブラックロック・ジャパン株式会社"
"G13944","","モルガン・スタンレー　グローバル・プレミアム株式オープン（為替ヘッジあり）予想分配金提示型／（為替ヘッジなし）予想分配金提示型","モルガンスタンレーグローバルプレミアムカブシキオープンカワセヘッジアリヨソウブンパイキンテイジガタカワセヘッジナシヨソウブンパイキンテイジガタ","内国投資信託受益証券","2月23日","8月23日","E11518","三菱ＵＦＪアセットマネジメント株式会社"
"G13945","","ビルドアップ型　ＭＳグローバル・プレミアム株式（為替ヘッジなし）２０２０－１１（限定追加型）","ビルドアップガタエムエスグローバルプレミアムカブシキカワセヘッジナシニセンニジュウノジュウイチゲンテイツイカガタ","内国投資信託受益証券","2月23日","","E11518","三菱ＵＦＪアセットマネジメント株式会社"
"G13946","","ＮＡＳＤＡＱ１００　３倍ブル","ナスダックヒャクサンバイブル","内国投資信託受益証券","10月22日","","E06748","大和アセットマネジメント株式会社"
"G13947","","ＮＡＳＤＡＱ１００　３倍ベア","ナスダックヒャクサンバイベア","内国投資信託受益証券","10月22日","","E06748","大和アセットマネジメント株式会社"
"G13948","","ＵＳリート・インデックス・ファンド（為替ヘッジなし／毎月分配型・資産成長型）","ユーエスリートインデックスファンドカワセヘッジナシマイツキブンパイガタシサンセイチョウガタ","内国投資信託受益証券","3月26日","9月26日","E06748","大和アセットマネジメント株式会社"
"G13949","","Ｏｎｅ円建て債券ファンド２０２０－１１","ワンエンダテサイケンファンドニイゼロニイゼロイチイチ","内国投資信託受益証券","1月27日","","E10677","アセットマネジメントＯｎｅ株式会社"
"G13950","","ＨＳＢＣグローバル・ターゲット利回り債券ファンド２０２０－１２（限定追加型）","エイチエスビーシーグローバルターゲットリマワリサイケンファンドニィゼロニィゼロイチニィゲンテイツイカガタ","内国投資信託受益証券","1月30日","","E12492","ＨＳＢＣアセットマネジメント株式会社"
"G13952","","野村ハイパーブル・ベア８","ノムラハイパーブルベアエイト","内国投資信託受益証券","10月13日","","E12460","野村アセットマネジメント株式会社"
"G13953","","ゴールドマン・サックス（ケイマン諸島）ユニット・トラスト－ｎｅｔＷＩＮ　ＧＳテクノロジー株式ファンド","ゴールドマンサックスケイマンショトウユニットトラストネットウィンジーエステクノロジーカブシキファンド","外国投資信託受益証券","12月末日","","E24426","シーエス（ケイマン）リミテッド"
"G13954","","グローバルＥＳＧバランスファンド","グローバルイーエスジーバランスファンド","内国投資信託受益証券","5月18日","11月18日","E12460","野村アセットマネジメント株式会社"
"G13957","","メガトレンド・ロング・ショート・ファンド","メガトレンドロングショートファンド","内国投資信託受益証券","11月5日","","E06748","大和アセットマネジメント株式会社"
"G13958","","東京海上・厳選資産バランスファンド（毎月決算型）","トウキョウカイジョウゲンセンシサンバランスファンドマイツキケッサンガタ","内国投資信託受益証券","5月13日","11月13日","E06433","東京海上アセットマネジメント株式会社"
"G13959","","東京海上・厳選資産バランスファンド（年１回決算型）","トウキョウカイジョウゲンセンシサンバランスファンドネンイッカイケッサンガタ","内国投資信託受益証券","5月13日","","E06433","東京海上アセットマネジメント株式会社"
"G13960","26250","ｉＦｒｅｅＥＴＦ　ＴＯＰＩＸ（年４回決算型）","アイフリーイーティーエフトピックスネンヨンカイケッサンガタ","内国投資信託受益証券","4月10日","10月10日","E06748","大和アセットマネジメント株式会社"
"G13961","26240","ｉＦｒｅｅＥＴＦ　日経２２５（年４回決算型）","アイフリーイーティーエフニッケイニイニイゴネンヨンカイケッサンガタ","内国投資信託受益証券","4月10日","10月10日","E06748","大和アセットマネジメント株式会社"
"G13962","","ＨＳＢＣＥＳＧ米国株式インデックスファンド","エイチエスビーシーイーエスジーベイコクカブシキインデックスファンド","内国投資信託受益証券","11月6日","","E12492","ＨＳＢＣアセットマネジメント株式会社"
"G13963","","京都企業株式ファンド（資産成長型）","キョウトキギョウカブシキファンドシサンセイチョウガタ","内国投資信託受益証券","11月15日","","E08957","三井住友ＤＳアセットマネジメント株式会社"
"G13964","","京都企業株式ファンド（予想分配金提示型）","キョウトキギョウカブシキファンドヨソウブンパイキンテイジガタ","内国投資信託受益証券","5月15日","11月15日","E08957","三井住友ＤＳアセットマネジメント株式会社"
"G13966","","ＭＡＮ　ＡＨＬ　Ｄｉｖｅｒｓｉｆｉｅｄ　リンクファンド（ＳＭＡ専用）","エムエーエヌ　エーエイチエル　ダイバーシファイド　リンクファンド　エスエムエーセンヨウ","内国投資信託受益証券","10月10日","","E12444","三井住友トラスト・アセットマネジメント株式会社"
"G13967","","明治安田米国中小型成長株式ファンド（毎月決算・予想分配金提示型・為替ヘッジあり）／（毎月決算・予想分配金提示型・為替ヘッジなし）","メイジヤスダベイコクチュウコガタセイチョウカブシキファンド　マイツキケッサン　ヨソウブンパイキンテイジガタ　カワセヘッジアリ　マイツキケッサン　ヨソウブンパイキンテイジガタ　カワセヘッジナシ","内国投資信託受益証券","3月14日","9月14日","E12448","明治安田アセットマネジメント株式会社"
"G13968","","アムンディ・マルチセクター債券ファンド２０２０－１２（限定追加型）","アムンディマルチセクターサイケンファンドニセンニジュウジュウニゲンテイツイカガタ","内国投資信託受益証券","9月12日","","E09666","アムンディ・ジャパン株式会社"
"G13969","","第１２６回２０２５年９月満期株価指数参照円建信託社債（デジタルクーポン型・トリガー価格逓減早期償還条項付）（責任財産限定特約付）参照指数：日経平均株価","ダイヒャクニジュウロクカイニセンニジュウゴネンクガツマンキカブカシスウサンショウエンダテシンタクシャサイデジタルクーポンガタトリガーカカクテイゲンソウキショウカンジョウコウツキセキニンザイサンゲンテイトクヤクツキサンショウシスウニッケイヘイキンカブカ","内国信託受益証券・信託受益権","6月13日","12月13日","E03626","三菱ＵＦＪ信託銀行株式会社"
"G13971","","ＵＢＳ　ゴールド・ファンド（為替ヘッジあり）","ユービーエス　ゴールド　ファンド　カワセヘッジアリ","内国投資信託受益証券","9月5日","","E12473","ＵＢＳアセット・マネジメント株式会社"
"G13972","","新成長株ファンド（隔月決算型・予想分配金提示型）","シンセイチョウカブファンド　カクゲツケッサンガタ　ヨソウブンパイキンテイジガタ","内国投資信託受益証券","3月16日","9月16日","E12448","明治安田アセットマネジメント株式会社"
"G13973","","明治安田ＤＣ・ＴＯＰＩＸインデックスファンド","メイジヤスダディーシートピックスインデックスファンド","内国投資信託受益証券","9月16日","","E12448","明治安田アセットマネジメント株式会社"
"G13974","","野村ＤＣ・ＰＩＭＣＯ・世界インカム戦略ファンド（為替ヘッジなし）","ノムラディーシーピムコセカイインカムセンリャクファンドカワセヘッジナシ","内国投資信託受益証券","12月6日","","E12460","野村アセットマネジメント株式会社"
"G13975","","ダイワ／バリュー・パートナーズ　チャイナ・ヘルスケア・フォーカス","ダイワバリューパートナーズチャイナヘルスケアフォーカス","内国投資信託受益証券","5月23日","11月23日","E06748","大和アセットマネジメント株式会社"
"G13976","","日興ワールド・トラスト－グローバル・トレーディング・オポチュニティ・ファンド","ニッコウワールドトラストグローバルトレーディングオポチュニティファンド","外国投資信託受益証券","7月末日","","E14853","ＳＭＢＣ日興インベストメント・ファンド・マネジメント・カンパニー・エス・エイ"
"G13977","","世界インフラ戦略ファンド（為替ヘッジなし／毎月分配型）","セカイインフラセンリャクファンドカワセヘッジナシマイツキブンパイガタ","内国投資信託受益証券","6月20日","12月20日","E06748","大和アセットマネジメント株式会社"
"G13978","","世界インフラ戦略ファンド（為替ヘッジなし／資産成長型）","セカイインフラセンリャクファンドカワセヘッジナシシサンセイチョウガタ","内国投資信託受益証券","6月20日","12月20日","E06748","大和アセットマネジメント株式会社"
"G13979","","世界Ｍ＆Ａ戦略株ファンド","セカイエムアンドエーセンリャクカブファンド","内国投資信託受益証券","6月1日","12月1日","E06748","大和アセットマネジメント株式会社"
"G13980","","フィデリティ・ファンドラップ・シリーズ","フィデリティファンドラップシリーズ","内国投資信託受益証券","8月30日","","E12481","フィデリティ投信株式会社"
"G13983","","シンプレクス謳歌ファンド","シンプレクスオウカファンド","内国投資信託受益証券","9月20日","","E14415","シンプレクス・アセット・マネジメント株式会社"
"G13984","","資産形成応援ファンド","シサンケイセイオウエンファンド","内国投資信託受益証券","11月20日","","E11764","Ｔ＆Ｄアセットマネジメント株式会社"
"G13986","","第１２８回２０２５年９月満期株価指数参照円建信託社債（デジタルクーポン型・トリガー価格逓減早期償還条項付）（責任財産限定特約付）参照指数：日経平均株価","ダイヒャクニジュウハチカイニセンニジュウゴネンクガツマンキカブカシスウサンショウエンダテシンタクシャサイデジタルクーポンガタトリガーカカクテイゲンソウキショウカンジョウコウツキセキニンザイサンゲンテイトクヤクツキサンショウシスウニッケイヘイキンカブカ","内国信託受益証券・信託受益権","1月10日","7月10日","E03626","三菱ＵＦＪ信託銀行株式会社"
"G13988","","ｅＭＡＸＩＳ　Ｓ＆Ｐ５００インデックス","イーマクシスエスアンドピーゴヒャクインデックス","内国投資信託受益証券","1月26日","","E11518","三菱ＵＦＪアセットマネジメント株式会社"
"G13989","","トレンド・キャッチ戦略ファンド","トレンドキャッチセンリャクファンド","内国投資信託受益証券","6月13日","12月13日","E06748","大和アセットマネジメント株式会社"
"G13990","","グローバル・リート・アクティブファンド（ラップ向け）","グローバルリートアクティブファンドラップムケ","内国投資信託受益証券","12月18日","","E11518","三菱ＵＦＪアセットマネジメント株式会社"
"G13991","","データ戦略分散ファンド","データセンリャクブンサンファンド","内国投資信託受益証券","12月10日","","E08957","三井住友ＤＳアセットマネジメント株式会社"
"G13992","","アライアンス・バーンスタイン・世界ＳＤＧｓ株式ファンド（資産成長型）、アライアンス・バーンスタイン・世界ＳＤＧｓ株式ファンド（予想分配金提示型）","アライアンスバーンスタインセカイエスディージーズカブシキファンドシサンセイチョウガタ　アライアンスバーンスタインセカイエスディージーズカブシキファンドヨソウブンパイキンテイジガタ","内国投資信託受益証券","4月25日","10月25日","E12480","アライアンス・バーンスタイン株式会社"
"G13993","","アライアンス・バーンスタイン・グローバルＥＳＧ・社債ファンド２０２１－０２（限定追加型）","アライアンスバーンスタイングローバルイーエスジーシャサイファンドニセンニジュウイチレイニゲンテイツイカガタ","内国投資信託受益証券","2月25日","","E12480","アライアンス・バーンスタイン株式会社"
"G13994","","あおぞら・新グローバル分散ファンド（限定追加型）２０２１‐０１","アオゾラシングローバルブンサンファンドゲンテイツイカガタニイゼロニイイチノゼロイチ","内国投資信託受益証券","11月10日","","E30689","あおぞら投信株式会社"
"G13996","","ミローバ　グローバル・サステナブル株式ファンド","ミローバグローバルサステナブルカブシキファンド","内国投資信託受益証券","11月25日","","E12447","朝日ライフ　アセットマネジメント株式会社"
"G13997","","ＪＰモルガン・アメリカ成長株ファンド（為替ヘッジなし、年１回決算型）","ジェイピーモルガンアメリカセイチョウカブファンドカワセヘッジナシネンイッカイケッサンガタ","内国投資信託受益証券","1月25日","","E06264","ＪＰモルガン・アセット・マネジメント株式会社"
"G13998","","ＪＰモルガン・アメリカ成長株ファンド（為替ヘッジなし、毎月決算型）予想分配金提示型","ジェイピーモルガンアメリカセイチョウカブファンドカワセヘッジナシマイツキケッサンガタヨソウブンパイキンテイジガタ","内国投資信託受益証券","1月25日","7月25日","E06264","ＪＰモルガン・アセット・マネジメント株式会社"
"G13999","","ＪＰモルガン・アメリカ成長株ファンド（為替ヘッジあり、年１回決算型）","ジェイピーモルガンアメリカセイチョウカブファンドカワセヘッジアリネンイッカイケッサンガタ","内国投資信託受益証券","1月25日","","E06264","ＪＰモルガン・アセット・マネジメント株式会社"
"G14000","","ＪＰモルガン・アメリカ成長株ファンド（為替ヘッジあり、毎月決算型）予想分配金提示型","ジェイピーモルガンアメリカセイチョウカブファンドカワセヘッジアリマイツキケッサンガタヨソウブンパイキンテイジガタ","内国投資信託受益証券","1月25日","7月25日","E06264","ＪＰモルガン・アセット・マネジメント株式会社"
"G14001","","ＧＲＡＮ　ＮＥＸＴ　エネルギー","グランネクストエネルギー","内国投資信託受益証券","1月19日","","E11518","三菱ＵＦＪアセットマネジメント株式会社"
"G14002","","ＧＲＡＮ　ＮＥＸＴ　テクノロジー","グランネクストテクノロジー","内国投資信託受益証券","1月19日","","E11518","三菱ＵＦＪアセットマネジメント株式会社"
"G14003","","ＧＲＡＮ　ＮＥＸＴ　フード","グランネクストフード","内国投資信託受益証券","1月19日","","E11518","三菱ＵＦＪアセットマネジメント株式会社"
"G14004","","ＧＲＡＮ　ＮＥＸＴ　ヘルスサイエンス","グランネクストヘルスサイエンス","内国投資信託受益証券","1月19日","","E11518","三菱ＵＦＪアセットマネジメント株式会社"
"G14005","","ＧＲＡＮ　ＮＥＸＴ　モビリティ","グランネクストモビリティ","内国投資信託受益証券","1月19日","","E11518","三菱ＵＦＪアセットマネジメント株式会社"
"G14006","","ＧＲＡＮ　ＮＥＸＴ　マネープールファンド","グランネクストマネープールファンド","内国投資信託受益証券","1月19日","","E11518","三菱ＵＦＪアセットマネジメント株式会社"
"G14007","","日本超長期国債インデックスファンド（ラップ向け）","ニホンチョウチョウキコクサイインデックスファンドラップムケ","内国投資信託受益証券","5月12日","","E11518","三菱ＵＦＪアセットマネジメント株式会社"
"G14008","","東洋・中国Ａ株ファンド「創新」２０２１（限定追加型）","トウヨウチュウゴクエーカブファンドソウシンニゼロニイチゲンテイツイカガタ","内国投資信託受益証券","7月25日","","E12434","ＳＯＭＰＯアセットマネジメント株式会社"
"G14009","","ＧＳ　日本フォーカス・グロース　マーケット・ニュートラル・コース","ジーエス　ニホンフォーカスグロース　マーケットニュートラルコース","内国投資信託受益証券","6月15日","12月15日","E12457","ゴールドマン・サックス・アセット・マネジメント株式会社"
"G14010","","第６５回　２０２３年２月１６日満期　早期償還判定水準逓減型　早期償還条項付　ノックイン型日米２指数（日経平均株価・Ｓ＆Ｐ５００指数）参照円建信託社債（責任財産限定特約付）","ダイロクジュウゴカイニセンニジュウサンネンニガツジュウロクニチマンキソウキショウカンハンテイスイジュンテイゲンガタソウキショウカンジョウコウツキノックインガタニチベイニシスウニッケイヘイキンカブカスタンダードアンドプアーズゴヒャクシスウサンショウエンダテシンタクシャサイセキニンザイサンゲンテイトクヤクツキ","内国信託受益証券・信託受益権","2月16日","8月16日","E03627","三井住友信託銀行株式会社"
"G14012","","ベイリー・ギフォード世界長期成長株ファンド（予想分配金提示型）","ベイリーギフォードセカイチョウキセイチョウカブファンドヨソウブンパイキンテイジガタ","内国投資信託受益証券","1月25日","7月25日","E11518","三菱ＵＦＪアセットマネジメント株式会社"
"G14013","","レッド・アーク・グローバル・インベストメンツ（ケイマン）トラスト－アルジェブリス・フィナンシャル・ハイブリッド証券ファンド","レッドアークグローバルインベストメンツケイマントラストアルジェブリスフィナンシャルハイブリッドショウケンファンド","外国投資信託受益証券","12月末日","","E22200","シティグループ・ファースト・インベストメント・マネジメント・リミテッド"
"G14014","","第６６回　２０２６年２月１６日満期　早期償還判定水準逓減型　早期償還条項付　ノックイン型日欧２指数（日経平均株価、ユーロ・ストックス５０指数）参照デジタル・クーポン円建信託社債（責任財産限定特約付）","ダイロクジュウロクカイニセンニジュウロクネンニガツジュウロクニチマンキソウキショウカンハンテイスイジュンテイゲンガタソウキショウカンジョウコウツキノックインガタニチオウニシスウニッケイヘイキンカブカユーロストックスゴジュウシスウサンショウデジタルクーポンエンダテシンタクシャサイセキニンザイサンゲンテイトクヤクツキ","内国信託受益証券・信託受益権","2月16日","8月16日","E03627","三井住友信託銀行株式会社"
"G14015","","第１３０回２０２５年１２月満期株価指数参照円建信託社債（デジタルクーポン型・トリガー価格逓減早期償還条項付）（責任財産限定特約付）参照指数：日経平均株価","ダイヒャクサンジュッカイニセンニジュウゴネンジュウニガツマンキカブカシスウサンショウエンダテシンタクシャサイデジタルクーポンガタトリガーカカクテイゲンソウキショウカンジョウコウツキセキニンザイサンゲンテイトクヤクツキサンショウシスウニッケイヘイキンカブカ","内国信託受益証券・信託受益権","2月10日","8月10日","E03626","三菱ＵＦＪ信託銀行株式会社"
"G14016","","第１３１回２０２４年３月満期株価指数参照円建信託社債（固定クーポン型・トリガー価格逓減早期償還条項付）（責任財産限定特約付）参照指数：日経平均株価","ダイヒャクサンジュウイッカイニセンニジュウヨネンサンガツマンキカブカシスウサンショウエンダテシンタクシャサイコテイクーポンガタトリガーカカクテイゲンソウキショウカンジョウコウツキセキニンザイサンゲンテイトクヤクツキサンショウシスウニッケイヘイキンカブカ","内国信託受益証券・信託受益権","2月10日","8月10日","E03626","三菱ＵＦＪ信託銀行株式会社"
"G14018","","テトラ・ネクスト","テトラネクスト","内国投資信託受益証券","1月31日","","E08957","三井住友ＤＳアセットマネジメント株式会社"
"G14019","","ＤＣニッセイおまかせバランスファンド（安定成長）","ディーシーニッセイオマカセバランスファンドアンテイセイチョウ","内国投資信託受益証券","8月20日","","E12453","ニッセイアセットマネジメント株式会社"
"G14020","","ＤＣニッセイおまかせバランスファンド（成長）","ディーシーニッセイオマカセバランスファンドセイチョウ","内国投資信託受益証券","8月20日","","E12453","ニッセイアセットマネジメント株式会社"
"G14021","","サイバーセキュリティ株式オープン（為替ヘッジあり）予想分配金提示型／（為替ヘッジなし）予想分配金提示型","サイバーセキュリティカブシキオープンカワセヘッジアリヨソウブンパイキンテイジガタカワセヘッジナシヨソウブンパイキンテイジガタ","内国投資信託受益証券","6月6日","12月6日","E11518","三菱ＵＦＪアセットマネジメント株式会社"
"G14022","","ｉＦｒｅｅＮＥＸＴ　ＮＡＳＤＡＱ次世代５０","アイフリーネクストナスダックジセダイゴジュウ","内国投資信託受益証券","1月12日","","E06748","大和アセットマネジメント株式会社"
"G14023","","野村インデックスファンド先進国ＥＳＧ株式","ノムラインデックスファンドセンシンコクイーセスジー","内国投資信託受益証券","1月21日","","E12460","野村アセットマネジメント株式会社"
"G14024","","ＭＦＳ米国中型成長株式ファンド（為替ヘッジあり）、ＭＦＳ米国中型成長株式ファンド（為替ヘッジなし）","エムエフエスベイコクチュウガタセイチョウカブシキファンドカワセヘッジアリ　エムエフエスベイコクチュウガタセイチョウカブシキファンドカワセヘッジナシ","内国投資信託受益証券","1月25日","","E08957","三井住友ＤＳアセットマネジメント株式会社"
"G14025","26260","グローバルＸ　デジタル・イノベーション－日本株式　ＥＴＦ","グローバルエックスデジタルイノベーションニホンカブシキイーティーエフ","内国投資信託受益証券","1月24日","7月24日","E35933","Ｇｌｏｂａｌ　Ｘ　Ｊａｐａｎ株式会社"
"G14026","26270","グローバルＸ　ｅコマース－日本株式　ＥＴＦ","グローバルエックスイーコマースニホンカブシキイーティーエフ","内国投資信託受益証券","1月24日","7月24日","E35933","Ｇｌｏｂａｌ　Ｘ　Ｊａｐａｎ株式会社"
"G14027","","ｅＭＡＸＩＳ　ＮＡＳＤＡＱ１００インデックス","イーマクシスナスダックヒャクインデックス","内国投資信託受益証券","1月26日","","E11518","三菱ＵＦＪアセットマネジメント株式会社"
"G14028","","ブラジル株式ファンド","ブラジルカブシキファンド","内国投資信託受益証券","2月15日","8月15日","E26704","カレラアセットマネジメント株式会社"
"G14029","","Ｏｎｅ円建て債券ファンド２０２１－０３","ワンエンダテサイケンファンドニイゼロニイイチゼロサン","内国投資信託受益証券","12月29日","","E10677","アセットマネジメントＯｎｅ株式会社"
"G14030","","ＵＢＳユニバーサル・トラスト（ケイマン）Ⅲ－インサイト・アルファ","ユービーエスユニバーサルトラストケイマンスリーインサイトアルファ","外国投資信託受益証券","1月末日","","E15389","ＵＢＳマネジメント（ケイマン）リミテッド"
"G14031","","第６７回　２０２３年３月９日満期　早期償還判定水準逓減型　早期償還条項付　ノックイン型日米２指数（日経平均株価・Ｓ＆Ｐ５００指数）参照円建信託社債（責任財産限定特約付）","ダイロクジュウナナカイニセンニジュウサンネンサンガツココノカマンキソウキショウカンハンテイスイジュンテイゲンガタソウキショウカンジョウコウツキノックインガタニチベイニシスウニッケイヘイキンカブカスタンダードアンドプアーズゴヒャクシスウサンショウエンダテシンタクシャサイセキニンザイサンゲンテイトクヤクツキ","内国信託受益証券・信託受益権","3月9日","9月9日","E03627","三井住友信託銀行株式会社"
"G14032","","第６８回　２０２６年３月９日満期　早期償還判定水準逓減型　早期償還条項付　ノックイン型日欧２指数（日経平均株価、ユーロ・ストックス５０指数）参照デジタル・クーポン円建信託社債（責任財産限定特約付）","ダイロクジュウハチカイニセンニジュウロクネンサンガツココノカマンキソウキショウカンハンテイスイジュンテイゲンガタソウキショウカンジョウコウツキノックインガタニチオウニシスウニッケイヘイキンカブカユーロストックスゴジュウシスウサンショウデジタルクーポンエンダテシンタクシャサイセキニンザイサンゲンテイトクヤクツキ","内国信託受益証券・信託受益権","3月9日","9月9日","E03627","三井住友信託銀行株式会社"
"G14033","","ＧＳフューチャー・テクノロジー・リーダーズ　Ｃコース（毎月決算・分配条件提示型・限定為替ヘッジ）／Ｄコース（毎月決算・分配条件提示型・為替ヘッジなし）","ジーエス　フューチャー　テクノロジー　リーダーズ　シーコース　マイツキケッサン　ブンパイジョウケンテイジガタ　ゲンテイカワセヘッジ　ディーコース　マイツキケッサン　ブンパイジョウケンテイジガタ　カワセヘッジナシ","内国投資信託受益証券","5月30日","11月30日","E12457","ゴールドマン・サックス・アセット・マネジメント株式会社"
"G14034","","ｉＦｒｅｅレバレッジ　ＮＡＳＤＡＱ次世代５０","アイフリーレバレッジナスダックジセダイゴジュウ","内国投資信託受益証券","1月12日","","E06748","大和アセットマネジメント株式会社"
"G14035","","債券パワード・インカムファンド（毎月分配型）","サイケンパワードインカムファンド　マイツキブンパイガタ","内国投資信託受益証券","3月8日","9月8日","E12434","ＳＯＭＰＯアセットマネジメント株式会社"
"G14036","","債券パワード・インカムファンド（資産成長型）","サイケンパワードインカムファンド　シサンセイチョウガタ","内国投資信託受益証券","3月8日","","E12434","ＳＯＭＰＯアセットマネジメント株式会社"
"G14037","26290","ｉＦｒｅｅＥＴＦ　中国グレーターベイエリア・イノベーション１００（ＧＢＡ１００）","アイフリーイーティーエフチュウゴクグレーターベイエリアイノベーションヒャクジービーエーワンハンドレッド","内国投資信託受益証券","2月10日","","E06748","大和アセットマネジメント株式会社"
"G14038","26280","ｉＦｒｅｅＥＴＦ　中国科創板５０（ＳＴＡＲ５０）","アイフリーイーティーエフチュウゴクカソウバンゴジュウスターフィフティー","内国投資信託受益証券","2月10日","","E06748","大和アセットマネジメント株式会社"
"G14039","","第１３２回２０２５年１２月満期株価指数参照円建信託社債（デジタルクーポン型・トリガー価格逓減早期償還条項付）（責任財産限定特約付）参照指数：日経平均株価","ダイヒャクサンジュウニカイニセンニジュウゴネンジュウニガツマンキカブカシスウサンショウエンダテシンタクシャサイデジタルクーポンガタトリガーカカクテイゲンソウキショウカンジョウコウツキセキニンザイサンゲンテイトクヤクツキサンショウシスウニッケイヘイキンカブカ","内国信託受益証券・信託受益権","3月10日","9月10日","E03626","三菱ＵＦＪ信託銀行株式会社"
"G14040","","第１３３回２０２４年３月満期株価指数参照円建信託社債（固定クーポン型・トリガー価格逓減早期償還条項付）（責任財産限定特約付）参照指数：日経平均株価","ダイヒャクサンジュウサンカイニセンニジュウヨネンサンガツマンキカブカシスウサンショウエンダテシンタクシャサイコテイクーポンガタトリガーカカクテイゲンソウキショウカンジョウコウツキセキニンザイサンゲンテイトクヤクツキサンショウシスウニッケイヘイキンカブカ","内国信託受益証券・信託受益権","3月10日","9月10日","E03626","三菱ＵＦＪ信託銀行株式会社"
"G14042","","第７０回　２０２６年３月３０日満期　早期償還判定水準逓減型　早期償還条項付　ノックイン型日欧２指数（日経平均株価、ユーロ・ストックス５０指数）参照デジタル・クーポン円建信託社債（責任財産限定特約付）","ダイナナジュッカイニセンニジュウロクネンサンガツサンジュウニチマンキソウキショウカンハンテイスイジュンテイゲンガタソウキショウカンジョウコウツキノックインガタニチオウニシスウニッケイヘイキンカブカユーロストックスゴジュウシスウサンショウデジタルクーポンエンダテシンタクシャサイセキニンザイサンゲンテイトクヤクツキ","内国信託受益証券・信託受益権","3月30日","9月30日","E03627","三井住友信託銀行株式会社"
"G14043","","ダブル・ブレイン（マイルド）、ダブル・ブレイン（ブル）","ダブルブレインマイルド　ダブルブレインブル","内国投資信託受益証券","11月22日","","E12460","野村アセットマネジメント株式会社"
"G14044","","グローバル・ダイナミックヘッジα","グローバル　ダイナミックヘッジアルファ","内国投資信託受益証券","3月9日","","E12430","アモーヴァ・アセットマネジメント株式会社"
"G14045","","シュローダー・アジアパシフィックＥＳＧフォーカス・ファンド（予想分配金提示型）","シュローダー　アジアパシフィックイーエスジーフォーカス　ファンド　ヨソウブンパイキンテイジガタ","内国投資信託受益証券","6月20日","12月20日","E12586","シュローダー・インベストメント・マネジメント株式会社"
"G14046","","インベスコ　世界ブロックチェーン株式ファンド（予想分配金提示型）","インベスコセカイブロックチェーンカブシキファンドヨソウブンパイキンテイジガタ","内国投資信託受益証券","1月10日","7月10日","E06479","インベスコ・アセット・マネジメント株式会社"
"G14047","","日本企業社債ファンド２０２１ー０３","ニホンキギョウシャサイファンドニセンニジュウイチゼロサン","内国投資信託受益証券","3月21日","","E06748","大和アセットマネジメント株式会社"
"G14048","26320","ＭＡＸＩＳナスダック１００上場投信（為替ヘッジあり）","マクシスナスダックヒャクジョウジョウトウシンカワセヘッジアリ","内国投資信託受益証券","6月8日","12月8日","E11518","三菱ＵＦＪアセットマネジメント株式会社"
"G14049","26310","ＭＡＸＩＳナスダック１００上場投信","マクシスナスダックヒャクジョウジョウトウシン","内国投資信託受益証券","6月8日","12月8日","E11518","三菱ＵＦＪアセットマネジメント株式会社"
"G14050","26300","ＭＡＸＩＳ米国株式（Ｓ＆Ｐ５００）上場投信（為替ヘッジあり）","マクシスベイコクカブシキエスアンドピーゴヒャクジョウジョウトウシンカワセヘッジアリ","内国投資信託受益証券","6月8日","12月8日","E11518","三菱ＵＦＪアセットマネジメント株式会社"
"G14051","","ブリオングロード・ブリッジ・ユニット・トラスト－ＤＭＳ償還時目標設定型ファンド２１０３（ゴールドマン・サックス社債投資型）","ブリオングロードブリッジユニットトラストディーエムエスショウカンジモクヒョウセッテイガタファンドニイチマルサンゴールドマンサックスシャサイトウシガタ","外国投資信託受益証券","12月末日","","E35772","ウェイストーン・マネジメント・カンパニー（ＩＥ）リミテッド"
"G14052","","Ｓ＆Ｐ５００インデックスファンド（為替ヘッジあり）（ラップ向け）","エスアンドピーゴヒャクインデックスファンドカワセヘッジアリラップムケ","内国投資信託受益証券","2月25日","","E11518","三菱ＵＦＪアセットマネジメント株式会社"
"G14053","","米国国債７―１０年ラダーファンド（為替ヘッジなし）（ラップ向け）","ベイコクコクサイナナカラジュウネンラダーファンドカワセヘッジナシラップムケ","内国投資信託受益証券","3月17日","9月17日","E11518","三菱ＵＦＪアセットマネジメント株式会社"
"G14054","","ＥＳＧフォーカス　コムジェスト・クオリティグロース・世界株式ファンド","イーエスジーフォーカス　コムジェスト　クオリティグロース　セカイカブシキファンド","内国投資信託受益証券","11月20日","","E13447","ＳＢＩアセットマネジメント株式会社"
"G14055","","ＥＳＧフォーカス　コムジェスト・クオリティグロース・日本株式ファンド","イーエスジーフォーカス　コムジェスト　クオリティグロース　ニホンカブシキファンド","内国投資信託受益証券","11月20日","","E13447","ＳＢＩアセットマネジメント株式会社"
"G14056","","ポーレン米国グロース株式ファンド（資産成長型）","ポーレンベイコクグロースカブシキファンドシサンセイチョウガタ","内国投資信託受益証券","3月28日","9月28日","E06748","大和アセットマネジメント株式会社"
"G14057","","第７２回　２０２６年４月１６日満期　早期償還判定水準逓減型　早期償還条項付　ノックイン型日欧２指数（日経平均株価、ユーロ・ストックス５０指数）参照デジタル・クーポン円建信託社債（責任財産限定特約付）","ダイナナジュウニカイニセンニジュウロクネンシガツジュウロクニチマンキソウキショウカンハンテイスイジュンテイゲンガタソウキショウカンジョウコウツキノックインガタニチオウニシスウニッケイヘイキンカブカユーロストックスゴジュウシスウサンショウデジタルクーポンエンダテシンタクシャサイセキニンザイサンゲンテイトクヤクツキ","内国信託受益証券・信託受益権","4月16日","10月16日","E03627","三井住友信託銀行株式会社"
"G14058","","明治安田グローバル・マルチ戦略ファンド","メイジヤスダグローバルマルチセンリャクファンド","内国投資信託受益証券","9月10日","","E12448","明治安田アセットマネジメント株式会社"
"G14060","","野村ＤＣ未来トレンド発見ファンド","ノムラディーシーミライトレンドハッケンファンド","内国投資信託受益証券","11月14日","","E12460","野村アセットマネジメント株式会社"
"G14061","","マイターゲット２０６５（確定拠出年金向け）","マイターゲットニセンロクジュウゴカクテイキョシュツネンキンムケ","内国投資信託受益証券","6月28日","","E12460","野村アセットマネジメント株式会社"
"G14062","","ＰａｙＰａｙ投信　日経２２５インデックス","ペイペイトウシン　ニッケイニーニーゴインデックス","内国投資信託受益証券","3月5日","","E10677","アセットマネジメントＯｎｅ株式会社"
"G14063","","ＰａｙＰａｙ投信　ＮＹダウインデックス","ペイペイトウシン　ニューヨークダウインデックス","内国投資信託受益証券","3月5日","","E14601","ＰａｙＰａｙアセットマネジメント株式会社"
"G14064","","明治安田ウエリントン・世界イノベーション株式ファンド","メイジヤスダウエリントンセカイイノベーションカブシキファンド","内国投資信託受益証券","3月20日","9月20日","E12448","明治安田アセットマネジメント株式会社"
"G14065","","ビルドアップ型　ベイリー・ギフォード　インパクト投資ファンド２０２１－０４（限定追加型）","ビルドアップガタベイリーギフォードインパクトトウシファンドニセンニジュウイチゼロヨンゲンテイツイカガタ","内国投資信託受益証券","6月25日","","E11518","三菱ＵＦＪアセットマネジメント株式会社"
"G14067","","アライアンス・バーンスタイン－アメリカン・インカム・ポートフォリオ","アライアンスバーンスタインアメリカンインカムポートフォリオ","外国投資信託受益証券","8月末日","","E14866","アライアンス・バーンスタイン・ルクセンブルグ・エス・エイ・アール・エル"
"G14068","","まるごとひふみ１５、まるごとひふみ５０、まるごとひふみ１００","マルゴトヒフミジュウゴマルゴトヒフミゴジュウマルゴトヒフミヒャク","内国投資信託受益証券","4月15日","","E21671","レオス・キャピタルワークス株式会社"
"G14069","","ひふみらいと","ヒフミライト","内国投資信託受益証券","4月15日","","E21671","レオス・キャピタルワークス株式会社"
"G14070","","ピムコ・バミューダ・トラストＩＩ－ピムコ・バミューダ・インカム・ファンドＡ","ピムコバミューダトラストツーピムコバミューダインカムファンドエー","外国投資信託受益証券","10月末日","","E15034","パシフィック・インベストメント・マネジメント・カンパニー・エルエルシー"
"G14071","","フランクリン・テンプルトン　米国政府証券ファンド","フランクリン　テンプルトン　ベイコクセイフショウケンファンド","内国投資信託受益証券","3月15日","9月15日","E12425","フランクリン・テンプルトン・ジャパン株式会社"
"G14072","","テンプルトン・グローバル株式ファンド","テンプルトン　グローバルカブシキファンド","内国投資信託受益証券","11月28日","","E12425","フランクリン・テンプルトン・ジャパン株式会社"
"G14073","","テンプルトン世界債券ファンド　限定為替ヘッジコース　／　テンプルトン世界債券ファンド　為替ヘッジなしコース　／　テンプルトン世界債券ファンド　毎月分配型・為替ヘッジなしコース","テンプルトンセカイサイケンファンド　ゲンテイカワセヘッジコース　テンプルトンセカイサイケンファンド　カワセヘッジナシコース　テンプルトンセカイサイケンファンド　マイツキブンパイガタ　カワセヘッジナシコース","内国投資信託受益証券","6月20日","12月20日","E12425","フランクリン・テンプルトン・ジャパン株式会社"
"G14074","","ｉＴｒｕｓｔティンバー","アイトラストティンバー","内国投資信託受益証券","3月30日","","E10439","ピクテ・ジャパン株式会社"
"G14075","","ＰＩＭＣＯファンズ：グローバル・インベスターズ・シリーズ・ピーエルシー－ＰＩＭＣＯアジア・ハイ・イールド・ボンド・ファンド","ピムコファンズグローバルインベスターズシリーズピーエルシーピムコアジアハイイールドボンドファンド","外国投資証券","12月末日","","E36483","ＰＩＭＣＯファンズ：グローバル・インベスターズ・シリーズ・ピーエルシー"
"G14076","","日本厳選株式ファンド","ニホンゲンセンカブシキファンド","内国投資信託受益証券","3月10日","","E32011","りそなアセットマネジメント株式会社"
"G14077","","楽天・米国社債１－５年インデックス（為替ヘッジ）ファンド（ラップ向け）","ラクテン　ベイコクシャサイイチカラゴネンインデックス　カワセヘッジ　ファンド　ラップムケ","内国投資信託受益証券","8月25日","","E15787","楽天投信投資顧問株式会社"
"G14078","","楽天・米国社債５－１０年インデックス（為替ヘッジ）ファンド（ラップ向け）","ラクテン　ベイコクシャサイゴカラジュウネンインデックス　カワセヘッジ　ファンド　ラップムケ","内国投資信託受益証券","8月25日","","E15787","楽天投信投資顧問株式会社"
"G14079","","楽天・米国株式トレンドプラス・ファンド","ラクテン　ベイコクカブシキトレンドプラス　ファンド","内国投資信託受益証券","8月25日","","E15787","楽天投信投資顧問株式会社"
"G14080","","第１３４回２０２５年１２月満期株価指数参照円建信託社債（デジタルクーポン型・トリガー価格逓減早期償還条項付）（責任財産限定特約付）参照指数：日経平均株価","ダイヒャクサンジュウヨンカイニセンニジュウゴネンジュウニガツマンキカブカシスウサンショウエンダテシンタクシャサイデジタルクーポンガタトリガーカカクテイゲンソウキショウカンジョウコウツキセキニンザイサンゲンテイトクヤクツキサンショウシスウニッケイヘイキンカブカ","内国信託受益証券・信託受益権","4月11日","10月11日","E03626","三菱ＵＦＪ信託銀行株式会社"
"G14081","","第１３５回２０２４年６月満期株価指数参照円建信託社債（固定クーポン型・トリガー価格逓減早期償還条項付）（責任財産限定特約付）参照指数：日経平均株価","ダイヒャクサンジュウゴカイニセンニジュウヨネンロクガツマンキカブカシスウサンショウエンダテシンタクシャサイコテイクーポンガタトリガーカカクテイゲンソウキショウカンジョウコウツキセキニンザイサンゲンテイトクヤクツキサンショウシスウニッケイヘイキンカブカ","内国信託受益証券・信託受益権","4月11日","10月11日","E03626","三菱ＵＦＪ信託銀行株式会社"
"G14082","","ＧＳ　日本成長株集中投資ファンド（ＳＭＡ専用）","ジーエス　ニホンセイチョウカブシュウチュウトウシファンド　エスエムエーセンヨウ","内国投資信託受益証券","6月15日","","E12457","ゴールドマン・サックス・アセット・マネジメント株式会社"
"G14083","","しんきんＳ＆Ｐ５００インデックスファンド","シンキンエスアンドピーゴヒャクインデックスファンド","内国投資信託受益証券","12月20日","","E12422","しんきんアセットマネジメント投信株式会社"
"G14084","","ベイリー・ギフォード　インパクト投資ファンド（予想分配金提示型）","ベイリーギフォードインパクトトウシファンドヨソウブンパイキンテイジガタ","内国投資信託受益証券","6月25日","12月25日","E11518","三菱ＵＦＪアセットマネジメント株式会社"
"G14085","","第７４回　２０２６年４月２７日満期　早期償還判定水準逓減型　早期償還条項付　ノックイン型日欧２指数（日経平均株価、ユーロ・ストックス５０指数）参照デジタル・クーポン円建信託社債（責任財産限定特約付）","ダイナナジュウヨンカイニセンニジュウロクネンシガツニジュウナナニチマンキソウキショウカンハンテイスイジュンテイゲンガタソウキショウカンジョウコウツキノックインガタニチオウニシスウニッケイヘイキンカブカユーロストックスゴジュウシスウサンショウデジタルクーポンエンダテシンタクシャサイセキニンザイサンゲンテイトクヤクツキ","内国信託受益証券・信託受益権","4月27日","10月27日","E03627","三井住友信託銀行株式会社"
"G14086","","あおぞら・新グローバル分散ファンド（限定追加型）２０２１‐０４","アオゾラシングローバルブンサンファンドゲンテイツイカガタニイゼロニイイチノゼロヨン","内国投資信託受益証券","11月10日","","E30689","あおぞら投信株式会社"
"G14087","","第７３回　２０２３年４月２７日満期　早期償還判定水準逓減型　早期償還条項付　ノックイン型日米２指数（日経平均株価・Ｓ＆Ｐ５００指数）参照円建信託社債（責任財産限定特約付）","ダイナナジュウサンカイニセンニジュウサンネンシガツニジュウナナニチマンキソウキショウカンハンテイスイジュンテイゲンガタソウキショウカンジョウコウツキノックインガタニチベイニシスウニッケイヘイキンカブカスタンダードアンドプアーズゴヒャクシスウサンショウエンダテシンタクシャサイセキニンザイサンゲンテイトクヤクツキ","内国投資信託受益証券","4月27日","10月27日","E03627","三井住友信託銀行株式会社"
"G14088","","ｉＦｒｅｅＮＥＸＴ　ＡＴＭＸ＋","アイフリーネクストエーティーエムエックスプラス","内国投資信託受益証券","3月23日","","E06748","大和アセットマネジメント株式会社"
"G14089","","アムンディ環境・気候変動対策ファンド","アムンディカンキョウキコウヘンドウタイサクファンド","内国投資信託受益証券","3月25日","9月25日","E09666","アムンディ・ジャパン株式会社"
"G14090","26330","ＮＥＸＴ　ＦＵＮＤＳ　Ｓ＆Ｐ　５００　指数（為替ヘッジなし）連動型上場投信","ネクストファンズエスアンドピーゴヒャクシスウカワセヘッジナシレンドウガタジョウジョウトウシン","内国投資信託受益証券","3月10日","9月10日","E12460","野村アセットマネジメント株式会社"
"G14091","26340","ＮＥＸＴ　ＦＵＮＤＳ　Ｓ＆Ｐ　５００　指数（為替ヘッジあり）連動型上場投信","ネクストファンズエスアンドピーゴヒャクシスウカワセヘッジアリレンドウガタジョウジョウトウシン","内国投資信託受益証券","3月10日","9月10日","E12460","野村アセットマネジメント株式会社"
"G14092","","ＮＥＸＴ　ＦＵＮＤＳ　Ｓ＆Ｐ　５００スコアリング＆スクリーニング指数連動型上場投信","ネクストファンズエスアンドピーゴヒャクスコアリングアンドスクリーニングシスウレンドウガタジョウジョウトウシン","内国投資信託受益証券","3月10日","9月10日","E12460","野村アセットマネジメント株式会社"
"G14093","","多資産分散投資ファンド（バランス１０）（確定拠出年金向け）","タシサンブンサントウシファンドバランステンカクテイキョシュツネンキンムケ","内国投資信託受益証券","6月22日","","E12460","野村アセットマネジメント株式会社"
"G14094","","次世代通信関連　世界株式戦略ファンド（予想分配金提示型）","ジセダイツウシンカンレン　セカイカブシキセンリャクファンド　ヨソウブンパイキンテイジガタ","内国投資信託受益証券","1月7日","7月7日","E12444","三井住友トラスト・アセットマネジメント株式会社"
"G14095","","あおぞら・新グローバル・コア・ファンド（限定追加型）２０２１－Ⅰ","アオゾラシングローバルコアファンドゲンテイツイカガタニイゼロニイイチノイチ","内国投資信託受益証券","4月20日","","E30689","あおぞら投信株式会社"
"G14096","","Ｓ＆Ｐ５００（マルチアイ搭載）","エスアンドピーゴヒャクマルチアイトウサイ","内国投資信託受益証券","3月25日","","E06748","大和アセットマネジメント株式会社"
"G14097","","ＮＡＳＤＡＱ１００トリプル（マルチアイ搭載）","ナスダックヒャクトリプルマルチアイトウサイ","内国投資信託受益証券","3月25日","","E06748","大和アセットマネジメント株式会社"
"G14098","","三菱ＵＦＪ　ＤＣ世界ＥＳＧバランスファンド","ミツビシユーエフジェイディーシーセカイイーエスジーバランスファンド","内国投資信託受益証券","6月25日","","E11518","三菱ＵＦＪアセットマネジメント株式会社"
"G14099","","知的資本日本株ファンド","チテキシホンニホンカブファンド","内国投資信託受益証券","6月25日","12月25日","E14714","キャピタル　アセットマネジメント株式会社"
"G14100","","イノベーティブ・カーボンニュートラル戦略ファンド","イノベーティブカーボンニュートラルセンリャクファンド","内国投資信託受益証券","4月7日","","E08957","三井住友ＤＳアセットマネジメント株式会社"
"G14105","26360","グローバルＸ　ＭＳＣＩ　ガバナンス・クオリティ－日本株式　ＥＴＦ","グローバルエックスエムエスシーアイガバナンスクオリティニホンカブシキイーティーエフ","内国投資信託受益証券","3月24日","9月24日","E35933","Ｇｌｏｂａｌ　Ｘ　Ｊａｐａｎ株式会社"
"G14106","26370","グローバルＸ　クリーンテック－日本株式　ＥＴＦ","グローバルエックスクリーンテックニホンカブシキイーティーエフ","内国投資信託受益証券","3月24日","9月24日","E35933","Ｇｌｏｂａｌ　Ｘ　Ｊａｐａｎ株式会社"
"G14107","","デジタルヘルス株式ファンド","デジタルヘルスカブシキファンド","内国投資信託受益証券","4月11日","","E11764","Ｔ＆Ｄアセットマネジメント株式会社"
"G14108","","ダイワ・ブルベア・ファンド６：ブル３倍日本株ポートフォリオ６、ベア２倍日本株ポートフォリオ６、ブルベア・マネー・ポートフォリオ６","ダイワブルベアファンドシックスブルサンバイニホンカブポートフォリオシックスベアニバイニホンカブポートフォリオシックスブルベアマネーポートフォリオシックス","内国投資信託受益証券","4月15日","","E06748","大和アセットマネジメント株式会社"
"G14109","","ＤＣ日本株式ＥＳＧセレクト・リーダーズインデックスファンド","ディーシーニホンカブシキイーエスジーセレクト　リーダーズインデックスファンド","内国投資信託受益証券","4月5日","","E12444","三井住友トラスト・アセットマネジメント株式会社"
"G14111","","第７６回　２０２６年５月１８日満期　早期償還判定水準逓減型　早期償還条項付　ノックイン型日欧２指数（日経平均株価、ユーロ・ストックス５０指数）参照デジタル・クーポン円建信託社債（責任財産限定特約付）","ダイナナジュウロクカイニセンニジュウロクネンゴガツジュウハチニチマンキソウキショウカンハンテイスイジュンテイゲンガタソウキショウカンジョウコウツキノックインガタニチオウニシスウニッケイヘイキンカブカユーロストックスゴジュウシスウサンショウデジタルクーポンエンダテシンタクシャサイセキニンザイサンゲンテイトクヤクツキ","内国信託受益証券・信託受益権","5月18日","11月18日","E03627","三井住友信託銀行株式会社"
"G14112","","グローバル・エクスポネンシャル・イノベーション・ファンド","グローバル　エクスポネンシャル　イノベーション　ファンド","内国投資信託受益証券","4月20日","","E12430","アモーヴァ・アセットマネジメント株式会社"
"G14113","","グローバル・ディスラプター成長株ファンド（予想分配金提示型）","グローバルディスラプターセイチョウカブファンドヨソウブンパイキンテイジガタ","内国投資信託受益証券","4月25日","10月25日","E12453","ニッセイアセットマネジメント株式会社"
"G14114","","グローバル・ディスラプター成長株ファンド（資産成長型）","グローバルディスラプターセイチョウカブファンドシサンセイチョウガタ","内国投資信託受益証券","4月25日","","E12453","ニッセイアセットマネジメント株式会社"
"G14115","","ニッセイ気候変動関連グローバル株式ファンド（予想分配金提示型）","ニッセイキコウヘンドウカンレングローバルカブシキファンドヨソウブンパイキンテイジガタ","内国投資信託受益証券","4月25日","10月25日","E12453","ニッセイアセットマネジメント株式会社"
"G14116","","ニッセイ気候変動関連グローバル株式ファンド（資産成長型）","ニッセイキコウヘンドウカンレングローバルカブシキファンドシサンセイチョウガタ","内国投資信託受益証券","4月25日","","E12453","ニッセイアセットマネジメント株式会社"
"G14118","","ＳＢＩ国内大小成長株ファンド","エスビーアイコクナイダイショウセイチョウカブファンド","内国投資信託受益証券","4月25日","","E13447","ＳＢＩアセットマネジメント株式会社"
"G14119","","日亜厳選ロング・ショート・ファンド","ニチアゲンセンロングショートファンド","内国投資信託受益証券","3月28日","","E06748","大和アセットマネジメント株式会社"
"G14120","","マクロテーマ・ロング・ショート・ファンド","マクロテーマロングショートファンド","内国投資信託受益証券","3月28日","","E06748","大和アセットマネジメント株式会社"
"G14121","","テーマレバレッジ　ＥＶ２倍","テーマレバレッジイーブイニバイ","内国投資信託受益証券","3月28日","","E06748","大和アセットマネジメント株式会社"
"G14122","","テーマレバレッジ　中国ニューエコノミー２倍","テーマレバレッジチュウゴクニューエコノミーニバイ","内国投資信託受益証券","3月28日","","E06748","大和アセットマネジメント株式会社"
"G14123","","日本生命第６回劣後ローン流動化株式会社","ニホンセイメイダイロクカイレツゴローンリュウドウカカブシキカイシャ","内国資産流動化証券","9月30日","","E36583","日本生命第６回劣後ローン流動化株式会社"
"G14124","","ラップ向けインデックスｆ　国内株式","ラップムケインデックスエフコクナイカブシキ","内国投資信託受益証券","3月25日","","E11518","三菱ＵＦＪアセットマネジメント株式会社"
"G14125","","ラップ向けインデックスｆ　国内債券","ラップムケインデックスエフコクナイサイケン","内国投資信託受益証券","3月25日","","E11518","三菱ＵＦＪアセットマネジメント株式会社"
"G14126","","ラップ向けインデックスｆ　国内リート","ラップムケインデックスエフコクナイリート","内国投資信託受益証券","3月25日","","E11518","三菱ＵＦＪアセットマネジメント株式会社"
"G14127","","ラップ向けインデックスｆ　先進国株式","ラップムケインデックスエフセンシンコクカブシキ","内国投資信託受益証券","3月25日","","E11518","三菱ＵＦＪアセットマネジメント株式会社"
"G14128","","ラップ向けインデックスｆ　先進国債券","ラップムケインデックスエフセンシンコクサイケン","内国投資信託受益証券","3月25日","","E11518","三菱ＵＦＪアセットマネジメント株式会社"
"G14129","","ラップ向けインデックスｆ　先進国リート","ラップムケインデックスエフセンシンコクリート","内国投資信託受益証券","3月25日","","E11518","三菱ＵＦＪアセットマネジメント株式会社"
"G14130","","ラップ向けインデックスｆ　新興国株式","ラップムケインデックスエフシンコウコクカブシキ","内国投資信託受益証券","3月25日","","E11518","三菱ＵＦＪアセットマネジメント株式会社"
"G14131","","ラップ向けインデックスｆ　新興国債券","ラップムケインデックスエフシンコウコクサイケン","内国投資信託受益証券","3月25日","","E11518","三菱ＵＦＪアセットマネジメント株式会社"
"G14132","","円建グローバル公社債ファンド","エンダテグローバルコウシャサイファンド","内国投資信託受益証券","3月18日","","E32011","りそなアセットマネジメント株式会社"
"G14133","","Ｏｎｅ円建て債券ファンド２０２１－０５","ワンエンダテサイケンファンドニイゼロニイイチゼロゴウ","内国投資信託受益証券","3月28日","","E10677","アセットマネジメントＯｎｅ株式会社"
"G14134","","ユーロ建てハイブリッド証券ファンド（為替ヘッジあり）２０２１－０５（限定追加型）","ユーロダテハイブリッドショウケンファンドカワセヘッジアリニセンニジュウイチノゴゲンテイツイカガタ","内国投資信託受益証券","5月17日","","E12460","野村アセットマネジメント株式会社"
"G14135","","第１３６回２０２６年３月満期株価指数参照円建信託社債（デジタルクーポン型・トリガー価格逓減早期償還条項付）（責任財産限定特約付）参照指数：日経平均株価","ダイヒャクサンジュウロッカイニセンニジュウロクネンサンガツマンキカブカシスウサンショウエンダテシンタクシャサイデジタルクーポンガタトリガーカカクテイゲンソウキショウカンジョウコウツキセキニンザイサンゲンテイトクヤクツキサンショウシスウニッケイヘイキンカブカ","内国信託受益証券・信託受益権","5月11日","11月11日","E03626","三菱ＵＦＪ信託銀行株式会社"
"G14136","","第１３７回２０２４年６月満期株価指数参照円建信託社債（固定クーポン型・トリガー価格逓減早期償還条項付）（責任財産限定特約付）参照指数：日経平均株価","ダイヒャクサンジュウナナカイニセンニジュウヨネンロクガツマンキカブカシスウサンショウエンダテシンタクシャサイコテイクーポンガタトリガーカカクテイゲンソウキショウカンジョウコウツキセキニンザイサンゲンテイトクヤクツキサンショウシスウニッケイヘイキンカブカ","内国信託受益証券・信託受益権","5月11日","11月11日","E03626","三菱ＵＦＪ信託銀行株式会社"
"G14137","","ニッセイ新興国テクノロジー関連株式ファンド（予想分配金提示型）","ニッセイシンコウコクテクノロジーカンレンカブシキファンドヨソウブンパイキンテイジガタ","内国投資信託受益証券","4月25日","10月25日","E12453","ニッセイアセットマネジメント株式会社"
"G14138","","ニッセイ新興国テクノロジー関連株式ファンド（資産成長型）","ニッセイシンコウコクテクノロジーカンレンカブシキファンドシサンセイチョウガタ","内国投資信託受益証券","4月25日","","E12453","ニッセイアセットマネジメント株式会社"
"G14141","","パーインベスト（ルクセンブルグ）ＳＩＣＡＶ　－　ＣＰＳハーバー米国株式ファンド","パーインベストルクセンブルグシキャブシーピーエスハーバーベイコクカブシキファンド","外国投資証券","12月末日","","E36502","パーインベスト（ルクセンブルグ）ＳＩＣＡＶ"
"G14142","","ｉＦｒｅｅレバレッジ　ＡＴＭＸ＋","アイフリーレバレッジエーティーエムエックスプラス","内国投資信託受益証券","4月26日","","E06748","大和アセットマネジメント株式会社"
"G14143","","デジタル・トランスフォーメーション株式ファンド（予想分配金提示型）","デジタル　トランスフォーメーションカブシキファンド　ヨソウブンパイキンテイジガタ","内国投資信託受益証券","6月7日","12月7日","E12430","アモーヴァ・アセットマネジメント株式会社"
"G14144","","脱炭素関連　世界株式戦略ファンド（資産成長型）　脱炭素関連　世界株式戦略ファンド（予想分配金提示型）","ダツタンソカンレンセカイカブシキセンリャクファンド　シサンセイチョウガタ　ダツタンソカンレンセカイカブシキセンリャクファンド　ヨソウブンパイキンテイジガタ","内国投資信託受益証券","4月7日","10月7日","E12444","三井住友トラスト・アセットマネジメント株式会社"
"G14145","","ＰＩＭＣＯ　グローバル・ターゲット戦略債券ファンド２０２１－０６（限定追加型）","ピムコグローバルターゲットセンリャクサイケンファンドニイゼロニイイチゼロロクゲンテイツイカガタ","内国投資信託受益証券","6月13日","","E08957","三井住友ＤＳアセットマネジメント株式会社"
"G14146","","第８０回　２０２６年６月１２日満期　早期償還判定水準逓減型　早期償還条項付　ノックイン型日欧２指数（日経平均株価、ユーロ・ストックス５０指数）参照デジタル・クーポン円建信託社債（責任財産限定特約付）","ダイハチジュッカイニセンニジュウロクネンロクガツジュウニニチマンキソウキショウカンハンテイスイジュンテイゲンガタソウキショウカンジョウコウツキノックインガタニチオウニシスウニッケイヘイキンカブカユーロストックスゴジュウシスウサンショウデジタルクーポンエンダテシンタクシャサイセキニンザイサンゲンテイトクヤクツキ","内国信託受益証券・信託受益権","6月12日","12月12日","E03627","三井住友信託銀行株式会社"
"G14147","","ＭＡＳＡＭＩＴＳＵ日本株戦略ファンド（ＤＣ向け）","マサミツニホンカブセンリャクファンド　ディーシームケ","内国投資信託受益証券","10月25日","","E27917","ファイブスター投信投資顧問株式会社"
"G14149","29890","東海道リート投資法人","トウカイドウリートトウシホウジン","内国投資証券","1月末日","7月末日","E36620","東海道リート投資法人"
"G14150","","日本大型株長期厳選投資","ニホンオオガタカブチョウキゲンセントウシ","内国投資信託受益証券","4月24日","","E06748","大和アセットマネジメント株式会社"
"G14151","","ｅＭＡＸＩＳ　Ｎｅｏ　クリーンテック","イーマクシスネオクリーンテック","内国投資信託受益証券","8月17日","","E11518","三菱ＵＦＪアセットマネジメント株式会社"
"G14152","","ｅＭＡＸＩＳ　Ｎｅｏ　電気自動車","イーマクシスネオデンキジドウシャ","内国投資信託受益証券","8月17日","","E11518","三菱ＵＦＪアセットマネジメント株式会社"
"G14153","","ｉＴｒｕｓｔスマートシティ","アイトラストスマートシティ","内国投資信託受益証券","3月15日","","E10439","ピクテ・ジャパン株式会社"
"G14154","","パインブリッジ・デイリー・ミックス・オープン（為替ヘッジあり）（為替ヘッジなし）","パインブリッジデイリーミックスオープンカワセヘッジアリカワセヘッジナシ","内国投資信託受益証券","3月29日","9月29日","E12437","パインブリッジ・インベストメンツ株式会社"
"G14155","","シュローダー・グローバル・リートＥＳＧフォーカス・ファンド（予想分配金提示型）","シュローダー　グローバル　リートイーエスジーフォーカス　ファンド　ヨソウブンパイキンテイジガタ","内国投資信託受益証券","3月20日","9月20日","E12586","シュローダー・インベストメント・マネジメント株式会社"
"G14156","","シュローダー・グローバル・リートＥＳＧフォーカス・ファンド（資産成長型）","シュローダー　グローバル　リートイーエスジーフォーカス　ファンド　シサンセイチョウガタ","内国投資信託受益証券","9月20日","","E12586","シュローダー・インベストメント・マネジメント株式会社"
"G14157","","グローバルＧＸ関連株式ファンド","グローバルジーエックスカンレンカブシキファンド","内国投資信託受益証券","5月12日","","E08957","三井住友ＤＳアセットマネジメント株式会社"
"G14158","","ＵＢＳ気候変動関連グローバル成長株式ファンド（年４回決算・予想分配金提示型）","ユービーエスキコウヘンドウカンレングローバルセイチョウカブシキファンド　ネンヨンカイケッサン　ヨソウブンパイキンテイジガタ","内国投資信託受益証券","2月20日","8月20日","E12473","ＵＢＳアセット・マネジメント株式会社"
"G14159","","グローバルＡＺファンド　Ａコース／グローバルＡＺファンド　Ｂコース／グローバルＡＺファンド　Ｃコース／グローバルＡＺファンド　Ｄコース／グローバルＡＺファンド　Ｅコース","グローバルエーゼットファンド　エーコース　グローバルエーゼットファンド　ビーコース　グローバルエーゼットファンド　シーコース　グローバルエーゼットファンド　ディーコース　グローバルエーゼットファンド　イーコース","内国投資信託受益証券","9月20日","","E15787","楽天投信投資顧問株式会社"
"G14160","","第１３８回２０２６年３月満期株価指数参照円建信託社債（デジタルクーポン型・トリガー価格逓減早期償還条項付）（責任財産限定特約付）参照指数：日経平均株価","ダイヒャクサンジュウハッカイニセンニジュウロクネンサンガツマンキカブカシスウサンショウエンダテシンタクシャサイデジタルクーポンガタトリガーカカクテイゲンソウキショウカンジョウコウツキセキニンザイサンゲンテイトクヤクツキサンショウシスウニッケイヘイキンカブカ","内国信託受益証券・信託受益権","6月11日","12月11日","E03626","三菱ＵＦＪ信託銀行株式会社"
"G14161","","第１３９回２０２４年６月満期株価指数参照円建信託社債（固定クーポン型・トリガー価格逓減早期償還条項付）（責任財産限定特約付）参照指数：日経平均株価","ダイヒャクサンジュウキュウカイニセンニジュウヨネンロクガツマンキカブカシスウサンショウエンダテシンタクシャサイコテイクーポンガタトリガーカカクテイゲンソウキショウカンジョウコウツキセキニンザイサンゲンテイトクヤクツキサンショウシスウニッケイヘイキンカブカ","内国信託受益証券・信託受益権","6月11日","12月11日","E03626","三菱ＵＦＪ信託銀行株式会社"
"G14162","","アジアＧＸ関連株式ファンド","アジアジーエックスカンレンカブシキファンド","内国投資信託受益証券","5月12日","","E08957","三井住友ＤＳアセットマネジメント株式会社"
"G14163","","しんきんＵＳバランス・プラスゴールド（１年決算型）","シンキンユーエスバランスプラスゴールドイチネンケッサンガタ","内国投資信託受益証券","2月25日","","E12422","しんきんアセットマネジメント投信株式会社"
"G14165","","米国株式トレンド・ウォッチ戦略ファンド","ベイコクカブシキトレンドウォッチセンリャクファンド","内国投資信託受益証券","5月13日","","E11518","三菱ＵＦＪアセットマネジメント株式会社"
"G14166","","グリーン・テクノロジー株式ファンド（為替ヘッジあり）／（為替ヘッジなし）","グリーンテクノロジーカブシキファンドカワセヘッジアリカワセヘッジナシ","内国投資信託受益証券","5月27日","","E11518","三菱ＵＦＪアセットマネジメント株式会社"
"G14168","","ウォルター・スコット優良成長企業ファンド（資産成長型）","ウォルタースコットユウリョウセイチョウキギョウファンドシサンセイチョウガタ","内国投資信託受益証券","5月17日","11月17日","E06748","大和アセットマネジメント株式会社"
"G14169","","テーマレバレッジ　ＤＸ２倍","テーマレバレッジディーエックスニバイ","内国投資信託受益証券","3月28日","","E06748","大和アセットマネジメント株式会社"
"G14170","","テーマレバレッジ　ゲーム＆ｅスポーツ２倍","テーマレバレッジゲームアンドイースポーツニバイ","内国投資信託受益証券","3月28日","","E06748","大和アセットマネジメント株式会社"
"G14171","","テーマレバレッジ　ｅコマース２倍","テーマレバレッジイーコマースニバイ","内国投資信託受益証券","3月28日","","E06748","大和アセットマネジメント株式会社"
"G14172","","第８１回　２０２６年６月３０日満期　早期償還判定水準逓減型　早期償還条項付　ノックイン型日欧２指数（日経平均株価、ユーロ・ストックス５０指数）参照デジタル・クーポン円建信託社債（責任財産限定特約付）","ダイハチジュウイチカイニセンニジュウロクネンロクガツサンジュウニチマンキソウキショウカンハンテイスイジュンテイゲンガタソウキショウカンジョウコウツキノックインガタニチオウニシスウニッケイヘイキンカブカユーロストックスゴジュウシスウサンショウデジタルクーポンエンダテシンタクシャサイセキニンザイサンゲンテイトクヤクツキ","内国信託受益証券・信託受益権","6月30日","12月30日","E03627","三井住友信託銀行株式会社"
"G14173","","第８２回　２０２６年６月３０日満期　早期償還判定水準逓減型　早期償還条項付　ノックイン型日欧２指数（日経平均株価、ユーロ・ストックス５０指数）参照デジタル・クーポン円建信託社債（責任財産限定特約付）","ダイハチジュウニカイニセンニジュウロクネンロクガツサンジュウニチマンキソウキショウカンハンテイスイジュンテイゲンガタソウキショウカンジョウコウツキノックインガタニチオウニシスウニッケイヘイキンカブカユーロストックスゴジュウシスウサンショウデジタルクーポンエンダテシンタクシャサイセキニンザイサンゲンテイトクヤクツキ","内国信託受益証券・信託受益権","6月30日","12月30日","E03627","三井住友信託銀行株式会社"
"G14174","","ＭＵＦＧ　ウェルス・インサイト・ファンド（保守型）（標準型）（積極型）（マネープール）","エムユーエフジーウェルスインサイトファンドホシュガタヒョウジュンガタセッキョクガタマネープール","内国投資信託受益証券","5月20日","","E11518","三菱ＵＦＪアセットマネジメント株式会社"
"G14176","","フォーカス・シキャブ－ＵＳコーポレート・ボンド・サステナブル・米ドル　クラスＦ－ａｃｃ投資証券　－ワールドバンク・ロング・ターム・ボンド・米ドル　クラスＦ－ａｃｃ投資証券","フォーカスシキャブユーエスコーポレートボンドサステナブルベイドルクラスエフエーシーシートウシショウケンワールドバンクロングタームボンドベイドルクラスエフエーシーシートウシショウケン","外国投資証券","10月末日","","E32015","フォーカス・シキャブ"
"G14177","","グローバル・オポチュニティーズ・アクセス－サステナブル・ボンド　クラスＦ－ａｃｃ投資証券　－サステナブル・エクイティ　クラスＦ－ａｃｃ投資証券","グローバルオポチュニティーズアクセス　サステナブルボンドクラスエフエーシーシートウシショウケン　サステナブルエクイティクラスエフエーシーシートウシショウケン","外国投資証券","7月末日","","E32021","グローバル・オポチュニティーズ・アクセス"
"G14178","","ＳＢＩ・Ｖ・全米株式インデックス・ファンド","エスビーアイ　ブイ　ゼンベイカブシキ　インデックスファンド","内国投資信託受益証券","7月11日","","E13447","ＳＢＩアセットマネジメント株式会社"
"G14179","","ＳＢＩ・Ｖ・米国高配当株式インデックス・ファンド","エスビーアイ　ブイ　ベイコクコウハイトウカブシキ　インデックスファンド","内国投資信託受益証券","7月11日","","E13447","ＳＢＩアセットマネジメント株式会社"
"G14180","","フェデレーテッド・ハーミーズ・インベストメント・ファンズ・ピーエルシー－フェデレーテッド・ハーミーズ・グローバル・ＳＭＩＤエクイティ・エンゲージメント・ファンド／フェデレーテッド・ハーミーズ・グローバル・ハイ・イールド・クレジット・エンゲージメント・ファンド","フェデレーテッドハーミーズインベストメントファンズピーエルシーフェデレーテッドハーミーズグローバルエスエムアイディーエクイティエンゲージメントファンドフェデレーテッドハーミーズグローバルハイイールドクレジットエンゲージメントファンド","外国投資証券","12月末日","","E36684","フェデレーテッド・ハーミーズ・インベストメント・ファンズ・ピーエルシー"
"G14182","","東京海上・再生可能エネルギー・インカム戦略ファンド（年１回決算型）","トウキョウカイジョウサイセイカノウエネルギーインカムセンリャクファンドネンイッカイケッサンガタ","内国投資信託受益証券","11月15日","","E06433","東京海上アセットマネジメント株式会社"
"G14183","","東京海上・再生可能エネルギー・インカム戦略ファンド（毎月決算型）","トウキョウカイジョウサイセイカノウエネルギーインカムセンリャクファンドマイツキケッサンガタ","内国投資信託受益証券","5月15日","11月15日","E06433","東京海上アセットマネジメント株式会社"
"G14184","","グローバル・スペース株式ファンド（年２回決算型）","グローバル　スペースカブシキファンド　ネンニカイケッサンガタ","内国投資信託受益証券","6月7日","12月7日","E12430","アモーヴァ・アセットマネジメント株式会社"
"G14185","","グローバル・スペース株式ファンド（為替ヘッジあり・１年決算型）","グローバル　スペースカブシキファンド　カワセヘッジアリ　イチネンケッサンガタ","内国投資信託受益証券","6月7日","","E12430","アモーヴァ・アセットマネジメント株式会社"
"G14186","","グローバル・スペース株式ファンド（為替ヘッジあり・年２回決算型）","グローバル　スペースカブシキファンド　カワセヘッジアリ　ネンニカイケッサンガタ","内国投資信託受益証券","6月7日","12月7日","E12430","アモーヴァ・アセットマネジメント株式会社"
"G14187","","日本株式インパクト投資ファンド","ニホンカブシキインパクトトウシファンド","内国投資信託受益証券","5月20日","","E32011","りそなアセットマネジメント株式会社"
"G14188","","ハリス　グローバル　バリュー株ファンド（資産成長型）","ハリスグローバルバリューカブファンドシサンセイチョウガタ","内国投資信託受益証券","9月16日","","E12447","朝日ライフ　アセットマネジメント株式会社"
"G14189","","楽天・資産づくりファンド（のんびりコース）／楽天・資産づくりファンド（じっくりコース）／楽天・資産づくりファンド（なかなかコース）／楽天・資産づくりファンド（しっかりコース）／楽天・資産づくりファンド（がっちりコース）","ラクテン　シサンヅクリファンド　ノンビリコース　ラクテン　シサンヅクリファンド　ジックリコース　ラクテン　シサンヅクリファンド　ナカナカコース　ラクテン　シサンヅクリファンド　シッカリコース　ラクテン　シサンヅクリファンド　ガッチリコース","内国投資信託受益証券","4月20日","","E15787","楽天投信投資顧問株式会社"
"G14190","","第８４回　２０２６年７月１６日満期　早期償還判定水準逓減型　早期償還条項付　ノックイン型日欧２指数（日経平均株価、ユーロ・ストックス５０指数）参照デジタル・クーポン円建信託社債（責任財産限定特約付）","ダイハチジュウヨンカイニセンニジュウロクネンナナガツジュウロクニチマンキソウキショウカンハンテイスイジュンテイゲンガタソウキショウカンジョウコウツキノックインガタニチオウニシスウニッケイヘイキンカブカユーロストックスゴジュウシスウサンショウデジタルクーポンエンダテシンタクシャサイセキニンザイサンゲンテイトクヤクツキ","内国信託受益証券・信託受益権","1月16日","7月16日","E03627","三井住友信託銀行株式会社"
"G14191","26420","ＳＭＴ　ＥＴＦカーボン・エフィシェント日本株","エスエムティー　イーティーエフカーボン　エフィシェントニホンカブ","内国投資信託受益証券","1月11日","7月11日","E12444","三井住友トラスト・アセットマネジメント株式会社"
"G14192","","みらいコネクトファンド","ミライコネクトファンド","内国投資信託受益証券","3月12日","","E31533","スカイオーシャン・アセットマネジメント株式会社"
"G14193","","ＵＢＳ（Ｌｕｘ）エクイティ・シキャブ－オール・チャイナ（米ドル）","ユービーエスルクスエクイティシキャブオールチャイナベイドル","外国投資証券","5月末日","","E30637","ＵＢＳ（Ｌｕｘ）エクイティ・シキャブ"
"G14194","","グローバル５．５倍バランスファンド（予想分配金提示型）","グローバルゴウテンゴバイバランスファンド　ヨソウブンパイキンテイジガタ","内国投資信託受益証券","6月21日","12月21日","E12430","アモーヴァ・アセットマネジメント株式会社"
"G14195","","あおぞら・新グローバル分散ファンド（限定追加型）２０２１‐０７","アオゾラシングローバルブンサンファンドゲンテイツイカガタニイゼロニイイチノゼロナナ","内国投資信託受益証券","11月10日","","E30689","あおぞら投信株式会社"
"G14196","","テーマレバレッジ　ヘルステック２倍","テーマレバレッジ　ヘルステックニバイ","内国投資信託受益証券","3月28日","","E06748","大和アセットマネジメント株式会社"
"G14197","","テーマレバレッジ　クリーンテック２倍","テーマレバレッジ　クリーンテックニバイ","内国投資信託受益証券","3月28日","","E06748","大和アセットマネジメント株式会社"
"G14198","","テーマレバレッジ　ブロックチェーン２倍","テーマレバレッジ　ブロックチェーンニバイ","内国投資信託受益証券","3月28日","","E06748","大和アセットマネジメント株式会社"
"G14199","","グローバルＥＳＧ株式インデックスファンド","グローバルイーエスジーカブシキインデックスファンド","内国投資信託受益証券","4月20日","","E31678","ちばぎんアセットマネジメント株式会社"
"G14200","26380","グローバルＸ　ロボティクス＆ＡＩ－日本株式　ＥＴＦ","グローバルエックスロボティクスアンドエーアイニホンカブシキイーティーエフ","内国投資信託受益証券","6月24日","12月24日","E35933","Ｇｌｏｂａｌ　Ｘ　Ｊａｐａｎ株式会社"
"G14201","26390","グローバルＸ　バイオ＆メドテック－日本株式　ＥＴＦ","グローバルエックスバイオアンドメドテックニホンカブシキイーティーエフ","内国投資信託受益証券","6月24日","12月24日","E35933","Ｇｌｏｂａｌ　Ｘ　Ｊａｐａｎ株式会社"
"G14202","26400","グローバルＸ　ゲーム＆アニメ－日本株式　ＥＴＦ","グローバルエックスゲームアンドアニメニホンカブシキイーティーエフ","内国投資信託受益証券","6月24日","12月24日","E35933","Ｇｌｏｂａｌ　Ｘ　Ｊａｐａｎ株式会社"
"G14203","","第１４０回２０２６年３月満期株価指数参照円建信託社債（デジタルクーポン型・トリガー価格逓減早期償還条項付）（責任財産限定特約付）参照指数：日経平均株価","ダイヒャクヨンジュッカイニセンニジュウロクネンサンガツマンキカブカシスウサンショウエンダテシンタクシャサイデジタルクーポンガタトリガーカカクテイゲンソウキショウカンジョウコウツキセキニンザイサンゲンテイトクヤクツキサンショウシスウニッケイヘイキンカブカ","内国信託受益証券・信託受益権","1月12日","7月12日","E03626","三菱ＵＦＪ信託銀行株式会社"
"G14204","","第１４１回２０２４年９月満期株価指数参照円建信託社債（固定クーポン型・トリガー価格逓減早期償還条項付）（責任財産限定特約付）参照指数：日経平均株価","ダイヒャクヨンジュウイッカイニセンニジュウヨネンクガツマンキカブカシスウサンショウエンダテシンタクシャサイコテイクーポンガタトリガーカカクテイゲンソウキショウカンジョウコウツキセキニンザイサンゲンテイトクヤクツキサンショウシスウニッケイヘイキンカブカ","内国信託受益証券・信託受益権","1月12日","7月12日","E03626","三菱ＵＦＪ信託銀行株式会社"
"G14205","26410","グローバルＸ　グローバルリーダーズ－日本株式　ＥＴＦ","グローバルエックスグローバルリーダーズニホンカブシキイーティーエフ","内国投資信託受益証券","6月24日","12月24日","E35933","Ｇｌｏｂａｌ　Ｘ　Ｊａｐａｎ株式会社"
"G14206","","第８６回　２０２６年７月２７日満期　早期償還判定水準逓減型　早期償還条項付　ノックイン型日欧２指数（日経平均株価、ユーロ・ストックス５０指数）参照デジタル・クーポン円建信託社債（責任財産限定特約付）","ダイハチジュウロクカイニセンニジュウロクネンシチガツニジュウシチニチマンキソウキショウカンハンテイスイジュンテイゲンガタソウキショウカンジョウコウツキノックインガタニチオウニシスウニッケイヘイキンカブカユーロストックスゴジュウシスウサンショウデジタルクーポンエンダテシンタクシャサイセキニンザイサンゲンテイトクヤクツキ","内国信託受益証券・信託受益権","1月27日","7月27日","E03627","三井住友信託銀行株式会社"
"G14208","","ＤＣ外国株式ＥＳＧリーダーズインデックスファンド","ディーシーガイコクカブシキイーエスジーリーダーズインデックスファンド","内国投資信託受益証券","6月25日","","E12444","三井住友トラスト・アセットマネジメント株式会社"
"G14209","","ＰａｙＰａｙ投信　ＮＡＳＤＡＱ１００インデックス","ペイペイトウシン　ナスダックヒャクインデックス","内国投資信託受益証券","6月25日","","E14601","ＰａｙＰａｙアセットマネジメント株式会社"
"G14210","","シュローダー先進国債券ファンド２０２１ー０７（限定追加型）","シュローダーセンシンコクサイケンファンドニィゼロニィイチ　ゼロナナ　ゲンテイツイカガタ","内国投資信託受益証券","8月10日","","E12586","シュローダー・インベストメント・マネジメント株式会社"
"G14212","","ＤＣ世界株式・厳選投資ファンド","ディーシーセカイカブシキ　ゲンセントウシファンド","内国投資信託受益証券","3月15日","","E12430","アモーヴァ・アセットマネジメント株式会社"
"G14213","","投資のソムリエ（ターゲット・イヤー２０６５）","トウシノソムリエターゲットイヤーニイゼロロクゴウ","内国投資信託受益証券","1月11日","","E10677","アセットマネジメントＯｎｅ株式会社"
"G14215","","東洋ベトナム株式ファンド２０２１","トウヨウベトナムカブシキファンドニセンニジュウイチ","内国投資信託受益証券","8月18日","","E12448","明治安田アセットマネジメント株式会社"
"G14216","","フィデリティ外国債券アクティブ・セレクト・ファンド（ＳＭＡ専用）","フィデリティガイコクサイケンアクティブセレクトファンドエスエムエーセンヨウ","内国投資信託受益証券","4月30日","","E12481","フィデリティ投信株式会社"
"G14217","","脱炭素テクノロジー株式ファンド","ダツタンソテクノロジーカブシキファンド","内国投資信託受益証券","1月11日","7月11日","E06748","大和アセットマネジメント株式会社"
"G14218","","明治安田生命第１回劣後ローン流動化株式会社","メイジヤスダセイメイダイイッカイレツゴローンリュウドウカカブシキガイシャ","内国資産流動化証券","12月末日","","E36775","明治安田生命第１回劣後ローン流動化株式会社"
"G14220","","ＳＢＩ・中国Ａ株インデックス・ファンド","エスビーアイ　チュウゴクエイカブ　インデックスファンド","内国投資信託受益証券","7月12日","","E13447","ＳＢＩアセットマネジメント株式会社"
"G14221","","第８８回　２０２６年８月１７日満期　早期償還判定水準逓減型　早期償還条項付　ノックイン型日欧２指数（日経平均株価、ユーロ・ストックス５０指数）参照デジタル・クーポン円建信託社債（責任財産限定特約付）","ダイハチジュウハチカイニセンニジュウロクネンハチガツジュウシチニチマンキソウキショウカンハンテイスイジュンテイゲンガタソウキショウカンジョウコウツキノックインガタニチオウニシスウニッケイヘイキンカブカユーロストックスゴジュウシスウサンショウデジタルクーポンエンダテシンタクシャサイセキニンザイサンゲンテイトクヤクツキ","内国信託受益証券・信託受益権","2月17日","8月17日","E03627","三井住友信託銀行株式会社"
"G14222","","ｉＦｒｅｅＮＥＸＴ　ムーンショットインデックス","アイフリーネクストムーンショットインデックス","内国投資信託受益証券","7月8日","","E06748","大和アセットマネジメント株式会社"
"G14223","26430","ＮＥＸＴ　ＦＵＮＤＳ　ＭＳＣＩジャパンカントリー指数（セレクト）連動型上場投信","ネクストファンズエムエスシーアイジャパンカントリーシスウセレクトレンドウガタジョウジョウトウシン","内国投資信託受益証券","4月20日","10月20日","E12460","野村アセットマネジメント株式会社"
"G14224","","Ｓｍａｒｔ－ｉ　ゴールドファンド（為替ヘッジなし）、Ｓｍａｒｔ－ｉ　ゴールドファンド（為替ヘッジあり）","スマート　アイ　ゴールドファンド　カワセヘッジナシ　スマート　アイ　ゴールドファンド　カワセヘッジアリ","内国投資信託受益証券","7月25日","","E32011","りそなアセットマネジメント株式会社"
"G14225","","りそな日経２２５インデックス","リソナニッケイニーニーゴーインデックス","内国投資信託受益証券","5月25日","","E32011","りそなアセットマネジメント株式会社"
"G14226","","ケネディクス・リアルティ・トークン渋谷神南（譲渡制限付）","ケネディクスリアルティトークンシブヤジンナンジョウトセイゲンツキ","内国信託受益証券・信託受益権","1月31日","7月31日","E03626","三菱ＵＦＪ信託銀行株式会社"
"G14227","","ブラックロック・フィクスド・インカム・ダブリン・ファンズ　ｐｌｃ－ｉシェアーズ・グリーンボンド・インデックス・ファンドクラスＤ米ドルヘッジ投資証券","ブラックロックフィクスドインカムダブリンファンズピーエルシーアイシェアーズグリーンボンドインデックスファンドクラスディーベイドルヘッジトウシショウケン","外国投資証券","12月末日","","E36699","ブラックロック・フィクスド・インカム・ダブリン・ファンズ　ｐｌｃ"
"G14228","","第１４２回２０２６年６月満期株価指数参照円建信託社債（デジタルクーポン型・トリガー価格逓減早期償還条項付）（責任財産限定特約付）参照指数：日経平均株価","ダイヒャクヨンジュウニカイニセンニジュウロクネンロクガツマンキカブカシスウサンショウエンダテシンタクシャサイデジタルクーポンガタトリガーカカクテイゲンソウキショウカンジョウコウツキセキニンザイサンゲンテイトクヤクツキサンショウシスウニッケイヘイキンカブカ","内国信託受益証券・信託受益権","2月12日","8月12日","E03626","三菱ＵＦＪ信託銀行株式会社"
"G14229","","第１４３回２０２４年９月満期株価指数参照円建信託社債（固定クーポン型・トリガー価格逓減早期償還条項付）（責任財産限定特約付）参照指数：日経平均株価","ダイヒャクヨンジュウサンカイニセンニジュウヨネンクガツマンキカブカシスウサンショウエンダテシンタクシャサイコテイクーポンガタトリガーカカクテイゲンソウキショウカンジョウコウツキセキニンザイサンゲンテイトクヤクツキサンショウシスウニッケイヘイキンカブカ","内国信託受益証券・信託受益権","2月12日","8月12日","E03626","三菱ＵＦＪ信託銀行株式会社"
"G14230","","日本生命２０２１基金流動化株式会社","ニホンセイメイニセンニジュウイチキキンリュウドウカカブシキカイシャ","内国資産流動化証券","9月30日","","E36827","日本生命２０２１基金流動化株式会社"
"G14231","","フィデリティ・アクティブ・グロース・ファンド（確定拠出年金向け）","フィデリティアクティブグロースファンドカクテイキョシュツネンキンムケ","内国投資信託受益証券","11月30日","","E12481","フィデリティ投信株式会社"
"G14232","","フィデリティ・世界割安成長株投信（確定拠出年金向け）","フィデリティセカイワリヤスセイチョウカブトウシンカクテイキョシュツネンキンムケ","内国投資信託受益証券","2月20日","","E12481","フィデリティ投信株式会社"
"G14233","","日興ファンドラップセレクトインデックス・シリーズ","ニッコウファンドラップセレクトインデックスシリーズ","内国投資信託受益証券","7月31日","","E08957","三井住友ＤＳアセットマネジメント株式会社"
"G14235","","日興ファンドラップセレクトアクティブ・シリーズ","ニッコウファンドラップセレクトアクティブシリーズ","内国投資信託受益証券","7月31日","","E08957","三井住友ＤＳアセットマネジメント株式会社"
"G14236","","未来フォーカス企業債ファンド（為替ヘッジあり）（年２回決算型）","ミライフォーカスキギョウサイファンド　カワセヘッジアリ　ネンニカイケッサンガタ","内国投資信託受益証券","6月10日","12月10日","E12444","三井住友トラスト・アセットマネジメント株式会社"
"G14238","","アライアンス・バーンスタイン・グローバルＥＳＧ・社債ファンド２０２１－０９（限定追加型）","アライアンスバーンスタイングローバルイーエスジーシャサイファンドニセンニジュウイチレイキューゲンテイツイカガタ","内国投資信託受益証券","9月25日","","E12480","アライアンス・バーンスタイン株式会社"
"G14239","","第９０回　２０２６年８月２６日満期　早期償還判定水準逓減型　早期償還条項付　ノックイン型日米２指数（日経平均株価・Ｓ＆Ｐ５００指数）参照デジタル・クーポン円建信託社債（責任財産限定特約付）","ダイキュウジュウカイニセンニジュウロクネンハチガツニジュウロクニチマンキソウキショウカンハンテイスイジュンテイゲンガタソウキショウカンジョウコウツキノックインガタニチベイニシスウニッケイヘイキンカブカスタンダードアンドプアーズゴヒャクシスウサンショウデジタルクーポンエンダテシンタクシャサイセキニンザイサンゲンテイトクヤクツキ","内国信託受益証券・信託受益権","2月26日","8月26日","E03627","三井住友信託銀行株式会社"
"G14241","","グローバル水素株式ファンド","グローバルスイソカブシキファンド","内国投資信託受益証券","8月18日","","E12430","アモーヴァ・アセットマネジメント株式会社"
"G14243","","ＳＭＴＡＭヘッジ付き外国国債・スマートベータ・ファンド（野村ＳＭＡ・ＥＷ向け）","エスエムティーエーエムヘッジツキガイコクコクサイ　スマートベータ　ファンド　ノムラエスエムエー　イーダブリュームケ","内国投資信託受益証券","12月6日","","E12444","三井住友トラスト・アセットマネジメント株式会社"
"G14244","","ＵＢＳ　（Ｉｒｌ）　ＥＴＦ　ピーエルシー－ＭＳＣＩ　ＡＣＷＩ　ソーシャリー・レスポンシブル　ＵＣＩＴＳ　ＥＴＦ－クラス（日本円ヘッジ）Ａ－ａｃｃ投資証券","ユービーエスアイアールエルイーティーエフピーエルシーエムエスシーアイエーシーダブリューアイソーシャリーレスポンシブルユーシッツイーティーエフクラスニホンエンヘッジエーエーシーシートウシショウケン","外国投資証券","12月末日","","E33922","ＵＢＳ（Ｉｒｌ）ＥＴＦ　ピーエルシー"
"G14245","","フェデレーテッド・ハーミーズ・インベストメント・ファンズ・ピーエルシー－フェデレーテッド・ハーミーズ・ＳＤＧエンゲージメント・エクイティ・ファンド－クラスＸ円ヘッジ投資証券","フェデレーテッドハーミーズインベストメントファンズピーエルシーフェデレーテッドハーミーズエスディージーエンゲージメントエクイティファンドクラスエックスエンヘッジトウシショウケン","外国投資証券","12月末日","","E36684","フェデレーテッド・ハーミーズ・インベストメント・ファンズ・ピーエルシー"
"G14246","","明治安田ＤＣ・ＪーＲＥＩＴアクティブ","メイジヤスダディーシージェイリートアクティブ","内国投資信託受益証券","6月18日","","E12448","明治安田アセットマネジメント株式会社"
"G14247","","Ｏｎｅ円建て債券ファンド２０２１－０９","ワンエンダテサイケンファンドニイゼロニイイチゼロキュウ","内国投資信託受益証券","7月28日","","E10677","アセットマネジメントＯｎｅ株式会社"
"G14248","","グローバル・オポチュニティーズ・アクセス－サステナブル・ボンド　クラスＦ－ａｃｃ円ヘッジ投資証券　－サステナブル・エクイティ　クラスＦ－ａｃｃ円ヘッジ投資証券","グローバルオポチュニティーズアクセスサステナブルボンドクラスエフエーシーシーエンヘッジトウシショウケンサステナブルエクイティクラスエフエーシーシーエンヘッジトウシショウケン","外国投資証券","7月末日","","E32021","グローバル・オポチュニティーズ・アクセス"
"G14249","","フォーカス・シキャブ－ＵＳコーポレート・ボンド・サステナブル・米ドル　クラス円ヘッジＦ－ａｃｃ投資証券","フォーカスシキャブユーエスコーポレートボンドサステナブルベイドルクラスエンヘッジエフエーシーシートウシショウケン","外国投資証券","10月末日","","E32015","フォーカス・シキャブ"
"G14250","","世の中を良くする企業ファンド（野村日本株ＥＳＧ投資）","ヨノナカヲヨクスルキギョウファンドノムラニホンカブイーエスジートウシ","内国投資信託受益証券","3月24日","","E12460","野村アセットマネジメント株式会社"
"G14251","","ブラックロック・グローバル・ファンズ－ネクスト・ジェネレーション・テクノロジー・ファンド／－ＵＳドル・ハイ・イールド・ボンド・ファンド","ブラックロックグローバルファンズネクストジェネレーションテクノロジーファンドユーエスドルハイイールドボンドファンド","外国投資証券","8月末日","","E31398","ブラックロック・グローバル・ファンズ"
"G14252","","フィデリティ世界バリュー株式ファンド　Ａコース（年２回決算・為替ヘッジあり）　フィデリティ世界バリュー株式ファンド　Ｂコース（年２回決算・為替ヘッジなし）　フィデリティ世界バリュー株式ファンド　Ｃコース（毎月決算・予想分配金提示型・為替ヘッジあり）　フィデリティ世界バリュー株式ファンド　Ｄコース（毎","フィデリティセカイバリューカブシキファンドエーコースネンニカイケッサンカワセヘッジアリ　フィデリティセカイバリューカブシキファンドビーコースネンニカイケッサンカワセヘッジナシ　フィデリティセカイバリューカブシキファンドシーコースマイツキケッサンヨソウブンパイキンテイジガタカワセヘッジアリ　フィデリティセカイバリューカブシキファンドディーコースマイツキケッサンヨソウブンパイキンテイジガタカワセヘッジナシ","内国投資信託受益証券","1月15日","7月15日","E12481","フィデリティ投信株式会社"
"G14253","","ダイワファンドラップ　債券総合戦略セレクト、ダイワファンドラップ　複合資産戦略セレクト","ダイワファンドラップ　サイケンソウゴウセンリャクセレクトダイワファンドラップ　フクゴウシサンセンリャクセレクト","内国投資信託受益証券","6月15日","","E06748","大和アセットマネジメント株式会社"
"G14255","","ＳＢＩ・ＧＳ　ＮｅｘＧｅｎ（代替エネルギー）","エスビーアイ　ジーエス　ネクスジェン　ダイタイエネルギー","内国投資信託受益証券","8月15日","","E13447","ＳＢＩアセットマネジメント株式会社"
"G14256","","ＳＢＩ・ＧＳ　ＮｅｘＧｅｎ（グローバルＥＶ）","エスビーアイ　ジーエス　ネクスジェン　グローバルイーブイ","内国投資信託受益証券","8月15日","","E13447","ＳＢＩアセットマネジメント株式会社"
"G14257","","ＳＢＩ・ＧＳ　ＮｅｘＧｅｎ（高成長ＤＸ）","エスビーアイ　ジーエス　ネクスジェン　コウセイチョウディーエックス","内国投資信託受益証券","8月15日","","E13447","ＳＢＩアセットマネジメント株式会社"
"G14258","","ＳＢＩ・ＧＳ　ＮｅｘＧｅｎ（先端医療）","エスビーアイ　ジーエス　ネクスジェン　センタンイリョウ","内国投資信託受益証券","8月15日","","E13447","ＳＢＩアセットマネジメント株式会社"
"G14259","","ＳＢＩ・ＧＳ　ＮｅｘＧｅｎ（次世代通信）","エスビーアイ　ジーエス　ネクスジェン　ジセダイツウシン","内国投資信託受益証券","8月15日","","E13447","ＳＢＩアセットマネジメント株式会社"
"G14260","","スパークス・日本アジア厳選株ファンド・ヘッジ型（ダイワ投資一任専用）","スパークス　ニホンアジアゲンセンカブファンド　ヘッジガタ　ダイワトウシイチニンセンヨウ","内国投資信託受益証券","8月27日","","E11161","スパークス・アセット・マネジメント株式会社"
"G14261","","ＧＳグローバル環境リーダーズ　年２回決算コース／毎月決算コース（分配条件提示型）","ジーエスグローバルカンキョウリーダーズ　ネンニカイケッサンコースマイツキケッサンコースブンパイジョウケンテイジガタ","内国投資信託受益証券","2月10日","8月10日","E12457","ゴールドマン・サックス・アセット・マネジメント株式会社"
"G14262","","インサイト・グローバル・クレジット・ファンド　Ａコース（野村ＳＭＡ・ＥＷ向け）／Ｂコース（野村ＳＭＡ・ＥＷ向け）","インサイトグローバルクレジットファンド　エーコースノムラエスエムエーイーダブリュムケ　ビーコースノムラエスエムエーイーダブリュムケ","内国投資信託受益証券","12月6日","","E13343","ＢＮＹメロン・インベストメント・マネジメント・ジャパン株式会社"
"G14263","","ティー・ロウ・プライス　米国割安優良株式ファンド　Ａコース（為替ヘッジあり）／Ｂコース（為替ヘッジなし）","ティーロウプライス　ベイコクワリヤスユウリョウカブシキファンド　エイコース　カワセヘッジアリ　ビーコース　カワセヘッジナシ","内国投資信託受益証券","12月15日","","E33958","ティー・ロウ・プライス・ジャパン株式会社"
"G14264","","日本連続増配成長株ファンド２１－０９（繰上償還条項付）","ニホンレンゾクゾウハイセイチョウカブファンドニイチゼロキュウクリアゲショウカンジョウコウツキ","内国投資信託受益証券","9月15日","","E12441","ＳＢＩ岡三アセットマネジメント株式会社"
"G14265","","三井住友ＤＳ・ポートフォリオ・シリーズ","ミツイスミトモディーエスポートフォリオシリーズ","内国投資信託受益証券","11月30日","","E08957","三井住友ＤＳアセットマネジメント株式会社"
"G14266","","三井住友ＤＳ・新興国債インデックス・ファンド／ゴールドインデックス・ファンド（為替ヘッジあり）","ミツイスミトモディーエスシンコウコクサイインデックスファンド　ゴールドインデックスファンドカワセヘッジアリ","内国投資信託受益証券","11月30日","","E08957","三井住友ＤＳアセットマネジメント株式会社"
"G14267","","ブランディワイン・グローバルバリュー株式ファンド","ブランディワイングローバルバリューカブシキファンド","内国投資信託受益証券","8月15日","","E08957","三井住友ＤＳアセットマネジメント株式会社"
"G14268","","第１４４回２０２６年６月満期株価指数参照円建信託社債（デジタルクーポン型・トリガー価格逓減早期償還条項付）（責任財産限定特約付）参照指数：日経平均株価","ダイヒャクヨンジュウヨンカイニセンニジュウロクネンロクガツマンキカブカシスウサンショウエンダテシンタクシャサイデジタルクーポンガタトリガーカカクテイゲンソウキショウカンジョウコウツキセキニンザイサンゲンテイトクヤクツキサンショウシスウニッケイヘイキンカブカ","内国信託受益証券・信託受益権","3月12日","9月12日","E03626","三菱ＵＦＪ信託銀行株式会社"
"G14269","","第１４５回２０２４年９月満期株価指数参照円建信託社債（固定クーポン型・トリガー価格逓減早期償還条項付）（責任財産限定特約付）参照指数：日経平均株価","ダイヒャクヨンジュウゴカイニセンニジュウヨネンクガツマンキカブカシスウサンショウエンダテシンタクシャサイコテイクーポンガタトリガーカカクテイゲンソウキショウカンジョウコウツキセキニンザイサンゲンテイトクヤクツキサンショウシスウニッケイヘイキンカブカ","内国信託受益証券・信託受益権","3月12日","9月12日","E03626","三菱ＵＦＪ信託銀行株式会社"
"G14270","","脱炭素ジャパン","ダツタンソジャパン","内国投資信託受益証券","7月14日","","E12460","野村アセットマネジメント株式会社"
"G14271","","ダイワ厳選コモディティ・ファンド（ダイワ投資一任専用）","ダイワゲンセンコモディティファンドダイワトウシイチニンセンヨウ","内国投資信託受益証券","6月15日","","E06748","大和アセットマネジメント株式会社"
"G14272","","ダイワＵＳ－ＲＥＩＴネクスト・ファンド（Ａコース／　Ｂコース）（ダイワ投資一任専用）","ダイワユーエスリートネクストファンドエーコースビーコースダイワトウシイチニンセンヨウ","内国投資信託受益証券","6月15日","","E06748","大和アセットマネジメント株式会社"
"G14273","","ダイワ・クオンツアクティブＪ－ＲＥＩＴ・ファンド（ダイワ投資一任専用）","ダイワクオンツアクティブジェイリートファンドダイワトウシイチニンセンヨウ","内国投資信託受益証券","6月15日","","E06748","大和アセットマネジメント株式会社"
"G14274","","第９４回　２０２６年９月２９日満期　早期償還判定水準逓減型　早期償還条項付　ノックイン型日米２指数（日経平均株価・Ｓ＆Ｐ５００指数）参照デジタル・クーポン円建信託社債（責任財産限定特約付）","ダイキュウジュウヨンカイニセンニジュウロクネンクガツニジュウクニチマンキソウキショウカンハンテイスイジュンテイゲンガタソウキショウカンジョウコウツキノックインガタニチベイニシスウニッケイヘイキンカブカスタンダードアンドプアーズゴヒャクシスウサンショウデジタルクーポンエンダテシンタクシャサイセキニンザイサンゲンテイトクヤクツキ","内国信託受益証券・信託受益権","3月29日","9月29日","E03627","三井住友信託銀行株式会社"
"G14275","","長期資産形成戦略ファンド","チョウキシサンケイセイセンリャクファンド","内国投資信託受益証券","6月22日","","E27917","ファイブスター投信投資顧問株式会社"
"G14276","","第９３回　２０２３年９月２７日満期　早期償還判定水準逓減型　早期償還条項付　ノックイン型日米２指数（日経平均株価、Ｓ＆Ｐ５００指数）参照円建信託社債（責任財産限定特約付）","ダイキュウジュウサンカイニセンニジュウサンネンクガツニジュウシチニチマンキソウキショウカンハンテイスイジュンテイゲンガタソウキショウカンジョウコウツキノックインガタニチベイニシスウニッケイヘイキンカブカスタンダードアンドプアーズゴヒャクシスウサンショウエンダテシンタクシャサイセキニンザイサンゲンテイトクヤクツキ","内国信託受益証券・信託受益権","3月27日","9月27日","E03627","三井住友信託銀行株式会社"
"G14277","","チャイナ・エネルギー・イノベーション株式ファンド","チャイナ　エネルギー　イノベーションカブシキファンド","内国投資信託受益証券","9月13日","","E12430","アモーヴァ・アセットマネジメント株式会社"
"G14278","","ＵＢＳ新興国株式厳選投資ファンド（ダイワ投資一任専用）","ユービーエスシンコウコクカブシキゲンセントウシファンド　ダイワトウシイチニンセンヨウ","内国投資信託受益証券","11月25日","","E12473","ＵＢＳアセット・マネジメント株式会社"
"G14279","","第９５回　２０２４年１０月１５日満期　早期償還判定水準逓減型　早期償還条項付　ノックイン型日米２指数（日経平均株価・Ｓ＆Ｐ５００指数）参照デジタル・クーポン円建信託社債（責任財産限定特約付）","ダイキュウジュウゴカイニセンニジュウヨネンジュウガツジュウゴニチマンキソウキショウカンハンテイスイジュンテイゲンガタソウキショウカンジョウコウツキノックインガタニチベイニシスウニッケイヘイキンカブカスタンダードアンドプアーズゴヒャクシスウサンショウデジタルクーポンエンダテシンタクシャサイセキニンザイサンゲンテイトクヤクツキ","内国信託受益証券・信託受益権","4月15日","10月15日","E03627","三井住友信託銀行株式会社"
"G14280","","フード＆テクノロジー関連株式ファンド（資産成長型）","フードアンドテクノロジーカンレンカブシキファンドシサンセイチョウガタ","内国投資信託受益証券","1月30日","7月30日","E06748","大和アセットマネジメント株式会社"
"G14281","","全共連第１回劣後ローン流動化株式会社","ゼンキョウレンダイイッカイレツゴローンリュウドウカカブシキガイシャ","内国資産流動化証券","12月末日","","E36940","全共連第１回劣後ローン流動化株式会社"
"G14282","","レッド・アーク・グローバル・インベストメンツ（ケイマン）トラスト－シティグループ社債　償還時目標設定型ファンド","レッドアークグローバルインベストメンツケイマントラスト　シティグループシャサイショウカンジモクヒョウセッテイガタファンド","外国投資信託受益証券","6月末日","","E22200","シティグループ・ファースト・インベストメント・マネジメント・リミテッド"
"G14283","","第９６回　２０２４年１０月１６日満期　早期償還判定水準逓減型　早期償還条項付　ノックイン型日米２指数（日経平均株価・Ｓ＆Ｐ５００指数）参照円建信託社債（責任財産限定特約付）","ダイキュウジュウロクカイニセンニジュウヨンネンジュウガツジュウロクニチマンキソウキショウカンハンテイスイジュンテイゲンガタソウキショウカンジョウコウツキノックインガタニチベイニシスウニッケイヘイキンカブカスタンダードアンドプアーズゴヒャクシスウサンショウエンダテシンタクシャサイセキニンザイサンゲンテイトクヤクツキ","内国信託受益証券・信託受益権","4月16日","10月16日","E03627","三井住友信託銀行株式会社"
"G14284","","第９７回　２０２６年１０月１６日満期　早期償還判定水準逓減型　早期償還条項付　ノックイン型日米２指数（日経平均株価・Ｓ＆Ｐ５００指数）参照デジタル・クーポン円建信託社債（責任財産限定特約付）","ダイキュウジュウナナカイニセンニジュウロクネンジュウガツジュウロクニチマンキソウキショウカンハンテイスイジュンテイゲンガタソウキショウカンジョウコウツキノックインガタニチベイニシスウニッケイヘイキンカブカスタンダードアンドプアーズゴヒャクシスウサンショウデジタルクーポンエンダテシンタクシャサイセキニンザイサンゲンテイトクヤクツキ","内国信託受益証券・信託受益権","4月16日","10月16日","E03627","三井住友信託銀行株式会社"
"G14285","","アジア　サプライチェーン株式ファンド","アジア　サプライチェーーンカブシキファンド","内国投資信託受益証券","3月20日","9月20日","E26704","カレラアセットマネジメント株式会社"
"G14286","","第１４６回２０２６年６月満期株価指数参照円建信託社債（デジタルクーポン型・トリガー価格逓減早期償還条項付）（責任財産限定特約付）参照指数：日経平均株価","ダイヒャクヨンジュウロッカイニセンニジュウロクネンロクガツマンキカブカシスウサンショウエンダテシンタクシャサイデジタルクーポンガタトリガーカカクテイゲンソウキショウカンジョウコウツキセキニンザイサンゲンテイトクヤクツキサンショウシスウニッケイヘイキンカブカ","内国信託受益証券・信託受益権","4月13日","10月13日","E03626","三菱ＵＦＪ信託銀行株式会社"
"G14287","","第１４７回２０２４年１２月満期株価指数参照円建信託社債（固定クーポン型・トリガー価格逓減早期償還条項付）（責任財産限定特約付）参照指数：日経平均株価","ダイヒャクヨンジュウナナカイニセンニジュウヨネンジュウニガツマンキカブカシスウサンショウエンダテシンタクシャサイコテイクーポンガタトリガーカカクテイゲンソウキショウカンジョウコウツキセキニンザイサンゲンテイトクヤクツキサンショウシスウニッケイヘイキンカブカ","内国信託受益証券・信託受益権","4月13日","10月13日","E03626","三菱ＵＦＪ信託銀行株式会社"
"G14288","","東京海上・ジャパン・オーナーズ株式オープン（確定拠出年金）","トウキョウカイジョウジャパンオーナーズカブシキオープンカクテイキョシュツネンキン","内国投資信託受益証券","7月18日","","E06433","東京海上アセットマネジメント株式会社"
"G14289","","国内株式ＥＳＧインデックス・オープン","コクナイカブシキイーエスジーインデックス　オープン","内国投資信託受益証券","9月15日","","E32011","りそなアセットマネジメント株式会社"
"G14290","","先進国株式ＥＳＧインデックス・オープン","センシンコクカブシキイーエスジーインデックス　オープン","内国投資信託受益証券","9月15日","","E32011","りそなアセットマネジメント株式会社"
"G14291","","ひふみワールド年金","ヒフミワールドネンキン","内国投資信託受益証券","2月15日","","E21671","レオス・キャピタルワークス株式会社"
"G14292","","Ｏｎｅグローバルバランス","ワングローバルバランス","内国投資信託受益証券","9月16日","","E10677","アセットマネジメントＯｎｅ株式会社"
"G14293","","ベイリー・ギフォード世界成長企業戦略／ＳＭＴ．ＬＮ外国投資証券ファンド","ベイリーギフォードセカイセイチョウキギョウセンリャクエスエムティーエルエヌガイコクトウシショウケンファンド","内国投資信託受益証券","6月5日","","E11518","三菱ＵＦＪアセットマネジメント株式会社"
"G14294","","ＵＢＳ環境ロング・ショート・ファンド（為替ヘッジあり）、ＵＢＳ環境ロング・ショート・ファンド（為替ヘッジなし）","ユービーエスカンキョウロング　ショート　ファンド　カワセヘッジアリ　　ユービーエスカンキョウロング　ショート　ファンド　カワセヘッジナシ","内国投資信託受益証券","2月2日","8月2日","E12473","ＵＢＳアセット・マネジメント株式会社"
"G14295","","ＨＦリターン・ターゲット・ファンド・為替ヘッジあり（ＳＭＡ専用）","エイチエフリターン　ターゲット　ファンド　カワセヘッジアリ　エスエムエーセンヨウ","内国投資信託受益証券","7月17日","","E12444","三井住友トラスト・アセットマネジメント株式会社"
"G14296","","第９８回　２０２３年１０月３０日満期　早期償還判定水準逓減型　早期償還条項付　ノックイン型日米２指数（日経平均株価・Ｓ＆Ｐ５００指数）参照円建信託社債（責任財産限定特約付）","ダイキュウジュウハチカイニセンニジュウサンネンジュウガツサンジュウニチマンキソウキショウカンハンテイスイジュンテイゲンガタソウキショウカンジョウコウツキノックインガタニチベイニシスウニッケイヘイキンカブカスタンダードアンドプアーズゴヒャクシスウサンショウエンダテシンタクシャサイセキニンザイサンゲンテイトクヤクツキ","内国信託受益証券・信託受益権","4月30日","10月30日","E03627","三井住友信託銀行株式会社"
"G14297","","第９９回　２０２６年１０月２８日満期　早期償還判定水準逓減型　早期償還条項付　ノックイン型日欧２指数（日経平均株価、ユーロ・ストックス５０指数）参照デジタル・クーポン円建信託社債（責任財産限定特約付）","ダイキュウジュウキュウカイニセンニジュウロクネンジュウガツニジュウハチニチマンキソウキショウカンハンテイスイジュンテイゲンガタソウキショウカンジョウコウツキノックインガタニチオウニシスウニッケイヘイキンカブカユーロストックスゴジュウシスウサンショウデジタルクーポンエンダテシンタクシャサイセキニンザイサンゲンテイトクヤクツキ","内国信託受益証券・信託受益権","4月28日","10月28日","E03627","三井住友信託銀行株式会社"
"G14298","","あおぞら・新グローバル・コア・ファンド（限定追加型）２０２１－Ⅱ","アオゾラシングローバルコアファンドゲンテイツイカガタニイゼロニイイチノニ","内国投資信託受益証券","10月20日","","E30689","あおぞら投信株式会社"
"G14299","26440","グローバルＸ　半導体関連－日本株式　ＥＴＦ","グローバルエックスハンドウタイカンレンニホンカブシキイーティーエフ","内国投資信託受益証券","4月24日","10月24日","E35933","Ｇｌｏｂａｌ　Ｘ　Ｊａｐａｎ株式会社"
"G14300","26450","グローバルＸ　レジャー＆エンターテインメント－日本株式　ＥＴＦ","グローバルエックスレジャーアンドエンターテインメントニホンカブシキイーティーエフ","内国投資信託受益証券","4月24日","10月24日","E35933","Ｇｌｏｂａｌ　Ｘ　Ｊａｐａｎ株式会社"
"G14301","26460","グローバルＸ　メタルビジネス－日本株式　ＥＴＦ","グローバルエックスメタルビジネスニホンカブシキイーティーエフ","内国投資信託受益証券","4月24日","10月24日","E35933","Ｇｌｏｂａｌ　Ｘ　Ｊａｐａｎ株式会社"
"G14302","","東京海上・気候変動対応株式ファンド","トウキョウカイジョウキコウヘンドウタイオウカブシキファンド","内国投資信託受益証券","2月10日","8月10日","E06433","東京海上アセットマネジメント株式会社"
"G14303","","ＷＣＭ　世界成長株厳選ファンド（資産成長型）","ダブリューシーエムセカイセイチョウカブゲンセンファンドシサンセイチョウガタ","内国投資信託受益証券","2月25日","","E12447","朝日ライフ　アセットマネジメント株式会社"
"G14304","","ＷＣＭ　世界成長株厳選ファンド（予想分配金提示型）","ダブリューシーエムセカイセイチョウカブゲンセンファンドヨソウブンパイキンテイジガタ","内国投資信託受益証券","2月25日","8月25日","E12447","朝日ライフ　アセットマネジメント株式会社"
"G14305","","あおぞら・新グローバル分散ファンド（限定追加型）２０２１‐１０","アオゾラシングローバルブンサンファンドゲンテイツイカガタニイゼロニイイチノイチゼロ","内国投資信託受益証券","11月10日","","E30689","あおぞら投信株式会社"
"G14306","","ＳＯＭＰＯアルジェブリス・グローバル金融株式ファンド（円ヘッジなし）","ソンポアルジェブリスグローバルキンユウカブシキファンドエンヘッジナシ","内国投資信託受益証券","9月30日","","E12434","ＳＯＭＰＯアセットマネジメント株式会社"
"G14307","","ＦＤＡ日米バランスファンド（安定型）　ＦＤＡ日米バランスファンド（成長型）　ＦＤＡ日米バランスファンド（積極型）","エフディーエーニチベイバランスファンドアンテイガタ　エフディーエーニチベイバランスファンドセイチョウガタ　エフディーエーニチベイバランスファンドセッキョクガタ","内国投資信託受益証券","10月7日","","E12434","ＳＯＭＰＯアセットマネジメント株式会社"
"G14308","","第１００回　２０２４年１１月１３日満期　早期償還判定水準逓減型　早期償還条項付　ノックイン型日米２指数（日経平均株価・Ｓ＆Ｐ５００指数）参照デジタル・クーポン円建信託社債（責任財産限定特約付）","ダイヒャクカイニセンニジュウヨネンジュウイチガツジュウサンニチマンキソウキショウカンハンテイスイジュンテイゲンガタソウキショウカンジョウコウツキノックインガタニチベイニシスウニッケイヘイキンカブカスタンダードアンドプアーズゴヒャクシスウサンショウデジタルクーポンエンダテシンタクシャサイセキニンザイサンゲンテイトクヤクツキ","内国信託受益証券・信託受益権","5月13日","11月13日","E03627","三井住友信託銀行株式会社"
"G14309","","米国ネクストビジョンファンド（為替ヘッジあり）／（為替ヘッジなし）","ベイコクネクストビジョンファンドカワセヘッジアリカワセヘッジナシ","内国投資信託受益証券","4月17日","10月17日","E12441","ＳＢＩ岡三アセットマネジメント株式会社"
"G14310","","アライアンス・バーンスタイン・世界ＳＤＧｓ債券ファンド（年２回決算型・為替ヘッジあり）、アライアンス・バーンスタイン・世界ＳＤＧｓ債券ファンド（年２回決算型・為替ヘッジなし）","アライアンスバーンスタインセカイエスディージーズサイケンファンドネンニカイケッサンガタカワセヘッジアリ　アライアンスバーンスタインセカイエスディージーズサイケンファンドネンニカイケッサンガタカワセヘッジナシ","内国投資信託受益証券","1月15日","7月15日","E12480","アライアンス・バーンスタイン株式会社"
"G14311","","アライアンス・バーンスタイン・世界ＳＤＧｓ債券ファンド（毎月決算型・為替ヘッジあり）、アライアンス・バーンスタイン・世界ＳＤＧｓ債券ファンド（毎月決算型・為替ヘッジなし）","アライアンスバーンスタインセカイエスディージーズサイケンファンドマイツキケッサンガタカワセヘッジアリ　アライアンスバーンスタインセカイエスディージーズサイケンファンドマイツキケッサンガタカワセヘッジナシ","内国投資信託受益証券","1月15日","7月15日","E12480","アライアンス・バーンスタイン株式会社"
"G14312","","キャピタル・ニューエコノミー・ファンドＮＦ","キャピタルニューエコノミーファンドエヌエフ","内国投資信託受益証券","7月20日","","E14703","キャピタル・インターナショナル株式会社"
"G14313","","ＵＢＳユニバーサル・トラスト（ケイマン）Ⅲ－ＵＳダイナミック・グロース","ユービーエスユニバーサルトラストケイマンスリーユーエスダイナミックグロース","外国投資信託受益証券","3月末日","","E15389","ＵＢＳマネジメント（ケイマン）リミテッド"
"G14314","","ＧＳグローバル・ターゲット戦略債券ファンド２０２１－１１（限定追加型）","ジーエス　グローバル　ターゲット　センリャクサイケンファンド　ニセンニジュウイチ　ジュウイチ　ゲンテイツイカガタ","内国投資信託受益証券","11月17日","","E12457","ゴールドマン・サックス・アセット・マネジメント株式会社"
"G14315","","ブランディワイン・グローバル株式ファンド（ＳＭＡ専用）","ブランディワイン　グローバルカブシキファンド　エスエムエーセンヨウ","内国投資信託受益証券","9月15日","","E12425","フランクリン・テンプルトン・ジャパン株式会社"
"G14316","","アクサ世界株式ファンド","アクサセカイカブシキファンド","内国投資信託受益証券","4月16日","10月16日","E10535","ＢＮＰパリバ・アセットマネジメント株式会社"
"G14317","","ＨＣインカム～夢のたね","エイチシーインカムユメノタネ","内国投資信託受益証券","3月25日","","E36992","ＨＣアセットマネジメント株式会社"
"G14318","","ピクテ・サステナビリティ・マルチアセット・ファンド","ピクテサステナビリティマルチアセットファンド","内国投資信託受益証券","8月15日","","E10439","ピクテ・ジャパン株式会社"
"G14319","","ｉＴｒｕｓｔオールメガトレンド","アイトラストオールメガトレンド","内国投資信託受益証券","9月20日","","E10439","ピクテ・ジャパン株式会社"
"G14320","","ＧＸＪメガトレンド・ジャパン","ジーエックスジェイメガトレンドジャパン","内国投資信託受益証券","9月15日","","E06748","大和アセットマネジメント株式会社"
"G14321","","ダイワ／バリュー・パートナーズ　チャイナ・エネルギー・シフト・フォーカス","ダイワバリューパートナーズチャイナエネルギーシフトフォーカス","内国投資信託受益証券","4月14日","10月14日","E06748","大和アセットマネジメント株式会社"
"G14322","","ＭＳスターファンズ","エムエススターファンズ","外国投資信託受益証券","3月31日","","E37044","三田キャピタル・プライベート・リミテッド"
"G14323","","第１０２回　２０２６年１１月１６日満期　早期償還判定水準逓減型　早期償還条項付　ノックイン型日米２指数（日経平均株価・Ｓ＆Ｐ５００指数）参照デジタル・クーポン円建信託社債（責任財産限定特約付）","ダイヒャクニカイニセンニジュウロクネンジュウイチガツジュウロクニチマンキソウキショウカンハンテイスイジュンテイゲンガタソウキショウカンジョウコウツキノックインガタニチベイニシスウニッケイヘイキンカブカスタンダードアンドプアーズゴヒャクシスウサンショウデジタルクーポンエンダテシンタクシャサイセキニンザイサンゲンテイトクヤクツキ","内国信託受益証券・信託受益権","5月16日","11月16日","E03627","三井住友信託銀行株式会社"
"G14324","","第１０１回　２０２４年１１月１８日満期　早期償還判定水準逓減型　早期償還条項付　ノックイン型日米２指数（日経平均株価・Ｓ＆Ｐ５００指数）参照円建信託社債（責任財産限定特約付）","ダイヒャクイチカイニセンニジュウヨネンジュウイチガツジュウハチニチマンキソウキショウカンハンテイスイジュンテイゲンガタソウキショウカンジョウコウツキノックインガタニチベイニシスウニッケイヘイキンカブカスタンダードアンドプアーズゴヒャクシスウサンショウエンダテシンタクシャサイセキニンザイサンゲンテイトクヤクツキ","内国信託受益証券・信託受益権","5月18日","11月18日","E03627","三井住友信託銀行株式会社"
"G14325","","東京海上・ジャパン・オーナーズ株式オープン（予想分配金提示型）","トウキョウカイジョウジャパンオーナーズカブシキオープンヨソウブンパイキンテイジガタ","内国投資信託受益証券","1月18日","7月18日","E06433","東京海上アセットマネジメント株式会社"
"G14326","","ＳＢＩ　Ｓ＆Ｐ５００パリ協定　インデックス・ファンド","エスビーアイ　エスアンドピーゴヒャクパリキョウテイ　インデックスファンド","内国投資信託受益証券","10月20日","","E13447","ＳＢＩアセットマネジメント株式会社"
"G14327","","ＳＢＩジェンダー・フリーインデックス・ファンド","エスビーアイ　ジェンダーフリー　インデックスファンド","内国投資信託受益証券","10月20日","","E13447","ＳＢＩアセットマネジメント株式会社"
"G14328","","グローバル・ハイクオリティ成長株式ファンド（予想分配金提示型）（限定為替ヘッジ）、グローバル・ハイクオリティ成長株式ファンド（予想分配金提示型）（為替ヘッジなし）","グローバルハイクオリティセイチョウカブシキファンドヨソウブンパイキンテイジガタゲンテイカワセヘッジ　グローバルハイクオリティセイチョウカブシキファンドヨソウブンパイキンテイジガタカワセヘッジナシ","内国投資信託受益証券","3月6日","9月6日","E10677","アセットマネジメントＯｎｅ株式会社"
"G14329","","三菱ＵＦＪ　ＤＣ年金バランス（株式８０）","ミツビシユーエフジェイディーシーネンキンバランスカブシキハチジュー","内国投資信託受益証券","5月20日","","E11518","三菱ＵＦＪアセットマネジメント株式会社"
"G14330","","アライアンス・バーンスタイン・グローバル・グロース・オポチュニティーズ（予想分配金提示型）","アライアンスバーンスタイングローバルグロースオポチュニティーズヨソウブンパイキンテイジガタ","内国投資信託受益証券","1月20日","7月20日","E12480","アライアンス・バーンスタイン株式会社"
"G14331","","第１４８回２０２６年９月満期株価指数参照円建信託社債（デジタルクーポン型・トリガー価格逓減早期償還条項付）（責任財産限定特約付）参照指数：日経平均株価","ダイヒャクヨンジュウハッカイニセンニジュウロクネンクガツマンキカブカシスウサンショウエンダテシンタクシャサイデジタルクーポンガタトリガーカカクテイゲンソウキショウカンジョウコウツキセキニンザイサンゲンテイトクヤクツキサンショウシスウニッケイヘイキンカブカ","内国信託受益証券・信託受益権","5月13日","11月13日","E03626","三菱ＵＦＪ信託銀行株式会社"
"G14332","","第１４９回２０２４年１２月満期株価指数参照円建信託社債（固定クーポン型・トリガー価格逓減早期償還条項付）（責任財産限定特約付）参照指数：日経平均株価","ダイヒャクヨンジュウキュウカイニセンニジュウヨネンジュウニガツマンキカブカシスウサンショウエンダテシンタクシャサイコテイクーポンガタトリガーカカクテイゲンソウキショウカンジョウコウツキセキニンザイサンゲンテイトクヤクツキサンショウシスウニッケイヘイキンカブカ","内国信託受益証券・信託受益権","5月13日","11月13日","E03626","三菱ＵＦＪ信託銀行株式会社"
"G14333","","お金のデザイン・グローバル・ソーシャル・デベロップメント・ファンド","オカネノデザイン　グローバル　ソーシャル　デベロップメント　ファンド","内国投資信託受益証券","9月10日","","E32909","株式会社お金のデザイン"
"G14334","","第１０３回　２０２３年１２月１日満期　早期償還判定水準逓減型　早期償還条項付　ノックイン型日米２指数（日経平均株価・Ｓ＆Ｐ５００指数）参照円建信託社債（責任財産限定特約付）","ダイヒャクサンカイニセンニジュウサンネンジュウニガツツイタチマンキソウキショウカンハンテイスイジュンテイゲンガタソウキショウカンジョウコウツキノックインガタニチベイニシスウニッケイヘイキンカブカスタンダードアンドプアーズゴヒャクシスウサンショウエンダテシンタクシャサイセキニンザイサンゲンテイトクヤクツキ","内国信託受益証券・信託受益権","6月1日","12月1日","E03627","三井住友信託銀行株式会社"
"G14335","","九州ＳＤＧｓ・グローバルバランス","キュウシュウエスディージーズ　グローバルバランス","内国投資信託受益証券","7月20日","","E32011","りそなアセットマネジメント株式会社"
"G14336","","第１０４回　２０２６年１２月１日満期　早期償還判定水準逓減型　早期償還条項付　ノックイン型日米２指数（日経平均株価・Ｓ＆Ｐ５００指数）参照デジタル・クーポン円建信託社債（責任財産限定特約付）","ダイヒャクヨンカイニセンニジュウロクネンジュウニガツツイタチマンキソウキショウカンハンテイスイジュンテイゲンガタソウキショウカンジョウコウツキノックインガタニチベイニシスウニッケイヘイキンカブカスタンダードアンドプアーズゴヒャクシスウサンショウデジタルクーポンエンダテシンタクシャサイセキニンザイサンゲンテイトクヤクツキ","内国信託受益証券・信託受益権","6月1日","12月1日","E03627","三井住友信託銀行株式会社"
"G14337","26480","ＮＥＸＴ　ＦＵＮＤＳ　ブルームバーグ米国国債（７－１０年）インデックス（為替ヘッジあり）連動型上場投信","ネクストファンズブルームバーグベイコクコクサイナナジュウネンインデックスカワセヘッジアリレンドウガタジョウジョウトウシン","内国投資信託受益証券","3月7日","9月7日","E12460","野村アセットマネジメント株式会社"
"G14338","26470","ＮＥＸＴ　ＦＵＮＤＳ　ブルームバーグ米国国債（７－１０年）インデックス（為替ヘッジなし）連動型上場投信","ネクストファンズブルームバーグベイコクコクサイナナジュウネンインデックスカワセヘッジナシレンドウガタジョウジョウトウシン","内国投資信託受益証券","3月7日","9月7日","E12460","野村アセットマネジメント株式会社"
"G14339","","ＴＨＥＯベスト・バランス・ファンド","テオベスト　バランス　ファンド","内国投資信託受益証券","1月31日","","E32909","株式会社お金のデザイン"
"G14340","","インベスコ　世界グリーンボンド・ファンド","インベスコセカイグリーンボンドファンド","内国投資信託受益証券","7月14日","","E06479","インベスコ・アセット・マネジメント株式会社"
"G14341","","ＨＳＢＣ気候パリ協定準拠株式インデックスファンド","エイチエスビーシーキコウパリキョウテイジュンキョカブシキインデックスファンド","内国投資信託受益証券","11月18日","","E12492","ＨＳＢＣアセットマネジメント株式会社"
"G14342","","第１０５回　２０２４年１２月９日満期　早期償還判定水準逓減型　早期償還条項付　ノックイン型日米２指数（日経平均株価・Ｓ＆Ｐ５００指数）参照デジタル・クーポン円建信託社債（責任財産限定特約付）","ダイヒャクゴカイニセンニジュウヨネンジュウニガツココノカマンキソウキショウカンハンテイスイジュンテイゲンガタソウキショウカンジョウコウツキノックインガタニチベイニシスウニッケイヘイキンカブカスタンダードアンドプアーズゴヒャクシスウサンショウデジタルクーポンエンダテシンタクシャサイセキニンザイサンゲンテイトクヤクツキ","内国信託受益証券・信託受益権","6月9日","12月9日","E03627","三井住友信託銀行株式会社"
"G14343","","楽天レバレッジＮＡＳＤＡＱ－１００","ラクテンレバレッジナスダック　ヒャク","内国投資信託受益証券","10月15日","","E15787","楽天投信投資顧問株式会社"
"G14344","","三菱ＵＦＪ　ＤＣ先進国株式ＥＳＧリーダーズインデックスファンド","ミツビシユーエフジェイディーシーセンシンコクカブシキイーエスジーリーダーズインデックスファンド","内国投資信託受益証券","5月20日","","E11518","三菱ＵＦＪアセットマネジメント株式会社"
"G14345","","みらいバランス・株式１０（富士通企業年金基金ＤＣ向け）","ミライバランスカブシキジュウフジツウキギョウネンキンキキンデイーシームケ","内国投資信託受益証券","3月末日","","E12460","野村アセットマネジメント株式会社"
"G14346","","グローバル創薬関連株式ファンド","グローバルソウヤクカンレンカブシキファンド","内国投資信託受益証券","11月10日","","E08957","三井住友ＤＳアセットマネジメント株式会社"
"G14347","","ニッセイ先進国株式インデックス（為替ヘッジあり）（ラップ専用）","ニッセイセンシンコクカブシキインデックスカワセヘッジアリラップセンヨウ","内国投資信託受益証券","11月20日","","E12453","ニッセイアセットマネジメント株式会社"
"G14348","","ニッセイ先進国株式インデックス（為替ヘッジなし）（ラップ専用）","ニッセイセンシンコクカブシキインデックスカワセヘッジナシラップセンヨウ","内国投資信託受益証券","11月20日","","E12453","ニッセイアセットマネジメント株式会社"
"G14349","","ニッセイ新興国株式インデックス（ラップ専用）","ニッセイシンコウコクカブシキインデックスラップセンヨウ","内国投資信託受益証券","11月20日","","E12453","ニッセイアセットマネジメント株式会社"
"G14350","","ニッセイ新興国債券インデックス（ラップ専用）","ニッセイシンコウコクサイケンインデックスラップセンヨウ","内国投資信託受益証券","11月20日","","E12453","ニッセイアセットマネジメント株式会社"
"G14351","","ニッセイ海外リートインデックス（為替ヘッジあり）（ラップ専用）","ニッセイカイガイリートインデックスカワセヘッジアリラップセンヨウ","内国投資信託受益証券","11月20日","","E12453","ニッセイアセットマネジメント株式会社"
"G14352","","ニッセイ海外リートインデックス（為替ヘッジなし）（ラップ専用）","ニッセイカイガイリートインデックスカワセヘッジナシラップセンヨウ","内国投資信託受益証券","11月20日","","E12453","ニッセイアセットマネジメント株式会社"
"G14353","","モビリティ・イノベーション・ファンド（予想分配金提示型）","モビリティイノベーションファンドヨソウブンパイキンテイジガタ","内国投資信託受益証券","1月21日","7月21日","E13343","ＢＮＹメロン・インベストメント・マネジメント・ジャパン株式会社"
"G14354","","ＢＮＹメロン・米国株式ダイナミック戦略ファンド（予想分配金提示型）","ビーエヌワイメロンベイコクカブシキダイナミックセンリャクファンドヨソウブンパイキンテイジガタ","内国投資信託受益証券","5月17日","11月17日","E13343","ＢＮＹメロン・インベストメント・マネジメント・ジャパン株式会社"
"G14355","","Ｏｎｅ円建て債券ファンドⅡ　２０２１－１２","ワンエンダテサイケンファンドツーニイゼロニイイチイチニイ","内国投資信託受益証券","4月28日","","E10677","アセットマネジメントＯｎｅ株式会社"
"G14356","","ブラックロック・フィクスド・インカム・ダブリン・ファンズ　ｐｌｃ－ｉシェアーズ・グリーンボンド・インデックス・ファンドクラスＤ円ヘッジ投資証券","ブラックロックフィクスドインカムダブリンファンズピーエルシーアイシェアーズグリーンボンドインデックスファンドクラスディーエンヘッジトウシショウケン","外国投資証券","12月末日","","E36699","ブラックロック・フィクスド・インカム・ダブリン・ファンズ　ｐｌｃ"
"G14357","","第１０６回　２０２３年１２月１１日満期　早期償還判定水準逓減型　早期償還条項付　ノックイン型日米２指数（日経平均株価・Ｓ＆Ｐ５００指数）参照円建信託社債（責任財産限定特約付）","ダイヒャクロクカイニセンニジュウサンネンジュウニガツジュウイチニチマンキソウキショウカンハンテイスイジュンテイゲンガタソウキショウカンジョウコウツキノックインガタニチベイニシスウニッケイヘイキンカブカスタンダードアンドプアーズゴヒャクシスウサンショウエンダテシンタクシャサイセキニンザイサンゲンテイトクヤクツキ","内国信託受益証券・信託受益権","6月11日","12月11日","E03627","三井住友信託銀行株式会社"
"G14358","","第１０７回　２０２６年１２月１４日満期　早期償還判定水準逓減型　早期償還条項付　ノックイン型日米２指数（日経平均株価・Ｓ＆Ｐ５００指数）参照デジタル・クーポン円建信託社債（責任財産限定特約付）","ダイヒャクナナカイニセンニジュウロクネンジュウニガツジュウヨッカマンキソウキショウカンハンテイスイジュンテイゲンガタソウキショウカンジョウコウツキノックインガタニチベイニシスウニッケイヘイキンカブカスタンダードアンドプアーズゴヒャクシスウサンショウデジタルクーポンエンダテシンタクシャサイセキニンザイサンゲンテイトクヤクツキ","内国信託受益証券・信託受益権","6月14日","12月14日","E03627","三井住友信託銀行株式会社"
"G14359","","ダイワ・グローバルＲＥＩＴ・オープン（為替ヘッジあり／毎月分配型）","ダイワグローバルリートオープンカワセヘッジアリマイツキブンパイガタ","内国投資信託受益証券","3月15日","9月15日","E06748","大和アセットマネジメント株式会社"
"G14360","","ダイワ・グローバルＲＥＩＴ・オープン（為替ヘッジあり・なし／資産成長型）","ダイワグローバルリートオープンカワセヘッジアリナシシサンセイチョウガタ","内国投資信託受益証券","3月15日","9月15日","E06748","大和アセットマネジメント株式会社"
"G14361","","Ｔ＆Ｄダブルブル・ベア・シリーズ８","ティアンドディダブルブルベアシリーズハチ","内国投資信託受益証券","12月10日","","E11764","Ｔ＆Ｄアセットマネジメント株式会社"
"G14362","","トーセイ・プロパティ・ファンド（シリーズ１）","トーセイ　プロパティ　ファンド　シリーズワン","内国有価証券投資事業権利等","10月末日","","E37114","トークン合同会社"
"G14363","","楽天グローバルＩＰＯ株式ファンド","ラクテングローバルアイピーオーカブシキファンド","内国投資信託受益証券","10月25日","","E15787","楽天投信投資顧問株式会社"
"G14364","","りそな国内リートインデックス（ラップ専用）","リソナコクナイリートインデックス　ラップセンヨウ","内国投資信託受益証券","11月20日","","E32011","りそなアセットマネジメント株式会社"
"G14365","","グローバル・デジタルヘルスケア株式ファンド（年１回決算型・為替ヘッジあり）／グローバル・デジタルヘルスケア株式ファンド（年１回決算型・為替ヘッジなし）","グローバルデジタルヘルスケアカブシキファンドネンイッカイケッサンガタカワセヘッジアリ　グローバルデジタルヘルスケアカブシキファンドネンイッカイケッサンガタカワセヘッジナシ","内国投資信託受益証券","11月18日","","E12453","ニッセイアセットマネジメント株式会社"
"G14366","","グローバル・デジタルヘルスケア株式ファンド（年２回決算型・為替ヘッジあり）／グローバル・デジタルヘルスケア株式ファンド（年２回決算型・為替ヘッジなし）","グローバルデジタルヘルスケアカブシキファンドネンニカイケッサンガタカワセヘッジアリ　グローバルデジタルヘルスケアカブシキファンドネンニカイケッサンガタカワセヘッジナシ","内国投資信託受益証券","5月18日","11月18日","E12453","ニッセイアセットマネジメント株式会社"
"G14367","","ダイワ国内株式インデックス（ラップ専用）","ダイワコクナイカブシキインデックスラップセンヨウ","内国投資信託受益証券","11月20日","","E06748","大和アセットマネジメント株式会社"
"G14368","","ダイワ国内債券インデックス（ラップ専用）","ダイワコクナイサイケンインデックスラップセンヨウ","内国投資信託受益証券","11月20日","","E06748","大和アセットマネジメント株式会社"
"G14369","","ダイワ先進国債券インデックス（為替ヘッジあり・なし）（ラップ専用）","ダイワセンシンコクサイケンインデックスカワセヘッジアリナシラップセンヨウ","内国投資信託受益証券","11月20日","","E06748","大和アセットマネジメント株式会社"
"G14370","","インフラ関連グローバル株式ファンド","インフラカンレングローバルカブシキファンド","内国投資信託受益証券","6月20日","12月20日","E12441","ＳＢＩ岡三アセットマネジメント株式会社"
"G14371","","不動産のデジタル証券～神戸六甲アイランドＤＣ～（譲渡制限付）","フドウサンノデジタルショウケンコウベロッコウアイランドディーシージョウトセイゲンツキ","内国信託受益証券・信託受益権","1月31日","7月31日","E03626","三菱ＵＦＪ信託銀行株式会社"
"G14372","","楽天Ｊ－ＲＥＩＴ・オルタナティブデータ・ファンド","ラクテンジェイ　リート　オルタナティブデータ　ファンド","内国投資信託受益証券","5月25日","11月25日","E15787","楽天投信投資顧問株式会社"
"G14373","","第１０９回　２０２６年１２月３０日満期　早期償還判定水準逓減型　早期償還条項付　ノックイン型日米２指数（日経平均株価・Ｓ＆Ｐ５００指数）参照デジタル・クーポン円建信託社債（責任財産限定特約付）","ダイヒャクキュウカイニセンニジュウロクネンジュウニガツサンジュウニチマンキソウキショウカンハンテイスイジュンテイゲンガタソウキショウカンジョウコウツキノックインガタニチベイニシスウニッケイヘイキンカブカスタンダードアンドプアーズゴヒャクシスウサンショウデジタルクーポンエンダテシンタクシャサイセキニンザイサンゲンテイトクヤクツキ","内国信託受益証券・信託受益権","6月30日","12月30日","E03627","三井住友信託銀行株式会社"
"G14374","","ＵＢＳユニバーサル・トラスト（ケイマン）Ⅲ－プレミアム・キャリー戦略ファンド","ユービーエスユニバーサルトラストケイマンスリープレミアムキャリーセンリャクファンド","外国投資信託受益証券","1月末日","","E15389","ＵＢＳマネジメント（ケイマン）リミテッド"
"G14375","","第１０８回　２０２３年１２月２９日満期　早期償還判定水準逓減型　早期償還条項付　ノックイン型日米２指数（日経平均株価・Ｓ＆Ｐ５００指数）参照円建信託社債（責任財産限定特約付）","ダイヒャクハチカイニセンニジュウサンネンジュウニガツニジュウクニチマンキソウキショウカンハンテイスイジュンテイゲンガタソウキショウカンジョウコウツキノックインガタニチベイニシスウニッケイヘイキンカブカスタンダードアンドプアーズゴヒャクシスウサンショウエンダテシンタクシャサイセキニンザイサンゲンテイトクヤクツキ","内国信託受益証券・信託受益権","6月29日","12月29日","E03627","三井住友信託銀行株式会社"
"G14376","","フィデリティ・世界割安成長株投信　Ｃコース（毎月決算・予想分配金提示型・為替ヘッジあり）　フィデリティ・世界割安成長株投信　Ｄコース（毎月決算・予想分配金提示型・為替ヘッジなし）","フィデリティセカイワリヤスセイチョウカブトウシンシーコースマイツキケッサンヨソウブンパイキンテイジガタカワセヘッジアリ　フィデリティセカイワリヤスセイチョウカブトウシンディーコースマイツキケッサンヨソウブンパイキンテイジガタカワセヘッジナシ","内国投資信託受益証券","2月20日","8月20日","E12481","フィデリティ投信株式会社"
"G14377","","第１５０回２０２６年９月満期株価指数参照円建信託社債（デジタルクーポン型・トリガー価格逓減早期償還条項付）（責任財産限定特約付）参照指数：日経平均株価","ダイヒャクゴジュッカイニセンニジュウロクネンクガツマンキカブカシスウサンショウエンダテシンタクシャサイデジタルクーポンガタトリガーカカクテイゲンソウキショウカンジョウコウツキセキニンザイサンゲンテイトクヤクツキサンショウシスウニッケイヘイキンカブカ","内国信託受益証券・信託受益権","6月13日","12月13日","E03626","三菱ＵＦＪ信託銀行株式会社"
"G14378","","第１５１回２０２４年１２月満期株価指数参照円建信託社債（固定クーポン型・トリガー価格逓減早期償還条項付）（責任財産限定特約付）参照指数：日経平均株価","ダイヒャクゴジュウイッカイニセンニジュウヨネンジュウニガツマンキカブカシスウサンショウエンダテシンタクシャサイコテイクーポンガタトリガーカカクテイゲンソウキショウカンジョウコウツキセキニンザイサンゲンテイトクヤクツキサンショウシスウニッケイヘイキンカブカ","内国信託受益証券・信託受益権","6月13日","12月13日","E03626","三菱ＵＦＪ信託銀行株式会社"
"G14379","","第１１０回　２０２５年１月１５日満期　早期償還判定水準逓減型　早期償還条項付　ノックイン型日米２指数（日経平均株価・Ｓ＆Ｐ５００指数）参照デジタル・クーポン円建信託社債（責任財産限定特約付）","ダイヒャクジュッカイニセンニジュウゴネンイチガツジュウゴニチマンキソウキショウカンハンテイスイジュンテイゲンガタソウキショウカンジョウコウツキノックインガタニチベイニシスウニッケイヘイキンカブカスタンダードアンドプアーズゴヒャクシスウサンショウデジタルクーポンエンダテシンタクシャサイセキニンザイサンゲンテイトクヤクツキ","内国信託受益証券・信託受益権","1月15日","7月15日","E03627","三井住友信託銀行株式会社"
"G14381","","ソフトバンクグループ＆日本企業厳選債券ファンド２０２１－１２","ソフトバンクグループ　アンド　ニホンキギョウゲンセンサイケンファンド　ニゼロニイチ　イチニ","内国投資信託受益証券","12月20日","","E10677","アセットマネジメントＯｎｅ株式会社"
"G14382","","ダイナミックアロケーションファンド（ラップ向け）","ダイナミックアロケーションファンドラップムケ","内国投資信託受益証券","6月25日","","E11518","三菱ＵＦＪアセットマネジメント株式会社"
"G14383","","ファンドラップ専用ファンド","ファンドラップセンヨウファンド","内国投資信託受益証券","12月10日","","E12453","ニッセイアセットマネジメント株式会社"
"G14384","","ポーレン米国グロース株式ファンド（予想分配金提示型）","ポーレンベイコクグロースカブシキファンドヨソウブンパイキンテイジガタ","内国投資信託受益証券","3月21日","9月21日","E06748","大和アセットマネジメント株式会社"
"G14385","","第１１２回　２０２７年１月１８日満期　早期償還判定水準逓減型　早期償還条項付　ノックイン型日米２指数（日経平均株価・Ｓ＆Ｐ５００指数）参照デジタル・クーポン円建信託社債（責任財産限定特約付）","ダイヒャクジュウニカイニセンニジュウシチネンイチガツジュウハチニチマンキソウキショウカンハンテイスイジュンテイゲンガタソウキショウカンジョウコウツキノックインガタニチベイニシスウニッケイヘイキンカブカスタンダードアンドプアーズゴヒャクシスウサンショウデジタルクーポンエンダテシンタクシャサイセキニンザイサンゲンテイトクヤクツキ","内国信託受益証券・信託受益権","1月18日","7月18日","E03627","三井住友信託銀行株式会社"
"G14386","","ＦＷニッセイ先進国脱炭素株インデックス","エフダブリュニッセイセンシンコクダツタンソカブインデックス","内国投資信託受益証券","12月10日","","E12453","ニッセイアセットマネジメント株式会社"
"G14387","","第１１１回　２０２４年１月１６日満期　早期償還判定水準逓減型　早期償還条項付　ノックイン型日米２指数（日経平均株価・Ｓ＆Ｐ５００指数）参照円建信託社債（責任財産限定特約付）","ダイヒャクジュウイチカイニセンニジュウヨネンイチガツジュウロクニチマンキソウキショウカンハンテイスイジュンテイゲンガタソウキショウカンジョウコウツキノックインガタニチベイニシスウニッケイヘイキンカブカスタンダードアンドプアーズゴヒャクシスウサンショウエンダテシンタクシャサイセキニンザイサンゲンテイトクヤクツキ","内国信託受益証券・信託受益権","1月16日","7月16日","E03627","三井住友信託銀行株式会社"
"G14388","","次世代消費関連株式ファンド（資産成長型・予想分配金提示型）","ジセダイショウヒカンレンカブシキファンドシサンセイチョウガタヨソウブンパイキンテイジガタ","内国投資信託受益証券","6月9日","12月9日","E06748","大和アセットマネジメント株式会社"
"G14389","28360","グローバルＸ　フィンテック－日本株式　ＥＴＦ","グローバルエックスフィンテックニホンカブシキイーティーエフ","内国投資信託受益証券","6月24日","12月24日","E35933","Ｇｌｏｂａｌ　Ｘ　Ｊａｐａｎ株式会社"
"G14390","28370","グローバルＸ　中小型リーダーズ－日本株式　ＥＴＦ","グローバルエックスチュウコガタリーダーズニホンカブシキイーティーエフ","内国投資信託受益証券","6月24日","12月24日","E35933","Ｇｌｏｂａｌ　Ｘ　Ｊａｐａｎ株式会社"
"G14391","28390","ＭＡＸＩＳ米国国債７―１０年上場投信（為替ヘッジあり）","マクシスベイコクコクサイナナカラジュウネンジョウジョウトウシンカワセヘッジアリ","内国投資信託受益証券","5月10日","11月10日","E11518","三菱ＵＦＪアセットマネジメント株式会社"
"G14392","28380","ＭＡＸＩＳ米国国債７―１０年上場投信（為替ヘッジなし）","マクシスベイコクコクサイナナカラジュウネンジョウジョウトウシンカワセヘッジナシ","内国投資信託受益証券","5月10日","11月10日","E11518","三菱ＵＦＪアセットマネジメント株式会社"
"G14393","","ＳＯＭＰＯ１２３　先進国株式","ソンポワンツースリー　センシンコクカブシキ","内国投資信託受益証券","12月21日","","E12434","ＳＯＭＰＯアセットマネジメント株式会社"
"G14394","","コモディティ・アルファ戦略ファンド","コモディティアルファセンリャクファンド","内国投資信託受益証券","11月30日","","E08957","三井住友ＤＳアセットマネジメント株式会社"
"G14395","","Ｔｒａｃｅｒｓ　グローバル２倍株（地球コンプリート）","トレイサーズ　グローバルニバイカブ　チキュウコンプリート","内国投資信託受益証券","11月16日","","E12430","アモーヴァ・アセットマネジメント株式会社"
"G14396","","グローバルインパクト投資ファンド（気候変動）","グローバルインパクトトウシファンド　キコウヘンドウ","内国投資信託受益証券","11月15日","","E32011","りそなアセットマネジメント株式会社"
"G14397","","ファンドスミス・グローバル・エクイティ・ファンド","ファンドスミスグローバルエクイティファンド","内国投資信託受益証券","1月15日","","E10677","アセットマネジメントＯｎｅ株式会社"
"G14398","","オーケストラ　ファンド（安定コース）　オーケストラ　ファンド（成長コース）","オーケストラ　ファンドアンテイコース　オーケストラ　ファンドセイチョウコース","内国投資信託受益証券","12月15日","","E14714","キャピタル　アセットマネジメント株式会社"
"G14399","","みらいのサイフ（エントリーコース）、みらいのサイフ（ベーシックコース）、みらいのサイフ（アドバンスコース）","ミライノサイフエントリーコース　ミライノサイフベーシックコース　ミライノサイフアドバンスコース","内国投資信託受益証券","6月15日","12月15日","E10677","アセットマネジメントＯｎｅ株式会社"
"G14400","","ニッセイＳＤＧｓインカムファンド（資産成長型・為替ヘッジあり）／ニッセイＳＤＧｓインカムファンド（資産成長型・為替ヘッジなし）","ニッセイエスディージーズインカムファンドシサンセイチョウガタカワセヘッジアリ　ニッセイエスディージーズインカムファンドシサンセイチョウガタカワセヘッジナシ","内国投資信託受益証券","3月15日","","E12453","ニッセイアセットマネジメント株式会社"
"G14401","","ニッセイＳＤＧｓインカムファンド（予想分配金提示型・為替ヘッジあり）／ニッセイＳＤＧｓインカムファンド（予想分配金提示型・為替ヘッジなし）","ニッセイエスディージーズインカムファンドヨソウブンパイキンテイジガタカワセヘッジアリ　ニッセイエスディージーズインカムファンドヨソウブンパイキンテイジガタカワセヘッジナシ","内国投資信託受益証券","3月15日","9月15日","E12453","ニッセイアセットマネジメント株式会社"
"G14402","","ニュー・チャイナ・ファンド（資産成長型）","ニューチャイナファンドシサンセイチョウガタ","内国投資信託受益証券","10月20日","","E08957","三井住友ＤＳアセットマネジメント株式会社"
"G14403","","ニュー・チャイナ・ファンド（予想分配金提示型）","ニューチャイナファンドヨソウブンパイキンテイジガタ","内国投資信託受益証券","4月20日","10月20日","E08957","三井住友ＤＳアセットマネジメント株式会社"
"G14404","","インサイト・グローバル・クレジット・ファンド　Ａコース（為替ヘッジあり　年２回決算型）／Ｂコース（為替ヘッジなし　年２回決算型）","インサイトグローバルクレジットファンド　エーコースカワセヘッジアリネンニカイケッサンカタ　ビーコースカワセヘッジナシネンニカイケッサンカタ","内国投資信託受益証券","6月15日","12月15日","E13343","ＢＮＹメロン・インベストメント・マネジメント・ジャパン株式会社"
"G14405","","第１１４回　２０２７年２月２日満期　早期償還判定水準逓減型　早期償還条項付　ノックイン型日米２指数（日経平均株価・Ｓ＆Ｐ５００指数）参照デジタル・クーポン円建信託社債（責任財産限定特約付）","ダイヒャクジュウヨンカイニセンニジュウシチネンニガツフツカマンキソウキショウカンハンテイスイジュンテイゲンガタソウキショウカンジョウコウツキノックインガタニチベイニシスウニッケイヘイキンカブカスタンダードアンドプアーズゴヒャクシスウサンショウデジタルクーポンエンダテシンタクシャサイセキニンザイサンゲンテイトクヤクツキ","内国信託受益証券・信託受益権","2月2日","8月2日","E03627","三井住友信託銀行株式会社"
"G14406","","第１１３回　２０２４年２月２日満期　早期償還判定水準逓減型　早期償還条項付　ノックイン型日米２指数（日経平均株価・Ｓ＆Ｐ５００指数）参照円建信託社債（責任財産限定特約付）","ダイヒャクジュウサンカイニセンニジュウヨネンニガツフツカマンキソウキショウカンハンテイスイジュンテイゲンガタソウキショウカンジョウコウツキノックインガタニチベイニシスウニッケイヘイキンカブカスタンダードアンドプアーズゴヒャクシスウサンショウエンダテシンタクシャサイセキニンザイサンゲンテイトクヤクツキ","内国信託受益証券・信託受益権","2月2日","8月2日","E03627","三井住友信託銀行株式会社"
"G14407","","ＤＣニッセイグローバルＥＳＧフォーカスファンド","ディーシーニッセイグローバルイーエスジーフォーカスファンド","内国投資信託受益証券","2月15日","","E12453","ニッセイアセットマネジメント株式会社"
"G14408","","あおぞら・新グローバル分散ファンド（限定追加型）２０２２－０１","アオゾラシングローバルブンサンファンドゲンテイツイカガタニイゼロニイニイノゼロイチ","内国投資信託受益証券","11月10日","","E30689","あおぞら投信株式会社"
"G14409","","第１５２回２０２６年９月満期株価指数参照円建信託社債（デジタルクーポン型・トリガー価格逓減早期償還条項付）（責任財産限定特約付）参照指数：日経平均株価","ダイヒャクゴジュウニカイニセンニジュウロクネンクガツマンキカブカシスウサンショウエンダテシンタクシャサイデジタルクーポンガタトリガーカカクテイゲンソウキショウカンジョウコウツキセキニンザイサンゲンテイトクヤクツキサンショウシスウニッケイヘイキンカブカ","内国信託受益証券・信託受益権","1月10日","7月10日","E03626","三菱ＵＦＪ信託銀行株式会社"
"G14410","","第１５３回２０２５年３月満期株価指数参照円建信託社債（固定クーポン型・トリガー価格逓減早期償還条項付）（責任財産限定特約付）参照指数：日経平均株価","ダイヒャクゴジュウサンカイニセンニジュウゴネンサンガツマンキカブカシスウサンショウエンダテシンタクシャサイコテイクーポンガタトリガーカカクテイゲンソウキショウカンジョウコウツキセキニンザイサンゲンテイトクヤクツキサンショウシスウニッケイヘイキンカブカ","内国信託受益証券・信託受益権","1月10日","7月10日","E03626","三菱ＵＦＪ信託銀行株式会社"
"G14411","","第１１５回　２０２５年２月１３日満期　早期償還判定水準逓減型　早期償還条項付　ノックイン型日米２指数（日経平均株価・Ｓ＆Ｐ５００指数）参照デジタル・クーポン円建信託社債（責任財産限定特約付）","ダイヒャクジュウゴカイニセンニジュウゴネンニガツジュウサンニチマンキソウキショウカンハンテイスイジュンテイゲンガタソウキショウカンジョウコウツキノックインガタニチベイニシスウニッケイヘイキンカブカスタンダードアンドプアーズゴヒャクシスウサンショウデジタルクーポンエンダテシンタクシャサイセキニンザイサンゲンテイトクヤクツキ","内国信託受益証券・信託受益権","2月13日","8月13日","E03627","三井住友信託銀行株式会社"
"G14413","","日本株式エクセレント・フォーカスファンド","ニホンカブシキエクセレント　フォーカスファンド","内国投資信託受益証券","11月30日","","E12444","三井住友トラスト・アセットマネジメント株式会社"
"G14414","","ゴールドマン・サックス（ケイマン諸島）ユニット・トラスト－ｎｅｘｔＷＩＮ　ＧＳフューチャー・テクノロジー・リーダーズ","ゴールドマンサックスケイマンショトウユニットトラストネクストウィンジーエスフューチャーテクノロジーリーダーズ","外国投資信託受益証券","12月末日","","E24426","シーエス（ケイマン）リミテッド"
"G14415","","第１１７回　２０２７年２月１６日満期　早期償還判定水準逓減型　早期償還条項付　ノックイン型日欧２指数（日経平均株価、ユーロ・ストックス５０指数）参照デジタル・クーポン円建信託社債（責任財産限定特約付）","ダイヒャクジュウナナカイニセンニジュウシチネンニガツジュウロクニチマンキソウキショウカンハンテイスイジュンテイゲンガタソウキショウカンジョウコウツキノックインガタニチオウニシスウニッケイヘイキンカブカユーロストックスゴジュウシスウサンショウデジタルクーポンエンダテシンタクシャサイセキニンザイサンゲンテイトクヤクツキ","内国信託受益証券・信託受益権","2月16日","8月16日","E03627","三井住友信託銀行株式会社"
"G14416","26490","ｉシェアーズ　米国政府系機関ジニーメイＭＢＳ　ＥＴＦ（為替ヘッジあり）","アイシェアーズ　ベイコクセイフケイキカンジニーメイエムビーエス　イーティーエフ　カワセヘッジアリ","内国投資信託受益証券","1月11日","7月11日","E09096","ブラックロック・ジャパン株式会社"
"G14417","","ＳＢＩ・Ｖ・全世界株式インデックス・ファンド","エスビーアイ　ブイ　ゼンセカイカブシキ　インデックスファンド","内国投資信託受益証券","1月27日","","E13447","ＳＢＩアセットマネジメント株式会社"
"G14418","","グローバル・サブスクリプション・サービス関連株式ファンド","グローバルサブスクリプションサービスカンレンカブシキファンド","内国投資信託受益証券","1月20日","7月20日","E06748","大和アセットマネジメント株式会社"
"G14419","","グローバル厳選バランスファンド","グローバルゲンセンバランスファンド","内国投資信託受益証券","11月10日","","E31678","ちばぎんアセットマネジメント株式会社"
"G14420","","第１１６回　２０２４年２月１６日満期　早期償還判定水準逓減型　早期償還条項付　ノックイン型日欧２指数（日経平均株価、ユーロ・ストックス５０指数）参照円建信託社債（責任財産限定特約付）","ダイヒャクジュウロクカイニセンニジュウヨネンニガツジュウロクニチマンキソウキショウカンハンテイスイジュンテイゲンガタソウキショウカンジョウコウツキノックインガタニチオウニシスウニッケイヘイキンカブカユーロストックスゴジュウシスウサンショウエンダテシンタクシャサイセキニンザイサンゲンテイトクヤクツキ","内国信託受益証券・信託受益権","2月16日","8月16日","E03627","三井住友信託銀行株式会社"
"G14421","","ラップ向けインデックスｆ　米ドル建て新興国債券（為替ヘッジあり）","ラップムケインデックスエフベイドルダテシンコウコクサイケンカワセヘッジアリ","内国投資信託受益証券","3月25日","","E11518","三菱ＵＦＪアセットマネジメント株式会社"
"G14422","","ラップ向けインデックスｆ　先進国リート（為替ヘッジあり）","ラップムケインデックスエフセンシンコクリートカワセヘッジアリ","内国投資信託受益証券","3月25日","","E11518","三菱ＵＦＪアセットマネジメント株式会社"
"G14423","","ラップ向けインデックスｆ　先進国債券（為替ヘッジあり）","ラップムケインデックスエフセンシンコクサイケンカワセヘッジアリ","内国投資信託受益証券","3月25日","","E11518","三菱ＵＦＪアセットマネジメント株式会社"
"G14424","","ラップ向けインデックスｆ　先進国株式（為替ヘッジあり）","ラップムケインデックスエフセンシンコクカブシキカワセヘッジアリ","内国投資信託受益証券","3月25日","","E11518","三菱ＵＦＪアセットマネジメント株式会社"
"G14425","","セゾン共創日本ファンド","セゾンキョウソウニッポンファンド","内国投資信託受益証券","6月10日","","E14561","セゾン投信株式会社"
"G14426","","ピクテ・ヒューマン・ファンド","ピクテヒューマンファンド","内国投資信託受益証券","1月17日","7月17日","E10439","ピクテ・ジャパン株式会社"
"G14427","","ジパング・オーナー企業株式ファンド","ジパング　オーナーキギョウカブシキファンド","内国投資信託受益証券","12月25日","","E12430","アモーヴァ・アセットマネジメント株式会社"
"G14428","","ブラックロック・イノベーター株式・ヘッジファンド（限定為替ヘッジあり）／（為替ヘッジなし）","ブラックロックイノベーターカブシキヘッジファンドゲンテイカワセヘッジアリカワセヘッジナシ","内国投資信託受益証券","1月25日","","E09096","ブラックロック・ジャパン株式会社"
"G14429","","第１２１回　２０２５年３月７日満期　早期償還判定水準逓減型　早期償還条項付　ノックイン型日米２指数（日経平均株価・Ｓ＆Ｐ５００指数）参照デジタル・クーポン円建信託社債（責任財産限定特約付）","ダイヒャクニジュウイチカイニセンニジュウゴネンサンガツナノカマンキソウキショウカンハンテイスイジュンテイゲンガタソウキショウカンジョウコウツキノックインガタニチベイニシスウニッケイヘイキンカブカスタンダードアンドプアーズゴヒャクシスウサンショウデジタルクーポンエンダテシンタクシャサイセキニンザイサンゲンテイトクヤクツキ","内国信託受益証券・信託受益権","3月7日","9月7日","E03627","三井住友信託銀行株式会社"
"G14430","","第１１９回　２０２７年３月９日満期　早期償還判定水準逓減型　早期償還条項付　ノックイン型日欧２指数（日経平均株価、ユーロ・ストックス５０指数）参照デジタル・クーポン円建信託社債（責任財産限定特約付）","ダイヒャクジュウキュウカイニセンニジュウシチネンサンガツココノカマンキソウキショウカンハンテイスイジュンテイゲンガタソウキショウカンジョウコウツキノックインガタニチオウニシスウニッケイヘイキンカブカユーロストックスゴジュウシスウサンショウデジタルクーポンエンダテシンタクシャサイセキニンザイサンゲンテイトクヤクツキ","内国信託受益証券・信託受益権","3月9日","9月9日","E03627","三井住友信託銀行株式会社"
"G14431","","第１２０回　２０２３年３月７日満期　早期償還条項付　ノックイン型日米２指数（日経平均株価・Ｓ＆Ｐ５００指数）参照円建信託社債（責任財産限定特約付）","ダイヒャクニジュウカイニセンニジュウサンネンサンガツナノカマンキソウキショウカンジョウコウツキノックインガタニチベイニシスウニッケイヘイキンカブカスタンダードアンドプアーズゴヒャクシスウサンショウエンダテシンタクシャサイセキニンザイサンゲンテイトクヤクツキ","内国信託受益証券・信託受益権","3月7日","9月7日","E03627","三井住友信託銀行株式会社"
"G14432","","第１１８回　２０２４年３月１日満期　早期償還判定水準逓減型　早期償還条項付　ノックイン型日米２指数（日経平均株価・Ｓ＆Ｐ５００指数）参照円建信託社債（責任財産限定特約付）","ダイヒャクジュウハチカイニセンニジュウヨネンサンガツツイタチマンキソウキショウカンハンテイスイジュンテイゲンガタソウキショウカンジョウコウツキノックインガタニチベイニシスウニッケイヘイキンカブカスタンダードアンドプアーズゴヒャクシスウサンショウエンダテシンタクシャサイセキニンザイサンゲンテイトクヤクツキ","内国信託受益証券・信託受益権","3月1日","9月1日","E03627","三井住友信託銀行株式会社"
"G14433","","第１５４回２０２６年１２月満期株価指数参照円建信託社債（デジタルクーポン型・トリガー価格逓減早期償還条項付）（責任財産限定特約付）参照指数：日経平均株価","ダイヒャクゴジュウヨンカイニセンニジュウロクネンジュウニガツマンキカブカシスウサンショウエンダテシンタクシャサイデジタルクーポンガタトリガーカカクテイゲンソウキショウカンジョウコウツキセキニンザイサンゲンテイトクヤクツキサンショウシスウニッケイヘイキンカブカ","内国信託受益証券・信託受益権","2月10日","8月10日","E03626","三菱ＵＦＪ信託銀行株式会社"
"G14434","","第１５５回２０２５年３月満期株価指数参照円建信託社債（固定クーポン型・トリガー価格逓減早期償還条項付）（責任財産限定特約付）参照指数：日経平均株価","ダイヒャクゴジュウゴカイニセンニジュウゴネンサンガツマンキカブカシスウサンショウエンダテシンタクシャサイコテイクーポンガタトリガーカカクテイゲンソウキショウカンジョウコウツキセキニンザイサンゲンテイトクヤクツキサンショウシスウニッケイヘイキンカブカ","内国信託受益証券・信託受益権","2月10日","8月10日","E03626","三菱ＵＦＪ信託銀行株式会社"
"G14436","","ラップ向けダイナミックアロケーションファンド","ラップムケダイナミックアロケーションファンド","内国投資信託受益証券","6月25日","","E11518","三菱ＵＦＪアセットマネジメント株式会社"
"G14437","","つみたて日経２２５インデックスファンド","ツミタテニッケイニーニーゴインデックスファンド","内国投資信託受益証券","2月10日","","E26491","中銀アセットマネジメント株式会社"
"G14438","","ラップ向け日本超長期国債インデックスファンドⅡ","ラップムケニホンチョウチョウキコクサイインデックスファンドツー","内国投資信託受益証券","6月25日","","E11518","三菱ＵＦＪアセットマネジメント株式会社"
"G14439","","ヘッジ付先進国株式インデックス・オープン（ラップ向け）","ヘッジツキセンシンコクカブシキインデックスオープンラップムケ","内国投資信託受益証券","6月25日","","E11518","三菱ＵＦＪアセットマネジメント株式会社"
"G14440","","ラップ向けアクティブアロケーションファンド","ラップムケアクティブアロケーションファンド","内国投資信託受益証券","6月25日","","E11518","三菱ＵＦＪアセットマネジメント株式会社"
"G14441","","ラップ向け先進国高格付国債ファンドⅡ","ラップムケセンシンコクコウカクヅケコクサイファンドツー","内国投資信託受益証券","3月6日","9月6日","E11518","三菱ＵＦＪアセットマネジメント株式会社"
"G14442","","カレラＢＥＶ関連株ファンド","カレラビーイーヴィーカンレンカブファンド","内国投資信託受益証券","2月20日","8月20日","E26704","カレラアセットマネジメント株式会社"
"G14443","","Ｏｎｅ円建て債券ファンドⅡ　２０２２－０３","ワンエンダテサイケンファンドツーニイゼロニイニイゼロサン","内国投資信託受益証券","7月14日","","E10677","アセットマネジメントＯｎｅ株式会社"
"G14444","28410","ｉＦｒｅｅＥＴＦ　ＮＡＳＤＡＱ１００（為替ヘッジあり）","アイフリーイーティーエフナスダックヒャクカワセヘッジアリ","内国投資信託受益証券","3月10日","9月10日","E06748","大和アセットマネジメント株式会社"
"G14445","28400","ｉＦｒｅｅＥＴＦ　ＮＡＳＤＡＱ１００（為替ヘッジなし）","アイフリーイーティーエフナスダックヒャクカワセヘッジナシ","内国投資信託受益証券","3月10日","9月10日","E06748","大和アセットマネジメント株式会社"
"G14446","28420","ｉＦｒｅｅＥＴＦ　ＮＡＳＤＡＱ１００インバース","アイフリーイーティーエフナスダックヒャクインバース","内国投資信託受益証券","3月10日","9月10日","E06748","大和アセットマネジメント株式会社"
"G14447","","三井住友ＤＳ　グローバル・ターゲット戦略債券ファンド２０２２－０３（限定追加型）","ミツイスミトモディーエスグローバルターゲットセンリャクサイケンファンドニイゼロニイニイゼロサンゲンテイツイカガタ","内国投資信託受益証券","3月8日","","E08957","三井住友ＤＳアセットマネジメント株式会社"
"G14448","","インベスコ　世界消費関連成長株ファンド","インベスコセカイショウヒカンレンセイチョウカブファンド","内国投資信託受益証券","2月15日","","E06479","インベスコ・アセット・マネジメント株式会社"
"G14449","","第１２２回　２０２４年３月１１日満期　早期償還判定水準逓減型　早期償還条項付　ノックイン型日米２指数（日経平均株価・Ｓ＆Ｐ５００指数）参照円建信託社債（責任財産限定特約付）","ダイヒャクニジュウニカイニセンニジュウヨネンサンガツジュウイチニチマンキソウキショウカンハンテイスイジュンテイゲンガタソウキショウカンジョウコウツキノックインガタニチベイニシスウニッケイヘイキンカブカスタンダードアンドプアーズゴヒャクシスウサンショウエンダテシンタクシャサイセキニンザイサンゲンテイトクヤクツキ","内国信託受益証券・信託受益権","3月11日","9月11日","E03627","三井住友信託銀行株式会社"
"G14450","","キャピタル日本株式ファンド（ＤＣ年金用）","キャピタルニホンカブシキファンドディーシーネンキンヨウ","内国投資信託受益証券","7月20日","","E14703","キャピタル・インターナショナル株式会社"
"G14451","28430","上場インデックスファンド豪州国債（為替ヘッジあり）","ジョウジョウインデックスファンドゴウシュウコクサイ　カワセヘッジアリ","内国投資信託受益証券","2月10日","8月10日","E12430","アモーヴァ・アセットマネジメント株式会社"
"G14452","28440","上場インデックスファンド豪州国債（為替ヘッジなし）","ジョウジョウインデックスファンドゴウシュウコクサイ　カワセヘッジナシ","内国投資信託受益証券","2月10日","8月10日","E12430","アモーヴァ・アセットマネジメント株式会社"
"G14453","","Ｓ＆Ｐ５００・４倍ブル型ファンド","エスアンドピイゴヒャクヨンバイブルガタファンド","内国投資信託受益証券","2月17日","","E11764","Ｔ＆Ｄアセットマネジメント株式会社"
"G14454","","しんきん国内株式インデックス（投資一任用）","シンキンコクナイカブシキインデックストウシイチニンヨウ","内国投資信託受益証券","11月20日","","E12422","しんきんアセットマネジメント投信株式会社"
"G14455","","しんきん国内債券インデックス（投資一任用）","シンキンコクナイサイケンインデックストウシイチニンヨウ","内国投資信託受益証券","11月20日","","E12422","しんきんアセットマネジメント投信株式会社"
"G14456","","しんきん先進国債券インデックス（為替ヘッジあり）（投資一任用）／（為替ヘッジなし）（投資一任用）","シンキンセンシンコクサイケンインデックスカワセヘッジアリトウシイチニンヨウカワセヘッジナシトウシイチニンヨウ","内国投資信託受益証券","11月20日","","E12422","しんきんアセットマネジメント投信株式会社"
"G14457","","ダイワ先進国株式インデックス（為替ヘッジあり・なし）（投資一任専用）","ダイワセンシンコクカブシキインデックスカワセヘッジアリナシトウシイチニンセンヨウ","内国投資信託受益証券","11月20日","","E06748","大和アセットマネジメント株式会社"
"G14458","","ダイワ新興国株式インデックス（為替ヘッジなし）（投資一任専用）","ダイワシンコウコクカブシキインデックスカワセヘッジナシトウシイチニンセンヨウ","内国投資信託受益証券","11月20日","","E06748","大和アセットマネジメント株式会社"
"G14459","","ダイワ新興国債券インデックス（為替ヘッジなし）（投資一任専用）","ダイワシンコウコクサイケンインデックスカワセヘッジナシトウシイチニンセンヨウ","内国投資信託受益証券","11月20日","","E06748","大和アセットマネジメント株式会社"
"G14460","","ダイワ海外ＲＥＩＴインデックス（為替ヘッジあり・なし）（投資一任専用）","ダイワカイガイリートインデックスカワセヘッジアリナシトウシイチニンセンヨウ","内国投資信託受益証券","11月20日","","E06748","大和アセットマネジメント株式会社"
"G14461","","ダイワ国内ＲＥＩＴインデックス（投資一任専用）","ダイワコクナイリートインデックストウシイチニンセンヨウ","内国投資信託受益証券","11月20日","","E06748","大和アセットマネジメント株式会社"
"G14462","","第１５６回２０２６年１２月満期株価指数参照円建信託社債（デジタルクーポン型・トリガー価格逓減早期償還条項付）（責任財産限定特約付）参照指数：日経平均株価","ダイヒャクゴジュウロッカイニセンニジュウロクネンジュウニガツマンキカブカシスウサンショウエンダテシンタクシャサイデジタルクーポンガタトリガーカカクテイゲンソウキショウカンジョウコウツキセキニンザイサンゲンテイトクヤクツキサンショウシスウニッケイヘイキンカブカ","内国信託受益証券・信託受益権","3月10日","9月10日","E03626","三菱ＵＦＪ信託銀行株式会社"
"G14463","","第１５７回２０２５年３月満期株価指数参照円建信託社債（固定クーポン型・トリガー価格逓減早期償還条項付）（責任財産限定特約付）参照指数：日経平均株価","ダイヒャクゴジュウナナカイニセンニジュウゴネンサンガツマンキカブカシスウサンショウエンダテシンタクシャサイコテイクーポンガタトリガーカカクテイゲンソウキショウカンジョウコウツキセキニンザイサンゲンテイトクヤクツキサンショウシスウニッケイヘイキンカブカ","内国信託受益証券・信託受益権","3月10日","9月10日","E03626","三菱ＵＦＪ信託銀行株式会社"
"G14464","","ＵＢＳ（Ｌｕｘ）エクイティ・シキャブ－アクティブ・クライメート・アウェア（米ドル）","ユービーエスルクスエクイティシキャブアクティブクライメートアウェアベイドル","外国投資証券","5月末日","","E30637","ＵＢＳ（Ｌｕｘ）エクイティ・シキャブ"
"G14465","","第１２３回　２０２４年４月１６日満期　早期償還判定水準逓減型　早期償還条項付　ノックイン型日欧２指数（日経平均株価、ユーロ・ストックス５０指数）参照円建信託社債（責任財産限定特約付）","ダイヒャクニジュウサンカイニセンニジュウヨネンシガツジュウロクニチマンキソウキショウカンハンテイスイジュンテイゲンガタソウキショウカンジョウコウツキノックインガタニチオウニシスウニッケイヘイキンカブカユーロストックスゴジュウシスウサンショウエンダテシンタクシャサイセキニンザイサンゲンテイトクヤクツキ","内国信託受益証券・信託受益権","4月16日","10月16日","E03627","三井住友信託銀行株式会社"
"G14466","","ＳＢＩ・ｉシェアーズ・米国バランス（２資産均等型）","エスビーアイ　アイシェアーズ　ベイコクバランス　ニシサンキントウガタ","内国投資信託受益証券","3月10日","","E13447","ＳＢＩアセットマネジメント株式会社"
"G14467","","野村グローバル・クレジット・ファンド　Ａコース（野村ＳＭＡ・ＥＷ向け）、野村グローバル・クレジット・ファンド　Ｂコース（野村ＳＭＡ・ＥＷ向け）","ノムラグローバルクレジットファンドエーコースノムラエスエムエーイーダブリュームケ　ノムラグローバルクレジットファンドビーコースノムラエスエムエーイーダブリュームケ","内国投資信託受益証券","12月6日","","E12460","野村アセットマネジメント株式会社"
"G14468","","野村為替ヘッジ付き世界債券ファンド（野村ＳＭＡ・ＥＷ向け）","ノムラカワセヘッジツキセカイサイケンファンドノムラエスエムエーイーダブルムケ","内国投資信託受益証券","12月6日","","E12460","野村アセットマネジメント株式会社"
"G14469","","野村ブラックロック世界ＲＥＩＴファンド　Ａコース（野村ＳＭＡ・ＥＷ向け）、野村ブラックロック世界ＲＥＩＴファンド　Ｂコース（野村ＳＭＡ・ＥＷ向け）","ノムラブラックロックセカイリートファンドエーコースノムラエスエムエーイーダブリュームケ　ノムラブラックロックセカイリートファンドビーコースノムラエスエムエーイーダブリュームケ","内国投資信託受益証券","12月6日","","E12460","野村アセットマネジメント株式会社"
"G14471","","グローバル仮想世界株式戦略ファンド","グローバルカソウセカイカブシキセンリャクファンド","内国投資信託受益証券","3月19日","9月19日","E12441","ＳＢＩ岡三アセットマネジメント株式会社"
"G14472","","ケネディクス・リアルティ・トークン赤羽志茂（譲渡制限付）","ケネディクスリアルティトークンアカバネシモジョウトセイゲンツキ","内国信託受益証券・信託受益権","1月31日","7月31日","E03626","三菱ＵＦＪ信託銀行株式会社"
"G14473","","米国株式マーケット・キャッチ戦略ファンド","ベイコクカブシキマーケットキャッチセンリャクファンド","内国投資信託受益証券","12月8日","","E12448","明治安田アセットマネジメント株式会社"
"G14474","","第１２４回　２０２５年４月１６日満期　早期償還判定水準逓減型　早期償還条項付　ノックイン型日米２指数（日経平均株価・Ｓ＆Ｐ５００指数）参照デジタル・クーポン円建信託社債（責任財産限定特約付）","ダイヒャクニジュウヨンカイニセンニジュウゴネンシガツジュウロクニチマンキソウキショウカンハンテイスイジュンテイゲンガタソウキショウカンジョウコウツキノックインガタニチベイニシスウニッケイヘイキンカブカスタンダードアンドプアーズゴヒャクシスウサンショウデジタルクーポンエンダテシンタクシャサイセキニンザイサンゲンテイトクヤクツキ","内国信託受益証券・信託受益権","4月16日","10月16日","E03627","三井住友信託銀行株式会社"
"G14475","","フィデリティ・ターゲット・デート・ファンド（ベーシック）２０７０","フィデリティターゲットデートファンドベーシックニセンナナジュウ","内国投資信託受益証券","9月25日","","E12481","フィデリティ投信株式会社"
"G14476","","フィデリティ・ターゲット・デート・ファンド（ベーシック）２０６５","フィデリティターゲットデートファンドベーシックニセンロクジュウゴ","内国投資信託受益証券","9月25日","","E12481","フィデリティ投信株式会社"
"G14477","","レッド・アーク・グローバル・インベストメンツ（ケイマン）トラスト－シティグループ社債　償還時目標設定型ファンド２２０３","レッドアークグローバルインベストメンツケイマントラスト　シティグループシャサイショウカンジモクヒョウセッテイガタファンドニニゼロサン","外国投資信託受益証券","10月末日","","E22200","シティグループ・ファースト・インベストメント・マネジメント・リミテッド"
"G14478","","ダイワ・ＵＳ－ＲＥＩＴ・オープン（為替ヘッジなし／予想分配金提示型）","ダイワユーエスリートオープンカワセヘッジナシヨソウブンパイキンテイジガタ","内国投資信託受益証券","3月17日","9月17日","E06748","大和アセットマネジメント株式会社"
"G14479","","（ラップ専用）ＳＢＩ・米国株式、（ラップ専用）ＳＢＩ・先進国株式、（ラップ専用）ＳＢＩ・新興国株式、（ラップ専用）ＳＢＩ・米国債券、（ラップ専用）ＳＢＩ・米国ハイイールド債券、（ラップ専用）ＳＢＩ・新興国債券、（ラップ専用）ＳＢＩ・米国不動産、（ラップ専用）ＳＢＩ・ゴールド","ラップセンヨウ　エスビーアイ　ベイコクカブシキ　ラップセンヨウ　エスビーアイ　センシンコクカブシキ　ラップセンヨウ　エスビーアイ　シンコウコクカブシキ　ラップセンヨウ　エスビーアイ　ベイコクサイケン　ラップセンヨウ　エスビーアイ　ベイコクハイイールドサイケン　ラップセンヨウ　エスビーアイ　シンコウコクサイケン　ラップセンヨウ　エスビーアイ　ベイコクフドウサン　ラップセンヨウ　エスビーアイ　ゴールド","内国投資信託受益証券","3月22日","","E13447","ＳＢＩアセットマネジメント株式会社"
"G14480","","日興ワールド・トラスト－ブリッジウォーター・マクロ戦略ファンド","ニッコウワールドトラストブリッジウォーターマクロセンリャクファンド","外国投資信託受益証券","2月末日","","E14853","ＳＭＢＣ日興インベストメント・ファンド・マネジメント・カンパニー・エス・エイ"
"G14481","","不動産のデジタル証券～草津温泉　湯宿季の庭・お宿木の葉～（譲渡制限付）","フドウサンノデジタルショウケンクサツオンセンユヤドトキノニワオヤドコノハジョウトセイゲンツキ","内国信託受益証券・信託受益権","1月31日","7月31日","E03626","三菱ＵＦＪ信託銀行株式会社"
"G14482","","ＩＣＪ　ＧＯＬＤ","アイシージェイ　ゴールド","内国投資信託受益証券","3月15日","","E14714","キャピタル　アセットマネジメント株式会社"
"G14483","","楽天日本株３．８倍ベアⅡ","ラクテンニホンカブサンテンハチバイベアツー","内国投資信託受益証券","6月15日","","E15787","楽天投信投資顧問株式会社"
"G14484","","楽天日本株トリプル・ベアⅤ","ラクテンニホンカブトリプル　ベアファイブ","内国投資信託受益証券","6月15日","","E15787","楽天投信投資顧問株式会社"
"G14485","","グローバル・ストラテジーズ・トラスト－債券パワード・インカムファンド","グローバルストラテジーズトラスト　サイケンパワードインカムファンド","外国投資信託受益証券","11月末日","","E27921","グローバル・ファンズ・トラスト・カンパニー"
"G14486","","ｅＭＡＸＩＳ　Ｎｅｏ　コミュニケーションＤＸ","イーマクシスネオコミュニケーションディーエックス","内国投資信託受益証券","8月17日","","E11518","三菱ＵＦＪアセットマネジメント株式会社"
"G14487","","ｅＭＡＸＩＳ　Ｎｅｏ　水素エコノミー","イーマクシスネオスイソエコノミー","内国投資信託受益証券","8月17日","","E11518","三菱ＵＦＪアセットマネジメント株式会社"
"G14488","28460","ＮＥＸＴ　ＦＵＮＤＳ　ダウ・ジョーンズ工業株３０種平均株価（為替ヘッジあり）連動型上場投信","ネクストファンズダウジョーンズコウギョウカブサンジュウシュヘイキンカブカカワセヘッジアリレンドウガタジョウジョウトウシン","内国投資信託受益証券","2月10日","8月10日","E12460","野村アセットマネジメント株式会社"
"G14489","28450","ＮＥＸＴ　ＦＵＮＤＳ　ＮＡＳＤＡＱ－１００（Ｒ）（為替ヘッジあり）連動型上場投信","ネクストファンズナスダックヒャクアールカワセヘッジアリレンドウガタジョウジョウトウシン","内国投資信託受益証券","2月10日","8月10日","E12460","野村アセットマネジメント株式会社"
"G14490","","パインブリッジ厳選インド株式ファンド","パインブリッジゲンセンインドカブシキファンド","内国投資信託受益証券","3月15日","9月15日","E12437","パインブリッジ・インベストメンツ株式会社"
"G14491","","グローバル・ダイナミック・ボンド・ファンド　Ａコース、グローバル・ダイナミック・ボンド・ファンド　Ｂコース","グローバルダイナミックボンドファンドエーコース　グローバルダイナミックボンドファンドビーコース","内国投資信託受益証券","9月15日","","E12460","野村アセットマネジメント株式会社"
"G14492","","ＳＯＭＰＯターゲットイヤー・ファンド２０６５","ソンポターゲットイヤーファンドニゼロロクゴ","内国投資信託受益証券","11月2日","","E12434","ＳＯＭＰＯアセットマネジメント株式会社"
"G14493","","ＰａｙＰａｙ投信　米国株式インデックス","ペイペイトウシン　ベイコクカブシキインデックス","内国投資信託受益証券","3月25日","","E14601","ＰａｙＰａｙアセットマネジメント株式会社"
"G14494","","明治安田Ｎｅｘｔグローバル・リート（予想分配金提示型）　明治安田Ｎｅｘｔグローバル・リート（資産成長型）","メイジヤスダネクストグローバルリートヨソウブンパイキンテイジガタ　メイジヤスダネクストグローバルリートシサンセイチョウガタ","内国投資信託受益証券","2月18日","8月18日","E12448","明治安田アセットマネジメント株式会社"
"G14496","","Ｍｙ　ＳＭＴ　ダウ・ジョーンズ・インデックス（ノーロード）","マイ　エスエムティー　ダウ　ジョーンズ　インデックス　ノーロード","内国投資信託受益証券","3月26日","","E12444","三井住友トラスト・アセットマネジメント株式会社"
"G14497","","Ｍｙ　ＳＭＴ　Ｓ＆Ｐ５００インデックス（ノーロード）","マイ　エスエムティー　エスアンドピーゴヒャクインデックス　ノーロード","内国投資信託受益証券","3月26日","","E12444","三井住友トラスト・アセットマネジメント株式会社"
"G14499","","Ｍｙ　ＳＭＴ　新興国債券インデックス（ノーロード）","マイ　エスエムティー　シンコウコクサイケンインデックス　ノーロード","内国投資信託受益証券","3月26日","","E12444","三井住友トラスト・アセットマネジメント株式会社"
"G14502","","Ｍｙ　ＳＭＴ　国内債券インデックス（ノーロード）","マイ　エスエムティー　コクナイサイケンインデックス　ノーロード","内国投資信託受益証券","3月26日","","E12444","三井住友トラスト・アセットマネジメント株式会社"
"G14503","","Ｍｙ　ＳＭＴ　グローバル債券インデックス（ノーロード）","マイ　エスエムティー　グローバルサイケンインデックス　ノーロード","内国投資信託受益証券","3月26日","","E12444","三井住友トラスト・アセットマネジメント株式会社"
"G14504","","Ｍｙ　ＳＭＴ　Ｊ－ＲＥＩＴインデックス（ノーロード）","マイ　エスエムティー　ジェイリートインデックス　ノーロード","内国投資信託受益証券","3月26日","","E12444","三井住友トラスト・アセットマネジメント株式会社"
"G14505","","Ｍｙ　ＳＭＴ　グローバルＲＥＩＴインデックス（ノーロード）","マイ　エスエムティー　グローバルリートインデックス　ノーロード","内国投資信託受益証券","3月26日","","E12444","三井住友トラスト・アセットマネジメント株式会社"
"G14506","","グローバル・メタバース株式ファンド","グローバル　メタバースカブシキファンド","内国投資信託受益証券","1月20日","","E12430","アモーヴァ・アセットマネジメント株式会社"
"G14507","","ＳＯＭＰＯエイゴン・グローバル・サステナブル株式ファンド","ソンポエイゴングローバルサステナブルカブシキファンド","内国投資信託受益証券","3月10日","","E12434","ＳＯＭＰＯアセットマネジメント株式会社"
"G14508","","ニッセイ・メタバースワールド（資産成長型）","ニッセイメタバースワールドシサンセイチョウガタ","内国投資信託受益証券","8月10日","","E12453","ニッセイアセットマネジメント株式会社"
"G14509","","ニッセイ・メタバースワールド（予想分配金提示型）","ニッセイメタバースワールドヨソウブンパイキンテイジガタ","内国投資信託受益証券","2月10日","8月10日","E12453","ニッセイアセットマネジメント株式会社"
"G14510","","楽天・世界債券コア（為替ヘッジ付）ファンド＜ラップ向け＞","ラクテン　セカイサイケンコア　カワセヘッジツキ　ファンド　ラップムケ","内国投資信託受益証券","9月20日","","E15787","楽天投信投資顧問株式会社"
"G14511","","楽天・先進国低ボラティリティ株式ファンド（為替ヘッジあり）＜ラップ向け＞、楽天・先進国低ボラティリティ株式ファンド（為替ヘッジなし）＜ラップ向け＞","ラクテン　センシンコクテイボラティリティカブシキファンド　カワセヘッジアリ　　ラップムケ　　ラクテン　センシンコクテイボラティリティカブシキファンド　カワセヘッジナシ　　ラップムケ","内国投資信託受益証券","1月25日","","E15787","楽天投信投資顧問株式会社"
"G14512","28470","グローバルＸ　新成長インフラ－日本株式　ＥＴＦ","グローバルエックスシンセイチョウインフラニホンカブシキイーティーエフ","内国投資信託受益証券","4月24日","10月24日","E35933","Ｇｌｏｂａｌ　Ｘ　Ｊａｐａｎ株式会社"
"G14513","28480","グローバルＸ　ＭＳＣＩ　気候変動対応－日本株式　ＥＴＦ","グローバルエックスエムエスシーアイキコウヘンドウタイオウニホンカブシキイーティーエフ","内国投資信託受益証券","4月24日","10月24日","E35933","Ｇｌｏｂａｌ　Ｘ　Ｊａｐａｎ株式会社"
"G14514","28490","グローバルＸ　Ｍｏｒｎｉｎｇｓｔａｒ　高配当　ＥＳＧ－日本株式　ＥＴＦ","グローバルエックスモーニングスターコウハイトウイーエスジーニホンカブシキイーティーエフ","内国投資信託受益証券","1月24日","7月24日","E35933","Ｇｌｏｂａｌ　Ｘ　Ｊａｐａｎ株式会社"
"G14515","","第１５８回２０２６年１２月満期株価指数参照円建信託社債（デジタルクーポン型・トリガー価格逓減早期償還条項付）（責任財産限定特約付）参照指数：日経平均株価","ダイヒャクゴジュウハチカイニセンニジュウロクネンジュウニガツマンキカブカシスウサンショウエンダテシンタクシャサイデジタルクーポンガタトリガーカカクテイゲンソウキショウカンジョウコウツキセキニンザイサンゲンテイトクヤクツキサンショウシスウニッケイヘイキンカブカ","内国信託受益証券・信託受益権","4月11日","10月11日","E03626","三菱ＵＦＪ信託銀行株式会社"
"G14516","","第１５９回２０２５年６月満期株価指数参照円建信託社債（固定クーポン型・トリガー価格逓減早期償還条項付）（責任財産限定特約付）参照指数：日経平均株価","ダイヒャクゴジュウキュウカイニセンニジュウゴネンロクガツマンキカブカシスウサンショウエンダテシンタクシャサイコテイクーポンガタトリガーカカクテイゲンソウキショウカンジョウコウツキセキニンザイサンゲンテイトクヤクツキサンショウシスウニッケイヘイキンカブカ","内国信託受益証券・信託受益権","4月11日","10月11日","E03626","三菱ＵＦＪ信託銀行株式会社"
"G14517","","第１２５回　２０２４年５月１４日満期　早期償還判定水準逓減型　早期償還条項付　ノックイン型日欧２指数（日経平均株価、ユーロ・ストックス５０指数）参照円建信託社債（責任財産限定特約付）","ダイヒャクニジュウゴカイニセンニジュウヨネンゴガツジュウヨッカマンキソウキショウカンハンテイスイジュンテイゲンガタソウキショウカンジョウコウツキノックインガタニチオウニシスウニッケイヘイキンカブカユーロストックスゴジュウシスウサンショウエンダテシンタクシャサイセキニンザイサンゲンテイトクヤクツキ","内国信託受益証券・信託受益権","5月14日","11月14日","E03627","三井住友信託銀行株式会社"
"G14519","","あおぞら・新グローバル分散ファンド（限定追加型）２０２２－０４","アオゾラシングローバルブンサンファンドゲンテイツイカガタニイゼロニイニイノゼロヨン","内国投資信託受益証券","11月10日","","E30689","あおぞら投信株式会社"
"G14520","","あおぞら・新グローバル・コア・ファンド（限定追加型）２０２２－Ⅰ","アオゾラシングローバルコアファンドゲンテイツイカガタニイゼロニイニイノイチ","内国投資信託受益証券","4月20日","","E30689","あおぞら投信株式会社"
"G14521","","ＥＳＧ海洋関連株式ファンド","イーエスジーカイヨウカンレンカブシキファンド","内国投資信託受益証券","1月25日","7月25日","E12441","ＳＢＩ岡三アセットマネジメント株式会社"
"G14522","","第１２６回　２０２５年５月１２日満期　早期償還判定水準逓減型　早期償還条項付　ノックイン型日米２指数（日経平均株価・Ｓ＆Ｐ５００指数）参照デジタル・クーポン円建信託社債（責任財産限定特約付）","ダイヒャクニジュウロッカイニセンニジュウゴネンゴガツジュウニニチマンキソウキショウカンハンテイスイジュンテイゲンガタソウキショウカンジョウコウツキノックインガタニチベイニシスウニッケイヘイキンカブカスタンダードアンドプアーズゴヒャクシスウサンショウデジタルクーポンエンダテシンタクシャサイセキニンザイサンゲンテイトクヤクツキ","内国信託受益証券・信託受益権","5月12日","11月12日","E03627","三井住友信託銀行株式会社"
"G14523","","日本次世代経営者ファンド","ニホンジセダイケイエイシャファンド","内国投資信託受益証券","11月7日","","E12460","野村アセットマネジメント株式会社"
"G14524","","バロン・グローバル・フューチャー戦略ファンド（資産成長型）　バロン・グローバル・フューチャー戦略ファンド（予想分配金提示型）","バロングローバルフューチャーセンリャクファンドシサンセイチョウガタ　バロングローバルフューチャーセンリャクファンドヨソウブンパイキンテイジガタ","内国投資信託受益証券","3月15日","9月15日","E08957","三井住友ＤＳアセットマネジメント株式会社"
"G14525","","ＮＥＸＴ　ＦＵＮＤＳ　ＳｏｌａｃｔｉｖｅジャパンＥＳＧコア指数連動型上場投信","ネクストファンズソラクティブジャパンイーエスジーコアシスウレンドウガタジョウジョウトウシン","内国投資信託受益証券","1月8日","7月8日","E12460","野村アセットマネジメント株式会社"
"G14526","","ＳＭＴ　ＭＩＲＡＩｎｄｅｘ　総合","エスエムティー　ミラインデックス　ソウゴウ","内国投資信託受益証券","4月26日","","E12444","三井住友トラスト・アセットマネジメント株式会社"
"G14527","","ノムラ・ファンド・セレクト－ブラックストーン・リアルエステート・インカム・トラスト・ファンド","ノムラファンドセレクトブラックストーンリアルエステートインカムトラストファンド","外国投資信託受益証券","12月末日","","E26746","グローバル・ファンズ・トラスト・カンパニー"
"G14528","","脱炭素テクノロジー株式ファンド（予想分配金提示型）","ダツタンソテクノロジーカブシキファンドヨソウブンパイキンテイジガタ","内国投資信託受益証券","1月11日","7月11日","E06748","大和アセットマネジメント株式会社"
"G14529","","ＤＣ次世代通信関連　世界株式戦略ファンド","ディーシージセダイツウシンカンレン　セカイカブシキセンリャクファンド","内国投資信託受益証券","1月7日","","E12444","三井住友トラスト・アセットマネジメント株式会社"
"G14530","","ＤＣ脱炭素関連　世界株式戦略ファンド","ディーシーダツタンソカンレン　セカイカブシキセンリャクファンド","内国投資信託受益証券","4月7日","","E12444","三井住友トラスト・アセットマネジメント株式会社"
"G14531","","日本インフラ投信ファンド","ニホンインフラトウシンファンド","内国投資信託受益証券","2月26日","","E12444","三井住友トラスト・アセットマネジメント株式会社"
"G14532","","ＤＣダイワＳ＆Ｐ５００インデックス","ディーシーダイワエスアンドピーゴヒャクインデックス","内国投資信託受益証券","9月7日","","E06748","大和アセットマネジメント株式会社"
"G14533","","ダブル・ブレイン・コア（マイルド）、ダブル・ブレイン・コア（スタンダード）、ダブル・ブレイン・コア（ブル）","ダブルブレインコアマイルド　ダブルブレインコアスタンダード　ダブルブレインコアブル","内国投資信託受益証券","5月17日","","E12460","野村アセットマネジメント株式会社"
"G14534","","中国Ａ株再生可能エネルギー関連プレミアムα","チュウゴクエイカブサイセイカノウエネルギーカンレンプレミアムアルファ","内国投資信託受益証券","4月15日","10月15日","E12448","明治安田アセットマネジメント株式会社"
"G14535","","日本生命第７回劣後ローン流動化株式会社","ニホンセイメイダイナナカイレツゴローンリュウドウカカブシキカイシャ","内国投資信託受益証券","9月30日","","E37634","日本生命第７回劣後ローン流動化株式会社"
"G14536","","ブラックロック・リスク抑制分散投資ファンド（満期償還時　上値限定・元本確保契約付）２０２２－０７","ブラックロックリスクヨクセイブンサントウシファンドマンキショウカンジウワネゲンテイガンポンカクホケイヤクツキニイゼロニイニイゼロナナ","内国投資信託受益証券","3月末日","","E09096","ブラックロック・ジャパン株式会社"
"G14537","","ステート・ストリート世界厳選成長株ファンド","ステートストリートセカイゲンセンセイチョウカブファンド","内国投資信託受益証券","3月10日","","E12963","ステート・ストリート・グローバル・アドバイザーズ株式会社"
"G14538","","ＧＳグローバル社債ターゲット２０２２－０６（限定追加型）","ジーエス　グローバル　シャサイ　ターゲット　ニセンニジュウニ　ゼロロク　ゲンテイツイカガタ","内国投資信託受益証券","6月28日","","E12457","ゴールドマン・サックス・アセット・マネジメント株式会社"
"G14539","","ｉＦｒｅｅ　オールカントリー（全世界株式）ＥＳＧインデックス","アイフリーオールカントリーゼンセカイカブシキイーエスジーインデックス","内国投資信託受益証券","4月10日","","E06748","大和アセットマネジメント株式会社"
"G14540","","クライメート・ソリューション・ファンド","クライメートソリューションファンド","内国投資信託受益証券","4月15日","","E08957","三井住友ＤＳアセットマネジメント株式会社"
"G14541","","マルチ・マネージャー・アクセス－グリーン・ソーシャル・アンド・サステナブル・ボンド","マルチマネージャーアクセスグリーンソーシャルアンドサステナブルボンド","外国投資証券","7月末日","","E32029","マルチ・マネージャー・アクセス"
"G14542","","第１２７回　２０２４年６月１０日満期　早期償還判定水準逓減型　早期償還条項付　ノックイン型日米２指数（日経平均株価・Ｓ＆Ｐ５００指数）参照円建信託社債（責任財産限定特約付）","ダイヒャクニジュウナナカイニセンニジュウヨネンロクガツトオカマンキソウキショウカンハンテイスイジュンテイゲンガタソウキショウカンジョウコウツキノックインガタニチベイニシスウニッケイヘイキンカブカスタンダードアンドプアーズゴヒャクシスウサンショウエンダテシンタクシャサイセキニンザイサンゲンテイトクヤクツキ","内国信託受益証券・信託受益権","6月10日","12月10日","E03627","三井住友信託銀行株式会社"
"G14543","","Ｓｍａｒｔ－ｉ　Ｓｅｌｅｃｔ　全世界株式インデックス","スマート　アイ　セレクト　ゼンセカイカブシキインデックス","内国投資信託受益証券","2月15日","","E32011","りそなアセットマネジメント株式会社"
"G14544","","Ｓｍａｒｔ－ｉ　Ｓｅｌｅｃｔ　全世界株式インデックス（除く日本）","スマート　アイ　セレクト　ゼンセカイカブシキインデックス　ノゾクニホン","内国投資信託受益証券","2月15日","","E32011","りそなアセットマネジメント株式会社"
"G14545","28530","ｉシェアーズ　気候リスク調整世界国債　ＥＴＦ（除く日本・為替ヘッジあり）","アイシェアーズ　キコウリスクチョウセイセカイコクサイ　イーティーエフ　ノゾクニホン　カワセヘッジアリ","内国投資信託受益証券","1月11日","7月11日","E09096","ブラックロック・ジャパン株式会社"
"G14546","28520","ｉシェアーズ　グリーンＪリート　ＥＴＦ","アイシェアーズ　グリーンジェイリート　イーティーエフ","内国投資信託受益証券","2月9日","8月9日","E09096","ブラックロック・ジャパン株式会社"
"G14547","28510","ｉシェアーズ　ＭＳＣＩ　ジャパンＳＲＩ　ＥＴＦ","アイシェアーズ　エムエスシーアイ　ジャパンエスアールアイ　イーティーエフ","内国投資信託受益証券","2月9日","8月9日","E09096","ブラックロック・ジャパン株式会社"
"G14548","","第１６０回２０２７年３月満期株価指数参照円建信託社債（デジタルクーポン型・トリガー価格逓減早期償還条項付）（責任財産限定特約付）参照指数：日経平均株価","ダイヒャクロクジュッカイニセンニジュウナナネンサンガツマンキカブカシスウサンショウエンダテシンタクシャサイデジタルクーポンガタトリガーカカクテイゲンソウキショウカンジョウコウツキセキニンザイサンゲンテイトクヤクツキサンショウシスウニッケイヘイキンカブカ","内国信託受益証券・信託受益権","5月11日","11月11日","E03626","三菱ＵＦＪ信託銀行株式会社"
"G14549","","第１６１回２０２５年６月満期株価指数参照円建信託社債（固定クーポン型・トリガー価格逓減早期償還条項付）（責任財産限定特約付）参照指数：日経平均株価","ダイヒャクロクジュウイッカイニセンニジュウゴネンロクガツマンキカブカシスウサンショウエンダテシンタクシャサイコテイクーポンガタトリガーカカクテイゲンソウキショウカンジョウコウツキセキニンザイサンゲンテイトクヤクツキサンショウシスウニッケイヘイキンカブカ","内国信託受益証券・信託受益権","5月11日","11月11日","E03626","三菱ＵＦＪ信託銀行株式会社"
"G14551","","第１２８回　２０２５年６月１１日満期　早期償還判定水準逓減型　早期償還条項付　ノックイン型日米２指数（日経平均株価・Ｓ＆Ｐ５００指数）参照デジタル・クーポン円建信託社債（責任財産限定特約付）","ダイヒャクニジュウハチカイニセンニジュウゴネンロクガツジュウイチニチマンキソウキショウカンハンテイスイジュンテイゲンガタソウキショウカンジョウコウツキノックインガタニチベイニシスウニッケイヘイキンカブカスタンダードアンドプアーズゴヒャクシスウサンショウデジタルクーポンエンダテシンタクシャサイセキニンザイサンゲンテイトクヤクツキ","内国信託受益証券・信託受益権","6月11日","12月11日","E03627","三井住友信託銀行株式会社"
"G14552","","ゴールベースラップ・ファンド","ゴールベースラップファンド","内国投資信託受益証券","3月29日","","E12460","野村アセットマネジメント株式会社"
"G14553","","あおぞら・徹底分散グローバル・サステナビリティ株式ファンド","アオゾラテッテイブンサングローバルサステナビリティカブシキファンド","内国投資信託受益証券","4月20日","","E30689","あおぞら投信株式会社"
"G14554","","ゴールドマン・サックス社債／国際分散投資戦略ファンド２０２２－０５","ゴールドマンサックスシャサイコクサイブンサントウシセンリャクファンドニイゼロニイニイゼロゴウ","内国投資信託受益証券","6月10日","","E10677","アセットマネジメントＯｎｅ株式会社"
"G14555","","ＳＯＭＰＯスイッチ　ＮＡＳＤＡＱ１００　レバレッジ２．５倍","ソンポスイッチ　ナスダックヒャク　レバレッジニテンゴバイ","内国投資信託受益証券","4月20日","","E12434","ＳＯＭＰＯアセットマネジメント株式会社"
"G14556","","ＥＳＧ　ＧＯＬＤ","イーエスジー　ゴールド","内国投資信託受益証券","5月15日","","E14714","キャピタル　アセットマネジメント株式会社"
"G14557","","Ｏｎｅ円建て債券ファンドⅡ　２０２２－０６","ワンエンダテサイケンファンドツーニイゼロニイニイゼロロク","内国投資信託受益証券","10月28日","","E10677","アセットマネジメントＯｎｅ株式会社"
"G14558","","ＵＢＳユニバーサル・トラスト（ケイマン）Ⅲ－ダイワ・ＷｉＬ３号ベンチャーキャピタル・ファンド","ユービーエスユニバーサルトラストケイマンスリーダイワウィルサンゴウベンチャーキャピタルファンド","外国投資信託受益証券","3月末日","","E15389","ＵＢＳマネジメント（ケイマン）リミテッド"
"G14559","","１０資産分散投資ファンド","ジュウシサンブンサントウシファンド","内国投資信託受益証券","5月24日","","E12444","三井住友トラスト・アセットマネジメント株式会社"
"G14560","","不動産のデジタル証券～ＡＬＴＥＲＮＡレジデンス新宿中落合・経堂・門前仲町～（譲渡制限付）","フドウサンノデジタルショウケンオルタナレジデンスシンジュクナカオチアイキョウドウモンゼンナカチョウジョウトセイゲンツキ","内国信託受益証券・信託受益権","1月31日","7月31日","E03626","三菱ＵＦＪ信託銀行株式会社"
"G14561","","第１６２回２０２７年３月満期株価指数参照円建信託社債（デジタルクーポン型・トリガー価格逓減早期償還条項付）（責任財産限定特約付）参照指数：日経平均株価","ダイヒャクロクジュウニカイニセンニジュウナナネンサンガツマンキカブカシスウサンショウエンダテシンタクシャサイデジタルクーポンガタトリガーカカクテイゲンソウキショウカンジョウコウツキセキニンザイサンゲンテイトクヤクツキサンショウシスウニッケイヘイキンカブカ","内国信託受益証券・信託受益権","6月11日","12月11日","E03626","三菱ＵＦＪ信託銀行株式会社"
"G14562","","第１６３回２０２５年６月満期株価指数参照円建信託社債（固定クーポン型・トリガー価格逓減早期償還条項付）（責任財産限定特約付）参照指数：日経平均株価","ダイヒャクロクジュウサンカイニセンニジュウゴネンロクガツマンキカブカシスウサンショウエンダテシンタクシャサイコテイクーポンガタトリガーカカクテイゲンソウキショウカンジョウコウツキセキニンザイサンゲンテイトクヤクツキサンショウシスウニッケイヘイキンカブカ","内国信託受益証券・信託受益権","6月11日","12月11日","E03626","三菱ＵＦＪ信託銀行株式会社"
"G14563","","第１２９回　２０２４年７月１６日満期　早期償還判定水準逓減型　早期償還条項付　ノックイン型日米２指数（日経平均株価・Ｓ＆Ｐ５００指数）参照円建信託社債（責任財産限定特約付）","ダイヒャクニジュウキュウカイニセンニジュウヨネンシチガツジュウロクニチマンキソウキショウカンハンテイスイジュンテイゲンガタソウキショウカンジョウコウツキノックインガタニチベイニシスウニッケイヘイキンカブカスタンダードアンドプアーズゴヒャクシスウサンショウエンダテシンタクシャサイセキニンザイサンゲンテイトクヤクツキ","内国信託受益証券・信託受益権","1月16日","7月16日","E03627","三井住友信託銀行株式会社"
"G14564","","第１３０回　２０２５年７月１５日満期　早期償還判定水準逓減型　早期償還条項付　ノックイン型日米２指数（日経平均株価・Ｓ＆Ｐ５００指数）参照デジタル・クーポン円建信託社債（責任財産限定特約付）","ダイヒャクサンジュウカイニセンニジュウゴネンシチガツジュウゴニチマンキソウキショウカンハンテイスイジュンテイゲンガタソウキショウカンジョウコウツキノックインガタニチベイニシスウニッケイヘイキンカブカスタンダードアンドプアーズゴヒャクシスウサンショウデジタルクーポンエンダテシンタクシャサイセキニンザイサンゲンテイトクヤクツキ","内国信託受益証券・信託受益権","1月15日","7月15日","E03627","三井住友信託銀行株式会社"
"G14565","","みずほグローバル・ターゲット利回り債券ファンド２０２２－０６（限定追加型）","ミズホグローバルターゲットリマワリサイケンファンドニイゼロニイニイゼロロクゲンテイツイカガタ","内国投資信託受益証券","7月11日","","E10677","アセットマネジメントＯｎｅ株式会社"
"G14566","","野村ＤＣバランスファンド（年金運用戦略タイプ）","ノムラディーシーバランスファンドネンキンウンヨウセンリャクタイプ","内国投資信託受益証券","3月末日","","E12460","野村アセットマネジメント株式会社"
"G14567","","フランクリン・テンプルトン・アメリカ地方債ファンド（為替ヘッジあり）　フランクリン・テンプルトン・アメリカ地方債ファンド（為替ヘッジなし）","フランクリン　テンプルトン　アメリカチホウサイファンド　カワセヘッジアリ　フランクリン　テンプルトン　アメリカチホウサイファンド　カワセヘッジナシ","内国投資信託受益証券","6月15日","","E12425","フランクリン・テンプルトン・ジャパン株式会社"
"G14568","","ステート・ストリート世界厳選成長株ファンド（ＦＷ専用）","ステートストリートセカイゲンセンセイチョウカブファンドファンドラップセンヨウ","内国投資信託受益証券","3月10日","","E12963","ステート・ストリート・グローバル・アドバイザーズ株式会社"
"G14569","","ソフトバンクグループ＆日本企業厳選債券ファンド２０２２－０６","ソフトバンクグループ　アンド　ニホンキギョウゲンセンサイケンファンド　ニゼロニニ　ゼロロク","内国投資信託受益証券","6月20日","","E10677","アセットマネジメントＯｎｅ株式会社"
"G14570","","マニュライフ・中国債券インカム・ファンドＡコース（米ドル売り円買い）、マニュライフ・中国債券インカム・ファンドＢコース（為替ヘッジなし）","マニュライフチュウゴクサイケンインカムファンドエーコースベイドルウリエンガイ　マニュライフチュウゴクサイケンインカムファンドビーコースカワセヘッジナシ","内国投資信託受益証券","6月20日","","E30703","マニュライフ・インベストメント・マネジメント株式会社"
"G14571","","ｉシェアーズ　米国株式（Ｓ＆Ｐ５００）インデックス・ファンド（ＤＣ）","アイシェアーズベイコクカブシキエスアンドピーゴヒャクインデックスファンドディーシー","内国投資信託受益証券","5月2日","","E09096","ブラックロック・ジャパン株式会社"
"G14572","","ジュエル・ボックス・ファンド","ジュエルボックスファンド","外国投資信託受益証券","12月末日","","E37705","エマージング・アセット・マネジメント・リミテッド"
"G14573","","第１６４回２０２７年３月満期株価指数参照円建信託社債（デジタルクーポン型・トリガー価格逓減早期償還条項付）（責任財産限定特約付）参照指数：日経平均株価","ダイヒャクロクジュウヨンカイニセンニジュウナナネンサンガツマンキカブカシスウサンショウエンダテシンタクシャサイデジタルクーポンガタトリガーカカクテイゲンソウキショウカンジョウコウツキセキニンザイサンゲンテイトクヤクツキサンショウシスウニッケイヘイキンカブカ","内国信託受益証券・信託受益権","1月12日","7月12日","E03626","三菱ＵＦＪ信託銀行株式会社"
"G14574","","第１６５回２０２５年９月満期株価指数参照円建信託社債（固定クーポン型・トリガー価格逓減早期償還条項付）（責任財産限定特約付）参照指数：日経平均株価","ダイヒャクロクジュウゴカイニセンニジュウゴネンクガツマンキカブカシスウサンショウエンダテシンタクシャサイコテイクーポンガタトリガーカカクテイゲンソウキショウカンジョウコウツキセキニンザイサンゲンテイトクヤクツキサンショウシスウニッケイヘイキンカブカ","内国信託受益証券・信託受益権","1月12日","7月12日","E03626","三菱ＵＦＪ信託銀行株式会社"
"G14575","28540","グローバルＸ　テック・トップ２０ー日本株式　ＥＴＦ","グローバルエックステックトップニジュウニホンカブシキイーティーエフ","内国投資信託受益証券","4月24日","10月24日","E35933","Ｇｌｏｂａｌ　Ｘ　Ｊａｐａｎ株式会社"
"G14576","28550","グローバルＸ　グリーン・Ｊ－ＲＥＩＴ　ＥＴＦ","グローバルエックスグリーンジェイリートイーティーエフ","内国投資信託受益証券","6月24日","12月24日","E35933","Ｇｌｏｂａｌ　Ｘ　Ｊａｐａｎ株式会社"
"G14578","","グローバル・オルタナティブ戦略ファンド","グローバルオルタナティブセンリャクファンド","外国投資信託受益証券","12月末日","","E37705","エマージング・アセット・マネジメント・リミテッド"
"G14579","","あおぞら・新グローバル分散ファンド（限定追加型）２０２２－０７","アオゾラシングローバルブンサンファンドゲンテイツイカガタニイゼロニイニイノゼロナナ","内国投資信託受益証券","11月10日","","E30689","あおぞら投信株式会社"
"G14580","","第１３１回　２０２５年８月１５日満期　早期償還判定水準逓減型　早期償還条項付　ノックイン型日米２指数（日経平均株価・Ｓ＆Ｐ５００指数）参照円建信託社債（責任財産限定特約付）","ダイヒャクサンジュウイチカイニセンニジュウゴネンハチガツジュウゴニチマンキソウキショウカンハンテイスイジュンテイゲンガタソウキショウカンジョウコウツキノックインガタニチベイニシスウニッケイヘイキンカブカスタンダードアンドプアーズゴヒャクシスウサンショウエンダテシンタクシャサイセキニンザイサンゲンテイトクヤクツキ","内国信託受益証券・信託受益権","2月15日","8月15日","E03627","三井住友信託銀行株式会社"
"G14581","","楽天・先進国債券アルファ戦略ファンド（為替ヘッジあり）＜ラップ向け＞","ラクテン　センシンコクサイケンアルファセンリャクファンド　カワセヘッジアリ　　ラップムケ","内国投資信託受益証券","5月15日","","E15787","楽天投信投資顧問株式会社"
"G14582","","いちよし・グローバル株式ファンド","イチヨシグローバルカブシキファンド","内国投資信託受益証券","6月10日","","E08957","三井住友ＤＳアセットマネジメント株式会社"
"G14583","","第１３２回　２０２５年８月１３日満期　早期償還判定水準逓減型　早期償還条項付　ノックイン型日米２指数（日経平均株価・Ｓ＆Ｐ５００指数）参照デジタル・クーポン円建信託社債（責任財産限定特約付）","ダイヒャクサンジュウニカイニセンニジュウゴネンハチガツジュウサンニチマンキソウキショウカンハンテイスイジュンテイゲンガタソウキショウカンジョウコウツキノックインガタニチベイニシスウニッケイヘイキンカブカスタンダードアンドプアーズゴヒャクシスウサンショウデジタルクーポンエンダテシンタクシャサイセキニンザイサンゲンテイトクヤクツキ","内国信託受益証券・信託受益権","2月13日","8月13日","E03627","三井住友信託銀行株式会社"
"G14584","","野村ハイパーブル・ベア９","ノムラハイパーブルベアナイン","内国投資信託受益証券","6月12日","","E12460","野村アセットマネジメント株式会社"
"G14585","","モルガン・スタンレー　インフラ株式ファンド（為替ヘッジあり・なし／資産成長型）（為替ヘッジあり・なし／予想分配金提示型）","モルガンスタンレーインフラカブシキファンドカワセヘッジアリナシシサンセイチョウガタカワセヘッジアリナシヨソウブンパイキンテイジガタ","内国投資信託受益証券","1月10日","7月10日","E06748","大和アセットマネジメント株式会社"
"G14586","","明治安田生命第２回劣後ローン流動化株式会社","メイジヤスダセイメイダイニカイレツゴローンリュウドウカカブシキガイシャ","内国資産流動化証券","12月末日","","E37827","明治安田生命第２回劣後ローン流動化株式会社"
"G14587","","Ｊプレミアム・インカムファンド（年１回決算型）","ジェイプレミアムインカムファンド　ネンイッカイケッサンガタ","内国投資信託受益証券","10月28日","","E11764","Ｔ＆Ｄアセットマネジメント株式会社"
"G14588","","Ｊプレミアム・インカムファンド（年４回決算型）","ジェイプレミアムインカムファンド　ネンヨンカイケッサンガタ","内国投資信託受益証券","4月28日","10月28日","E11764","Ｔ＆Ｄアセットマネジメント株式会社"
"G14589","","アライアンス・バーンスタイン・Ｍ＆Ａプレミアム（為替ヘッジあり）、アライアンス・バーンスタイン・Ｍ＆Ａプレミアム（為替ヘッジなし）","アライアンスバーンスタインエムアンドエープレミアムカワセヘッジアリ　アライアンスバーンスタインエムアンドエープレミアムカワセヘッジナシ","内国投資信託受益証券","2月7日","8月7日","E12480","アライアンス・バーンスタイン株式会社"
"G14590","","イーストスプリング・インド・コア株式ファンド","イーストスプリングインドコアカブシキファンド","内国投資信託受益証券","7月25日","","E12566","イーストスプリング・インベストメンツ株式会社"
"G14591","","イーストスプリング・ベトナム株式ファンド","イーストスプリングベトナムカブシキファンド","内国投資信託受益証券","7月25日","","E12566","イーストスプリング・インベストメンツ株式会社"
"G14592","","ＪＰＭグローバル高利回りＣＢファンド（為替ヘッジなし、限定追加型）２０２２ー０８／ＪＰＭグローバル高利回りＣＢファンド（為替ヘッジあり、限定追加型）２０２２ー０８","ジェイピーエムグローバルコウリマワリシービーファンドカワセヘッジナシゲンテイツイカガタニセンニジュウニノゼロハチ　ジェイピーエムグローバルコウリマワリシービーファンドカワセヘッジアリゲンテイツイカガタニセンニジュウニノゼロハチ","内国投資信託受益証券","8月9日","","E06264","ＪＰモルガン・アセット・マネジメント株式会社"
"G14593","","ケネディクス・リアルティ・トークンロンコプロフィットマート厚木Ⅰ（譲渡制限付）","ケネディクスリアルティトークンロンコプロフィットマートアツギワンジョウトセイゲンツキ","内国信託受益証券・信託受益権","1月31日","7月31日","E03626","三菱ＵＦＪ信託銀行株式会社"
"G14594","","野村サステナブルセレクト","ノムラサステナブルセレクト","内国投資信託受益証券","6月12日","12月12日","E12460","野村アセットマネジメント株式会社"
"G14595","28560","ｉシェアーズ　米国債３－７年　ＥＴＦ（為替ヘッジあり）","アイシェアーズ　ベイコクサイサンナナネン　イーティーエフ　カワセヘッジアリ","内国投資信託受益証券","1月11日","7月11日","E09096","ブラックロック・ジャパン株式会社"
"G14596","28570","ｉシェアーズ　ドイツ国債　ＥＴＦ（為替ヘッジあり）","アイシェアーズ　ドイツコクサイ　イーティーエフ　カワセヘッジアリ","内国投資信託受益証券","1月11日","7月11日","E09096","ブラックロック・ジャパン株式会社"
"G14597","","ＳＢＩ－ＰＩＭＣＯ　ジャパン・ベターインカム・ファンド（愛称：ベタイン）","エスビーアイ　ピムコ　ジャパン　ベターインカム　ファンド　アイショウ　ベタイン","内国投資信託受益証券","6月29日","","E13447","ＳＢＩアセットマネジメント株式会社"
"G14598","","ＳＢＩ－ＰＩＭＣＯ　世界債券アクティブファンド（ＤＣ）","エスビーアイ　ピムコ　セカイサイケン　アクティブファンド　ディーシー","内国投資信託受益証券","10月3日","","E13447","ＳＢＩアセットマネジメント株式会社"
"G14599","","ＳＢＩ地方創生・世界高配当株式ファンド（為替ヘッジあり）＜資産成長コース＞、ＳＢＩ地方創生・世界高配当株式ファンド（為替ヘッジあり）＜年３％定率払出しコース＞＜年５％定率払出しコース＞＜年７％定率払出しコース＞","エスビーアイ　チホウソウセイ　セカイコウハイトウカブシキファンド　カワセヘッジアリ　シサンセイチョウコース　エスビーアイ　チホウソウセイ　セカイコウハイトウカブシキファンド　カワセヘッジアリ　ネン　サンパーセントテイリツハライダシコース　ネン　ゴパーセントテイリツハライダシコース　ネン　ナナパーセントテイリツハライダシコース","内国投資信託受益証券","6月16日","12月16日","E13447","ＳＢＩアセットマネジメント株式会社"
"G14600","","ａｕＡＭレバレッジＮＡＳＤＡＱ１００","エーユーエーエムレバレッジナスダックヒャク","内国投資信託受益証券","7月27日","","E34254","ａｕアセットマネジメント株式会社"
"G14601","","第１６６回２０２７年６月満期株価指数参照円建信託社債（デジタルクーポン型・トリガー価格逓減早期償還条項付）（責任財産限定特約付）参照指数：日経平均株価","ダイヒャクロクジュウロッカイニセンニジュウナナネンロクガツマンキカブカシスウサンショウエンダテシンタクシャサイデジタルクーポンガタトリガーカカクテイゲンソウキショウカンジョウコウツキセキニンザイサンゲンテイトクヤクツキサンショウシスウニッケイヘイキンカブカ","内国信託受益証券・信託受益権","2月12日","8月12日","E03626","三菱ＵＦＪ信託銀行株式会社"
"G14602","","第１６７回２０２５年９月満期株価指数参照円建信託社債（固定クーポン型・トリガー価格逓減早期償還条項付）（責任財産限定特約付）参照指数：日経平均株価","ダイヒャクロクジュウナナカイニセンニジュウゴネンクガツマンキカブカシスウサンショウエンダテシンタクシャサイコテイクーポンガタトリガーカカクテイゲンソウキショウカンジョウコウツキセキニンザイサンゲンテイトクヤクツキサンショウシスウニッケイヘイキンカブカ","内国信託受益証券・信託受益権","2月12日","8月12日","E03626","三菱ＵＦＪ信託銀行株式会社"
"G14603","","第１３３回　２０２４年９月１２日満期　早期償還判定水準逓減型　早期償還条項付　ノックイン型日米２指数（日経平均株価・Ｓ＆Ｐ５００指数）参照円建信託社債（責任財産限定特約付）","ダイヒャクサンジュウサンカイニセンニジュウヨネンクガツジュウニニチマンキソウキショウカンハンテイスイジュンテイゲンガタソウキショウカンジョウコウツキノックインガタニチベイニシスウニッケイヘイキンカブカスタンダードアンドプアーズゴヒャクシスウサンショウエンダテシンタクシャサイセキニンザイサンゲンテイトクヤクツキ","内国信託受益証券・信託受益権","3月12日","9月12日","E03627","三井住友信託銀行株式会社"
"G14604","","第１３４回　２０２５年９月１２日満期　早期償還判定水準逓減型　早期償還条項付　ノックイン型日米２指数（日経平均株価・Ｓ＆Ｐ５００指数）参照デジタル・クーポン円建信託社債（責任財産限定特約付）","ダイヒャクサンジュウヨンカイニセンニジュウゴネンクガツジュウニニチマンキソウキショウカンハンテイスイジュンテイゲンガタソウキショウカンジョウコウツキノックインガタニチベイニシスウニッケイヘイキンカブカスタンダードアンドプアーズゴヒャクシスウサンショウデジタルクーポンエンダテシンタクシャサイセキニンザイサンゲンテイトクヤクツキ","内国信託受益証券・信託受益権","3月12日","9月12日","E03627","三井住友信託銀行株式会社"
"G14605","","グローバル・アグリカルチャー＆フード株式ファンド","グローバル　アグリカルチャーアンドフードカブシキファンド","内国投資信託受益証券","7月26日","","E12430","アモーヴァ・アセットマネジメント株式会社"
"G14606","28580","グローバルＸ　日経２２５　カバード・コール　ＥＴＦ（プレミアム再投資型）","グローバルエックスニッケイニヒャクニジュウゴカバードコールイーティーエフ　プレミアムサイトウシガタ","内国投資信託受益証券","4月24日","10月24日","E35933","Ｇｌｏｂａｌ　Ｘ　Ｊａｐａｎ株式会社"
"G14609","","楽天・資産づくりファンドぷらす＋（のんびりコース）／楽天・資産づくりファンドぷらす＋（じっくりコース）／楽天・資産づくりファンドぷらす＋（なかなかコース）／楽天・資産づくりファンドぷらす＋（しっかりコース）／楽天・資産づくりファンドぷらす＋（がっちりコース）","ラクテン　シサンヅクリファンドプラス　ノンビリコース　ラクテン　シサンヅクリファンドプラス　ジックリコース　ラクテン　シサンヅクリファンドプラス　ナカナカコース　ラクテン　シサンヅクリファンドプラス　シッカリコース　ラクテン　シサンヅクリファンドプラス　ガッチリコース","内国投資信託受益証券","4月20日","","E15787","楽天投信投資顧問株式会社"
"G14610","","カレラ成長日本列島株式ファンド","カレラセイチョウニッポンレットウカブシキファンド","内国投資信託受益証券","2月25日","8月25日","E26704","カレラアセットマネジメント株式会社"
"G14611","","第１３５回　２０２５年９月１０日満期　早期償還判定水準逓減型　早期償還条項付　ノックイン型日欧２指数（日経平均株価、ユーロ・ストックス５０指数）参照デジタル・クーポン円建信託社債（責任財産限定特約付）","ダイヒャクサンジュウゴカイニセンニジュウゴネンクガツトオカマンキソウキショウカンハンテイスイジュンテイゲンガタソウキショウカンジョウコウツキノックインガタニチオウニシスウニッケイヘイキンカブカユーロストックスゴジュウシスウサンショウデジタルクーポンエンダテシンタクシャサイセキニンザイサンゲンテイトクヤクツキ","内国信託受益証券・信託受益権","3月10日","9月10日","E03627","三井住友信託銀行株式会社"
"G14612","","Ｏｎｅ円建て債券ファンドⅡ　２０２２－０９","ワンエンダテサイケンファンドツーニイゼロニイニイゼロキュウ","内国投資信託受益証券","1月14日","","E10677","アセットマネジメントＯｎｅ株式会社"
"G14613","","ＬＧＴ上場プライベート・エクイティ戦略ファンド","エルジーティージョウジョウプライベートエクイティセンリャクファンド","内国投資信託受益証券","8月24日","","E08957","三井住友ＤＳアセットマネジメント株式会社"
"G14614","28620","上場インデックスファンドフランス国債（為替ヘッジあり）","ジョウジョウインデックスファンドフランスコクサイ　カワセヘッジアリ","内国投資信託受益証券","2月10日","8月10日","E12430","アモーヴァ・アセットマネジメント株式会社"
"G14615","28610","上場インデックスファンドフランス国債（為替ヘッジなし）","ジョウジョウインデックスファンドフランスコクサイ　カワセヘッジナシ","内国投資信託受益証券","2月10日","8月10日","E12430","アモーヴァ・アセットマネジメント株式会社"
"G14616","","不動産のデジタル証券～ＡＬＴＥＲＮＡレジデンス　銀座・代官山～（譲渡制限付）","フドウサンノデジタルショウケンオルタナレジデンスギンザダイカンヤマジョウトセイゲンツキ","内国信託受益証券・信託受益権","1月末日","7月末日","E03627","三井住友信託銀行株式会社"
"G14617","","マイライフエール","マイライフエール","内国投資信託受益証券","3月18日","9月18日","E12460","野村アセットマネジメント株式会社"
"G14619","","ＨＳＢＣグローバル・ターゲット利回り債券ファンド２０２２－０９（限定追加型）","エイチエスビーシーグローバルターゲットリマワリサイケンファンドニゼロニニゼロキュウゲンテイツイカガタ","内国投資信託受益証券","9月30日","","E12492","ＨＳＢＣアセットマネジメント株式会社"
"G14620","","ゴールドマン・サックス社債／マクロアロケーター戦略ファンド２０２２－０９","ゴールドマンサックスシャサイマクロアロケーターセンリャクファンドニイゼロニイニイゼロキュウ","内国投資信託受益証券","9月10日","","E10677","アセットマネジメントＯｎｅ株式会社"
"G14621","","第１６８回２０２７年６月満期株価指数参照円建信託社債（デジタルクーポン型・トリガー価格逓減早期償還条項付）（責任財産限定特約付）参照指数：日経平均株価","ダイヒャクロクジュウハチカイニセンニジュウナナネンロクガツマンキカブカシスウサンショウエンダテシンタクシャサイデジタルクーポンガタトリガーカカクテイゲンソウキショウカンジョウコウツキセキニンザイサンゲンテイトクヤクツキサンショウシスウニッケイヘイキンカブカ","内国信託受益証券・信託受益権","3月12日","9月12日","E03626","三菱ＵＦＪ信託銀行株式会社"
"G14622","","第１６９回２０２５年９月満期株価指数参照円建信託社債（固定クーポン型・トリガー価格逓減早期償還条項付）（責任財産限定特約付）参照指数：日経平均株価","ダイヒャクロクジュウキュウカイニセンニジュウゴネンクガツマンキカブカシスウサンショウエンダテシンタクシャサイコテイクーポンガタトリガーカカクテイゲンソウキショウカンジョウコウツキセキニンザイサンゲンテイトクヤクツキサンショウシスウニッケイヘイキンカブカ","内国信託受益証券・信託受益権","3月12日","9月12日","E03626","三菱ＵＦＪ信託銀行株式会社"
"G14623","","Ｏｎｅ日本企業米ドル建て債券ファンド２０２２－０９","ワンニホンキギョウベイドルダテサイケンファンドニイゼロニイニイゼロキュウ","内国投資信託受益証券","9月27日","","E10677","アセットマネジメントＯｎｅ株式会社"
"G14624","","野村ＤＣ世界分散投資戦略ファンド","ノムラディーシーセカイブンサントウシセンリャクファンド","内国投資信託受益証券","1月21日","","E12460","野村アセットマネジメント株式会社"
"G14625","","フィデリティ・脱炭素日本株・ファンド","フィデリティダツタンソニホンカブファンド","内国投資信託受益証券","8月25日","","E12481","フィデリティ投信株式会社"
"G14626","","ＧＳ・日本株ファンドＤＣ","ジーエス　ニホンカブ　ファンド　ディーシー","内国投資信託受益証券","12月27日","","E12457","ゴールドマン・サックス・アセット・マネジメント株式会社"
"G14627","","第１３６回　２０２４年１０月１６日満期　早期償還判定水準逓減型　早期償還条項付　ノックイン型日米２指数（日経平均株価・Ｓ＆Ｐ５００指数）参照円建信託社債（責任財産限定特約付）","ダイヒャクサンジュウロクカイニセンニジュウヨネンジュウガツジュウロクニチマンキソウキショウカンハンテイスイジュンテイゲンガタソウキショウカンジョウコウツキノックインガタニチベイニシスウニッケイヘイキンカブカスタンダードアンドプアーズゴヒャクシスウサンショウエンダテシンタクシャサイセキニンザイサンゲンテイトクヤクツキ","内国信託受益証券・信託受益権","4月16日","10月16日","E03627","三井住友信託銀行株式会社"
"G14628","","ピクテ・為替ヘッジ付き・ゴールドファンド（野村ＳＭＡ・ＥＷ向け）","ピクテカワセヘッジツキゴールドファンドノムラエスエムエイイーダブリュームケ","内国投資信託受益証券","12月6日","","E10439","ピクテ・ジャパン株式会社"
"G14629","","野村フランチャイズ・パートナーズ・世界株式ファンド　Ａコース（野村ＳＭＡ・ＥＷ向け）、野村フランチャイズ・パートナーズ・世界株式ファンド　Ｂコース（野村ＳＭＡ・ＥＷ向け）","ノムラフランチャイズパートナーズセカイカブシファンドエーコースノムラエスエムエーイーダブルムケ　ノムラフランチャイズパートナーズセカイカブシファンドビーコースノムラエスエムエーイーダブルムケ","内国投資信託受益証券","12月6日","","E12460","野村アセットマネジメント株式会社"
"G14630","","岡三フィデリティ・グローバル・コア株式ファンド（為替ヘッジあり）／（為替ヘッジなし）","オカサンフィデリティグローバルコアカブシキファンドカワセヘッジアリカワセヘッジナシ","内国投資信託受益証券","3月27日","9月27日","E12441","ＳＢＩ岡三アセットマネジメント株式会社"
"G14631","","ティー・ロウ・プライス　米国割安優良株式ファンド　Ｃコース（毎月決算・予想分配金提示型・為替ヘッジあり）／Ｄコース（毎月決算・予想分配金提示型・為替ヘッジなし）","ティーロウプライス　ベイコクワリヤスユウリョウカブシキファンド　シーコース　マイツキケッサン　ヨソウブンパイキンテイジガタ　カワセヘッジアリ　ディーコース　マイツキケッサン　ヨソウブンパイキンテイジガタ　カワセヘッジナシ","内国投資信託受益証券","12月15日","6月15日","E33958","ティー・ロウ・プライス・ジャパン株式会社"
"G14632","28600","ＮＥＸＴ　ＦＵＮＤＳ　ドイツ株式・ＤＡＸ（為替ヘッジあり）連動型上場投信","ネクストファンズドイツカブシキダックスカワセヘッジアリレンドウガタジョウジョウトウシン","内国投資信託受益証券","6月8日","","E12460","野村アセットマネジメント株式会社"
"G14633","28590","ＮＥＸＴ　ＦＵＮＤＳ　ユーロ・ストックス５０指数（為替ヘッジあり）連動型上場投信","ネクストファンズユーロストックスゴジュウシスウカワセヘッジアリレンドウガタジョウジョウトウシン","内国投資信託受益証券","6月8日","12月8日","E12460","野村アセットマネジメント株式会社"
"G14634","","Ｏｎｅ　日本株ダブル・ブルファンド２","ワン　ニホンカブダブルブルファンドツー","内国投資信託受益証券","8月25日","","E10677","アセットマネジメントＯｎｅ株式会社"
"G14635","","Ｏｎｅ　日本株ダブル・ベアファンド２","ワン　ニホンカブダブルベアファンドツー","内国投資信託受益証券","8月25日","","E10677","アセットマネジメントＯｎｅ株式会社"
"G14636","","第１３７回　２０２５年１０月１５日満期　早期償還判定水準逓減型　早期償還条項付　ノックイン型日欧２指数（日経平均株価、ユーロ・ストックス５０指数）参照デジタル・クーポン円建信託社債（責任財産限定特約付）","ダイヒャクサンジュウナナカイニセンニジュウゴネンジュウガツジュウゴニチマンキソウキショウカンハンテイスイジュンテイゲンガタソウキショウカンジョウコウツキノックインガタニチオウニシスウニッケイヘイキンカブカユーロストックスゴジュウシスウサンショウデジタルクーポンエンダテシンタクシャサイセキニンザイサンゲンテイトクヤクツキ","内国信託受益証券・信託受益権","4月15日","10月15日","E03627","三井住友信託銀行株式会社"
"G14637","","ゆたか観光立国日本株式ファンド","ユタカカンコウリッコクニッポンカブシキファンド","内国投資信託受益証券","9月20日","","E26704","カレラアセットマネジメント株式会社"
"G14638","","Ｔｒａｃｅｒｓ　Ｓ＆Ｐ５００ゴールドプラス","トレイサーズ　エスアンドピーゴヒャクゴールドプラス","内国投資信託受益証券","7月8日","","E12430","アモーヴァ・アセットマネジメント株式会社"
"G14639","","インデックスファンドＳ＆Ｐ５００（アメリカ株式）","インデックスファンドエスアンドピーゴヒャク　アメリカカブシキ","内国投資信託受益証券","7月8日","","E12430","アモーヴァ・アセットマネジメント株式会社"
"G14641","","ＧＳグローバル・リアルアセット・ファンド（限定為替ヘッジ）／（為替ヘッジなし）","ジーエスグローバルリアルアセットファンド　ゲンテイカワセヘッジ　カワセヘッジナシ","内国投資信託受益証券","1月20日","7月20日","E12457","ゴールドマン・サックス・アセット・マネジメント株式会社"
"G14642","","モルガン・スタンレー社債（早期償還条項付）／ＢＡＳＩＣ戦略ファンド２０２２－０９","モルガンスタンレーシャサイソウキショウカンジョウコウツキベーシックセンリャクファンドニゼロニニゼロキュウ","内国投資信託受益証券","10月16日","","E12434","ＳＯＭＰＯアセットマネジメント株式会社"
"G14643","","日本生命第８回劣後ローン流動化株式会社","ニホンセイメイダイハチカイレツゴローンリュウドウカカブシキカイシャ","内国投資信託受益証券","9月末日","","E37958","日本生命第８回劣後ローン流動化株式会社"
"G14644","","お金のデザイン・エッセンシャル・プロダクツ・ファンド","オカネノデザイン　エッセンシャル　プロダクツ　ファンド","内国投資信託受益証券","9月10日","","E32909","株式会社お金のデザイン"
"G14645","","東洋ベトナム株式オープン","トウヨウベトナムカブシキオープン","内国投資信託受益証券","8月18日","","E12448","明治安田アセットマネジメント株式会社"
"G14646","","ＳＢＩ日本株３．８ベアⅡ","エスビーアイ　ニホンカブ　サンテンハチベア　ツー","内国投資信託受益証券","9月21日","","E13447","ＳＢＩアセットマネジメント株式会社"
"G14647","","キャピタル・インベストメント・カンパニー・オブ・アメリカ　ＩＣＡ年２回決算（分配重視）","キャピタルインベストメントカンパニーオブアメリカアイシーエイネンニカイケッサンブンパイジュウシ","内国投資信託受益証券","4月20日","10月20日","E14703","キャピタル・インターナショナル株式会社"
"G14648","","ＮＥＸＴ　ＦＵＮＤＳ　Ｓ＆Ｐ米国株式・債券バランス保守型指数（為替ヘッジあり）連動型上場投信","ネクストファンズエスアンドピーベイコクカブシキサイケンバランスホシュガタシスウカワセヘッジアリレンドウガタジョウジョウトウシン","内国投資信託受益証券","6月7日","12月7日","E12460","野村アセットマネジメント株式会社"
"G14649","","全共連第２回劣後ローン流動化株式会社","ゼンキョウレンダイニカイレツゴローンリュウドウカカブシキガイシャ","内国資産流動化証券","12月末日","","E37994","全共連第２回劣後ローン流動化株式会社"
"G14650","","ＵＢＳユニバーサル・トラスト（ケイマン）Ⅲ－グローバル・セレクト・キャリー戦略ファンド","ユービーエスユニバーサルトラストケイマンスリーグローバルセレクトキャリーセンリャクファンド","外国投資信託受益証券","12月末日","","E15389","ＵＢＳマネジメント（ケイマン）リミテッド"
"G14651","","第１３８回　２０２５年１１月１７日満期　早期償還判定水準逓減型　早期償還条項付　ノックイン型日米２指数（日経平均株価・Ｓ＆Ｐ５００指数）参照円建信託社債（責任財産限定特約付）","ダイヒャクサンジュウハチカイニセンニジュウゴネンジュウイチガツジュウシチニチマンキソウキショウカンハンテイスイジュンテイゲンガタソウキショウカンジョウコウツキノックインガタニチベイニシスウニッケイヘイキンカブカスタンダードアンドプアーズゴヒャクシスウサンショウエンダテシンタクシャサイセキニンザイサンゲンテイトクヤクツキ","内国信託受益証券・信託受益権","5月17日","11月17日","E03627","三井住友信託銀行株式会社"
"G14652","","しんきん米国ウォーターファンド","シンキンベイコクウォーターファンド","内国投資信託受益証券","7月5日","","E12422","しんきんアセットマネジメント投信株式会社"
"G14653","","しんきん全世界株式インデックスファンド","シンキンゼンセカイカブシキインデックスファンド","内国投資信託受益証券","7月5日","","E12422","しんきんアセットマネジメント投信株式会社"
"G14654","","あおぞら・新グローバル分散ファンド（限定追加型）２０２２－１０","アオゾラシングローバルブンサンファンドゲンテイツイカガタニイゼロニイニイノイチゼロ","内国投資信託受益証券","11月10日","","E30689","あおぞら投信株式会社"
"G14655","","あおぞら・新グローバル・コア・ファンド（限定追加型）２０２２－Ⅱ","アオゾラシングローバルコアファンドゲンテイツイカガタニイゼロニイニイノニ","内国投資信託受益証券","10月20日","","E30689","あおぞら投信株式会社"
"G14658","28640","グローバルＸ　ロジスティクス・ＲＥＩＴ　ＥＴＦ","グローバルエックスロジスティクスリートイーティーエフ","内国投資信託受益証券","2月24日","8月24日","E35933","Ｇｌｏｂａｌ　Ｘ　Ｊａｐａｎ株式会社"
"G14659","","第１３９回　２０２５年１１月１３日満期　早期償還判定水準逓減型　早期償還条項付　ノックイン型日欧２指数（日経平均株価、ユーロ・ストックス５０指数）参照デジタル・クーポン円建信託社債（責任財産限定特約付）","ダイヒャクサンジュウキュウカイニセンニジュウゴネンジュウイチガツジュウサンニチマンキソウキショウカンハンテイスイジュンテイゲンガタソウキショウカンジョウコウツキノックインガタニチオウニシスウニッケイヘイキンカブカユーロストックスゴジュウシスウサンショウデジタルクーポンエンダテシンタクシャサイセキニンザイサンゲンテイトクヤクツキ","内国信託受益証券・信託受益権","5月13日","11月13日","E03627","三井住友信託銀行株式会社"
"G14660","","つみたて日本大型株長期厳選投資","ツミタテニホンオオガタカブチョウキゲンセントウシ","内国投資信託受益証券","4月24日","","E06748","大和アセットマネジメント株式会社"
"G14661","","アクティブアロケーションファンド（ラップ向け）","アクティブアロケーションファンドラップムケ","内国投資信託受益証券","6月25日","","E11518","三菱ＵＦＪアセットマネジメント株式会社"
"G14662","28660","グローバルＸ　米国優先証券　ＥＴＦ","グローバルエックスベイコクユウセンショウケンイーティーエフ","内国投資信託受益証券","3月10日","9月10日","E35933","Ｇｌｏｂａｌ　Ｘ　Ｊａｐａｎ株式会社"
"G14663","28650","グローバルＸ　ＮＡＳＤＡＱ１００・カバード・コール　ＥＴＦ","グローバルエックスナスダックヒャクカバードコールイーティーエフ","内国投資信託受益証券","3月10日","9月10日","E35933","Ｇｌｏｂａｌ　Ｘ　Ｊａｐａｎ株式会社"
"G14664","","三菱ＵＦＪ　国内リートインデックスファンド","ミツビシユーエフジェイコクナイリートインデックスファンド","内国投資信託受益証券","3月25日","","E11518","三菱ＵＦＪアセットマネジメント株式会社"
"G14665","","米国株式インデックス（Ｓ＆Ｐ５００）","ベイコクカブシキインデックスエスアンドピーゴヒャク","内国投資信託受益証券","9月7日","","E06748","大和アセットマネジメント株式会社"
"G14666","","東京海上・世界モノポリー戦略株式ファンド（年１回決算型）","トウキョウカイジョウセカイモノポリーセンリャクカブシキファンドネンイッカイケッサンガタ","内国投資信託受益証券","7月15日","","E06433","東京海上アセットマネジメント株式会社"
"G14667","","ＵＢＳサステナブル向上・コアバリュー株式ファンド","ユービーエスサステナブルコウジョウ　コアバリューカブシキファンド","内国投資信託受益証券","4月5日","","E12473","ＵＢＳアセット・マネジメント株式会社"
"G14668","","ラップ型ファンド・プラスＥＳＧ（安定型）　ラップ型ファンド・プラスＥＳＧ（安定成長型）　ラップ型ファンド・プラスＥＳＧ（成長型）","ラップガタファンド　プラスイーエスジー　アンテイガタ　ラップガタファンド　プラスイーエスジー　アンテイセイチョウガタ　ラップガタファンド　プラスイーエスジー　セイチョウガタ","内国投資信託受益証券","7月20日","","E32011","りそなアセットマネジメント株式会社"
"G14669","","日本企業社債ファンド２０２２－１１","ニホンキギョウシャサイファンドニセンニジュウニジュウイチ","内国投資信託受益証券","12月20日","","E06748","大和アセットマネジメント株式会社"
"G14671","","第１４０回　２０２４年１２月１２日満期　早期償還判定水準逓減型　早期償還条項付　ノックイン型日米２指数（日経平均株価・Ｓ＆Ｐ５００指数）参照円建信託社債（責任財産限定特約付）","ダイヒャクヨンジュウカイニセンニジュウヨネンジュウニガツジュウニニチマンキソウキショウカンハンテイスイジュンテイゲンガタソウキショウカンジョウコウツキノックインガタニチベイニシスウニッケイヘイキンカブカスタンダードアンドプアーズゴヒャクシスウサンショウエンダテシンタクシャサイセキニンザイサンゲンテイトクヤクツキ","内国信託受益証券・信託受益権","6月12日","12月12日","E03627","三井住友信託銀行株式会社"
"G14673","","ＧＳグローバル社債ターゲット２０２２－１２（限定追加型）","ジーエス　グローバル　シャサイ　ターゲット　ニセンニジュウニ　ジュウニ　ゲンテイツイカガタ","内国投資信託受益証券","1月27日","","E12457","ゴールドマン・サックス・アセット・マネジメント株式会社"
"G14674","","Ｓｍａｒｔ－ｉ　世界株式気候変動インデックス","スマート　アイ　セカイカブシキキコウヘンドウインデックス","内国投資信託受益証券","7月25日","","E32011","りそなアセットマネジメント株式会社"
"G14675","","Ｔｒａｃｅｒｓ　Ｓ＆Ｐ５００配当貴族インデックス（米国株式）","トレイサーズ　エスアンドピーゴヒャクハイトウキゾクインデックス　ベイコクカブシキ","内国投資信託受益証券","11月16日","","E12430","アモーヴァ・アセットマネジメント株式会社"
"G14676","","第１４１回　２０２５年１２月９日満期　早期償還判定水準逓減型　早期償還条項付　ノックイン型日米２指数（日経平均株価・Ｓ＆Ｐ５００指数）参照デジタル・クーポン円建信託社債（責任財産限定特約付）","ダイヒャクヨンジュウイチカイニセンニジュウゴネンジュウニガツココノカマンキソウキショウカンハンテイスイジュンテイゲンガタソウキショウカンジョウコウツキノックインガタニチベイニシスウニッケイヘイキンカブカスタンダードアンドプアーズゴヒャクシスウサンショウデジタルクーポンエンダテシンタクシャサイセキニンザイサンゲンテイトクヤクツキ","内国信託受益証券・信託受益権","6月9日","12月9日","E03627","三井住友信託銀行株式会社"
"G14677","","ティー・ロウ・プライス　米国オールキャップ株式ファンド","ティーロウプライス　ベイコクオールキャップカブシキファンド","内国投資信託受益証券","5月15日","","E33958","ティー・ロウ・プライス・ジャパン株式会社"
"G14678","","＜ＤＣ＞次世代ＲＥＩＴオープン","ディーシージセダイリートオープン","内国投資信託受益証券","2月13日","","E11518","三菱ＵＦＪアセットマネジメント株式会社"
"G14679","","明治安田ＮＢコーポレート・ハイブリッド証券ファンド２０２２－１２（限定追加型）","メイジヤスダニューバーガーバーマンコーポレートハイブリッドショウケンファンドニセンニジュウニノジュウニゲンテイツイカガタ","内国投資信託受益証券","12月9日","","E12448","明治安田アセットマネジメント株式会社"
"G14680","","限定追加型・繰上償還条項付　ニッセイ世界リカバリー株式厳選ファンド（為替ヘッジあり）","ゲンテイツイカガタ　クリアゲショウカンジョウコウツキ　ニッセイセカイリカバリーカブシキゲンセンファンド　カワセヘッジアリ","内国投資信託受益証券","12月10日","","E12453","ニッセイアセットマネジメント株式会社"
"G14681","28670","グローバルＸ　自動運転＆ＥＶ　ＥＴＦ","グローバルエックスジドウウンテンアンドイーブイイーティーエフ","内国投資信託受益証券","3月24日","9月24日","E35933","Ｇｌｏｂａｌ　Ｘ　Ｊａｐａｎ株式会社"
"G14682","28680","グローバルＸ　Ｓ＆Ｐ５００・カバード・コール　ＥＴＦ","グローバルエックスエスアンドピーゴヒャクカバードコールイーティーエフ","内国投資信託受益証券","4月10日","10月10日","E35933","Ｇｌｏｂａｌ　Ｘ　Ｊａｐａｎ株式会社"
"G14683","","シュローダー・ツーシグマ・ダイバーシファイド・ファンド","シュローダーツーシグマダイバーシファイドファンド","内国投資信託受益証券","11月15日","","E12586","シュローダー・インベストメント・マネジメント株式会社"
"G14684","","ニッセイ／シュローダー好利回りＣＢファンド２０２２－１２（為替ヘッジあり・限定追加型）","ニッセイシュローダーコウリマワリシービーファンドニゼロニニイチニ　カワセヘッジアリ　ゲンテイツイカガタ","内国投資信託受益証券","12月10日","","E12453","ニッセイアセットマネジメント株式会社"
"G14685","","シンガポールＲＥＩＴファンド（毎月分配型）／（資産成長型）","シンガポールリートファンドマイツキブンパイガタシサンセイチョウガタ","内国投資信託受益証券","5月25日","11月25日","E12434","ＳＯＭＰＯアセットマネジメント株式会社"
"G14686","","イノベーション・インサイト　世界株式戦略ファンド（資産成長型）　イノベーション・インサイト　世界株式戦略ファンド（予想分配金提示型）","イノベーション　インサイト　セカイカブシキセンリャクファンド　シサンセイチョウガタ　イノベーション　インサイト　セカイカブシキセンリャクファンド　ヨソウブンパイキンテイジガタ","内国投資信託受益証券","5月7日","11月7日","E12444","三井住友トラスト・アセットマネジメント株式会社"
"G14687","28700","ｉＦｒｅｅＥＴＦ　ＮＡＳＤＡＱ１００ダブルインバース","アイフリーイーティーエフナスダックヒャクダブルインバース","内国投資信託受益証券","3月10日","9月10日","E06748","大和アセットマネジメント株式会社"
"G14688","28690","ｉＦｒｅｅＥＴＦ　ＮＡＳＤＡＱ１００レバレッジ","アイフリーイーティーエフナスダックヒャクレバレッジ","内国投資信託受益証券","3月10日","9月10日","E06748","大和アセットマネジメント株式会社"
"G14689","","Ｏｎｅ円建て債券ファンドⅡ　２０２３－０１","ワンエンダテサイケンファンドツーニイゼロニイサンゼロイチ","内国投資信託受益証券","5月27日","","E10677","アセットマネジメントＯｎｅ株式会社"
"G14690","","東京海上・物価対応バランスファンド（年１回決算型）","トウキョウカイジョウブッカタイオウバランスファンドネンイッカイケッサンガタ","内国投資信託受益証券","11月15日","","E06433","東京海上アセットマネジメント株式会社"
"G14691","","東京海上・物価対応バランスファンド（毎月決算型）","トウキョウカイジョウブッカタイオウバランスファンドマイツキケッサンガタ","内国投資信託受益証券","5月15日","11月15日","E06433","東京海上アセットマネジメント株式会社"
"G14692","","いちご・レジデンス・トークン－麻布・白金・日本橋－（譲渡制限付）","イチゴレジデンストークンアザブシロガネニホンバシジョウトセイゲンツキ","内国信託受益証券・信託受益権","1月31日","7月31日","E03626","三菱ＵＦＪ信託銀行株式会社"
"G14693","","Ｏｎｅ国内株式ＥＳＧフォーカスファンド＜ＤＣ年金＞","ワンコクナイカブシキイーエスジーフォーカスファンドディーシーネンキン","内国投資信託受益証券","9月27日","","E10677","アセットマネジメントＯｎｅ株式会社"
"G14694","","モルガン・スタンレー社債（早期償還条項付）／ＢＡＳＩＣ戦略ファンド２０２３－０１","モルガンスンタレーシャサイソウキショウカンジョウコウツキベーシックセンリャクファンドニゼロニサンゼロイチ","内国投資信託受益証券","1月23日","","E12434","ＳＯＭＰＯアセットマネジメント株式会社"
"G14695","","インド株式ファンド","インドカブシキファンド","内国投資信託受益証券","6月20日","12月20日","E26704","カレラアセットマネジメント株式会社"
"G14696","","せとうち応援株式ファンド","セトウチオウエンカブシキファンド","内国投資信託受益証券","12月15日","","E26491","中銀アセットマネジメント株式会社"
"G14697","","キャピタル・グローバル・ハイインカム債券ファンドＡコース（成長型／米ドル売り円買い）／Ｂコース（成長型／為替ヘッジなし）／Ｃコース（分配型年６回決算／米ドル売り円買い）／Ｄコース（分配型年６回決算／為替ヘッジなし）","キャピタルグローバルハイインカムサイケンファンドエイコースセイチョウガタベイドルウリエンガイビーコースセイチョウガタカワセヘッジナシシーコースブンパイガタネンロッカイケッサンベイドルウリエンガイディーコースブンパイガタネンロッカイケッサンカワセヘッジナシ","内国投資信託受益証券","3月20日","9月20日","E14703","キャピタル・インターナショナル株式会社"
"G14698","","リアルアセット関連証券ファンド（毎月決算型）　リアルアセット関連証券ファンド（年２回決算型）","リアルアセットカンレンショウケンファンド　マイツキケッサンガタ　リアルアセットカンレンショウケンファンド　ネンニカイケッサンガタ","内国投資信託受益証券","5月25日","11月25日","E12444","三井住友トラスト・アセットマネジメント株式会社"
"G14699","","シティグループ社債／ダブル・アクセス戦略ファンド２０２２－１２","シティグループシャサイダブルアクセスセンリャクファンドニイゼロニイニイイチニイ","内国投資信託受益証券","1月13日","","E08957","三井住友ＤＳアセットマネジメント株式会社"
"G14700","","日本厳選価値向上株式ファンド","ニホンゲンセンカチコウジョウカブシキファンド","内国投資信託受益証券","11月15日","","E32011","りそなアセットマネジメント株式会社"
"G14701","","マクロアロケーター戦略指数参照型ゴールドマン・サックス社債ファンド２０２２－１２","マクロアロケーターセンリャクシスウサンショウガタゴールドマンサックスシャサイファンドニイゼロニイニイイチニイ","内国投資信託受益証券","1月10日","","E10677","アセットマネジメントＯｎｅ株式会社"
"G14702","","みずほグローバル・ターゲット利回り債券ファンド２０２３－０１（限定追加型）","ミズホグローバルターゲットリマワリサイケンファンドニイゼロニイサンゼロイチゲンテイツイカガタ","内国投資信託受益証券","2月15日","","E10677","アセットマネジメントＯｎｅ株式会社"
"G14703","","ケネディクス・リアルティ・トークン湯けむりの宿　雪の花（譲渡制限付）","ケネディクスリアルティトークンユケムリノヤドユキノハナジョウトセイゲンツキ","内国信託受益証券・信託受益権","3月末日","9月末日","E03628","みずほ信託銀行株式会社"
"G14704","","野村ＰＩＭＣＯ・トレンド戦略ファンド　Ａコース、野村ＰＩＭＣＯ・トレンド戦略ファンド　Ｂコース","ノムラピムコトレンドセンリャクファンドエーコース　ノムラピムコトレンドセンリャクファンドビーコース","内国投資信託受益証券","5月15日","11月15日","E12460","野村アセットマネジメント株式会社"
"G14705","22350","上場インデックスファンド米国株式（ダウ平均）為替ヘッジなし","ジョウジョウインデックスファンドベイコクカブシキ　ダウヘイキン　カワセヘッジナシ","内国投資信託受益証券","1月8日","7月8日","E12430","アモーヴァ・アセットマネジメント株式会社"
"G14706","","ＳＯＭＰＯ世界分散ファンド（安定型）／（安定成長型）／（成長型）＜ＤＣ年金＞","ソンポセカイブンサンファンドアンテイガタアンテイセイチョウガタセイチョウガタディーシーネンキン","内国投資信託受益証券","12月15日","","E12434","ＳＯＭＰＯアセットマネジメント株式会社"
"G14707","","Ｊ－ＲＥＩＴリサーチ・アクティブファンド","ジェイ　リートリサーチ　アクティブファンド","内国投資信託受益証券","9月20日","","E32011","りそなアセットマネジメント株式会社"
"G14708","","楽天・全世界株式（除く米国）インデックス・ファンド","ラクテン　ゼンセカイカブシキ　ノゾクベイコク　インデックス　ファンド","内国投資信託受益証券","7月15日","","E15787","楽天投信投資顧問株式会社"
"G14709","","ａｕＡＭかんたん投資専用ファンド（株式重視型）／ａｕＡＭかんたん投資専用ファンド（株式シフト型）／ａｕＡＭかんたん投資専用ファンド（債券シフト型）／ａｕＡＭかんたん投資専用ファンド（債券重視型）","エーユーエーエムカンタントウシセンヨウファンドカブシキジュウシガタ　エーユーエーエムカンタントウシセンヨウファンドカブシキシフトガタ　エーユーエーエムカンタントウシセンヨウファンドサイケンシフトガタ　エーユーエーエムカンタントウシセンヨウファンドサイケンジュウシガタ","内国投資信託受益証券","12月10日","","E34254","ａｕアセットマネジメント株式会社"
"G14710","","住友生命第３回劣後ローン流動化株式会社","スミトモセイメイダイサンカイレツゴローンリュウドウカカブシキガイシャ","内国資産流動化証券","12月末日","","E38247","住友生命第３回劣後ローン流動化株式会社"
"G14711","","野村ブル・ベア　セレクト９","ノムラブルベアセレクトナイン","内国投資信託受益証券","1月16日","","E12460","野村アセットマネジメント株式会社"
"G14712","","りそな　つみたてラップ型ファンド（安定型）　りそな　つみたてラップ型ファンド（安定成長型）　りそな　つみたてラップ型ファンド（成長型）","リソナ　ツミタテラップガタファンド　アンテイガタ　リソナ　ツミタテラップガタファンド　アンテイセイチョウガタ　リソナ　ツミタテラップガタファンド　セイチョウガタ","内国投資信託受益証券","11月20日","","E32011","りそなアセットマネジメント株式会社"
"G14713","","北陸みらい応援ファンド","ホクリクミライオウエンファンド","内国投資信託受益証券","1月15日","7月15日","E12441","ＳＢＩ岡三アセットマネジメント株式会社"
"G14714","","バランスポートフォリオ","バランスポートフォリオ","内国投資信託受益証券","11月7日","","E12430","アモーヴァ・アセットマネジメント株式会社"
"G14715","","ドラッカー研究所米国株ファンド（資産成長型）","ドラッカーケンキュウジョベイコクカブファンドシサンセイチョウガタ","内国投資信託受益証券","6月19日","12月19日","E06748","大和アセットマネジメント株式会社"
"G14716","","レバレッジ・ドラッカー研究所米国株ファンド","レバレッジドラッカーケンキュウジョベイコクカブファンド","内国投資信託受益証券","12月19日","","E06748","大和アセットマネジメント株式会社"
"G14717","","りそな　つみたてリスクコントロールファンド","リソナ　ツミタテリスクコントロールファンド","内国投資信託受益証券","11月20日","","E32011","りそなアセットマネジメント株式会社"
"G14718","","日本債券コア・アクティブファンド","ニホンサイケンコア　アクティブファンド","内国投資信託受益証券","9月15日","","E32011","りそなアセットマネジメント株式会社"
"G14719","","ＳＭＴＡＭ　Ｓ＆Ｐ５００戦略ファンド（株価水準レバレッジ比率調整型）","エスエムティーエーエム　エスアンドピーゴヒャクセンリャクファンド　カブカスイジュンレバレッジヒリツチョウセイガタ","内国投資信託受益証券","5月17日","","E12444","三井住友トラスト・アセットマネジメント株式会社"
"G14720","","あおぞら・新グローバル分散ファンド（限定追加型）２０２３－０１","アオゾラシングローバルブンサンファンドゲンテイツイカガタニイゼロニイサンノゼロイチ","内国投資信託受益証券","11月10日","","E30689","あおぞら投信株式会社"
"G14721","","ＵＢＳ（Ｌｕｘ）ボンド・シキャブ－ショート・ターム米ドルコーポレート（米ドル）","ユービーエスルクスボンドシキャブショートタームベイドルコーポレートベイドル","外国投資証券","5月末日","","E22239","ＵＢＳ（Ｌｕｘ）ボンド・シキャブ"
"G14722","","Ｏｎｅ　ＤＣ　米国株式（Ｓ＆Ｐ５００）インデックスファンド","ワンディーシーベイコクカブシキエスアンドピーゴヒャクインデックスファンド","内国投資信託受益証券","5月24日","","E10677","アセットマネジメントＯｎｅ株式会社"
"G14723","","日米連続好配当株式ファンド","ニチベイレンゾクコウハイトウカブシキファンド","内国投資信託受益証券","2月5日","","E31533","スカイオーシャン・アセットマネジメント株式会社"
"G14724","","明治安田ＮＢグローバル好利回り社債ファンド２０２３－０２（限定追加型）","メイジヤスダニューバーガーバーマンコウリマワリシャサイファンドニセンニジュウサンノニゲンテイツイカガタ","内国投資信託受益証券","2月9日","","E12448","明治安田アセットマネジメント株式会社"
"G14725","","ＨＳＢＣグローバル・ターゲット利回り債券ファンド２０２３－０２（限定追加型）","エイチエスビーシーグローバルターゲットリマワリサイケンファンドニゼロニサンゼロニゲンテイツイカガタ","内国投資信託受益証券","4月15日","","E12492","ＨＳＢＣアセットマネジメント株式会社"
"G14726","22360","グローバルＸ　Ｓ＆Ｐ５００配当貴族ＥＴＦ","グローバルエックスエスアンドピーゴヒャクハイトウキゾクイーティエフ","内国投資信託受益証券","5月24日","11月24日","E35933","Ｇｌｏｂａｌ　Ｘ　Ｊａｐａｎ株式会社"
"G14728","","ｓｕｓｔｅｎ全世界株式インデックスファンド（Ｍ）","サステンゼンセカイカブシキインデックスファンド　エム","内国投資信託受益証券","10月25日","","E36006","株式会社ｓｕｓｔｅｎキャピタル・マネジメント"
"G14729","","（早期償還条項付）リオープン・ジャパン２３０１","ソウキショウカンジョウコウツキリオープンジャパンニーサンゼロイチ","内国投資信託受益証券","1月28日","","E12460","野村アセットマネジメント株式会社"
"G14730","","三井住友ＤＳ・ＤＣターゲットイヤーファンド２０３５／２０４０／２０４５／２０５５／２０６５","ミツイスミトモディーエスディーシーターゲットイヤーファンドニイゼロサンゴ　ニイゼロヨンゼロ　ニイゼロヨンゴ　ニイゼロゴゴ　ニイゼロロクゴ","内国投資信託受益証券","4月26日","","E08957","三井住友ＤＳアセットマネジメント株式会社"
"G14731","","ｅＭＡＸＩＳ　Ｓ＆Ｐ５００クオリティ高配当インデックス","イーマクシスエスアンドピーゴヒャククオリティコウハイトウインデックス","内国投資信託受益証券","1月26日","","E11518","三菱ＵＦＪアセットマネジメント株式会社"
"G14732","","ビルドアップ型　ＭＳグローバル・プレミアム株式（為替ヘッジなし）２０２３－０２（限定追加型）","ビルドアップガタエムエスグローバルプレミアムカブシキカワセヘッジナシニセンニジュウサンゼロニゲンテイツイカガタ","内国投資信託受益証券","2月23日","","E11518","三菱ＵＦＪアセットマネジメント株式会社"
"G14733","","日本企業社債ファンド２０２３－０２","ニホンキギョウシャサイファンドニセンニジュウサンゼロニ","内国投資信託受益証券","3月21日","","E06748","大和アセットマネジメント株式会社"
"G14734","","トーセイ・プロパティ・ファンド（シリーズ２）","トーセイ　プロパティ　ファンド　シリーズツー","内国有価証券投資事業権利等","2月末日","","E38342","トークン・ツー合同会社"
"G14735","","グローバル資産分散投資ファンド　Ａコース（安定）、Ｂコース（やや安定）、Ｃコース（標準）、Ｄコース（やや積極）、Ｅコース（積極）","グローバルシサンブンサントウシファンド　エーコースアンテイ　ビーコースヤヤアンテイ　シーコースヒョウジュン　ディーコースヤヤセッキョク　イーコースセッキョク","内国投資信託受益証券","2月6日","","E12441","ＳＢＩ岡三アセットマネジメント株式会社"
"G14736","22390","上場インデックスファンドＳ＆Ｐ５００先物レバレッジ２倍","ジョウジョウインデックスファンドエスアンドピーゴヒャクサキモノレバレッジニバイ","内国投資信託受益証券","1月20日","","E12430","アモーヴァ・アセットマネジメント株式会社"
"G14737","22400","上場インデックスファンドＳ＆Ｐ５００先物インバース","ジョウジョウインデックスファンドエスアンドピーゴヒャクサキモノインバース","内国投資信託受益証券","1月20日","","E12430","アモーヴァ・アセットマネジメント株式会社"
"G14738","","米国大型株長期厳選投資","ベイコクオオガタカブチョウキゲンセントウシ","内国投資信託受益証券","1月29日","","E06748","大和アセットマネジメント株式会社"
"G14739","22370","ｉＦｒｅｅＥＴＦ　Ｓ＆Ｐ５００レバレッジ","アイフリーイーティーエフエスアンドピーゴヒャクレバレッジ","内国投資信託受益証券","3月10日","9月10日","E06748","大和アセットマネジメント株式会社"
"G14740","22380","ｉＦｒｅｅＥＴＦ　Ｓ＆Ｐ５００インバース","アイフリーイーティーエフエスアンドピーゴヒャクインバース","内国投資信託受益証券","3月10日","9月10日","E06748","大和アセットマネジメント株式会社"
"G14741","","ニッセイ／シュローダー好利回りＣＢファンド２０２３－０２（為替ヘッジあり・限定追加型）","ニッセイシュローダーコウリマワリシービーファンドニゼロニサンゼロニ　カワセヘッジアリ　ゲンテイツイカガタ","内国投資信託受益証券","3月10日","","E12453","ニッセイアセットマネジメント株式会社"
"G14742","","ＵＢＳ（Ｌｕｘ）ボンド・シキャブ－ショート・ターム米ドルコーポレート・サステナブル（米ドル）－クラスＰ－ａｃｃ投資証券およびクラスＰ－ｍｄｉｓｔ投資証券","ユービーエスルクスボンドシキャブショートタームベイドルコーポレートサステナブルベイドルクラスピーエーシーシートウシショウケンオヨビクラスピーエムディーアイエスティートウシショウケン","外国投資証券","5月末日","","E22239","ＵＢＳ（Ｌｕｘ）ボンド・シキャブ"
"G14743","","シュローダー・サステナブル・世界株ファンド（限定為替ヘッジ）、シュローダー・サステナブル・世界株ファンド（為替ヘッジなし）","シュローダーサステナブルセカイカブファンドゲンテイカワセヘッジ　シュローダーサステナブルセカイカブファンドカワセヘッジナシ","内国投資信託受益証券","2月25日","","E10677","アセットマネジメントＯｎｅ株式会社"
"G14744","","Ｔｒａｃｅｒｓ　グローバル３分法（おとなのバランス）","トレイサーズ　グローバルサンブンポウ　オトナノバランス","内国投資信託受益証券","2月7日","","E12430","アモーヴァ・アセットマネジメント株式会社"
"G14745","","たわらノーロード　新興国現地通貨建債券＜ラップ専用＞","タワラノーロード　シンコウコクゲンチツウカダテサイケンラップセンヨウ","内国投資信託受益証券","5月8日","","E10677","アセットマネジメントＯｎｅ株式会社"
"G14746","","Ｏｎｅゴールド・ファンド（為替ヘッジあり）＜ラップ専用＞","ワンゴールドファンドカワセヘッジアリラップセンヨウ","内国投資信託受益証券","5月8日","","E10677","アセットマネジメントＯｎｅ株式会社"
"G14747","","米国株式自動配分戦略ファンド","ベイコクカブシキジドウハイブンセンリャクファンド","内国投資信託受益証券","2月24日","","E12434","ＳＯＭＰＯアセットマネジメント株式会社"
"G14748","","ＦＤＡ日米バランスファンド（積極型）","エフディーエーニチベイバランスファンドセッキョクガタ","内国投資信託受益証券","10月7日","","E12434","ＳＯＭＰＯアセットマネジメント株式会社"
"G14749","","Ｏｎｅ円建て債券ファンドⅢ　２０２３－０３","ワンエンダテサイケンファンドスリーニイゼロニイサンゼロサン","内国投資信託受益証券","7月27日","","E10677","アセットマネジメントＯｎｅ株式会社"
"G14750","","先進国好利回りＣＢファンド２０２３‐０３（為替ヘッジあり）（限定追加型）／（為替ヘッジなし）（限定追加型）","センシンコクコウリマワリシービーファンドニセンニジュウサンゼロサンカワセヘッジアリゲンテイツイカガタカワセヘッジナシゲンテイツイカガタ","内国投資信託受益証券","3月9日","","E11518","三菱ＵＦＪアセットマネジメント株式会社"
"G14751","","三井住友ＤＳ　グローバル・ターゲット債券ファンド２０２３ー０３（限定追加型）","ミツイスミトモディーエスグローバルターゲットサイケンファンドニイゼロニイサンゼロサンゲンテイツイカガタ","内国投資信託受益証券","6月25日","","E08957","三井住友ＤＳアセットマネジメント株式会社"
"G14753","","モルガン・スタンレー社債（早期償還条項付）／ＢＡＳＩＣ戦略ファンド２０２３－０３","モルガンスタンレーシャサイソウキショウカンジョウコウツキベーシックセンリャクファンドニゼロニサンゼロサン","内国投資信託受益証券","4月14日","","E12434","ＳＯＭＰＯアセットマネジメント株式会社"
"G14754","","ＶＴＸ　ＤＣダイナミックバランスファンド（安定型）　ＶＴＸ　ＤＣダイナミックバランスファンド（安定成長型）　ＶＴＸ　ＤＣダイナミックバランスファンド（成長型）　ＶＴＸ　ＤＣダイナミックバランスファンド（積極成長型）","ブイティーエックス　ディーシーダイナミックバランスファンド　アンテイガタ　ブイティーエックス　ディーシーダイナミックバランスファンド　アンテイセイチョウガタ　ブイティーエックス　ディーシーダイナミックバランスファンド　セイチョウガタ　ブイティーエックス　ディーシーダイナミックバランスファンド　セッキョクセイチョウガタ","内国投資信託受益証券","2月25日","","E38423","バーテックス・インベストメント・ソリューションズ株式会社"
"G14755","","マクロアロケーター戦略指数参照型ゴールドマン・サックス社債ファンド２０２３－０３","マクロアロケーターセンリャクシスウサンショウガタゴールドマンサックスシャサイファンドニイゼロニイサンゼロサン","内国投資信託受益証券","3月10日","","E10677","アセットマネジメントＯｎｅ株式会社"
"G14756","","ティー・ロウ・プライス　米国中小型株式ファンド　Ａコース（為替ヘッジあり）／Ｂコース（為替ヘッジなし）","ティーロウプライス　ベイコクチュウコガタカブシキファンド　エイコース　カワセヘッジアリ　ビーコース　カワセヘッジナシ","内国投資信託受益証券","8月25日","","E33958","ティー・ロウ・プライス・ジャパン株式会社"
"G14758","","フィデリティ・グロース・オポチュニティ・ファンド　Ａコース（為替ヘッジあり）　フィデリティ・グロース・オポチュニティ・ファンド　Ｂコース（為替ヘッジなし）","フィデリティグロースオポチュニティファンドエーコースカワセヘッジアリ　フィデリティグロースオポチュニティファンドビーコースカワセヘッジナシ","内国投資信託受益証券","8月20日","","E12481","フィデリティ投信株式会社"
"G14759","","フィデリティ・グロース・オポチュニティ・ファンド　Ｃコース（毎月決算・予想分配金提示型・為替ヘッジあり）　フィデリティ・グロース・オポチュニティ・ファンド　Ｄコース（毎月決算・予想分配金提示型・為替ヘッジなし）","フィデリティグロースオポチュニティファンドシーコースマイツキケッサンヨソウブンパイキンテイジガタカワセヘッジアリ　フィデリティグロースオポチュニティファンドディーコースマイツキケッサンヨソウブンパイキンテイジガタカワセヘッジナシ","内国投資信託受益証券","2月20日","8月20日","E12481","フィデリティ投信株式会社"
"G14760","","東洋・中国Ａ株オープン「創新」","トウヨウチュウゴクエーカブオープンソウシン","内国投資信託受益証券","7月25日","","E12434","ＳＯＭＰＯアセットマネジメント株式会社"
"G14761","","ファイブスター日経２２５ニュートラルファンド","ファイブスターニッケイニーニーゴニュートラルファンド","内国投資信託受益証券","1月15日","","E27917","ファイブスター投信投資顧問株式会社"
"G14762","","ＡＬＡＭＣＯ　ＥＴＦバランスファンド　積極型、ＡＬＡＭＣＯ　ＥＴＦバランスファンド　やや積極型、ＡＬＡＭＣＯ　ＥＴＦバランスファンド　中立型、ＡＬＡＭＣＯ　ＥＴＦバランスファンド　やや安定型、ＡＬＡＭＣＯ　ＥＴＦバランスファンド　安定型","アラムコイーティーエフバランスファンドセッキョクガタアラムコイーティーエフバランスファンドヤヤセッキョクガタアラムコイーティーエフバランスファンドチュウリツガタアラムコイーティーエフバランスファンドヤヤアンテイガタアラムコイーティーエフバランスファンドアンテイガタ","内国投資信託受益証券","1月25日","","E12447","朝日ライフ　アセットマネジメント株式会社"
"G14763","","東京海上・米国短期国債ファンド（毎月決算型）","トウキョウカイジョウベイコクタンキコクサイファンドマイツキケッサンガタ","内国投資信託受益証券","3月8日","9月8日","E06433","東京海上アセットマネジメント株式会社"
"G14764","","東京海上・米国短期国債ファンド（年１回決算型）","トウキョウカイジョウベイコクタンキコクサイファンドネンイッカイケッサンガタ","内国投資信託受益証券","3月8日","","E06433","東京海上アセットマネジメント株式会社"
"G14765","22410","ＭＡＸＩＳ　ＮＹダウ上場投信","マクシスニューヨークダウジョウジョウトウシン","内国投資信託受益証券","5月26日","11月26日","E11518","三菱ＵＦＪアセットマネジメント株式会社"
"G14766","22420","ＭＡＸＩＳ　ＮＹダウ上場投信（為替ヘッジあり）","マクシスニューヨークダウジョウジョウトウシンカワセヘッジアリ","内国投資信託受益証券","5月26日","11月26日","E11518","三菱ＵＦＪアセットマネジメント株式会社"
"G14767","","レッド・アーク・グローバル・インベストメンツ（ケイマン）トラスト－シティグループ社債／満期時目標設定型ファンド","レッドアークグローバルインベストメンツケイマントラスト　シティグループシャサイマンキジモクヒョウセッテイガタファンド","外国投資信託受益証券","12月末日","","E22200","シティグループ・ファースト・インベストメント・マネジメント・リミテッド"
"G14768","","ターゲットリターンバランスファンド（目標２％）　ターゲットリターンバランスファンド（目標３％）　ターゲットリターンバランスファンド（目標４％）　ターゲットリターンバランスファンド（目標５％）　ターゲットリターンバランスファンド（目標６％）","ターゲットリターンバランスファンド　モクヒョウニパーセント　ターゲットリターンバランスファンド　モクヒョウサンパーセント　ターゲットリターンバランスファンド　モクヒョウヨンパーセント　ターゲットリターンバランスファンド　モクヒョウゴパーセント　ターゲットリターンバランスファンド　モクヒョウロクパーセント","内国投資信託受益証券","12月20日","","E32011","りそなアセットマネジメント株式会社"
"G14769","","米国超長期プライム社債ファンド（１年決算型）","ベイコクチョウチョウキプライムシャサイファンド　イチネンケッサンガタ","内国投資信託受益証券","3月15日","","E12430","アモーヴァ・アセットマネジメント株式会社"
"G14770","","米国超長期プライム社債ファンド（奇数月分配型）","ベイコクチョウチョウキプライムシャサイファンド　キスウヅキブンパイガタ","内国投資信託受益証券","3月15日","9月15日","E12430","アモーヴァ・アセットマネジメント株式会社"
"G14771","","ｉＦｒｅｅＮＥＸＴ　インド株インデックス","アイフリーネクストインドカブインデックス","内国投資信託受益証券","3月12日","","E06748","大和アセットマネジメント株式会社"
"G14772","","Ｏｎｅグローバル最適化バランス（安定型）＜ラップ向け＞、Ｏｎｅグローバル最適化バランス（成長型）＜ラップ向け＞","ワングローバルサイテキカバランスアンテイガタラップムケ　ワングローバルサイテキカバランスセイチョウガタラップムケ","内国投資信託受益証券","10月12日","","E10677","アセットマネジメントＯｎｅ株式会社"
"G14773","","ＮＺＡＭ・ベータ　先進国株式","エヌザム　ベータ　センシンコクカブシキ","内国投資信託受益証券","3月25日","","E12882","農林中金全共連アセットマネジメント株式会社"
"G14774","","ＮＺＡＭ・ベータ　先進国ＲＥＩＴ","エヌザム　ベータ　センシンコクリート","内国投資信託受益証券","3月25日","","E12882","農林中金全共連アセットマネジメント株式会社"
"G14775","","ＮＺＡＭ・ベータ　先進国２資産（株式＋ＲＥＩＴ）","エヌザム　ベータ　センシンコクニシサン　カブシキプラスリート","内国投資信託受益証券","3月25日","","E12882","農林中金全共連アセットマネジメント株式会社"
"G14776","","ＮＺＡＭ・レバレッジ　米国株式２倍ブル（ＮＡＳＤＡＱ１００）","エヌザム　レバレッジ　ベイコクカブシキニバイブル　ナスダックヒャク","内国投資信託受益証券","1月29日","","E12882","農林中金全共連アセットマネジメント株式会社"
"G14777","","ＮＺＡＭ・レバレッジ　中国株式２倍ブル","エヌザム　レバレッジ　チュウゴクカブシキニバイブル","内国投資信託受益証券","1月29日","","E12882","農林中金全共連アセットマネジメント株式会社"
"G14778","","ＮＺＡＭ・レバレッジ　インド株式２倍ブル","エヌザム　レバレッジ　インドカブシキニバイブル","内国投資信託受益証券","1月29日","","E12882","農林中金全共連アセットマネジメント株式会社"
"G14779","","ＰａｙＰａｙ投資信託インデックス　アメリカ株式","ペイペイトウシシンタクインデックスアメリカカブシキ","内国投資信託受益証券","4月15日","","E10677","アセットマネジメントＯｎｅ株式会社"
"G14780","","グローバル食料株ファンド","グローバルショクリョウカブファンド","内国投資信託受益証券","4月25日","10月25日","E26704","カレラアセットマネジメント株式会社"
"G14781","","三井住友ＤＳ・ＦＷ専用ポートフォリオ","ミツイスミトモディーエスエフダブリューセンヨウポートフォリオ","内国投資信託受益証券","3月18日","","E08957","三井住友ＤＳアセットマネジメント株式会社"
"G14782","","ニッセイＮＡＳＤＡＱ１００インデックスファンド＜購入・換金手数料なし＞","ニッセイナスダックヒャクインデックスファンドコウニュウカンキンテスウリョウナシ","内国投資信託受益証券","9月20日","","E12453","ニッセイアセットマネジメント株式会社"
"G14783","","ニッセイＳＯＸ指数インデックスファンド（米国半導体株）＜購入・換金手数料なし＞","ニッセイソックスシスウインデックスファンドベイコクハンドウタイカブコウニュウカンキンテスウリョウナシ","内国投資信託受益証券","9月20日","","E12453","ニッセイアセットマネジメント株式会社"
"G14784","","エマージング・カレンシー・債券ファンド（毎月分配型）","エマージング　カレンシー　サイケンファンド　マイツキブンパイガタ","内国投資信託受益証券","5月23日","11月23日","E13447","ＳＢＩアセットマネジメント株式会社"
"G14785","","ＳＢＩ・ＵＴＩインドファンド","エスビーアイ　ユーティアイインドファンド","内国投資信託受益証券","12月10日","","E13447","ＳＢＩアセットマネジメント株式会社"
"G14786","","アメリカン・ドリーム・ファンド","アメリカン　ドリーム　ファンド","内国投資信託受益証券","6月12日","","E13447","ＳＢＩアセットマネジメント株式会社"
"G14787","","ＳＢＩ・フラトンＶＰＩＣファンド","エスビーアイ　フラトンブイピックファンド","内国投資信託受益証券","8月26日","","E13447","ＳＢＩアセットマネジメント株式会社"
"G14788","","ＳＢＩ・ＵＴＩインドインフラ関連株式ファンド","エスビーアイ　ユーティアイインドインフラカンレンカブシキファンド","内国投資信託受益証券","10月25日","","E13447","ＳＢＩアセットマネジメント株式会社"
"G14789","","米国好配当株プレミアム戦略ファンド（毎月分配型）株式コース　米国好配当株プレミアム戦略ファンド（毎月分配型）株式＆通貨コース","ベイコクコウハイトウカブプレミアムセンリャクファンド　マイツキブンパイガタ　カブシキコース　ベイコクコウハイトウカブプレミアムセンリャクファンド　マイツキブンパイガタ　カブシキアンドツウカコース","内国投資信託受益証券","1月26日","7月26日","E13447","ＳＢＩアセットマネジメント株式会社"
"G14790","","ＳＢＩワールドラップ・セレクト","エスビーアイ　ワールドラップ　セレクト","内国投資信託受益証券","8月13日","","E13447","ＳＢＩアセットマネジメント株式会社"
"G14791","","オリックス　世界国債ファンド（グローバル・ダイナミック・デュレーション）（為替ヘッジあり）","オリックス　セカイコクサイファンド　グローバル　ダイナミック　デュレーション　カワセヘッジアリ","内国投資信託受益証券","4月20日","","E13447","ＳＢＩアセットマネジメント株式会社"
"G14792","","オリックス　世界社債アクティブファンド（為替ヘッジあり）","オリックス　セカイシャサイアクティブファンド　カワセヘッジアリ","内国投資信託受益証券","4月20日","","E13447","ＳＢＩアセットマネジメント株式会社"
"G14793","","オリックス　先進国株式マーケット・プラス・ファンド","オリックス　センシンコクカブシキマーケット　プラス　ファンド","内国投資信託受益証券","4月20日","","E13447","ＳＢＩアセットマネジメント株式会社"
"G14794","","ＳＢＩ・コムジェスト・クオリティグロース・世界株式ファンド","エスビーアイ　コムジェスト　クオリティグロース　セカイカブシキファンド","内国投資信託受益証券","11月20日","","E13447","ＳＢＩアセットマネジメント株式会社"
"G14795","","ＳＢＩ・コムジェスト・クオリティグロース・日本株式ファンド","エスビーアイ　コムジェスト　クオリティグロース　ニホンカブシキファンド","内国投資信託受益証券","11月20日","","E13447","ＳＢＩアセットマネジメント株式会社"
"G14798","","楽天・オルタナティブ・マルチキャリー戦略ファンド＜ラップ向け＞","ラクテン　オルタナティブ　マルチキャリーセンリャクファンド　ラップムケ","内国投資信託受益証券","5月15日","","E15787","楽天投信投資顧問株式会社"
"G14799","","ＧＳグローバル社債ターゲット２０２３－０６（限定追加型）","ジーエス　グローバル　シャサイ　ターゲット　ニセンニジュウサン　ゼロロク　ゲンテイツイカガタ","内国投資信託受益証券","6月28日","","E12457","ゴールドマン・サックス・アセット・マネジメント株式会社"
"G14800","","たわらノーロード　Ｓ＆Ｐ５００","タワラノーロード　エスアンドピーゴヒャク","内国投資信託受益証券","10月12日","","E10677","アセットマネジメントＯｎｅ株式会社"
"G14801","","あおぞら・新グローバル分散ファンド（限定追加型）２０２３－０４","アオゾラシングローバルブンサンファンドゲンテイツイカガタニイゼロニイサンノゼロヨン","内国投資信託受益証券","11月10日","","E30689","あおぞら投信株式会社"
"G14802","","あおぞら・新グローバル・コア・ファンド（限定追加型）２０２３－Ⅰ","アオゾラシングローバルコアファンドゲンテイツイカガタニイゼロニイサンノイチ","内国投資信託受益証券","4月20日","","E30689","あおぞら投信株式会社"
"G14804","","世界水資源関連株式ファンド","セカイミズシゲンカンレンカブシキファンド","内国投資信託受益証券","4月2日","10月2日","E06748","大和アセットマネジメント株式会社"
"G14805","","日本企業社債ファンド２０２３－０５","ニホンキギョウシャサイファンドニセンニジュウサンゼロゴ","内国投資信託受益証券","6月20日","","E06748","大和アセットマネジメント株式会社"
"G14806","","スパークス・企業価値創造日本株ファンド","スパークスキギョウカチソウゾウニホンカブファンド","内国投資信託受益証券","5月14日","","E11161","スパークス・アセット・マネジメント株式会社"
"G14807","","ＧＳグローバル・リアルアセット・ファンド（毎月決算・分配条件提示型・為替ヘッジなし）","ジーエスグローバル　リアルアセット　ファンド　マイツキケッサン　ブンパイジョウケンテイジガタ　カワセヘッジナシ","内国投資信託受益証券","1月20日","7月20日","E12457","ゴールドマン・サックス・アセット・マネジメント株式会社"
"G14808","","ダイワ・ワールド・ファンド・シリーズ－ダイワ・ブラックストーン・プライベート・クレジット・ファンド","ダイワワールドファンドシリーズダイワブラックストーンプライベートクレジットファンド","外国投資信託受益証券","12月末日","","E38530","ＩＱ　ＥＱファンド・マネジメント（アイルランド）リミテッド"
"G14809","","フェデレーテッド・ハーミーズ・インベストメント・ファンズ・ピーエルシー－フェデレーテッド・ハーミーズ・ＳＤＧエンゲージメント・ハイ・イールド・クレジット・ファンド","フェデレーテッドハーミーズインベストメントファンズピーエルシーフェデレーテッドハーミーズエスディージーエンゲージメントハイイールドクレジットファンド","外国投資証券","12月末日","","E36684","フェデレーテッド・ハーミーズ・インベストメント・ファンズ・ピーエルシー"
"G14810","22430","グローバルＸ　半導体　ＥＴＦ","グローバルエックスハンドウタイイーティーエフ","内国投資信託受益証券","3月24日","9月24日","E35933","Ｇｌｏｂａｌ　Ｘ　Ｊａｐａｎ株式会社"
"G14811","22440","グローバルＸ　ＵＳ　テック・トップ２０　ＥＴＦ","グローバルエックスユーエステックトップニジュウイーティーエフ","内国投資信託受益証券","3月24日","9月24日","E35933","Ｇｌｏｂａｌ　Ｘ　Ｊａｐａｎ株式会社"
"G14812","","ケネディクス・リアルティ・トークンＯＮＳＥＮＲＹＯＫＡＮ由縁札幌（譲渡制限付）","ケネディクスリアルティトークンオンセンリョカンユエンサッポロジョウトセイゲンツキ","内国信託受益証券・信託受益権","1月31日","7月31日","E03626","三菱ＵＦＪ信託銀行株式会社"
"G14813","22450","ＮＥＸＴ　ＦＵＮＤＳ　ブルームバーグ・ドイツ国債（７－１０年）インデックス（為替ヘッジあり）連動型上場投信","ネクストファンズブルームバーグドイツコクサイナナジュウネンインデックスカワセヘッジアリレンドウガタジョウジョウトウシン","内国投資信託受益証券","3月7日","9月7日","E12460","野村アセットマネジメント株式会社"
"G14814","22460","ＮＥＸＴ　ＦＵＮＤＳ　ブルームバーグ・フランス国債（７－１０年）インデックス（為替ヘッジあり）連動型上場投信","ネクストファンズブルームバーグフランスコクサイナナジュウネンインデックスカワセヘッジアリレンドウガタジョウジョウトウシン","内国投資信託受益証券","3月7日","9月7日","E12460","野村アセットマネジメント株式会社"
"G14815","","ピクテ・グローイング新興国株式ファンド（毎月決算・予想分配金提示型）","ピクテグローイングシンコウコクカブシキファンドマイツキケッサンヨソウブンパイキンテイジガタ","内国投資信託受益証券","3月15日","9月15日","E10439","ピクテ・ジャパン株式会社"
"G14816","","ピクテ・グローイング新興国株式ファンド（１年決算型）","ピクテグローイングシンコウコクカブシキファンドイチネンケッサンガタ","内国投資信託受益証券","3月15日","","E10439","ピクテ・ジャパン株式会社"
"G14817","","円建てニッポン社債ファンド２０２３－０５","エンダテニッポンシャサイファンドニセンニジュウサンゼロゴ","内国投資信託受益証券","6月30日","","E06748","大和アセットマネジメント株式会社"
"G14818","","アクセラレーション・ジャパン２０２３－０５（限定追加型・早期償還条項付）","アクセラレーションジャパンニイゼロニイサンゼロゴゲンテイツイカガタソウキショウカンジョウコウツキ","内国投資信託受益証券","12月28日","","E08957","三井住友ＤＳアセットマネジメント株式会社"
"G14819","","インデックスファンドＭＳＣＩオール・カントリー（全世界株式）","インデックスファンドエムエスシーアイオール　カントリー　ゼンセカイカブシキ","内国投資信託受益証券","5月16日","","E12430","アモーヴァ・アセットマネジメント株式会社"
"G14820","","Ｔｒａｃｅｒｓ　ＭＳＣＩオール・カントリー・インデックス（全世界株式）","トレイサーズ　エムエスシーアイオール　カントリー　インデックス　ゼンセカイカブシキ","内国投資信託受益証券","5月16日","","E12430","アモーヴァ・アセットマネジメント株式会社"
"G14821","","フォーリン・エンジェル・ＵＳハイイールド・ファンド","フォーリンエンジェルユーエスハイイールドファンド","内国投資信託受益証券","4月20日","","E13343","ＢＮＹメロン・インベストメント・マネジメント・ジャパン株式会社"
"G14822","","ＰＩＭＣＯストラテジック・インカム・ファンド（為替ヘッジあり）、ＰＩＭＣＯストラテジック・インカム・ファンド（為替ヘッジなし）","ピムコストラテジックインカムファンドカワセヘッジアリ　ピムコストラテジックインカムファンドカワセヘッジナシ","内国投資信託受益証券","5月10日","11月10日","E10677","アセットマネジメントＯｎｅ株式会社"
"G14823","","米国ヘルスケア関連株ファンド","ベイコクヘルスケアカンレンカブファンド","内国投資信託受益証券","4月21日","10月21日","E12441","ＳＢＩ岡三アセットマネジメント株式会社"
"G14824","","米国インフレ連動国債ファンド","ベイコクインフレレンドウコクサイファンド","内国投資信託受益証券","4月22日","10月22日","E12441","ＳＢＩ岡三アセットマネジメント株式会社"
"G14825","","日本株アクティブファンド（実績報酬型）","ニホンカブアクティブファンドジッセキホウシュウガタ","内国投資信託受益証券","4月17日","10月17日","E12441","ＳＢＩ岡三アセットマネジメント株式会社"
"G14826","","明治安田ＮＢグローバル好利回り社債ファンド２０２３－０６（限定追加型）","メイジヤスダニューバーガーバーマンコウリマワリシャサイファンドニセンニジュウサンノロクゲンテイツイカガタ","内国投資信託受益証券","7月9日","","E12448","明治安田アセットマネジメント株式会社"
"G14828","","グローバル・ダイナミックチェンジ","グローバルダイナミックチェンジ","内国投資信託受益証券","5月21日","11月21日","E06748","大和アセットマネジメント株式会社"
"G14829","22470","ｉＦｒｅｅＥＴＦ　Ｓ＆Ｐ５００（為替ヘッジなし）","アイフリーイーティーエフエスアンドピーゴヒャクカワセヘッジナシ","内国投資信託受益証券","3月10日","9月10日","E06748","大和アセットマネジメント株式会社"
"G14830","22480","ｉＦｒｅｅＥＴＦ　Ｓ＆Ｐ５００（為替ヘッジあり）","アイフリーイーティーエフエスアンドピーゴヒャクカワセヘッジアリ","内国投資信託受益証券","3月10日","9月10日","E06748","大和アセットマネジメント株式会社"
"G14831","22490","ｉＦｒｅｅＥＴＦ　Ｓ＆Ｐ５００ダブルインバース","アイフリーイーティーエフエスアンドピーゴヒャクダブルインバース","内国投資信託受益証券","3月10日","9月10日","E06748","大和アセットマネジメント株式会社"
"G14832","22500","ｉシェアーズ　ＭＳＣＩ　ジャパン気候変動アクション　ＥＴＦ","アイシェアーズ　エムエスシーアイ　ジャパンキコウヘンドウアクション　イーティーエフ","内国投資信託受益証券","2月9日","8月9日","E09096","ブラックロック・ジャパン株式会社"
"G14834","","ＧＳワールド・シフト株式ファンドＡコース（限定為替ヘッジ）／Ｂコース（為替ヘッジなし）","ジーエスワールドシフトカブシキファンド　エーコース　ゲンテイカワセヘッジ　ビーコース　カワセヘッジナシ","内国投資信託受益証券","3月20日","9月20日","E12457","ゴールドマン・サックス・アセット・マネジメント株式会社"
"G14835","","世界バイオ医薬株式ファンド","セカイバイオイヤクカブシキファンド","内国投資信託受益証券","4月26日","10月26日","E14714","キャピタル　アセットマネジメント株式会社"
"G14836","","三井住友・ＮＹダウ・ジョーンズ・インデックスファンド（為替ヘッジ型）","ミツイスミトモニューヨークダウジョーンズインデックスファンドカワセヘッジガタ","内国投資信託受益証券","11月5日","","E08957","三井住友ＤＳアセットマネジメント株式会社"
"G14837","","ＳＢＩ・Ｖ・米国増配株式インデックス・ファンド","エスビーアイ　ブイ　ベイコクゾウハイカブシキ　インデックスファンド","内国投資信託受益証券","6月10日","","E13447","ＳＢＩアセットマネジメント株式会社"
"G14838","","ＳＢＩ・Ｖ・先進国株式（除く米国）インデックス・ファンド","エスビーアイ　ブイ　センシンコクカブシキ　ノゾクベイコク　インデックスファンド","内国投資信託受益証券","6月10日","","E13447","ＳＢＩアセットマネジメント株式会社"
"G14839","","ＳＢＩ・Ｖ・世界小型株式（除く米国）インデックス・ファンド","エスビーアイ　ブイ　セカイコガタカブシキ　ノゾクベイコク　インデックスファンド","内国投資信託受益証券","6月10日","","E13447","ＳＢＩアセットマネジメント株式会社"
"G14840","","ＳＢＩ・Ｖ・米国小型株式インデックス・ファンド","エスビーアイ　ブイ　ベイコクコガタカブシキ　インデックスファンド","内国投資信託受益証券","6月10日","","E13447","ＳＢＩアセットマネジメント株式会社"
"G14841","","ＳＢＩ・Ｖ・新興国株式インデックス・ファンド","エスビーアイ　ブイ　シンコウコクカブシキ　インデックスファンド","内国投資信託受益証券","6月10日","","E13447","ＳＢＩアセットマネジメント株式会社"
"G14842","","ＳＢＩ・ｉシェアーズ・米国総合債券インデックス・ファンド","エスビーアイ　アイシェアーズ　ベイコクソウゴウサイケン　インデックスファンド","内国投資信託受益証券","6月10日","","E13447","ＳＢＩアセットマネジメント株式会社"
"G14843","","ＳＢＩ・ｉシェアーズ・米国投資適格社債（１－５年）インデックス・ファンド","エスビーアイ　アイシェアーズ　ベイコクトウシテキカクシャサイ　イチカラゴネン　インデックスファンド","内国投資信託受益証券","6月10日","","E13447","ＳＢＩアセットマネジメント株式会社"
"G14844","","ＳＢＩ・ｉシェアーズ・米国ハイイールド債券インデックス・ファンド","エスビーアイ　アイシェアーズ　ベイコクハイイールドサイケン　インデックスファンド","内国投資信託受益証券","6月10日","","E13447","ＳＢＩアセットマネジメント株式会社"
"G14845","","ＳＢＩ・ｉシェアーズ・ゴールドファンド（為替ヘッジあり）／（為替ヘッジなし）","エスビーアイ　アイシェアーズ　ゴールドファンド　カワセヘッジアリ　カワセヘッジナシ","内国投資信託受益証券","6月10日","","E13447","ＳＢＩアセットマネジメント株式会社"
"G14846","","ＳＢＩ・ｉシェアーズ・米国短期国債ファンド","エスビーアイ　アイシェアーズ　ベイコクタンキコクサイファンド","内国投資信託受益証券","6月10日","","E13447","ＳＢＩアセットマネジメント株式会社"
"G14847","","Ｏｎｅ円建て債券ファンドⅢ　２０２３－０７","ワンエンダテサイケンファンドスリーニイゼロニイサンゼロナナ","内国投資信託受益証券","11月27日","","E10677","アセットマネジメントＯｎｅ株式会社"
"G14848","","ケネディクス・リアルティ・トークングランドニッコー東京ベイ舞浜（譲渡制限付）","ケネディクスリアルティトークングランドニッコートウキョウベイマイハマジョウトセイゲンツキ","内国信託受益証券・信託受益権","4月30日","10月31日","E03626","三菱ＵＦＪ信託銀行株式会社"
"G14849","","三井物産のデジタル証券～日本橋・人形町～（譲渡制限付）","ミツイブッサンノデジタルショウケンニホンバシニンギョウチョウジョウトセイゲンツキ","内国信託受益証券・信託受益権","4月30日","10月31日","E03626","三菱ＵＦＪ信託銀行株式会社"
"G14850","","ＳＯＭＰＯ好利回りＣＢファンド２０２３－０６（為替ヘッジあり／なし・限定追加型）","ソンポコウリマワリシービーファンドニゼロニサンゼロロクカワセヘッジアリナシゲンテイツイカガタ","内国投資信託受益証券","6月27日","","E12434","ＳＯＭＰＯアセットマネジメント株式会社"
"G14851","","ｉＦｒｅｅＰｌｕｓ　米国配当王（資産成長型）","アイフリープラスベイコクハイトウオウシサンセイチョウガタ","内国投資信託受益証券","5月23日","11月23日","E06748","大和アセットマネジメント株式会社"
"G14852","","ｉＦｒｅｅＰｌｕｓ　米国配当王（年４回決算型）","アイフリープラスベイコクハイトウオウネンヨンカイケッサンガタ","内国投資信託受益証券","5月23日","11月23日","E06748","大和アセットマネジメント株式会社"
"G14853","","ＭＦシェア駒込レジデンス（譲渡制限付）","エムエフシェアコマゴメレジデンスジョウトセイゲンツキ","内国信託受益証券・信託受益権","1月31日","7月31日","E03626","三菱ＵＦＪ信託銀行株式会社"
"G14854","","Ｏｎｅグローバル・ターゲット利回り債券ファンド２０２３－０６（限定追加型）","ワングローバルターゲットリマワリサイケンファンドニイゼロニイサンゼロロクゲンテイツイカガタ","内国投資信託受益証券","7月18日","","E10677","アセットマネジメントＯｎｅ株式会社"
"G14855","","ＤＣダイワ・ターゲットイヤー２０６０","ディーシーダイワターゲットイヤーニセンロクジュウ","内国投資信託受益証券","12月18日","","E06748","大和アセットマネジメント株式会社"
"G14856","","モルガン・スタンレー社債（早期償還条項付）／ＢＡＳＩＣ戦略ファンド２０２３－０６","モルガンスタンレーシャサイソウキショウカンジョウコウツキベーシックセンリャクファンドニゼロニサンゼロロク","内国投資信託受益証券","7月14日","","E12434","ＳＯＭＰＯアセットマネジメント株式会社"
"G14857","","ブラジル国債ファンド","ブラジルコクサイファンド","内国投資信託受益証券","6月14日","12月14日","E12441","ＳＢＩ岡三アセットマネジメント株式会社"
"G14858","","レッド・アーク・グローバル・インベストメンツ（ケイマン）トラスト－シティグループ社債／償還時指数連動型ファンド","レッドアークグローバルインベストメンツケイマントラスト　シティグループシャサイショウカンジシスウレンドウガタファンド","外国投資信託受益証券","12月末日","","E22200","シティグループ・ファースト・インベストメント・マネジメント・リミテッド"
"G14859","","グローバル・ストラテジーズ・トラスト－ボンド・プラス７．０","グローバルストラテジーズトラスト　ボンドプラスナナ","外国投資信託受益証券","11月末日","","E27921","グローバル・ファンズ・トラスト・カンパニー"
"G14860","","アライアンス・バーンスタイン・米国割安株投信（年２回決算型）／（隔月決算・予想分配金提示型）","アライアンスバーンスタインベイコクワリヤスカブトウシンネンニカイケッサンガタ　カクゲツケッサンヨソウブンパイキンテイジガタ","内国投資信託受益証券","5月15日","11月15日","E12480","アライアンス・バーンスタイン株式会社"
"G14861","","明治安田ＮＢ世界好利回り事業債ファンド２０２３－０７（限定追加型）","メイジヤスダニューバーガーバーマンセカイコウリマワリジギョウサイファンドニセンニジュウサンノゼロナナゲンテイツイカガタ","内国投資信託受益証券","7月9日","","E12448","明治安田アセットマネジメント株式会社"
"G14862","","不動産デジタル証券・渋谷神宮前イノベーションオフィス","フドウサンデジタルショウケン　シブヤジングウマエイノベーションオフィス","内国有価証券投資事業権利等","1月末日","","E38717","合同会社渋谷神宮前ＩＯ"
"G14863","22510","ＮＥＸＴ　ＦＵＮＤＳ　ＪＰＸ国債先物ダブルインバース指数連動型上場投信","ネクストファンズジェイピーエックスコクサイサキモノダブルインバースシスウレンドウガタジョウジョウトウシン","内国投資信託受益証券","10月20日","","E12460","野村アセットマネジメント株式会社"
"G14864","","限定追加型・繰上償還条項付　ニッセイ世界リカバリー株式厳選ファンド２０２３－０７（為替ヘッジあり）","ゲンテイツイカガタ　クリアゲショウカンジョウコウツキ　ニッセイセカイリカバリーカブシキゲンセンファンドニゼロニサンゼロナナ　カワヘッジアリ","内国投資信託受益証券","12月10日","","E12453","ニッセイアセットマネジメント株式会社"
"G14865","","Ｎｉつみインデックスラップ世界１０指数（均等型）","ニーツミインデックスラップセカイジュウシスウ　キントウガタ","内国投資信託受益証券","6月15日","","E12430","アモーヴァ・アセットマネジメント株式会社"
"G14866","","Ｎｉつみインデックスラップ世界１０指数（安定成長型）","ニーツミインデックスラップセカイジュウシスウ　アンテイセイチョウガタ","内国投資信託受益証券","6月15日","","E12430","アモーヴァ・アセットマネジメント株式会社"
"G14867","","バークレイズ社債／インカム戦略ファンド２０２３－０７","バークレイズシャサイ　インカムセンリャクファンドニゼロニサンゼロナナ","内国投資信託受益証券","7月27日","","E12434","ＳＯＭＰＯアセットマネジメント株式会社"
"G14868","","日本企業社債ファンド２０２３－０７","ニホンキギョウシャサイファンドニセンニジュウサンゼロナナ","内国投資信託受益証券","12月20日","","E06748","大和アセットマネジメント株式会社"
"G14869","","ＰａｙＰａｙ投資信託インデックス　先進国株式","ペイペイトウシシンタクインデックス　センシンコクカブシキ","内国投資信託受益証券","7月15日","","E10677","アセットマネジメントＯｎｅ株式会社"
"G14870","","ＰａｙＰａｙ投資信託インデックス　世界株式","ペイペイトウシシンタクインデックス　セカイカブシキ","内国投資信託受益証券","7月15日","","E10677","アセットマネジメントＯｎｅ株式会社"
"G14871","","フィデリティ・ＵＳリート・ファンド（隔月決算型）（為替ヘッジなし）","フィデリティユーエスリートファンドカクゲツケッサンガタカワセヘッジナシ","内国投資信託受益証券","3月15日","9月15日","E12481","フィデリティ投信株式会社"
"G14872","","ケネディクス・リアルティ・トークンＳＴ所沢物流センター（譲渡制限付）","ケネディクスリアルティトークンエスティートコロザワブツリュウセンタージョウトセイゲンツキ","内国信託受益証券・信託受益権","4月30日","10月31日","E03626","三菱ＵＦＪ信託銀行株式会社"
"G14873","","グローバル・ライフ株式ファンド（資産成長型／予想分配金提示型）","グローバルライフカブシキファンドシサンセイチョウガタヨソウブンパイキンテイジガタ","内国投資信託受益証券","6月21日","12月21日","E06748","大和アセットマネジメント株式会社"
"G14874","","あおぞら・新グローバル分散ファンド（限定追加型）２０２３－０７","アオゾラシングローバルブンサンファンドゲンテイツイカガタニイゼロニイサンノゼロナナ","内国投資信託受益証券","11月10日","","E30689","あおぞら投信株式会社"
"G14875","","ＳＢＩ・ｉシェアーズ・ＴＯＰＩＸインデックス・ファンド","エスビーアイ　アイシェアーズ　トピックス　インデックスファンド","内国投資信託受益証券","7月10日","","E13447","ＳＢＩアセットマネジメント株式会社"
"G14876","","ＳＢＩ・ｉシェアーズ・日経２２５インデックス・ファンド","エスビーアイ　アイシェアーズ　ニッケイニニゴ　インデックスファンド","内国投資信託受益証券","7月10日","","E13447","ＳＢＩアセットマネジメント株式会社"
"G14877","","ラップ専用・日本株式アクティブ（セレクト・オポチュニティ）","ラップセンヨウニホンカブシキアクティブセレクトオポチュニティ","内国投資信託受益証券","12月6日","","E12460","野村アセットマネジメント株式会社"
"G14878","","ラップ専用・世界株式アクティブ（グローバル・マルチテーマ）","ラップセンヨウセカイカブシキアクティブグローバルマルチテーマ","内国投資信託受益証券","11月14日","","E12460","野村アセットマネジメント株式会社"
"G14879","","ラップ専用・世界株式アクティブ（グローバル・バリュー）","ラップセンヨウセカイカブシキアクティブグローバルバリュー","内国投資信託受益証券","11月28日","","E12460","野村アセットマネジメント株式会社"
"G14880","","ラップ専用・Ｊ－ＲＥＩＴアクティブ","ラップセンヨウジェイリートアクティブ","内国投資信託受益証券","1月6日","","E12460","野村アセットマネジメント株式会社"
"G14881","","ラップ専用・グローバルＲＥＩＴアクティブ","ラップセンヨウグローバルリートアクティブ","内国投資信託受益証券","7月15日","","E12460","野村アセットマネジメント株式会社"
"G14882","","ラップ専用・日本債券アクティブ（クレジット戦略型）","ラップセンヨウニホンサイケンアクティブクレジットセンリャクガタ","内国投資信託受益証券","8月27日","","E12460","野村アセットマネジメント株式会社"
"G14883","","ラップ専用・外国債券アクティブ","ラップセンヨウガイコクサイケンアクティブ","内国投資信託受益証券","6月10日","","E12460","野村アセットマネジメント株式会社"
"G14884","","ラップ専用・外国国債アクティブ（為替ヘッジあり）","ラップセンヨウガイコクコクサイアクティブカワセヘッジアリ","内国投資信託受益証券","11月15日","","E12460","野村アセットマネジメント株式会社"
"G14885","","ラップ専用・米国ハイ・イールド債券アクティブ","ラップセンヨウベイコクハイイールドサイケンアクティブ","内国投資信託受益証券","7月5日","","E12460","野村アセットマネジメント株式会社"
"G14886","","米国株カバードコール戦略ファンド／ＪＰモルガン・米国株式・プレミアム・インカムＥＴＦ","ベイコクカブカバードコールセンリャクファンドジェイピーモルガンベイコクカブシキプレミアムインカムイーティーエフ","内国投資信託受益証券","6月10日","12月10日","E12441","ＳＢＩ岡三アセットマネジメント株式会社"
"G14887","","世界株式インデックス戦略ファンド（資産成長型）２０２３－０７","セカイカブシキインデックスセンリャクファンドシサンセイチョウガタニゼロニサンゼロナナ","内国投資信託受益証券","7月20日","","E12434","ＳＯＭＰＯアセットマネジメント株式会社"
"G14888","","世界株式インデックス戦略ファンド（償還条項付）２０２３－０７","セカイカブシキインデックスセンリャクファンドショウカンジョウコウツキニゼロニサンゼロナナ","内国投資信託受益証券","7月20日","","E12434","ＳＯＭＰＯアセットマネジメント株式会社"
"G14889","","りそなターゲット・イヤー・ファンド２０６５","リソナターゲット　イヤー　ファンドニイゼロロクゴ","内国投資信託受益証券","3月25日","","E32011","りそなアセットマネジメント株式会社"
"G14890","","日本中小型成長株ファンド（実績報酬型）","ニホンチュウコガタセイチョウカブファンドジッセキホウシュウガタ","内国投資信託受益証券","1月11日","7月11日","E12441","ＳＢＩ岡三アセットマネジメント株式会社"
"G14891","","半導体関連　世界株式戦略ファンド","ハンドウタイカンレン　セカイカブシキセンリャクファンド","内国投資信託受益証券","7月7日","","E12444","三井住友トラスト・アセットマネジメント株式会社"
"G14892","","財産３分法ファンド（不動産・債券・株式）奇数月分配型","ザイサンサンブンポウファンド　フドウサン　サイケン　カブシキ　キスウヅキブンパイガタ","内国投資信託受益証券","1月10日","7月10日","E12430","アモーヴァ・アセットマネジメント株式会社"
"G14893","","いちご・レジデンス・トークン－中目黒・神楽坂・明大前・代々木・三軒茶屋－（譲渡制限付）","イチゴレジデンストークンナカメグロカグラザカメイダイマエヨヨギサンゲンヂャヤジョウトセイゲンツキ","内国信託受益証券・信託受益権","4月30日","10月31日","E03626","三菱ＵＦＪ信託銀行株式会社"
"G14894","","はじめてのＮＩＳＡ・米国株式インデックス（Ｓ＆Ｐ５００）","ハジメテノニーサベイコクカブシキインデックスエスアンドピーゴヒャク","内国投資信託受益証券","6月3日","","E12460","野村アセットマネジメント株式会社"
"G14895","","はじめてのＮＩＳＡ・全世界株式インデックス（オール・カントリー）","ハジメテノニーサゼンセカイカブシキインデックスオールカントリー","内国投資信託受益証券","6月3日","","E12460","野村アセットマネジメント株式会社"
"G14896","","はじめてのＮＩＳＡ・日本株式インデックス（日経２２５）","ハジメテノニーサニホンカブシキインデックスニッケイニーニーゴ","内国投資信託受益証券","6月3日","","E12460","野村アセットマネジメント株式会社"
"G14897","","はじめてのＮＩＳＡ・日本株式インデックス（ＴＯＰＩＸ）","ハジメテノニーサニホンカブシキインデックストピックス","内国投資信託受益証券","6月3日","","E12460","野村アセットマネジメント株式会社"
"G14898","","はじめてのＮＩＳＡ・新興国株式インデックス","ハジメテノニーサシンコウコクカブシキインデックス","内国投資信託受益証券","6月3日","","E12460","野村アセットマネジメント株式会社"
"G14899","","ニッセイ・マルチアセット・インカム戦略ファンド（資産成長型）","ニッセイマルチアセットインカムセンリャクファンドシサンセイチョウガタ","内国投資信託受益証券","7月17日","","E12453","ニッセイアセットマネジメント株式会社"
"G14900","","ニッセイ・マルチアセット・インカム戦略ファンド（毎月決算型）","ニッセイマルチアセットインカムセンリャクファンドマイツキケッサンガタ","内国投資信託受益証券","1月17日","7月17日","E12453","ニッセイアセットマネジメント株式会社"
"G14901","","にいがた未来応援グローバル株式ファンド","ニイガタミライオウエングローバルカブシキファンド","内国投資信託受益証券","6月15日","","E12448","明治安田アセットマネジメント株式会社"
"G14902","22520","グローバルＸ　Ｍｏｒｎｉｎｇｓｔａｒ　米国中小型　Ｍｏａｔ　ＥＴＦ","グローバルエックスモーニングスターベイコクチュウコガタモートイーティーエフ","内国投資信託受益証券","3月24日","9月24日","E35933","Ｇｌｏｂａｌ　Ｘ　Ｊａｐａｎ株式会社"
"G14903","22530","グローバルＸ　スーパーディビィデンド－ＵＳ　ＥＴＦ","グローバルエックススーパーディビィデンドユーエスイーティーエフ","内国投資信託受益証券","3月24日","9月24日","E35933","Ｇｌｏｂａｌ　Ｘ　Ｊａｐａｎ株式会社"
"G14904","22540","グローバルＸ　チャイナＥＶ＆バッテリー　ＥＴＦ","グローバルエックスチャイナイーブイアンドバッテリーイーティーエフ","内国投資信託受益証券","3月24日","9月24日","E35933","Ｇｌｏｂａｌ　Ｘ　Ｊａｐａｎ株式会社"
"G14905","","イーストスプリング・インドネシア株式ファンド（資産成長型）","イーストスプリングインドネシアカブシキファンドシサンセイチョウガタ","内国投資信託受益証券","7月25日","","E12566","イーストスプリング・インベストメンツ株式会社"
"G14906","","ソシエテ・ジェネラル社債／国際分散投資戦略ファンド２０２３－０９","ソシエテ　ジェネラルシャサイ　コクサイブンサントウシセンリャクファンドニセンニジュウサンノゼロキュウ","内国投資信託受益証券","9月20日","","E12444","三井住友トラスト・アセットマネジメント株式会社"
"G14907","","米国Ｓ＆Ｐ５００フレックス戦略ファンド","ベイコクエスアンドピーゴヒャクフレックスセンリャクファンド","内国投資信託受益証券","1月20日","7月20日","E06748","大和アセットマネジメント株式会社"
"G14908","","住友生命２０２３基金流動化株式会社","スミトモセイメイニセンニジュウサンキキンリュウドウカカブシキガイシャ","内国資産流動化証券","12月末日","","E38830","住友生命２０２３基金流動化株式会社"
"G14909","","投資用マンションローン債権セキュリティトークン（２０２３年第１号）","トウシヨウマンションローンサイケンセキュリティトークンニセンニジュウサンネンダイイチゴウ","内国信託受益証券・信託受益権","8月30日","","E03627","三井住友信託銀行株式会社"
"G14910","","フィデリティ・Ｊリート・アクティブ・ファンド（隔月決算型）","フィデリティジェイリートアクティブファンドカクゲツケッサンガタ","内国投資信託受益証券","5月6日","11月6日","E12481","フィデリティ投信株式会社"
"G14911","","米国厳選優良株ファンド（実績報酬型）","ベイコクゲンセンユウリョウカブファンドジッセキホウシュウガタ","内国投資信託受益証券","1月26日","7月26日","E12441","ＳＢＩ岡三アセットマネジメント株式会社"
"G14912","","三井物産のデジタル証券～京都・三条～（譲渡制限付）","ミツイブッサンノデジタルショウケンキョウトサンジョウジョウトセイゲンツキ","内国信託受益証券・信託受益権","4月30日","10月31日","E03626","三菱ＵＦＪ信託銀行株式会社"
"G14913","","ケネディクス・リアルティ・トークン　月島－リバーシティ２１イーストタワーズⅡ（譲渡制限付）","ケネディクスリアルティトークンツキシマリバーシティニジュウイチイーストタワーズツージョウトセイゲンツキ","内国信託受益証券・信託受益権","2月末日","8月末日","E03628","みずほ信託銀行株式会社"
"G14914","","キャピタル・ラップ専用ファンド・２０２３シリーズ","キャピタルラップセンヨウファンドニセンニジュウサンシリーズ","内国投資信託受益証券","11月20日","","E14703","キャピタル・インターナショナル株式会社"
"G14915","","ＧＳ米ドル建て社債ターゲット２０２３－０９（為替ヘッジなし・限定追加型・早期償還条項付）","ジーエス　ベイドルダテ　シャサイ　ターゲット　ニセンニジュウサン　ゼロキュー　カワセヘッジナシ　ゲンテイツイカガタ　ソウキショウカンジョウコウツキ","内国投資信託受益証券","10月10日","","E12457","ゴールドマン・サックス・アセット・マネジメント株式会社"
"G14916","","Ｏｎｅ円建て債券ファンドⅢ　２０２３－０９","ワンエンダテサイケンファンドスリーニイゼロニイサンゼロキュウ","内国投資信託受益証券","1月27日","","E10677","アセットマネジメントＯｎｅ株式会社"
"G14917","","ＳＯＭＰＯ好利回りＣＢファンド２０２３－０９（為替ヘッジあり／なし・限定追加型）","ソンポコウリマワリシービーファンドニゼロニサンゼロキュウカワセヘッジアリナシゲンテイツイカガタ","内国投資信託受益証券","9月19日","","E12434","ＳＯＭＰＯアセットマネジメント株式会社"
"G14918","","ＵＳショートデュレーション戦略ファンド／ＪＰモルガン・ウルトラショート・インカムＥＴＦ","ユーエスショートデュレーションセンリャクファンドジェイピーモルガンウルトラショートインカムイーティーエフ","内国投資信託受益証券","2月9日","8月9日","E12441","ＳＢＩ岡三アセットマネジメント株式会社"
"G14919","","ピクテ・グローバル・インカム債券ファンド（１年決算型）","ピクテグローバルインカムサイケンファンドイチネンケッサンガタ","内国投資信託受益証券","11月10日","","E10439","ピクテ・ジャパン株式会社"
"G14920","","ピクテ・グローバル・インカム債券ファンド（隔月決算型）","ピクテグローバルインカムサイケンファンドカクゲツケッサンガタ","内国投資信託受益証券","5月10日","11月10日","E10439","ピクテ・ジャパン株式会社"
"G14921","","フィデリティ・グローバル社債・ファンド　２０２３－０９（限定追加型・為替ヘッジあり）　フィデリティ・グローバル社債・ファンド　２０２３－０９（限定追加型・為替ヘッジなし）","フィデリティグローバルシャサイファンドニセンニジュウサンゼロキュウゲンテイツイカガタカワセヘッジアリ　フィデリティグローバルシャサイファンドニセンニジュウサンゼロキュウゲンテイツイカガタカワセヘッジナシ","内国投資信託受益証券","12月20日","","E12481","フィデリティ投信株式会社"
"G14922","","フィデリティ・ロイヤル・コア・ファンド","フィデリティロイヤルコアファンド","内国投資信託受益証券","4月25日","","E12481","フィデリティ投信株式会社"
"G14923","","ラサール・グローバルＲＥＩＴファンド（奇数月分配型）","ラサール　グローバルリートファンド　キスウヅキブンパイガタ","内国投資信託受益証券","1月5日","7月5日","E12430","アモーヴァ・アセットマネジメント株式会社"
"G14924","","ウエリントン・企業価値共創世界株ファンド　Ａコース／Ｂコース","ウエリントンキギョウカチキョウソウセカイカブファンド　エーコースビーコース","内国投資信託受益証券","6月15日","12月15日","E12460","野村アセットマネジメント株式会社"
"G14925","","ピクテ・プレミアム・アセット・アロケーション・ファンド","ピクテプレミアムアセットアロケーションファンド","内国投資信託受益証券","9月15日","","E10439","ピクテ・ジャパン株式会社"
"G14926","","グローバル株式厳選ファンド","グローバルカブシキゲンセンファンド","内国投資信託受益証券","8月20日","","E32011","りそなアセットマネジメント株式会社"
"G14927","","ＳＢＩ・インベスコＱＱＱ・ＮＡＳＤＡＱ１００インデックス・ファンド","エスビーアイ　インベスコキューキューキュー　ナスダックヒャクインデックス　ファンド","内国投資信託受益証券","8月22日","","E13447","ＳＢＩアセットマネジメント株式会社"
"G14928","","東京海上・米国リカバリー・ポテンシャル戦略株式ファンド","トウキョウカイジョウベイコクリカバリーポテンシャルセンリャクカブシキファンド","内国投資信託受益証券","6月5日","","E06433","東京海上アセットマネジメント株式会社"
"G14929","","Ｔ＆Ｄダブルブル・ベア・シリーズ９","ティアンドディダブルブルベアシリーズキュウ","内国投資信託受益証券","9月10日","","E11764","Ｔ＆Ｄアセットマネジメント株式会社"
"G14930","","ａｕＡＭ　Ｎｉｆｔｙ５０インド株ファンド","エーユーエーエムニフティゴジュウインドカブファンド","内国投資信託受益証券","8月28日","","E34254","ａｕアセットマネジメント株式会社"
"G14931","","日本企業社債ファンド２０２３－０９","ニホンキギョウシャサイファンドニセンニジュウサンゼロキュウ","内国投資信託受益証券","12月25日","","E06748","大和アセットマネジメント株式会社"
"G14932","","ＴＴＩ・エマージング厳選株式ファンド","ティーティーアイエマージングゲンセンカブシキファンド","内国投資信託受益証券","8月10日","","E08957","三井住友ＤＳアセットマネジメント株式会社"
"G14933","","フィデリティ・ＵＳハイ・イールド・ファンド（隔月決算型）（為替ヘッジなし）","フィデリティユーエスハイイールドファンドカクゲツケッサンガタカワセヘッジナシ","内国投資信託受益証券","5月22日","11月22日","E12481","フィデリティ投信株式会社"
"G14934","","Ｓ＆Ｐ５００　３倍ベア","エスアンドピーゴヒャクサンバイベア","内国投資信託受益証券","8月13日","","E06748","大和アセットマネジメント株式会社"
"G14935","","Ｓ＆Ｐ５００　３倍ブル","エスアンドピーゴヒャクサンバイブル","内国投資信託受益証券","8月13日","","E06748","大和アセットマネジメント株式会社"
"G14936","","野村ＰＩＭＣＯ・トレンド戦略ファンド（米ドル売り円買い）（野村ＳＭＡ・ＥＷ向け）","ノムラピムコトレンドセンリャクファンドベイドルウリエンガイノムラエスエムエーイーダブリュームケ","内国投資信託受益証券","12月6日","","E12460","野村アセットマネジメント株式会社"
"G14937","","みずほ日本オールキャップ株式ファンド","ミズホニホンオールキャップカブシキファンド","内国投資信託受益証券","8月16日","","E10677","アセットマネジメントＯｎｅ株式会社"
"G14938","","三菱ＵＦＪ　ターゲット・イヤー・ファンド２０７０（確定拠出年金）","ミツビシユーエフジェイターゲットイヤーファンドニセンナナジュウカクテイキョシュツネンキン","内国投資信託受益証券","9月10日","","E11518","三菱ＵＦＪアセットマネジメント株式会社"
"G14939","","東京海上・先進国好利回りＣＢファンド２０２３－０９","トウキョウカイジョウセンシンコクコウリマワリシービーファンドニセンニジュウサンゼロキュウ","内国投資信託受益証券","11月24日","","E06433","東京海上アセットマネジメント株式会社"
"G14940","","フィデリティ・日本バリューアップ・ファンド","フィデリティニホンバリューアップファンド","内国投資信託受益証券","6月15日","","E12481","フィデリティ投信株式会社"
"G14941","","世界半導体関連フォーカスファンド","セカイハンドウタイカンレンフォーカスファンド","内国投資信託受益証券","3月16日","9月16日","E12441","ＳＢＩ岡三アセットマネジメント株式会社"
"G14942","","三井住友ＤＳ　ワールド・ボンド・フォーカス２０２３－０９（限定追加型）","ミツイスミトモディーエスワールドボンドフォーカスニイゼロニイサンゼロキュウゲンテイツイカガタ","内国投資信託受益証券","12月22日","","E08957","三井住友ＤＳアセットマネジメント株式会社"
"G14943","","野村米国株式Ｓ＆Ｐ５００インデックスファンド（確定拠出年金向け）","ノムラベイコクカブシキエスアンドピーゴヒャクインデックスファンドカクテイキョシュツネンキンムケ","内国投資信託受益証券","6月3日","","E12460","野村アセットマネジメント株式会社"
"G14944","","ブリオングロード・ブリッジ・ユニット・トラスト―Ｏｎｅ―Ｄａｙ・プレミアム","ブリオングロードブリッジユニットトラストワンデイプレミアム","外国投資信託受益証券","12月末日","","E35772","ウェイストーン・マネジメント・カンパニー（ＩＥ）リミテッド"
"G14945","","構造改革ジャパン","コウゾウカイカクジャパン","内国投資信託受益証券","9月16日","","E10677","アセットマネジメントＯｎｅ株式会社"
"G14946","","アセアン・ギガトレンド株式ファンド","アセアン　ギガトレンドカブシキファンド","内国投資信託受益証券","9月15日","","E12430","アモーヴァ・アセットマネジメント株式会社"
"G14947","20860","ＮＺＡＭ　上場投信　Ｓ＆Ｐ５００（為替ヘッジあり）","エヌザム　ジョウジョウトウシン　エスアンドピーゴヒャク　カワセヘッジアリ","内国投資信託受益証券","4月15日","10月15日","E12882","農林中金全共連アセットマネジメント株式会社"
"G14948","20870","ＮＺＡＭ　上場投信　ＮＡＳＤＡＱ１００（為替ヘッジあり）","エヌザム　ジョウジョウトウシン　ナスダックヒャク　カワセヘッジアリ","内国投資信託受益証券","4月15日","10月15日","E12882","農林中金全共連アセットマネジメント株式会社"
"G14949","20880","ＮＺＡＭ　上場投信　ＮＹダウ３０（為替ヘッジあり）","エヌザム　ジョウジョウトウシン　ニューヨークダウサンジュウ　カワセヘッジアリ","内国投資信託受益証券","4月15日","10月15日","E12882","農林中金全共連アセットマネジメント株式会社"
"G14950","20890","ＮＺＡＭ　上場投信　ＤＡＸ（為替ヘッジあり）","エヌザム　ジョウジョウトウシン　ダックス　カワセヘッジアリ","内国投資信託受益証券","11月15日","","E12882","農林中金全共連アセットマネジメント株式会社"
"G14951","20900","ＮＺＡＭ　上場投信　米国国債７－１０年（為替ヘッジあり）","エヌザム　ジョウジョウトウシン　ベイコクコクサイナナカラジュウネン　カワセヘッジアリ","内国投資信託受益証券","5月15日","11月15日","E12882","農林中金全共連アセットマネジメント株式会社"
"G14952","20910","ＮＺＡＭ　上場投信　ドイツ国債７－１０年（為替ヘッジあり）","エヌザム　ジョウジョウトウシン　ドイツコクサイナナカラジュウネン　カワセヘッジアリ","内国投資信託受益証券","5月15日","11月15日","E12882","農林中金全共連アセットマネジメント株式会社"
"G14953","20920","ＮＺＡＭ　上場投信　フランス国債７－１０年（為替ヘッジあり）","エヌザム　ジョウジョウトウシン　フランスコクサイナナカラジュウネン　カワセヘッジアリ","内国投資信託受益証券","5月15日","11月15日","E12882","農林中金全共連アセットマネジメント株式会社"
"G14954","","明治安田米国レベニュー債オープン（為替ヘッジなし）","メイジヤスダベイコクレベニューサイオープン　カワセヘッジナシ","内国投資信託受益証券","1月25日","7月25日","E12448","明治安田アセットマネジメント株式会社"
"G14955","20830","ＮＥＸＴ　ＦＵＮＤＳ　日本成長株アクティブ上場投信","ネクストファンズニホンセイチョウカブアクティブジョウジョウトウシン","内国投資信託受益証券","1月7日","7月7日","E12460","野村アセットマネジメント株式会社"
"G14956","20840","ＮＥＸＴ　ＦＵＮＤＳ　日本高配当株アクティブ上場投信","ネクストファンズニホンコウハイトウカブアクティブジョウジョウトウシン","内国投資信託受益証券","1月7日","7月7日","E12460","野村アセットマネジメント株式会社"
"G14957","","ニッセイ／サンダース・グローバルバリュー株式ファンド（資産成長型）","ニッセイサンダースグローバルバリューカブシキファンド　シサンセイチョウガタ","内国投資信託受益証券","3月5日","","E12453","ニッセイアセットマネジメント株式会社"
"G14958","","ニッセイ／サンダース・グローバルバリュー株式ファンド（隔月予想分配金提示型）","ニッセイサンダースグローバルバリューカブシキファンド　カクゲツヨソウブンパイキンテイジガタ","内国投資信託受益証券","3月5日","9月5日","E12453","ニッセイアセットマネジメント株式会社"
"G14959","","ＤＣニッセイ／サンダース・グローバルバリュー株式ファンド","ディーシーニッセイサンダースグローバルバリューカブシキファンド","内国投資信託受益証券","3月5日","","E12453","ニッセイアセットマネジメント株式会社"
"G14960","","ＳＢＩ・ｉシェアーズ・インド株式インデックス・ファンド","エスビーアイ　アイシェアーズ　インドカブシキインデックス　ファンド","内国投資信託受益証券","9月18日","","E13447","ＳＢＩアセットマネジメント株式会社"
"G14961","20800","ＰＢＲ１倍割れ解消推進ＥＴＦ","ピービーアールイチバイワレカイショウスイシンイーティーエフ","内国投資信託受益証券","9月10日","","E14415","シンプレクス・アセット・マネジメント株式会社"
"G14962","20810","政策保有解消推進ＥＴＦ","セイサクホユウカイショウスイシンイーティーエフ","内国投資信託受益証券","9月10日","","E14415","シンプレクス・アセット・マネジメント株式会社"
"G14963","20820","投資家経営者一心同体ＥＴＦ","トウシカケイエイシャイッシンドウタイイーティーエフ","内国投資信託受益証券","9月10日","","E14415","シンプレクス・アセット・マネジメント株式会社"
"G14964","","りそなＪリートインデックス（年１回決算型）","リソナジェイリートインデックス　ネンイッカイケッサンガタ","内国投資信託受益証券","5月25日","","E32011","りそなアセットマネジメント株式会社"
"G14965","","りそなＪリートインデックス（年４回決算型）","リソナジェイリートインデックス　ネンヨンカイケッサンガタ","内国投資信託受益証券","5月25日","11月25日","E32011","りそなアセットマネジメント株式会社"
"G14966","","りそなＳ＆Ｐ５００インデックス","リソナエスアンドピーゴヒャクインデックス","内国投資信託受益証券","6月25日","","E32011","りそなアセットマネジメント株式会社"
"G14967","","米国株アクティブ・グロース戦略ファンド／ＪＰモルガン・米国グロース株式・アクティブＥＴＦ","ベイコクカブアクティブグロースセンリャクファンドジェイピーモルガンベイコクグロースカブシキアクティブイーティーエフ","内国投資信託受益証券","2月24日","8月24日","E12441","ＳＢＩ岡三アセットマネジメント株式会社"
"G14968","","グローバル１０資産バランスファンド","グローバルジュウシサンバランスファンド","内国投資信託受益証券","8月20日","","E12444","三井住友トラスト・アセットマネジメント株式会社"
"G14969","20850","ＭＡＸＩＳ高配当日本株アクティブ上場投信","マクシスコウハイトウニホンカブアクティブジョウジョウトウシン","内国投資信託受益証券","1月10日","7月10日","E11518","三菱ＵＦＪアセットマネジメント株式会社"
"G14970","","米国株式アグレッシブ・ポートフォリオ","ベイコクカブシキアグレッシブポートフォリオ","内国投資信託受益証券","7月25日","","E36006","株式会社ｓｕｓｔｅｎキャピタル・マネジメント"
"G14971","","ファイン・ブレンド（奇数月分配型）","ファイン　ブレンド　キスウヅキブンパイガタ","内国投資信託受益証券","3月8日","9月8日","E12430","アモーヴァ・アセットマネジメント株式会社"
"G14972","","米国地方債ファンド　為替ヘッジあり（奇数月決算型）　米国地方債ファンド　為替ヘッジなし（奇数月決算型）","ベイコクチホウサイファンド　カワセヘッジアリ　キスウヅキケッサンガタ　ベイコクチホウサイファンド　カワセヘッジナシ　キスウヅキケッサンガタ","内国投資信託受益証券","1月25日","7月25日","E12444","三井住友トラスト・アセットマネジメント株式会社"
"G14973","","しんきんＪリートオープン（隔月決算型）","シンキンジェイリートオープンカクゲツケッサンガタ","内国投資信託受益証券","1月20日","7月20日","E12422","しんきんアセットマネジメント投信株式会社"
"G14974","","高成長ＡＳＥＡＮ小型株式ファンド","コウセイチョウアセアンコガタカブシキファンド","内国投資信託受益証券","8月26日","2月26日","E12441","ＳＢＩ岡三アセットマネジメント株式会社"
"G14975","","日本企業ＰＢＲ向上ファンド","ニホンキギョウピービーアールコウジョウファンド","内国投資信託受益証券","3月22日","9月22日","E06748","大和アセットマネジメント株式会社"
"G14976","","ＤＣニッセイ全世界株式インデックスコレクト","ディーシーニッセイゼンセカイカブシキインデックスコレクト","内国投資信託受益証券","2月20日","","E12453","ニッセイアセットマネジメント株式会社"
"G14978","","Ｊ－ＲＥＩＴ・リサーチ・オープン（奇数月決算型）","ジェイリート　リサーチ　オープン　キスウヅキケッサンガタ","内国投資信託受益証券","1月17日","7月17日","E12444","三井住友トラスト・アセットマネジメント株式会社"
"G14979","","インベスコ　世界厳選株式オープン（奇数月決算型）","インベスコセカイゲンセンカブシキオープンキスウヅキケッサンガタ","内国投資信託受益証券","1月23日","7月23日","E06479","インベスコ・アセット・マネジメント株式会社"
"G14980","","ｅＭＡＸＩＳ　Ｓｌｉｍ　全米株式","イーマクシススリムゼンベイカブシキ","内国投資信託受益証券","4月25日","","E11518","三菱ＵＦＪアセットマネジメント株式会社"
"G14981","","インデックスファンドＳＯＸ指数（米国上場半導体株式）","インデックスファンドソックスシスウ　ベイコクジョウジョウハンドウタイカブシキ","内国投資信託受益証券","9月26日","","E12430","アモーヴァ・アセットマネジメント株式会社"
"G14982","","ＤＣ低リスク運用・先進国バランスファンド（円キャッシュプラス）","ディーシーテイリスクウンヨウ　センシンコクバランスファンド　エンキャッシュプラス","内国投資信託受益証券","6月20日","","E12430","アモーヴァ・アセットマネジメント株式会社"
"G14983","","Ｓｍａｒｔ－ｉ　ＤＣ　全世界株式インデックス","スマート　アイ　ディーシー　ゼンセカイカブシキインデックス","内国投資信託受益証券","8月15日","","E32011","りそなアセットマネジメント株式会社"
"G14984","","Ｓｍａｒｔ－ｉ　ＤＣ　全世界株式インデックス（除く日本）","スマート　アイ　ディーシー　ゼンセカイカブシキインデックス　ノゾクニホン","内国投資信託受益証券","8月15日","","E32011","りそなアセットマネジメント株式会社"
"G14985","","ピクテ新興国ゴールデン・リスクプレミアム・ファンド","ピクテシンコウコクゴールデンリスクプレミアムファンド","内国投資信託受益証券","10月20日","","E10439","ピクテ・ジャパン株式会社"
"G14987","","ダイワＪ－ＲＥＩＴオープン（奇数月決算型）","ダイワジェイリートオープンキスウヅキケッサンガタ","内国投資信託受益証券","3月15日","9月15日","E06748","大和アセットマネジメント株式会社"
"G14988","","ダイワ・グローバルＲＥＩＴ・オープン（為替ヘッジなし／奇数月決算型）","ダイワグローバルリートオープンカワセヘッジナシキスウヅキケッサンガタ","内国投資信託受益証券","3月15日","9月15日","E06748","大和アセットマネジメント株式会社"
"G14991","","Ｏｎｅ　ＵＳ－ＲＥＩＴ　オープン（隔月決算型）","ワンユーエスリートオープンカクゲツケッサンガタ","内国投資信託受益証券","3月5日","9月5日","E10677","アセットマネジメントＯｎｅ株式会社"
"G14992","","あおぞら・新グローバル分散ファンド（限定追加型）２０２３－１０","アオゾラシングローバルブンサンファンドゲンテイツイカガタニイゼロニイサンノイチゼロ","内国投資信託受益証券","11月10日","","E30689","あおぞら投信株式会社"
"G14993","","あおぞら・新グローバル・コア・ファンド（限定追加型）２０２３－Ⅱ","アオゾラシングローバルコアファンドゲンテイツイカガタニイゼロニイサンノニ","内国投資信託受益証券","10月20日","","E30689","あおぞら投信株式会社"
"G14994","","３県未来ファンド","サンケンミライファンド","内国投資信託受益証券","6月11日","","E12460","野村アセットマネジメント株式会社"
"G14995","","アライアンス・バーンスタイン・米国成長株投信Ｅコース隔月決算型（為替ヘッジなし）予想分配金提示型","アライアンスバーンスタインベイコクセイチョウカブトウシンイーコースカクゲツケッサンガタカワセヘッジナシ","内国投資信託受益証券","6月15日","12月15日","E12480","アライアンス・バーンスタイン株式会社"
"G14996","","バークレイズ社債／インカム戦略ファンド２０２３－１０","バークレイズシャサイインカムセンリャクファンドニゼロニサンイチゼロ","内国投資信託受益証券","10月27日","","E12434","ＳＯＭＰＯアセットマネジメント株式会社"
"G14997","20930","上場Ｔｒａｃｅｒｓ　米国債０－２年ラダー（為替ヘッジなし）","ジョウジョウトレイサーズ　ベイコクサイゼロニネンラダー　カワセヘッジナシ","内国投資信託受益証券","5月10日","11月10日","E12430","アモーヴァ・アセットマネジメント株式会社"
"G14998","","東京海上・世界モノポリー戦略株式ファンド（年６回決算型）","トウキョウカイジョウセカイモノポリーセンリャクカブシキファンドネンロッカイケッサンカタ","内国投資信託受益証券","1月15日","7月15日","E06433","東京海上アセットマネジメント株式会社"
"G14999","","ダイワ・ＵＳ－ＲＥＩＴ・オープン（為替ヘッジなし／奇数月決算型）","ダイワユーエスリートオープンカワセヘッジナシキスウヅキケッサンガタ","内国投資信託受益証券","3月17日","9月17日","E06748","大和アセットマネジメント株式会社"
"G15000","","米国国債ファンド　為替ヘッジなし（奇数月決算型）","ベイコクコクサイファンドカワセヘッジナシキスウヅキケッサンガタ","内国投資信託受益証券","3月26日","9月26日","E06748","大和アセットマネジメント株式会社"
"G15001","","Ｏｎｅ世界リートインデックスファンド（隔月分配型）","ワンセカイリートインデックスファンドカクゲツブンパイガタ","内国投資信託受益証券","6月13日","12月13日","E10677","アセットマネジメントＯｎｅ株式会社"
"G15002","","ピクテ・グローバル・インカム株式ファンド（隔月分配型）","ピクテグローバルインカムカブシキファンドカクゲツブンパイガタ","内国投資信託受益証券","2月10日","8月10日","E10439","ピクテ・ジャパン株式会社"
"G15003","","ＥＸＥ－ｉ　グローバルサウス株式ファンド","エグゼアイ　グローバルサウスカブシキファンド","内国投資信託受益証券","10月15日","","E13447","ＳＢＩアセットマネジメント株式会社"
"G15004","","ドナルド・スミス米国ディープバリュー株式ファンド　Ａコース（為替ヘッジあり）　ドナルド・スミス米国ディープバリュー株式ファンド　Ｂコース（為替ヘッジなし）","ドナルドスミスベイコクディープバリューカブシキファンドエーコースカワセヘッジアリ　ドナルドスミスベイコクディープバリューカブシキファンドビーコースカワセヘッジナシ","内国投資信託受益証券","9月24日","","E08957","三井住友ＤＳアセットマネジメント株式会社"
"G15005","","ＡＭＯ　Ｊリートアクティブファンド（隔月決算型）","エーエムオージェイリートアクティブファンドカクゲツケッサンガタ","内国投資信託受益証券","5月5日","11月5日","E10677","アセットマネジメントＯｎｅ株式会社"
"G15006","20940","東証ＲＥＩＴインバースＥＴＦ","トウショウリートインバースイーティーエフ","内国投資信託受益証券","10月12日","","E14415","シンプレクス・アセット・マネジメント株式会社"
"G15007","","しんきんＧ７外国債券インデックスファンド（３ヵ月決算型）","シンキンジーセブンガイコクサイケンインデックスファンドサンカゲツケッサンガタ","内国投資信託受益証券","2月20日","8月20日","E12422","しんきんアセットマネジメント投信株式会社"
"G15008","","しんきんみんなの日本株ファンド","シンキンミンナノニホンカブファンド","内国投資信託受益証券","4月22日","10月22日","E12422","しんきんアセットマネジメント投信株式会社"
"G15009","","ＪＰＭグローバル高利回りＣＢファンド（為替ヘッジなし、限定追加型）２０２３ー１１／ＪＰＭグローバル高利回りＣＢファンド（為替ヘッジあり、限定追加型）２０２３ー１１","ジェイピーエムグローバルコウリマワリシービーファンドカワセヘッジナシゲンテイツイカガタニセンニジュウサンノジュウイチ　ジェイピーエムグローバルコウリマワリシービーファンドカワセヘッジアリゲンテイツイカガタニセンニジュウサンノジュウイチ","内国投資信託受益証券","11月6日","","E06264","ＪＰモルガン・アセット・マネジメント株式会社"
"G15010","","ＧＳグローバル・パーシャルヘッジ社債ファンド","ジーエスグローバルパーシャルヘッジシャサイファンド","内国投資信託受益証券","2月15日","8月15日","E12457","ゴールドマン・サックス・アセット・マネジメント株式会社"
"G15011","","グローバル好配当株オープン（年１回決算型）","グローバルコウハイトウカブオープンネンイッカイケッサンガタ","内国投資信託受益証券","1月8日","","E08957","三井住友ＤＳアセットマネジメント株式会社"
"G15012","","三井物産のデジタル証券～熱海温泉～（譲渡制限付）","ミツイブッサンノデジタルショウケンアタミオンセンジョウトセイゲンツキ","内国信託受益証券・信託受益権","4月30日","10月31日","E03626","三菱ＵＦＪ信託銀行株式会社"
"G15013","","りそな米国株式配当貴族インデックス（年１回決算型）","リソナベイコクカブシキハイトウキゾクインデックス　ネンイッカイケッサンガタ","内国投資信託受益証券","8月15日","","E32011","りそなアセットマネジメント株式会社"
"G15014","","りそな米国株式配当貴族インデックス（年４回決算型）","リソナベイコクカブシキハイトウキゾクインデックス　ネンヨンカイケッサンガタ","内国投資信託受益証券","2月15日","8月15日","E32011","りそなアセットマネジメント株式会社"
"G15015","","限定追加型　ニッセイ米ドル建て社債ファンド２０２３－１１（為替ヘッジあり）","ゲンテイツイカガタ　ニッセイベイドルダテシャサイファンド　ニゼロニサンイチイチカワセヘッジアリ","内国投資信託受益証券","12月5日","","E12453","ニッセイアセットマネジメント株式会社"
"G15016","","米国好配当リバランスオープン（資産成長型）","ベイコクコウハイトウリバランスオープンシサンセイチョウガタ","内国投資信託受益証券","10月24日","","E12441","ＳＢＩ岡三アセットマネジメント株式会社"
"G15017","","米国好配当リバランスオープン（年４回決算型）","ベイコクコウハイトウリバランスオープンネンヨンカイケッサンガタ","内国投資信託受益証券","4月24日","10月24日","E12441","ＳＢＩ岡三アセットマネジメント株式会社"
"G15018","","全共連第３回劣後ローン流動化株式会社","ゼンキョウレンダイサンカイレツゴローンリュウドウカカブシキガイシャ","内国資産流動化証券","12月末日","","E39058","全共連第３回劣後ローン流動化株式会社"
"G15019","","フランクリン・テンプルトン・アメリカ地方債ファンド（為替ヘッジなし）（隔月分配型）","フランクリン　テンプルトン　アメリカチホウサイファンド　カワセヘッジナシ　カクゲツブンパイガタ","内国投資信託受益証券","3月15日","9月15日","E12425","フランクリン・テンプルトン・ジャパン株式会社"
"G15020","","スパークス・日本株Ｌ＆Ｓファンド（野村ＳМＡ・ＥＷ向け）","スパークス　ニホンカブ　エルアンドエス　ファンド　ノムラ　エスエムエー　イーダブリュー　ムケ","内国投資信託受益証券","12月6日","","E11161","スパークス・アセット・マネジメント株式会社"
"G15021","","明治安田ＮＢグローバル好利回り社債ファンド２０２３－１２（限定追加型）","メイジヤスダニューバーガーバーマングローバルコウリマワリシャサイファンドニセンニジュウサンノジュウニゲンテイツイカガタ","内国投資信託受益証券","12月10日","","E12448","明治安田アセットマネジメント株式会社"
"G15022","","Ｏｎｅグローバル・ターゲット利回り投資適格債券ファンド２０２３－１２（限定追加型）","ワングローバルターゲットリマワリトウシテキカクサイケンファンドニイゼロニイサンイチニイゲンテイツイカガタ","内国投資信託受益証券","12月22日","","E10677","アセットマネジメントＯｎｅ株式会社"
"G15023","","ニッセイ・Ｓ米国株式５００インデックスファンド＜購入・換金手数料なし＞","ニッセイエスベイコクカブシキゴヒャクインデックスファンドコウニュウカンキンテスウリョウナシ","内国投資信託受益証券","9月20日","","E12453","ニッセイアセットマネジメント株式会社"
"G15024","","楽天・プラス・Ｓ＆Ｐ５００インデックス・ファンド","ラクテン　プラス　エスアンドピーゴヒャクインデックス　ファンド","内国投資信託受益証券","7月15日","","E15787","楽天投信投資顧問株式会社"
"G15025","","楽天・プラス・オールカントリー株式インデックス・ファンド","ラクテン　プラス　オールカントリーカブシキインデックス　ファンド","内国投資信託受益証券","7月15日","","E15787","楽天投信投資顧問株式会社"
"G15026","20980","グローバルＸ　ホテル＆リテール・Ｊ－ＲＥＩＴ　ＥＴＦ","グローバルエックスホテルアンドリテールジェイリートイーティーエフ","内国投資信託受益証券","4月24日","10月24日","E35933","Ｇｌｏｂａｌ　Ｘ　Ｊａｐａｎ株式会社"
"G15027","20970","グローバルＸ　レジデンシャル・Ｊ－ＲＥＩＴ　ＥＴＦ","グローバルエックスレジデンシャルジェイリートイーティーエフ","内国投資信託受益証券","4月24日","10月24日","E35933","Ｇｌｏｂａｌ　Ｘ　Ｊａｐａｎ株式会社"
"G15028","20960","グローバルＸ　オフィス・Ｊ－ＲＥＩＴ　ＥＴＦ","グローバルエックスオフィスジェイリートイーティーエフ","内国投資信託受益証券","4月24日","10月24日","E35933","Ｇｌｏｂａｌ　Ｘ　Ｊａｐａｎ株式会社"
"G15029","20950","グローバルＸ　Ｓ＆Ｐ５００配当貴族　ＥＴＦ（為替ヘッジあり）","グローバルエックスエスアンドピーゴヒャクハイトウキゾクイーティエフカワセヘッジアリ","内国投資信託受益証券","5月24日","11月24日","E35933","Ｇｌｏｂａｌ　Ｘ　Ｊａｐａｎ株式会社"
"G15030","","米ドル建シティグループ社債／国際分散投資戦略ファンド２０２３－１１","ベイドルダテシティグループシャサイ　コクサイブンサントウシセンリャクファンドニセンニジュウサンノジュウイチ","内国投資信託受益証券","12月19日","","E12444","三井住友トラスト・アセットマネジメント株式会社"
"G15031","","ＶＴＸ　生涯設計プラス６０／４０（資産成長型）","ブイティーエックス　ショウガイセッケイプラスロクジュウ　ヨンジュウ　シサンセイチョウガタ","内国投資信託受益証券","3月15日","9月15日","E38423","バーテックス・インベストメント・ソリューションズ株式会社"
"G15032","","Ｏｎｅグローバル・ターゲット利回り債券ファンド２０２３－１２（限定追加型）","ワングローバルターゲットリマワリサイケンファンドニイゼロニイサンイチニイゲンテイツイカガタ","内国投資信託受益証券","12月22日","","E10677","アセットマネジメントＯｎｅ株式会社"
"G15033","","日本企業社債ファンド２０２３－１２","ニホンキギョウシャサイファンドニセンニジュウサンジュウニ","内国投資信託受益証券","3月26日","","E06748","大和アセットマネジメント株式会社"
"G15035","","つみたてｉシェアーズ　米国株式（Ｓ＆Ｐ５００）インデックス・ファンド","ツミタテアイシェアーズベイコクカブシキエスアンドピーゴヒャクインデックスファンド","内国投資信託受益証券","5月2日","","E09096","ブラックロック・ジャパン株式会社"
"G15036","","ＳＭＴ　ｉＰｌｕｓ　全世界株式","エスエムティー　アイプラス　ゼンセカイカブシキ","内国投資信託受益証券","9月8日","","E12444","三井住友トラスト・アセットマネジメント株式会社"
"G15037","","ＳＭＴ　ｉＰｌｕｓ　米国株式","エスエムティー　アイプラス　ベイコクカブシキ","内国投資信託受益証券","9月8日","","E12444","三井住友トラスト・アセットマネジメント株式会社"
"G15038","","野村アバンティス世界株式ファンド　Ａコース（野村ＳＭＡ・ＥＷ向け）、野村アバンティス世界株式ファンド　Ｂコース（野村ＳＭＡ・ＥＷ向け）","ノムラアバンティスセカイカブシキファンドエーコースノムラエスエムエーイーダブリュームケ　ノムラアバンティスセカイカブシキファンドビーコースノムラエスエムエーイーダブリュームケ","内国投資信託受益証券","12月6日","","E12460","野村アセットマネジメント株式会社"
"G15039","","野村アバンティス米国小型株ファンド　Ａコース（野村ＳＭＡ・ＥＷ向け）、野村アバンティス米国小型株ファンド　Ｂコース（野村ＳＭＡ・ＥＷ向け）","ノムラアバンティスベイコクコガタカブファンドエーコースノムラエスエムエーイーダブリュームケ　ノムラアバンティスベイコクコガタカブファンドビーコースノムラエスエムエーイーダブリュームケ","内国投資信託受益証券","12月6日","","E12460","野村アセットマネジメント株式会社"
"G15040","","野村アバンティス新興国株ファンド　Ａコース（野村ＳＭＡ・ＥＷ向け）、野村アバンティス新興国株ファンド　Ｂコース（野村ＳＭＡ・ＥＷ向け）","ノムラアバンティスシンコウコクカブファンドエーコースノムラエスエムエーイーダブリュームケ　ノムラアバンティスシンコウコクカブファンドビーコースノムラエスエムエーイーダブリュームケ","内国投資信託受益証券","12月6日","","E12460","野村アセットマネジメント株式会社"
"G15041","","ＤＣ世界経済インデックスファンド（株式特化型）","ディーシーセカイケイザイインデックスファンド　カブシキトッカガタ","内国投資信託受益証券","6月10日","","E12444","三井住友トラスト・アセットマネジメント株式会社"
"G15042","","ＳＢＩ日本国債（分配）ファンド（年４回決算型）","エスビーアイ　ニホンコクサイ　ブンパイ　ファンド　ネンヨンカイケッサンガタ","内国投資信託受益証券","4月10日","10月10日","E13447","ＳＢＩアセットマネジメント株式会社"
"G15044","22570","ｉシェアーズ　米ドル建て投資適格社債　ＥＴＦ","アイシェアーズ　ベイドルダテトウシテキカクシャサイ　イーティーエフ","内国投資信託受益証券","1月11日","7月11日","E09096","ブラックロック・ジャパン株式会社"
"G15045","22580","ｉシェアーズ　米ドル建てハイイールド社債　ＥＴＦ","アイシェアーズ　ベイドルダテハイイールドシャサイ　イーティーエフ","内国投資信託受益証券","1月11日","7月11日","E09096","ブラックロック・ジャパン株式会社"
"G15046","22560","ｉシェアーズ　米国総合債券　ＥＴＦ","アイシェアーズ　ベイコクソウゴウサイケン　イーティーエフ","内国投資信託受益証券","1月11日","7月11日","E09096","ブラックロック・ジャパン株式会社"
"G15047","22550","ｉシェアーズ　米国債２０年超　ＥＴＦ","アイシェアーズ　ベイコクサイニジュウネンチョウ　イーティーエフ","内国投資信託受益証券","1月11日","7月11日","E09096","ブラックロック・ジャパン株式会社"
"G15048","22590","ｉシェアーズ　フランス国債７－１０年　ＥＴＦ（為替ヘッジあり）","アイシェアーズ　フランスコクサイナナジュウネン　イーティーエフ　カワセヘッジアリ","内国投資信託受益証券","1月11日","7月11日","E09096","ブラックロック・ジャパン株式会社"
"G15049","","三井物産のデジタル証券～横浜～（譲渡制限付）","ミツイブッサンノデジタルショウケンヨコハマジョウトセイゲンツキ","内国信託受益証券・信託受益権","4月30日","10月31日","E03626","三菱ＵＦＪ信託銀行株式会社"
"G15050","","Ｏｎｅ　Ｊ－ＲＥＩＴインデックスファンド（隔月決算型）","ワンジェイリートインデックスファンドカクゲツケッサンガタ","内国投資信託受益証券","4月15日","10月15日","E10677","アセットマネジメントＯｎｅ株式会社"
"G15051","","ＵＳプレミアム・インカムファンド（年１回決算型）","ユーエスプレミアムインカムファンド　ネンイッカイケッサンガタ","内国投資信託受益証券","11月25日","","E11764","Ｔ＆Ｄアセットマネジメント株式会社"
"G15053","","ＵＳプレミアム・インカムファンド（年４回決算型）","ユーエスプレミアムインカムファンド　ネンヨンカイケッサンガタ","内国投資信託受益証券","5月25日","11月25日","E11764","Ｔ＆Ｄアセットマネジメント株式会社"
"G15054","","ケネディクス・リアルティ・トークン　ドーミーイン神戸元町（デジタル名義書換方式）","ケネディクス　リアルティ　トークン　ドーミーインコウベモトマチ　デジタルメイギカキカエホウシキ","内国信託受益証券・信託受益権","2月末日","8月末日","E30037","株式会社ＳＭＢＣ信託銀行"
"G15055","","ティー・ロウ・プライス　ニュー・ホライズン・ファンド　Ａコース（為替ヘッジあり）／Ｂコース（為替ヘッジなし）","ティーロウプライス　ニューホライズンファンド　エイコース　カワセヘッジアリ　ビーコース　カワセヘッジナシ","内国投資信託受益証券","4月25日","","E33958","ティー・ロウ・プライス・ジャパン株式会社"
"G15056","","インサイト・ハイ・イールド社債ファンド２０２３－１２（限定追加型）","インサイトハイイールドシャサイファンドニイゼロニイサンイチニイゲンテイツイカガタ","内国投資信託受益証券","12月22日","","E08957","三井住友ＤＳアセットマネジメント株式会社"
"G15057","","オーストラリア公社債ファンド（奇数月決算型）","オーストラリアコウシャサイファンド　キスウヅキケッサンガタ","内国投資信託受益証券","3月20日","9月20日","E12444","三井住友トラスト・アセットマネジメント株式会社"
"G15058","","ｉＦｒｅｅＮＥＸＴ　日経連続増配株指数（資産成長型／年４回決算型）","アイフリーネクストニッケイレンゾクゾウハイカブシスウシサンセイチョウガタネンヨンカイケッサンガタ","内国投資信託受益証券","4月21日","10月21日","E06748","大和アセットマネジメント株式会社"
"G15059","","Ｏｎｅ／フィデリティ・ブルーチップ・グロース株式ファンド（成長型）、Ｏｎｅ／フィデリティ・ブルーチップ・グロース株式ファンド（隔月決算・予想分配金提示型）","ワンフィデリティブルーチップグロースカブシキファンドセイチョウガタ　ワンフィデリティブルーチップグロースカブシキファンドカクゲツケッサンヨソウブンパイキンテイジガタ","内国投資信託受益証券","5月20日","11月20日","E10677","アセットマネジメントＯｎｅ株式会社"
"G15060","20110","ＳＭＤＡＭ　Ａｃｔｉｖｅ　ＥＴＦ　日本高配当株式","エスエムディーエーエムアクティブイーティーエフニホンコウハイトウカブシキ","内国投資信託受益証券","5月20日","11月20日","E08957","三井住友ＤＳアセットマネジメント株式会社"
"G15061","","ＶＴＸ　生涯設計プラス３０／７０（年３％目標払出型）","ブイティーエックス　ショウガイセッケイプラスサンジュウ　ナナジュウ　ネンサンパーセントモクヒョウハライダシガタ","内国投資信託受益証券","3月15日","9月15日","E38423","バーテックス・インベストメント・ソリューションズ株式会社"
"G15062","","米国製造業株式ファンド（年４回決算型）","ベイコクセイゾウギョウカブシキファンドネンヨンカイケッサンガタ","内国投資信託受益証券","5月17日","11月17日","E13343","ＢＮＹメロン・インベストメント・マネジメント・ジャパン株式会社"
"G15063","","米国株式プレミアムキャリー戦略ファンド","ベイコクカブシキプレミアムキャリーセンリャクファンド","内国投資信託受益証券","12月21日","","E12434","ＳＯＭＰＯアセットマネジメント株式会社"
"G15064","","マイターゲット２０７０（確定拠出年金向け）","マイターゲットニセンナナジュウカクテイキョシュツネンキンムケ","内国投資信託受益証券","6月28日","","E12460","野村アセットマネジメント株式会社"
"G15065","","いちご・レジデンス・トークンー芝公園・東新宿・都立大学・門前仲町・高井戸・新小岩－（デジタル名義書換方式）","イチゴレジデンストークンシバコウエンヒガシシンジュクトリツダイガクモンゼンナカチョウタカイドシンコイワデジタルメイギカキカエホウシキ","内国信託受益証券・信託受益権","1月31日","7月31日","E03626","三菱ＵＦＪ信託銀行株式会社"
"G15066","","ＲＯＢＯＰＲＯファンド","ロボプロファンド","内国投資信託受益証券","6月19日","12月19日","E12441","ＳＢＩ岡三アセットマネジメント株式会社"
"G15067","","モルガン・スタンレー　グローバル・プレミアム株式オープン＜隔月決算型＞（為替ヘッジあり）予想分配金提示型／＜隔月決算型＞（為替ヘッジなし）予想分配金提示型","モルガンスタンレーグローバルプレミアムカブシキオープンカクゲツケッサンガタカワセヘッジアリヨソウブンパイキンテイジガタカクゲツケッサンガタカワセヘッジナシヨソウブンパイキンテイジガタ","内国投資信託受益証券","3月23日","9月23日","E11518","三菱ＵＦＪアセットマネジメント株式会社"
"G15068","","三菱ＵＦＪ／マッコーリー　グローバル・インフラ債券ファンド＜為替ヘッジなし＞（隔月決算型）","ミツビシユーエフジェイマッコーリーグローバルインフラサイケンファンドカワセヘッジナシカクゲツケッサンガタ","内国投資信託受益証券","5月10日","11月10日","E11518","三菱ＵＦＪアセットマネジメント株式会社"
"G15069","","ＮＷＱフレキシブル・インカムファンド　為替ヘッジあり（奇数月決算型）　ＮＷＱフレキシブル・インカムファンド　為替ヘッジなし（奇数月決算型）","エヌダブリューキューフレキシブル　インカムファンド　カワセヘッジアリ　キスウヅキケッサンガタ　エヌダブリューキューフレキシブル　インカムファンド　カワセヘッジナシ　キスウヅキケッサンガタ","内国投資信託受益証券","5月25日","11月25日","E12444","三井住友トラスト・アセットマネジメント株式会社"
"G15070","","ＳＢＩ日本高配当株式（分配）ファンド（年４回決算型）","エスビーアイ　ニホンコウハイトウカブシキ　ブンパイ　ファンド　ネンヨンカイケッサンガタ","内国投資信託受益証券","4月10日","10月10日","E13447","ＳＢＩアセットマネジメント株式会社"
"G15071","","楽天・日本株式バリュー・ファンド＜ラップ向け＞","ラクテン　ニホンカブシキバリュー　ファンド　ラップムケ","内国投資信託受益証券","10月25日","","E15787","楽天投信投資顧問株式会社"
"G15072","","農林中金＜パートナーズ＞先進国債券ファンド（部分為替ヘッジあり）　農林中金＜パートナーズ＞先進国債券ファンド（為替ヘッジなし）","ノウリンチュウキン　パートナーズ　センシンコクサイケンファンド　ブブンカワセヘッジアリ　ノウリンチュウキン　パートナーズ　センシンコクサイケンファンド　カワセヘッジナシ","内国投資信託受益証券","12月20日","","E12882","農林中金全共連アセットマネジメント株式会社"
"G15073","","シン・インド割安成長株ファンド","シンインドワリヤスセイチョウカブファンド","内国投資信託受益証券","6月22日","12月22日","E12441","ＳＢＩ岡三アセットマネジメント株式会社"
"G15074","","ＳＭＴＡＭインド株式インデックス・オープン","エスエムティーエーエムインドカブシキインデックス　オープン","内国投資信託受益証券","12月10日","","E12444","三井住友トラスト・アセットマネジメント株式会社"
"G15075","","いちよしファンドラップ専用投資信託　Ｎ　内外株式","イチヨシファンドラップセンヨウトウシシンタク　エヌ　ナイガイカブシキ","内国投資信託受益証券","11月16日","","E30994","いちよしアセットマネジメント株式会社"
"G15076","","いちよしファンドラップ専用投資信託　Ｎ　内外債券","イチヨシファンドラップセンヨウトウシシンタク　エヌ　ナイガイサイケン","内国投資信託受益証券","11月16日","","E30994","いちよしアセットマネジメント株式会社"
"G15077","","いちよしファンドラップ専用投資信託　Ｎ　オルタナティブ","イチヨシファンドラップセンヨウトウシシンタク　エヌ　オルタナティブ","内国投資信託受益証券","11月16日","","E30994","いちよしアセットマネジメント株式会社"
"G15078","","スタイル９（４資産分散・保守型／バランス型／積極型）（６資産分散・保守型／バランス型／積極型）（８資産分散・保守型／バランス型／積極型）","スタイルナインヨンシサンブンサンホシュガタバランスガタセッキョクガタロクシサンブンサンホシュガタバランスガタセッキョクガタハチシサンブンサンホシュガタバランスガタセッキョクガタ","内国投資信託受益証券","11月30日","","E06748","大和アセットマネジメント株式会社"
"G15079","","ジャパン半導体株式ファンド","ジャパンハンドウタイカブシキファンド","内国投資信託受益証券","12月20日","","E12430","アモーヴァ・アセットマネジメント株式会社"
"G15080","","ニッセイ・Ｓ米国連続増配株式インデックスファンド＜購入・換金手数料なし＞","ニッセイエスベイコクレンゾクゾウハイカブシキインデックスファンドコウニュウカンキンテスウリョウナシ","内国投資信託受益証券","9月20日","","E12453","ニッセイアセットマネジメント株式会社"
"G15081","","ＨＳＢＣ世界資産選抜種まきコース（安定運用型）","エイチエスビーシーセカイシサンセンバツタネマキコースアンテイウンヨウガタ","内国投資信託受益証券","1月15日","7月15日","E12492","ＨＳＢＣアセットマネジメント株式会社"
"G15082","","ベストポート５（保守型／やや保守型／バランス型／やや積極型／積極型）","ベストポートファイブホシュガタヤヤホシュガタバランスガタヤヤセッキョクガタセッキョクガタ","内国投資信託受益証券","6月15日","12月15日","E06748","大和アセットマネジメント株式会社"
"G15083","","インデックスファンドＪリート（東証ＲＥＩＴ指数）偶数月分配型","インデックスファンドジェイリート　トウショウリートシスウ　グウスウヅキブンパイガタ","内国投資信託受益証券","6月15日","12月15日","E12430","アモーヴァ・アセットマネジメント株式会社"
"G15084","","楽天・プラス・日経２２５インデックス・ファンド","ラクテン　プラス　ニッケイニイニイゴインデックス　ファンド","内国投資信託受益証券","1月20日","","E15787","楽天投信投資顧問株式会社"
"G15085","","楽天・プラス・先進国株式（除く日本）インデックス・ファンド","ラクテン　プラス　センシンコクカブシキ　ノゾクニホン　インデックス　ファンド","内国投資信託受益証券","7月15日","","E15787","楽天投信投資顧問株式会社"
"G15086","","三井物産のデジタル証券～日本橋～（譲渡制限付）","ミツイブッサンノデジタルショウケンニホンバシジョウトセイゲンツキ","内国信託受益証券・信託受益権","1月31日","7月31日","E03626","三菱ＵＦＪ信託銀行株式会社"
"G15087","","ハリス日本株ファンド（資産成長型）","ハリスニホンカブファンドシサンセイチョウガタ","内国投資信託受益証券","1月9日","","E12447","朝日ライフ　アセットマネジメント株式会社"
"G15088","","ハリス日本株ファンド（年４回決算型）","ハリスニホンカブファンドネンヨンカイケッサンガタ","内国投資信託受益証券","1月9日","7月9日","E12447","朝日ライフ　アセットマネジメント株式会社"
"G15089","","ＤＣターゲット・イヤーファンド（ライフステージ対応型）","ディーシーターゲット　イヤーファンド　ライフステージタイオウガタ","内国投資信託受益証券","6月10日","","E12444","三井住友トラスト・アセットマネジメント株式会社"
"G15090","","フィデリティ・日本割安成長株投信","フィデリティニホンワリヤスセイチョウカブトウシン","内国投資信託受益証券","2月20日","","E12481","フィデリティ投信株式会社"
"G15091","","たわらノーロード　Ｓ＆Ｐ５００配当貴族","タワラノーロードエスアンドピーゴヒャクハイトウキゾク","内国投資信託受益証券","10月12日","","E10677","アセットマネジメントＯｎｅ株式会社"
"G15092","","たわらノーロード　ＮＡＳＤＡＱ１００","タワラノーロード　ナスダックヒャク","内国投資信託受益証券","10月12日","","E10677","アセットマネジメントＯｎｅ株式会社"
"G15093","","野村ホールディングス社債／システマティック・グローバル・マクロ戦略ファンド２４０１","ノムラホールディングスシャサイ　システマティックグローバルマクロセンリャクファンド　ニヨンゼロイチ","内国投資信託受益証券","1月29日","","E11764","Ｔ＆Ｄアセットマネジメント株式会社"
"G15094","20130","ｉシェアーズ　米国高配当株　ＥＴＦ","アイシェアーズ　ベイコクコウハイトウカブ　イーティーエフ","内国投資信託受益証券","2月9日","8月9日","E09096","ブラックロック・ジャパン株式会社"
"G15095","","あおぞら・新グローバル分散ファンド（限定追加型）２０２４－０１","アオゾラシングローバルブンサンファンドゲンテイツイカガタニイゼロニイヨンノゼロイチ","内国投資信託受益証券","11月10日","","E30689","あおぞら投信株式会社"
"G15096","","あおぞら・新グローバル・プレミアム・ファンド（当初漸増期間付、限定追加型）２０２４－０１","アオゾラシングローバルプレミアムファンドトウショゼンゾウキカンツキゲンテイツイカガタニイゼロニイヨンノゼロイチ","内国投資信託受益証券","10月20日","","E30689","あおぞら投信株式会社"
"G15097","","あおぞら・新グローバル・プレミアム・ファンド","アオゾラシングローバルプレミアムファンド","内国投資信託受益証券","4月20日","","E30689","あおぞら投信株式会社"
"G15098","","三井住友ＤＳインカムバランスＮＩＳＡファンド（成長投資型）","ミツイスミトモディーエスインカムバランスニーサファンドセイチョウトウシガタ","内国投資信託受益証券","5月15日","11月15日","E08957","三井住友ＤＳアセットマネジメント株式会社"
"G15099","","三井住友ＤＳインカムバランスＮＩＳＡファンド（予想分配金提示型）","ミツイスミトモディーエスインカムバランスニーサファンドヨソウブンパイキンテイジガタ","内国投資信託受益証券","5月15日","11月15日","E08957","三井住友ＤＳアセットマネジメント株式会社"
"G15100","","ＨＳＢＣグローバル・ターゲット利回り債券ファンド２０２４－０１（限定追加型）","エイチエスビーシーグローバルターゲットリマワリサイケンファンドニゼロニヨンゼロイチゲンテイツイカガタ","内国投資信託受益証券","5月10日","","E12492","ＨＳＢＣアセットマネジメント株式会社"
"G15101","20140","ｉシェアーズ　米国連続増配株　ＥＴＦ","アイシェアーズ　ベイコクレンゾクゾウハイカブ　イーティーエフ","内国投資信託受益証券","2月9日","8月9日","E09096","ブラックロック・ジャパン株式会社"
"G15102","20120","ｉシェアーズ　米国債０－３ヶ月　ＥＴＦ","アイシェアーズ　ベイコクサイゼロサンカゲツ　イーティーエフ","内国投資信託受益証券","1月11日","7月11日","E09096","ブラックロック・ジャパン株式会社"
"G15103","","ＳＢＩ・Ｖ・米国高配当株式インデックス・ファンド（年４回決算型）","エスビーアイ　ヴィ　ベイコクコウハイトウカブシキインデックス　ファンド　ネンヨンカイケッサンガタ","内国投資信託受益証券","5月20日","11月20日","E13447","ＳＢＩアセットマネジメント株式会社"
"G15104","","ＳＢＩ・ＳＰＤＲ・Ｓ＆Ｐ５００高配当株式インデックス・ファンド（年４回決算型）","エスビーアイ　エスピーディーアール　　エスアンドピーゴヒャクコウハイトウカブシキインデックス　ファンド　ネンヨンカイケッサンガタ","内国投資信託受益証券","5月20日","11月20日","E13447","ＳＢＩアセットマネジメント株式会社"
"G15105","","ＵＳベーシックバランス","ユーエスベーシックバランス","内国投資信託受益証券","9月25日","","E31533","スカイオーシャン・アセットマネジメント株式会社"
"G15106","","半導体関連　日本株式戦略ファンド","ハンドウタイカンレン　ニホンカブシキセンリャクファンド","内国投資信託受益証券","1月25日","","E12444","三井住友トラスト・アセットマネジメント株式会社"
"G15107","","ＧＳグローバル社債ターゲット２０２４－０３（限定追加型）","ジーエス　グローバル　シャサイ　ターゲット　ニセンニジュウヨン　ゼロサン　ゲンテイツイカガタ","内国投資信託受益証券","3月10日","","E12457","ゴールドマン・サックス・アセット・マネジメント株式会社"
"G15108","","ＧＳグローバル社債ターゲット追加型２０２４－０３","ジーエス　グローバル　シャサイ　ターゲット　ツイカガタ　ニセンニジュウヨン　ゼロサン","内国投資信託受益証券","3月10日","","E12457","ゴールドマン・サックス・アセット・マネジメント株式会社"
"G15110","","岐阜・愛知地域応援ファンド","ギフアイチチイキオウエンファンド","内国投資信託受益証券","12月12日","","E12448","明治安田アセットマネジメント株式会社"
"G15111","","ステート・ストリートＴＯＰＩＸインデックス・オープン","ステートストリートトピックスインデックスオープン","内国投資信託受益証券","11月15日","","E12963","ステート・ストリート・グローバル・アドバイザーズ株式会社"
"G15112","","ステート・ストリート・グローバル株式インデックス・オープン","ステートストリートグローバルカブシキインデックスオープン","内国投資信託受益証券","11月末日","","E12963","ステート・ストリート・グローバル・アドバイザーズ株式会社"
"G15113","","ステート・ストリート全世界株式インデックス・オープン","ステートストリートゼンセカイカブシキインデックスオープン","内国投資信託受益証券","11月末日","","E12963","ステート・ストリート・グローバル・アドバイザーズ株式会社"
"G15114","","ステート・ストリートＳ＆Ｐ５００インデックス・オープン","ステートストリートエスアンドピーゴヒャクインデックスオープン","内国投資信託受益証券","11月15日","","E12963","ステート・ストリート・グローバル・アドバイザーズ株式会社"
"G15115","","ステート・ストリート国内債券インデックス・オープン（隔月分配型）","ステートストリートコクナイサイケンインデックスオープンカクゲツブンパイガタ","内国投資信託受益証券","3月5日","9月5日","E12963","ステート・ストリート・グローバル・アドバイザーズ株式会社"
"G15116","","ステート・ストリート・グローバル債券インデックス・オープン（隔月分配型）","ステートストリートグローバルサイケンインデックスオープンカクゲツブンパイガタ","内国投資信託受益証券","2月20日","8月20日","E12963","ステート・ストリート・グローバル・アドバイザーズ株式会社"
"G15117","","ステート・ストリート米国投資適格社債インデックス・オープン（隔月分配型）","ステートストリートベイコクトウシテキカクシャサイインデックスオープンカクゲツブンパイガタ","内国投資信託受益証券","3月5日","9月5日","E12963","ステート・ストリート・グローバル・アドバイザーズ株式会社"
"G15118","","楽天・資産アロケーション・ファンド（標準型）／楽天・資産アロケーション・ファンド（成長型）／楽天・資産アロケーション・ファンド（積極成長型）","ラクテン　シサンアロケーション　ファンド　ヒョウジュンガタ　　ラクテン　シサンアロケーション　ファンド　セイチョウガタ　　ラクテン　シサンアロケーション　ファンド　セッキョクセイチョウガタ","内国投資信託受益証券","1月25日","","E15787","楽天投信投資顧問株式会社"
"G15119","","パインブリッジ割安優良債券ファンド（奇数月決算型）（資産成長型）","パインブリッジワリヤスユウリョウサイケンファンドキスウヅキケッサンガタシサンセイチョウガタ","内国投資信託受益証券","1月15日","7月15日","E12437","パインブリッジ・インベストメンツ株式会社"
"G15120","","ルーミス米国投資適格債券ファンド［年２回決算型］","ルーミスベイコクトウシテキカクサイケンファンドネンニカイケッサンガタ","内国投資信託受益証券","4月20日","10月20日","E10677","アセットマネジメントＯｎｅ株式会社"
"G15121","20150","ｉＦｒｅｅＥＴＦ　米国国債７－１０年（為替ヘッジなし）","アイフリーイーティーエフベイコクコクサイナナジュウネンカワセヘッジナシ","内国投資信託受益証券","5月25日","11月25日","E06748","大和アセットマネジメント株式会社"
"G15122","20160","ｉＦｒｅｅＥＴＦ　米国国債７－１０年（為替ヘッジあり）","アイフリーイーティーエフベイコクコクサイナナジュウネンカワセヘッジアリ","内国投資信託受益証券","5月25日","11月25日","E06748","大和アセットマネジメント株式会社"
"G15123","20170","ｉＦｒｅｅＥＴＦ　ＪＰＸプライム１５０","アイフリーイーティーエフジェイピーエックスプライムヒャクゴジュウ","内国投資信託受益証券","4月10日","10月10日","E06748","大和アセットマネジメント株式会社"
"G15124","","ＤＲＥＡＭ・リアルティ・トークン－Ｒｅｓｉｄｅｎｃｅ１－（デジタル名義書換方式）","ドリームリアルティトークンレジデンスワンデジタルメイギカキカエホウシキ","内国信託受益証券・信託受益権","1月31日","7月31日","E03626","三菱ＵＦＪ信託銀行株式会社"
"G15125","20180","グローバルＸ　ＵＳ　ＲＥＩＴ・トップ２０　ＥＴＦ","グローバルエックスユーエスリートトップニジュウイーティーエフ","内国投資信託受益証券","6月24日","12月24日","E35933","Ｇｌｏｂａｌ　Ｘ　Ｊａｐａｎ株式会社"
"G15127","133A0","グローバルＸ　超短期米国債　ＥＴＦ","グローバルエックスチョウタンキベイコクサイイーティーエフ","内国投資信託受益証券","1月24日","7月24日","E35933","Ｇｌｏｂａｌ　Ｘ　Ｊａｐａｎ株式会社"
"G15128","","イノベーション・インサイト　世界株式戦略ファンド（予想分配金提示型・奇数月決算型）","イノベーション　インサイト　セカイカブシキセンリャクファンド　ヨソウブンパイキンテイジガタ　キスウヅキケッサンガタ","内国投資信託受益証券","5月7日","11月7日","E12444","三井住友トラスト・アセットマネジメント株式会社"
"G15129","","ブランディワイン米国債券戦略ファンド（為替ヘッジあり）／（為替ヘッジなし）","ブランディワインベイコクサイケンセンリャクファンドカワセヘッジアリカワセヘッジナシ","内国投資信託受益証券","1月28日","7月28日","E12460","野村アセットマネジメント株式会社"
"G15130","","インデックスファンド日経平均高配当株５０（奇数月分配型）","インデックスファンドニッケイヘイキンコウハイトウカブゴジュウ　キスウヅキブンパイガタ","内国投資信託受益証券","5月30日","11月30日","E12430","アモーヴァ・アセットマネジメント株式会社"
"G15131","","Ｔｒａｃｅｒｓ　日経平均高配当株５０インデックス（奇数月分配型）","トレイサーズ　ニッケイヘイキンコウハイトウカブゴジュウインデックス　キスウヅキブンパイガタ","内国投資信託受益証券","5月30日","11月30日","E12430","アモーヴァ・アセットマネジメント株式会社"
"G15132","20190","グローバルＸ　米国優先証券　ＥＴＦ（隔月分配型）","グローバルエックスベイコクユウセンショウケンイーティーエフカクゲツブンパイガタ","内国投資信託受益証券","1月24日","7月24日","E35933","Ｇｌｏｂａｌ　Ｘ　Ｊａｐａｎ株式会社"
"G15133","","楽天・モーニングスター・ワイド・モート・フォーカス・インデックス・ファンド","ラクテン　モーニングスター　ワイド　モート　フォーカス　インデックス　ファンド","内国投資信託受益証券","10月15日","","E15787","楽天投信投資顧問株式会社"
"G15134","","楽天・プラス・ＮＡＳＤＡＱ－１００インデックス・ファンド","ラクテン　プラス　ナスダック　ヒャクインデックス　ファンド","内国投資信託受益証券","10月15日","","E15787","楽天投信投資顧問株式会社"
"G15135","","楽天・プラス・ＳＯＸインデックス・ファンド","ラクテン　プラス　ソックスインデックス　ファンド","内国投資信託受益証券","10月15日","","E15787","楽天投信投資顧問株式会社"
"G15136","","Ｏｎｅ円建て債券ファンドⅢ　２０２４－０３","ワンエンダテサイケンファンドスリーニイゼロニイヨンゼロサン","内国投資信託受益証券","7月14日","","E10677","アセットマネジメントＯｎｅ株式会社"
"G15137","","ＳＢＩ・Ｖ・米国増配株式インデックス・ファンド（年４回決算型）","エスビーアイ　ブイ　ベイコクゾウハイカブシキ　インデックスファンド　ネンヨンカイケッサンガタ","内国投資信託受益証券","5月20日","11月20日","E13447","ＳＢＩアセットマネジメント株式会社"
"G15141","","不動産のデジタル証券～那須・アウトレットモール～（譲渡制限付）","フドウサンノデジタルショウケンナスアウトレットモールジョウトセイゲンツキ","内国信託受益証券・信託受益権","1月31日","7月31日","E03627","三井住友信託銀行株式会社"
"G15142","","ｉＦｒｅｅ　ＪＰＸプライム１５０","アイフリージェイピーエックスプライムヒャクゴジュウ","内国投資信託受益証券","1月30日","","E06748","大和アセットマネジメント株式会社"
"G15144","","ノムラ・ファンド・セレクト－ブラックストーン・プライベート・エクイティ・ストラテジーズ・ファンド","ノムラファンドセレクトブラックストーンプライベートエクイティストラテジーズファンド","外国投資信託受益証券","12月末日","","E26746","グローバル・ファンズ・トラスト・カンパニー"
"G15145","","ＳＢＩ・ｉシェアーズ・米国投資適格社債（１－５年）インデックス・ファンド（年４回決算型）","エスビーアイ　アイシェアーズ　ベイコクトウシテキカクシャサイ　イチカラゴネン　インデックスファンド　ネンヨンカイケッサンガタ","内国投資信託受益証券","6月20日","12月20日","E13447","ＳＢＩアセットマネジメント株式会社"
"G15146","","ＳＢＩ・ｉシェアーズ・米国総合債券インデックス・ファンド（年４回決算型）","エスビーアイ　アイシェアーズ　ベイコクソウゴウサイケン　インデックスファンド　ネンヨンカイケッサンガタ","内国投資信託受益証券","6月20日","12月20日","E13447","ＳＢＩアセットマネジメント株式会社"
"G15147","","ＳＢＩ・ｉシェアーズ・米国ハイイールド債券インデックス・ファンド（年４回決算型）","エスビーアイ　アイシェアーズ　ベイコクハイイールドサイケン　インデックスファンド　ネンヨンカイケッサンガタ","内国投資信託受益証券","6月20日","12月20日","E13447","ＳＢＩアセットマネジメント株式会社"
"G15148","","航空宇宙戦略グローバルファンド","コウクウウチュウセンリャクグローバルファンド","内国投資信託受益証券","2月25日","8月25日","E26704","カレラアセットマネジメント株式会社"
"G15149","","東京海上・先進国好利回りＣＢファンド２０２４ー０３","トウキョウカイジョウセンシンコクコウリマワリシービーファンド","内国投資信託受益証券","1月7日","","E06433","東京海上アセットマネジメント株式会社"
"G15152","","ＳＢＩ欧州高配当株式（分配）ファンド（年４回決算型）","エスビーアイ　オウシュウコウハイトウカブシキ　ブンパイ　ファンド　ネンヨンカイケッサンガタ","内国投資信託受益証券","6月20日","12月20日","E13447","ＳＢＩアセットマネジメント株式会社"
"G15153","","アライアンス・バーンスタイン・米国成長株投信Ａコース（野村ＳＭＡ・ＥＷ向け）／Ｂコース（野村ＳＭＡ・ＥＷ向け）","アライアンスバーンスタインベイコクセイチョウカブトウシンエーコースノムラエスエムエーイーダブリュームケ　ビーコースノムラエスエムエーイーダブリュームケ","内国投資信託受益証券","12月6日","","E12480","アライアンス・バーンスタイン株式会社"
"G15154","","りそな先進国株式インデックス","リソナセンシンコクカブシキインデックス","内国投資信託受益証券","2月20日","","E32011","りそなアセットマネジメント株式会社"
"G15155","","りそなＴＯＰＩＸインデックス","リソナトピックスインデックス","内国投資信託受益証券","2月20日","","E32011","りそなアセットマネジメント株式会社"
"G15156","","りそな新興国株式インデックス","リソナシンコウコクカブシキインデックス","内国投資信託受益証券","2月20日","","E32011","りそなアセットマネジメント株式会社"
"G15157","","ニッセイ／シュローダー好利回りＣＢファンド２０２４－０３（為替ヘッジあり・限定追加型）","ニッセイシュローダーコウリマワリシービーファンドニゼロニヨンゼロサンカワセヘッジアリゲンテイツイカガタ","内国投資信託受益証券","3月10日","","E12453","ニッセイアセットマネジメント株式会社"
"G15158","","ケネディクス・リアルティ・トークングランドニッコー東京ベイ舞浜－２（デジタル名義書換方式）","ケネディクスリアルティトークングランドニッコートウキョウベイマイハマツーデジタルメイギカキカエホウシキ","内国信託受益証券・信託受益権","4月30日","10月31日","E03626","三菱ＵＦＪ信託銀行株式会社"
"G15159","","明治安田ＮＢグローバル好利回り社債ファンド２０２４－０３（限定追加型）","メイジヤスダニューバーガーバーマングローバルコウリマワリシャサイファンドニセンニジュウヨンノサンゲンテイツイカガタ","内国投資信託受益証券","3月11日","","E12448","明治安田アセットマネジメント株式会社"
"G15160","","野村日本国債部分ラダーファンド（野村ＳＭＡ・ＥＷ向け）","ノムラニホンコクサイブブンラダーファンドノムラエスエムエーイーダブリュームケ","内国投資信託受益証券","12月6日","","E12460","野村アセットマネジメント株式会社"
"G15161","","ケネディクス・リアルティ・トークンＫＤＸ名古屋栄ビル（デジタル名義書換方式）","ケネディクスリアルティトークンケイディーエックスナゴヤサカエビルデジタルメイギカキカエホウシキ","内国信託受益証券・信託受益権","4月30日","10月31日","E03626","三菱ＵＦＪ信託銀行株式会社"
"G15162","","日興ワールド・トラスト－ブルックフィールド不動産インカム・トラスト・ファンド","ニッコウワールドトラストブルックフィールドフドウサンインカムトラストファンド","外国投資信託受益証券","8月末日","","E14853","ＳＭＢＣ日興インベストメント・ファンド・マネジメント・カンパニー・エス・エイ"
"G15163","","ひふみマイクロスコープｐｒｏ","ヒフミマイクロスコーププロ","内国投資信託受益証券","11月16日","","E21671","レオス・キャピタルワークス株式会社"
"G15164","","インド小型厳選株式ファンド","インドコガタゲンセンカブシキファンド","内国投資信託受益証券","12月15日","","E09666","アムンディ・ジャパン株式会社"
"G15165","","日本好配当リバランスオープンⅡ","ニホンコウハイトウリバランスオープンツー","内国投資信託受益証券","3月7日","9月7日","E12441","ＳＢＩ岡三アセットマネジメント株式会社"
"G15166","","米国株式これ１本（Ｓ＆Ｐ５００・ＮＹダウ・ナスダック１００）","ベイコクカブシキコレイッポンエスアンドピーゴヒャクニューヨークダウナスダックヒャク","内国投資信託受益証券","3月3日","","E08957","三井住友ＤＳアセットマネジメント株式会社"
"G15167","","ｅＭＡＸＩＳ　インド株式インデックス","イーマクシスインドカブシキインデックス","内国投資信託受益証券","3月5日","","E11518","三菱ＵＦＪアセットマネジメント株式会社"
"G15168","170A0","ＳＭＴ　ＥＴＦ日本好配当株アクティブ","エスエムティー　イーティーエフニホンコウハイトウカブアクティブ","内国投資信託受益証券","1月11日","7月11日","E12444","三井住友トラスト・アセットマネジメント株式会社"
"G15169","","インベスコ　米国株式ダイナミック・マルチファクター・ファンド","インベスコベイコクカブシキダイナミックマルチファクターファンド","内国投資信託受益証券","3月7日","","E06479","インベスコ・アセット・マネジメント株式会社"
"G15170","","みずほグローバル・セレクト・不動産戦略ファンド（年１回決算型）（為替ヘッジあり／為替ヘッジなし）","ミズホグローバルセレクトフドウサンセンリャクファンドネンイッカイケッサンガタカワセヘッジアリカワセヘッジナシ","内国投資信託受益証券","2月25日","","E10677","アセットマネジメントＯｎｅ株式会社"
"G15171","","みずほグローバル・セレクト・不動産戦略ファンド（年４回決算型）（為替ヘッジあり／為替ヘッジなし）","ミズホグローバルセレクトフドウサンセンリャクファンドネンヨンカイケッサンガタカワセヘッジアリカワセヘッジナシ","内国投資信託受益証券","2月25日","8月25日","E10677","アセットマネジメントＯｎｅ株式会社"
"G15173","140A0","ｉＦｒｅｅＥＴＦ　米国１０年国債先物インバース","アイフリーイーティーエフベイコクジュウネンコクサイサキモノインバース","内国投資信託受益証券","4月10日","10月10日","E06748","大和アセットマネジメント株式会社"
"G15174","","ホテルトークン　悠洛・京都三条（譲渡制限付）","ホテルトークン　ユラキョウトサンジョウジョウトセイゲンツキ","内国信託受益証券・信託受益権","5月末日","11月末日","E03538","株式会社りそな銀行"
"G15175","","野村ハイパーブル・ベア１０","ノムラハイパーブルベアテン","内国投資信託受益証券","2月12日","","E12460","野村アセットマネジメント株式会社"
"G15176","","三井物産のデジタル証券～浅草～（譲渡制限付）","ミツイブッサンノデジタルショウケンアサクサジョウトセイゲンツキ","内国信託受益証券・信託受益権","3月31日","9月30日","E03627","三井住友信託銀行株式会社"
"G15177","","インド株インデックス","インドカブインデックス","内国投資信託受益証券","3月12日","","E06748","大和アセットマネジメント株式会社"
"G15179","159A0","ＮＥＸＴ　ＦＵＮＤＳ　ＪＰＸプライム１５０指数連動型上場投信","ネクストファンズジェイピーエックスプライムヒャクゴジュウシスウレンドウガタジョウジョウトウシン","内国投資信託受益証券","4月7日","10月7日","E12460","野村アセットマネジメント株式会社"
"G15180","","一歩先いく　ＵＳ　テック・トップ２０インデックス","イッポサキイクユーエステックトップニジュウインデックス","内国投資信託受益証券","3月10日","","E06748","大和アセットマネジメント株式会社"
"G15181","","ａｕＡＭ　Ｑｕａｎｔｉｔａｔｉｖｅ－ＣｏｎｔｒｏｌレバレッジＮＡＳＤＡＱ１００","エーユーエーエム　クォンティティヴーコントロールレバレッジナスダックヒャク","内国投資信託受益証券","2月22日","8月22日","E34254","ａｕアセットマネジメント株式会社"
"G15182","","米国大型テクノロジー株式ファンド","ベイコクオオガタテクノロジーカブシキファンド","内国投資信託受益証券","3月26日","","E12444","三井住友トラスト・アセットマネジメント株式会社"
"G15184","","米ドル建てグリーンファイナンスセキュリティトークン（２０２４年第１号）","ベイドルダテグリーンファイナンスセキュリティトークンニセンニジュウヨネンダイイチゴウ","内国信託受益証券・信託受益権","6月3日","","E03627","三井住友信託銀行株式会社"
"G15185","","フィデリティ・新興国中小型成長株投信","フィデリティシンコウコクチュウコガタセイチョウカブトウシン","内国投資信託受益証券","2月20日","","E12481","フィデリティ投信株式会社"
"G15186","","一歩先いく　ＮＡＳＤＡＱ－１００　毎月カバコ戦略（ＱＹＬＤ）","イッポサキイクナスダックヒャクマイツキカバコセンリャクキューワイエルディ","内国投資信託受益証券","3月19日","9月19日","E06748","大和アセットマネジメント株式会社"
"G15187","","あおぞら・新グローバル分散ファンド（限定追加型）２０２４－０４","アオゾラシングローバルブンサンファンドゲンテイツイカガタニイゼロニイヨンノゼロヨン","内国投資信託受益証券","4月20日","","E30689","あおぞら投信株式会社"
"G15188","","楽天・インド株Ｎｉｆｔｙ５０インデックス・ファンド","ラクテン　インドカブニフティゴジュウインデックス　ファンド","内国投資信託受益証券","2月15日","","E15787","楽天投信投資顧問株式会社"
"G15189","","ｉＦｒｅｅＨＯＬＤ　米国国債（Ｔ－Ｚｅｒｏ２０４４）","アイフリーホールドベイコクコクサイティーゼロニゼロヨンヨン","内国投資信託受益証券","1月10日","","E06748","大和アセットマネジメント株式会社"
"G15190","","サイバーセキュリティ株式オープン＜隔月決算型＞（為替ヘッジなし）予想分配金提示型","サイバーセキュリティカブシキオープンカクゲツケッサンガタカワセヘッジナシヨソウブンパイキンテイジガタ","内国投資信託受益証券","1月6日","7月6日","E11518","三菱ＵＦＪアセットマネジメント株式会社"
"G15191","","バークレイズ社債／インカム戦略ファンド２０２４－０４","バークレイズシャサイインカムセンリャクファンドニゼロニヨンゼロヨン","内国投資信託受益証券","4月20日","","E12434","ＳＯＭＰＯアセットマネジメント株式会社"
"G15192","","ノーザン・トラスト・ユニット・トラスト　ノーザン・トラスト・米ドル・リクイディティ・ファンド","ノーザントラストユニットトラストノーザントラストベイドルリクイディティファンド","外国投資信託受益証券","1月末日","","E24426","シーエス（ケイマン）リミテッド"
"G15193","","アルジェブリスＵＣＩＴＳファンズｐｌｃ－アルジェブリス・ファイナンシャル・クレジット・ファンド－クラスＷユーロ投資証券およびクラスＷｄユーロ投資証券","アルジェブリスユーシッツファンズピーエルシーアルジェブリスファイナンシャルクレジットファンドクラスダブリューユーロトウシショウケンオヨビクラスダブリューディーユーロトウシショウケン","外国投資証券","12月末日","","E35752","アルジェブリスＵＣＩＴＳファンズ　ｐｌｃ"
"G15195","","ＵＢＳユニバーサル・トラスト（ケイマン）Ⅲ－東海東京　ヌビーン　チャーチル　プライベート・キャピタル　ファンド","ユービーエスユニバーサルトラストケイマンスリートウカイトウキョウヌビーンチャーチルプライベートキャピタルファンド","外国投資信託受益証券","12月末日","","E15389","ＵＢＳマネジメント（ケイマン）リミテッド"
"G15196","","日本株厳選バリュー投資","ニホンカブゲンセンバリュートウシ","内国投資信託受益証券","4月3日","","E06748","大和アセットマネジメント株式会社"
"G15197","178A0","グローバルＸ　革新的優良企業　ＥＴＦ","グローバルエックスカクシンテキユウリョウキギョウイーティーエフ","内国投資信託受益証券","3月24日","9月24日","E35933","Ｇｌｏｂａｌ　Ｘ　Ｊａｐａｎ株式会社"
"G15198","179A0","グローバルＸ　超長期米国債　ＥＴＦ（為替ヘッジあり）","グローバルエックスチョウチョウキベイコクサイイーティーエフカワセヘッジアリ","内国投資信託受益証券","2月24日","8月24日","E35933","Ｇｌｏｂａｌ　Ｘ　Ｊａｐａｎ株式会社"
"G15199","180A0","グローバルＸ　超長期米国債　ＥＴＦ","グローバルエックスチョウチョウキベイコクサイイーティーエフ","内国投資信託受益証券","2月24日","8月24日","E35933","Ｇｌｏｂａｌ　Ｘ　Ｊａｐａｎ株式会社"
"G15200","","三井物産のデジタル証券～浅草・まちなか旅館～（譲渡制限付）","ミツイブッサンノデジタルショウケンアサクサマチナカリョカンジョウトセイゲンツキ","内国信託受益証券・信託受益権","4月30日","10月31日","E03626","三菱ＵＦＪ信託銀行株式会社"
"G15201","","みずほサステナブルファンドシリーズ　－　ＬＯ・サーキュラー・エコノミー","ミズホサステナブルファンドシリーズ　エルオーサーキュラーエコノミー","内国投資信託受益証券","5月10日","","E10677","アセットマネジメントＯｎｅ株式会社"
"G15202","","ｉＦｒｅｅＷａｌｌｅｔ　米ドル（ＵＳＤ）","アイフリーウォレットベイドルユーエスディー","内国投資信託受益証券","10月11日","","E06748","大和アセットマネジメント株式会社"
"G15203","","ニッセイゴールドファンド（為替ヘッジあり）＜購入・換金手数料なし＞／ニッセイゴールドファンド（為替ヘッジなし）＜購入・換金手数料なし＞","ニッセイゴールドファンドカワセヘッジアリコウニュウカンキンテスウリョウナシ　ニッセイゴールドファンドカワセヘッジナシコウニュウカンキンテスウリョウナシ","内国投資信託受益証券","7月25日","","E12453","ニッセイアセットマネジメント株式会社"
"G15204","","ＤＣニッセイターゲットデートファンド２０７０","ディーシーニッセイターゲットデートファンドニゼロナナゼロ","内国投資信託受益証券","12月20日","","E12453","ニッセイアセットマネジメント株式会社"
"G15205","","ＦＷニッセイ国内期待インフレターゲットファンド","エフダブリューニッセイコクナイキタイインフレターゲットファンド","内国投資信託受益証券","12月10日","","E12453","ニッセイアセットマネジメント株式会社"
"G15206","","ウェルスナビ×Ｒ（リスク許容度１）／ウェルスナビ×Ｒ（リスク許容度２）／ウェルスナビ×Ｒ（リスク許容度３）／ウェルスナビ×Ｒ（リスク許容度４）／ウェルスナビ×Ｒ（リスク許容度５）","ウェルスナビ　アール　リスクキョヨウドイチ　　ウェルスナビ　アール　リスクキョヨウドニ　　ウェルスナビ　アール　リスクキョヨウドサン　　ウェルスナビ　アール　リスクキョヨウドヨン　　ウェルスナビ　アール　リスクキョヨウドゴ","内国投資信託受益証券","5月15日","","E15787","楽天投信投資顧問株式会社"
"G15207","","三井住友ＤＳ　ワールド・ボンド・フォーカス２０２４－０５（限定追加型）","ミツイスミトモディーエスワールドボンドフォーカスニイゼロニイヨンゼロゴゲンテイツイカガタ","内国投資信託受益証券","6月16日","","E08957","三井住友ＤＳアセットマネジメント株式会社"
"G15208","","なかの世界成長ファンド","ナカノセカイセイチョウファンド","内国投資信託受益証券","4月24日","","E39468","なかのアセットマネジメント株式会社"
"G15209","","なかの日本成長ファンド","ナカノニホンセイチョウファンド","内国投資信託受益証券","4月24日","","E39468","なかのアセットマネジメント株式会社"
"G15210","","ＳＢＩ・Ｊ－ＲＥＩＴ（分配）ファンド（年４回決算型）","エスビーアイ　ジェイリート　ブンパイ　ファンド　ネンヨンカイケッサンガタ","内国投資信託受益証券","5月7日","11月7日","E13447","ＳＢＩアセットマネジメント株式会社"
"G15211","","トーセイ・プロパティ・ファンド（シリーズ３）市ヶ谷（デジタル名義書換方式）","トーセイプロパティファンドシリーズスリーイチガヤデジタルメイギカキカエホウシキ","内国信託受益証券・信託受益権","4月30日","10月31日","E03626","三菱ＵＦＪ信託銀行株式会社"
"G15212","","ＧＲＡＮ　ＮＥＸＴ　フィナンシャルズ","グランネクストフィナンシャルズ","内国投資信託受益証券","1月19日","","E11518","三菱ＵＦＪアセットマネジメント株式会社"
"G15213","182A0","ＭＡＸＩＳ米国国債２０年超上場投信（為替ヘッジなし）","マクシスベイコクコクサイニジュウネンチョウジョウジョウトウシンカワセヘッジナシ","内国投資信託受益証券","5月10日","11月10日","E11518","三菱ＵＦＪアセットマネジメント株式会社"
"G15214","183A0","ＭＡＸＩＳ米国国債２０年超上場投信（為替ヘッジあり）","マクシスベイコクコクサイニジュウネンチョウジョウジョウトウシンカワセヘッジアリ","内国投資信託受益証券","5月10日","11月10日","E11518","三菱ＵＦＪアセットマネジメント株式会社"
"G15215","181A0","ＭＡＸＩＳ米国国債１－３年上場投信（為替ヘッジなし）","マクシスベイコクコクサイイチカラサンネンジョウジョウトウシンカワセヘッジナシ","内国投資信託受益証券","5月10日","11月10日","E11518","三菱ＵＦＪアセットマネジメント株式会社"
"G15216","","スマート・コントロール　世界株式戦略ファンド","スマート　コントロール　セカイカブシキセンリャクファンド","内国投資信託受益証券","5月20日","","E12444","三井住友トラスト・アセットマネジメント株式会社"
"G15217","","いちご・レジデンス・トークン－西麻布・代々木・八丁堀・上野・門前仲町・阿佐ヶ谷・金町－（デジタル名義書換方式）","イチゴレジデンストークンニシアザブヨヨギハッチョウボリウエノモンゼンナカチョウアサガヤカナマチデジタルメイギカキカエホウシキ","内国信託受益証券・信託受益権","1月31日","7月31日","E03626","三菱ＵＦＪ信託銀行株式会社"
"G15218","","ＤＣマイセレクションＳ５０（２０２４－２０２６リスク抑制型）","ディーシーマイセレクションエスゴジュウ　ニセンニジュウヨン　ニセンニジュウロクリスクヨクセイガタ","内国投資信託受益証券","9月30日","","E12444","三井住友トラスト・アセットマネジメント株式会社"
"G15219","","ゴールドマン・サックス（ケイマン諸島）ユニット・トラスト－ＧＳ米ドル建てコーポレート・ターゲット・ボンド・サブ・トラスト２０２４－０５","ゴールドマンサックスケイマンショトウユニットトラストジーエスベイドルダテコーポレートターゲットボンドサブトラストニセンニジュウヨンゼロゴ","外国投資信託受益証券","12月末日","","E24426","シーエス（ケイマン）リミテッド"
"G15220","","東洋・インドネシア株式ファンド","トウヨウインドネシアカブシキファンド","内国投資信託受益証券","5月20日","","E12434","ＳＯＭＰＯアセットマネジメント株式会社"
"G15221","","ピクテ・ディバーシファイド・リスクプレミアム戦略ファンド","ピクテディバーシファイドリスクプレミアムセンリャクファンド","内国投資信託受益証券","6月25日","","E10439","ピクテ・ジャパン株式会社"
"G15222","","Ｔｒａｃｅｒｓ　Ｓ＆Ｐ５００トップ１０インデックス（米国株式）","トレイサーズ　エスアンドピーゴヒャクトップテンインデックス　ベイコクカブシキ","内国投資信託受益証券","5月16日","","E12430","アモーヴァ・アセットマネジメント株式会社"
"G15223","","ＭＵＦＧ　ウェルス・インサイト・ファンド・アネックス（為替リスク軽減型）コンサバティブコース／スタンダードコース","エムユーエフジーウェルスインサイトファンドアネックスカワセリスクケイゲンガタコンサバティブコーススタンダードコース","内国投資信託受益証券","5月20日","","E11518","三菱ＵＦＪアセットマネジメント株式会社"
"G15224","","全世界超分散株式ファンド","ゼンセカイチョウブンサンカブシキファンド","内国投資信託受益証券","4月20日","","E12430","アモーヴァ・アセットマネジメント株式会社"
"G15225","","ジャナス・ヘンダーソン・バランス・ファンド（為替ヘッジなし・あり／資産成長型）（為替ヘッジなし・あり／年４回決算型）","ジャナスヘンダーソンバランスファンドカワセヘッジナシアリシサンセイチョウガタカワセヘッジナシアリネンヨンカイケッサンガタ","内国投資信託受益証券","4月25日","10月25日","E06748","大和アセットマネジメント株式会社"
"G15226","","ａｕＡＭレバレッジＮｉｆｔｙ５０インド株ファンド","エーユーエーエムレバレッジニフティゴジュウインドカブファンド","内国投資信託受益証券","5月30日","","E34254","ａｕアセットマネジメント株式会社"
"G15227","188A0","グローバルＸ　インド・トップ１０＋　ＥＴＦ","グローバルエックスインドトップテンプラスイーティーエフ","内国投資信託受益証券","6月10日","12月10日","E35933","Ｇｌｏｂａｌ　Ｘ　Ｊａｐａｎ株式会社"
"G15228","","インベスコ　Ｓ＆Ｐ　５００イコール・ウェイト・ファンド","インベスコエスアンドピーゴヒャクイコールウェイトファンド","内国投資信託受益証券","6月10日","","E06479","インベスコ・アセット・マネジメント株式会社"
"G15229","","ＳＢＩ岡三　ＮＡＳＤＡＱ　ＡＩアクティブファンド","エスビーアイオカサンナスダックエーアイアクティブファンド","内国投資信託受益証券","6月12日","12月12日","E12441","ＳＢＩ岡三アセットマネジメント株式会社"
"G15230","","オルトゥ・クールバ・トラストⅡ－グローバル株式セクター厳選ファンド","オルトゥクールバトラストツーグローバルカブシキセクターゲンセンファンド","外国投資信託受益証券","2月末日","","E38530","ＩＱ　ＥＱファンド・マネジメント（アイルランド）リミテッド"
"G15231","201A0","ｉシェアーズ　Ｎｉｆｔｙ　５０　インド株　ＥＴＦ","アイシェアーズ　ニフティゴジュウインドカブ　イーティーエフ","内国投資信託受益証券","2月9日","8月9日","E09096","ブラックロック・ジャパン株式会社"
"G15233","200A0","ＮＥＸＴ　ＦＵＮＤＳ　日経半導体株指数連動型上場投信","ネクストファンズニッケイハンドウタイカブシスウレンドウガタジョウジョウトウシン","内国投資信託受益証券","4月7日","10月7日","E12460","野村アセットマネジメント株式会社"
"G15234","","バークレイズ社債／ダウンサイド・プロテクト型世界株式戦略ファンド（早期償還条項付）２０２４－０６","バークレイズシャサイダウンサイドプロテクトガタセカイカブシキセンリャクファンドソウキショウカンジョウコウツキニゼロニヨンゼロロク","内国投資信託受益証券","8月3日","","E12434","ＳＯＭＰＯアセットマネジメント株式会社"
"G15235","","ＵＢＳ（Ｌｕｘ）ストラテジー・ファンド－バランス（米ドル）","ユービーエスルクスストラテジーファンドバランスベイドル","外国投資信託受益証券","1月末日","","E14900","ＵＢＳアセット・マネジメント（ヨーロッパ）エス・エイ"
"G15236","","いちよし・グローバル好配当戦略ファンド（年６回決算型）","イチヨシグローバルコウハイトウセンリャクファンドネンロッカイケッサンガタ","内国投資信託受益証券","3月10日","9月10日","E06433","東京海上アセットマネジメント株式会社"
"G15237","","Ｏｎｅ円建て債券ファンドⅢ　２０２４－０７","ワンエンダテサイケンファンドスリーニイゼロニイヨンゼロナナ","内国投資信託受益証券","11月28日","","E10677","アセットマネジメントＯｎｅ株式会社"
"G15238","","ＵＢＳグローバル株式ロング・ショート・ファンド","ユービーエスグローバルカブシキロング　ショート　ファンド","内国投資信託受益証券","6月5日","","E12473","ＵＢＳアセット・マネジメント株式会社"
"G15239","","ＢＮＹ米国エクセレント・バリュー・ファンド","ビーエヌワイベイコクエクセレントバリューファンド","内国投資信託受益証券","4月20日","","E13343","ＢＮＹメロン・インベストメント・マネジメント・ジャパン株式会社"
"G15240","","ＳＭＴ　グローバルサウス株式インデックス・オープン","エスエムティー　グローバルサウスカブシキインデックス　オープン","内国投資信託受益証券","5月10日","11月10日","E12444","三井住友トラスト・アセットマネジメント株式会社"
"G15241","","アライアンス・バーンスタイン－アメリカン・インカム・ポートフォリオ","アライアンスバーンスタインアメリカンインカムポートフォリオ","外国投資信託受益証券","8月末日","","E14866","アライアンス・バーンスタイン・ルクセンブルグ・エス・エイ・アール・エル"
"G15242","","住友生命第４回劣後ローン流動化株式会社","スミトモセイメイダイヨンカイレツゴローンリュウドウカカブシキガイシャ","内国資産流動化証券","12月末日","","E39749","住友生命第４回劣後ローン流動化株式会社"
"G15243","","２０５０年満期米国国債ファンド（年４回分配型）","ニセンゴジュウネンマンキベイコクコクサイファンド　ネンヨンカイブンパイガタ","内国投資信託受益証券","6月18日","12月18日","E12430","アモーヴァ・アセットマネジメント株式会社"
"G15244","","ケネディクス・リアルティ・トークン　Ｋｏｌｅｔ－１（譲渡制限付）","ケネディクスリアルティトークンコレットワンジョウトセイゲンツキ","内国信託受益証券・信託受益権","1月末日","7月末日","E30037","株式会社ＳＭＢＣ信託銀行"
"G15245","210A0","ｉＦｒｅｅＥＴＦ　日経高利回りＲＥＩＴ指数","アイフリーイーティーエフニッケイコウリマワリリートシスウ","内国投資信託受益証券","6月4日","12月4日","E06748","大和アセットマネジメント株式会社"
"G15246","","野村ＤＣ全世界株式（オール・カントリー）インデックスファンド","ノムラディーシーゼンセカイカブシキオールカントリーインデックスファンド","内国投資信託受益証券","6月3日","","E12460","野村アセットマネジメント株式会社"
"G15247","","ドラッカー研究所日本株ファンド（資産成長型）","ドラッカーケンキュウジョニホンカブファンドシサンセイチョウガタ","内国投資信託受益証券","6月19日","12月19日","E06748","大和アセットマネジメント株式会社"
"G15248","","（アムンディ・インデックスシリーズ）オールカントリー・大型成長株","アムンディインデックスシリーズオールカントリーオオガタセイチョウカブ","内国投資信託受益証券","11月20日","","E09666","アムンディ・ジャパン株式会社"
"G15249","","（アムンディ・インデックスシリーズ）オールカントリー・高配当株","アムンディインデックスシリーズオールカントリーコウハイトウカブ","内国投資信託受益証券","5月20日","11月20日","E09666","アムンディ・ジャパン株式会社"
"G15250","","（アムンディ・インデックスシリーズ）インド株","アムンディインデックスシリーズインドカブ","内国投資信託受益証券","5月15日","","E09666","アムンディ・ジャパン株式会社"
"G15251","","三井住友ＤＳ・ジャパン・ハイ・コンビクション・ストラテジー","ミツイスミトモディーエスジャパンハイコンビクションストラテジー","内国投資信託受益証券","3月20日","","E08957","三井住友ＤＳアセットマネジメント株式会社"
"G15252","","アップストリーム","アップストリーム","外国有価証券投資事業権利等","6月末日","","E34585","ハンサード・インターナショナル・リミテッド"
"G15253","","グローバル・アクセス","グローバルアクセス","外国有価証券投資事業権利等","6月末日","","E34585","ハンサード・インターナショナル・リミテッド"
"G15254","","アジア半導体関連フォーカスファンド","アジアハンドウタイカンレンフォーカスファンド","内国投資信託受益証券","1月17日","7月17日","E12441","ＳＢＩ岡三アセットマネジメント株式会社"
"G15255","","あおぞら・新グローバル分散ファンド（限定追加型）２０２４－０７","アオゾラシングローバルブンサンファンドゲンテイツイカガタニイゼロニイヨンノゼロナナ","内国投資信託受益証券","4月20日","","E30689","あおぞら投信株式会社"
"G15256","","あおぞら・新グローバル・プレミアム・ファンド（当初漸増期間付、限定追加型）２０２４－０７","アオゾラシングローバルプレミアムファンドトウショゼンゾウキカンツキゲンテイツイカガタニイゼロニイヨンノゼロナナ","内国投資信託受益証券","4月20日","","E30689","あおぞら投信株式会社"
"G15257","","ＳＢＩ・ｉシェアーズ・全世界債券インデックス・ファンド（年４回決算型）","エスビーアイ　アイシェアーズ　ゼンセカイサイケンインデックス　ファンド　ネンヨンカイケッサンガタ","内国投資信託受益証券","6月12日","12月12日","E13447","ＳＢＩアセットマネジメント株式会社"
"G15258","","日本株好配当ファンド（奇数月決算型）","ニホンカブコウハイトウファンドキスウヅキケッサンガタ","内国投資信託受益証券","1月20日","7月20日","E31678","ちばぎんアセットマネジメント株式会社"
"G15259","","ｉＦｒｅｅＮＥＸＴ　ベトナム株インデックス","アイフリーネクストベトナムカブインデックス","内国投資信託受益証券","5月28日","","E06748","大和アセットマネジメント株式会社"
"G15260","","グローバル・Ｍ＆Ａオポチュニティ・ファンド","グローバルエムアンドエーオポチュニティファンド","外国投資信託受益証券","12月末日","","E39669","ＵＢＳファンド・マネジメント（アイルランド）リミテッド"
"G15261","","ＨＳＢＣグローバル・ターゲット利回り債券ファンド２０２４－０８（限定追加型）","エイチエスビーシーグローバルターゲットリマワリサイケンファンドニゼロニヨンゼロハチゲンテイツイカガタ","内国投資信託受益証券","11月30日","","E12492","ＨＳＢＣアセットマネジメント株式会社"
"G15262","213A0","上場インデックスファンド日経半導体株","ジョウジョウインデックスファンドニッケイハンドウタイカブ","内国投資信託受益証券","1月8日","7月8日","E12430","アモーヴァ・アセットマネジメント株式会社"
"G15263","","ＨＳＢＣグローバル・ターゲット利回り債券ファンド２０２４－０７（限定追加型）","エイチエスビーシーグローバルターゲットリマワリサイケンファンドニゼロニヨンゼロナナゲンテイツイカガタ","内国投資信託受益証券","11月10日","","E12492","ＨＳＢＣアセットマネジメント株式会社"
"G15264","","ＣＬＯインカムファンド（為替ヘッジなし）、ＣＬＯインカムファンド（為替ヘッジあり）","シーエルオーインカムファンドカワセヘッジナシ　シーエルオーインカムファンドカワセヘッジアリ","内国投資信託受益証券","2月10日","8月10日","E08957","三井住友ＤＳアセットマネジメント株式会社"
"G15265","","カナダ株式ファンド","カナダカブシキファンド","内国投資信託受益証券","2月25日","8月25日","E26704","カレラアセットマネジメント株式会社"
"G15266","","ａｕＡＭレバレッジＮＡＳＤＡＱ１００為替ヘッジ無し","エーユーエーエムレバレッジナスダックヒャクカワセヘッジナシ","内国投資信託受益証券","7月27日","","E34254","ａｕアセットマネジメント株式会社"
"G15267","","ＧＳグローバル社債ターゲット追加型２０２４－０９","ジーエス　グローバル　シャサイ　ターゲット　ツイカガタ　ニセンニジュウヨン　ゼロキュー","内国投資信託受益証券","9月10日","","E12457","ゴールドマン・サックス・アセット・マネジメント株式会社"
"G15268","","ＧＳグローバル社債ターゲット２０２４－０９（限定追加型）","ジーエス　グローバル　シャサイ　ターゲット　ニセンニジュウヨン　ゼロキュー　ゲンテイツイカガタ","内国投資信託受益証券","9月10日","","E12457","ゴールドマン・サックス・アセット・マネジメント株式会社"
"G15269","","ｅＭＡＸＩＳ　日経半導体株インデックス","イーマクシスニッケイハンドウタイカブインデックス","内国投資信託受益証券","1月26日","","E11518","三菱ＵＦＪアセットマネジメント株式会社"
"G15270","","ＮＡＳＤＡＱ１００　２倍ベア","ナスダックヒャクニバイベア","内国投資信託受益証券","10月22日","","E06748","大和アセットマネジメント株式会社"
"G15272","","日本生命第９回劣後ローン流動化株式会社","ニホンセイメイダイキュウカイレツゴローンリュウドウカカブシキカイシャ","内国投資信託受益証券","9月末日","","E39840","日本生命第９回劣後ローン流動化株式会社"
"G15273","221A0","ＭＡＸＩＳ日経半導体株上場投信","マクシスニッケイハンドウタイカブジョウジョウトウシン","内国投資信託受益証券","1月26日","7月26日","E11518","三菱ＵＦＪアセットマネジメント株式会社"
"G15274","223A0","グローバルＸ　ＡＩ＆ビッグデータ　ＥＴＦ","グローバルエックスエーアイアンドビッグデータイーティーエフ","内国投資信託受益証券","1月24日","7月24日","E35933","Ｇｌｏｂａｌ　Ｘ　Ｊａｐａｎ株式会社"
"G15275","224A0","グローバルＸ　ウラニウムビジネス　ＥＴＦ","グローバルエックスウラニウムビジネスイーティーエフ","内国投資信託受益証券","1月24日","7月24日","E35933","Ｇｌｏｂａｌ　Ｘ　Ｊａｐａｎ株式会社"
"G15276","","マスターズ・マルチアセット・ファンド（安定型）／（バランス型）／（積極型）","マスターズマルチアセットファンドアンテイガタバランスガタセッキョクガタ","内国投資信託受益証券","6月28日","","E10677","アセットマネジメントＯｎｅ株式会社"
"G15277","","ＳＢＩ－Ｍａｎ　リキッド・トレンド・ファンド","エスビーアイ　マン　リキッド　トレンド　ファンド","内国投資信託受益証券","1月15日","7月15日","E13447","ＳＢＩアセットマネジメント株式会社"
"G15278","","米ドル建ゴールドマン・サックス社債／米国テクノロジー株式指数ファンド（早期償還条項付）２０２４－０８","ベイドルダテゴールドマンサックスシャサイ　ベイコクテクノロジーカブシキシスウファンド　ソウキショウカンジョウコウツキ　ニゼロニヨンゼロハチ","内国投資信託受益証券","9月25日","","E11764","Ｔ＆Ｄアセットマネジメント株式会社"
"G15279","","映画デジタル証券・フィルムメーカーズプロジェクト１－ＨＥＲＯ’Ｓ　ＩＳＬＡＮＤ","エイガデジタルショウケン　フィルムメーカーズプロジェクトワン　ヒーローズアイランド","内国有価証券投資事業権利等","5月末日","","E39844","合同会社ＣＰＦフィルムファンド"
"G15280","","ＴＴＩ・グローバル中小型厳選株式ファンド","ティーティーアイグローバルチュウコガタゲンセンカブシキファンド","内国投資信託受益証券","8月20日","","E08957","三井住友ＤＳアセットマネジメント株式会社"
"G15281","","ティー・ロウ・プライス　世界厳選成長株式ファンド　Ａコース（野村ＳＭＡ・ＥＷ向け）／Ｂコース（野村ＳＭＡ・ＥＷ向け）","ティーロウプライス　セカイゲンセンセイチョウカブシキファンド　エイコース　ノムラエスエムエーイーダブリュームケ　ビーコース　ノムラエスエムエーイーダブリュームケ","内国投資信託受益証券","12月6日","","E33958","ティー・ロウ・プライス・ジャパン株式会社"
"G15282","233A0","ｉＦｒｅｅＥＴＦ　インドＮｉｆｔｙ５０","アイフリーイーティーエフインドニフティゴジュウ","内国投資信託受益証券","3月4日","9月4日","E06748","大和アセットマネジメント株式会社"
"G15283","","一歩先いく　グローバル・イノベーション企業インデックス","イッポサキイクグローバルイノベーションキギョウインデックス","内国投資信託受益証券","8月8日","","E06748","大和アセットマネジメント株式会社"
"G15284","","ブラックロック・フレキシブル・インカム・ファンド／ＢＩＮＣ","ブラックロック　フレキシブル　インカム　ファンド　ビンク","内国投資信託受益証券","4月15日","10月15日","E09096","ブラックロック・ジャパン株式会社"
"G15285","236A0","ｉシェアーズ　日本国債７―１０年　ＥＴＦ","アイシェアーズ　ニホンコクサイナナジュウネン　イーティーエフ","内国投資信託受益証券","1月11日","7月11日","E09096","ブラックロック・ジャパン株式会社"
"G15286","237A0","ｉシェアーズ　米国債２５年超　ロングデュレーション　ＥＴＦ","アイシェアーズ　ベイコクサイニジュウゴネンチョウ　ロングデュレーション　イーティーエフ","内国投資信託受益証券","1月11日","7月11日","E09096","ブラックロック・ジャパン株式会社"
"G15287","238A0","ｉシェアーズ　米国債２５年超　ロングデュレーション　ＥＴＦ（為替ヘッジあり）","アイシェアーズ　ベイコクサイニジュウゴネンチョウ　ロングデュレーション　イーティーエフ　カワセヘッジアリ","内国投資信託受益証券","1月11日","7月11日","E09096","ブラックロック・ジャパン株式会社"
"G15288","","ピクテ・為替ヘッジなし・ゴールドファンド（野村ＳＭＡ・ＥＷ向け）","ピクテカワセヘッジナシゴールドファンドノムラエスエムエイイーダブリュームケ","内国投資信託受益証券","12月6日","","E10439","ピクテ・ジャパン株式会社"
"G15289","235A0","グローバルＸ　高配当３０－日本株式　ＥＴＦ","グローバルエックスコウハイトウサンジュウニホンカブシキイーティーエフ","内国投資信託受益証券","2月24日","8月24日","E35933","Ｇｌｏｂａｌ　Ｘ　Ｊａｐａｎ株式会社"
"G15290","234A0","グローバルＸ　ＭＳＣＩ　キャッシュフローキング－日本株式　ＥＴＦ","グローバルエックスエムエスシーアイキャッシュフローキングニホンカブシキイーティーエフ","内国投資信託受益証券","2月24日","8月24日","E35933","Ｇｌｏｂａｌ　Ｘ　Ｊａｐａｎ株式会社"
"G15291","","新・ミューズニッチ米国ＢＤＣファンド（為替ヘッジなし・年４回分配型）","シン　ミューズニッチベイコクビーディーシーファンド　カワセヘッジナシ　ネンヨンカイブンパイガタ","内国投資信託受益証券","5月20日","11月20日","E12430","アモーヴァ・アセットマネジメント株式会社"
"G15292","","ニッセイ・円建てグローバル社債／バランスファンド２０２４－０９","ニッセイエンダテグローバルシャサイバランスファンドニゼロニヨンゼロキュウ","内国投資信託受益証券","9月25日","","E12453","ニッセイアセットマネジメント株式会社"
"G15293","","日本好配当株投信（ＳＭＡ・ＥＷ向け）","ニホンコウハイトウカブトウシンエスエムエーイーダブリュームケ","内国投資信託受益証券","12月6日","","E12460","野村アセットマネジメント株式会社"
"G15294","","野村未来トレンド発見ファンド　ＡコースＢコース（野村ＳＭＡ・ＥＷ向け）","ノムラミライトレンドハッケンファンド　エーコースビーコースノムラエスエムエーイーダブリュームケ","内国投資信託受益証券","12月6日","","E12460","野村アセットマネジメント株式会社"
"G15295","","ウエリントン・企業価値共創世界株ファンド　ＡコースＢコース（野村ＳＭＡ・ＥＷ向け）","ウエリントンキギョウカチキョウソウセカイカブファンド　エーコースビーコースノムラエスエムエーイーダブリュームケ","内国投資信託受益証券","12月6日","","E12460","野村アセットマネジメント株式会社"
"G15297","","野村日本新鋭成長株ファンド","ノムラニホンシンエイセイチョウカブファンド","内国投資信託受益証券","3月25日","","E12460","野村アセットマネジメント株式会社"
"G15298","","ＤＣ全世界株式インデックスファンド（オール・カントリー）","ディーシーゼンセカイカブシキインデックスファンド　オール　カントリー","内国投資信託受益証券","9月20日","","E12444","三井住友トラスト・アセットマネジメント株式会社"
"G15300","","ニッセイ・Ｓ日本半導体株式インデックスファンド＜購入・換金手数料なし＞","ニッセイエスニッポンハンドウタイカブシキインデックスファンドコウニュウカンキンテスウリョウナシ","内国投資信託受益証券","2月15日","","E12453","ニッセイアセットマネジメント株式会社"
"G15301","","日本企業社債ファンド２０２４－１０","ニホンキギョウシャサイファンドニセンニジュウヨンジュウ","内国投資信託受益証券","12月25日","","E06748","大和アセットマネジメント株式会社"
"G15302","","フィデリティ・ワールド・ファンズ　世界割安成長株ファンド","フィデリティワールドファンズ　セカイワリヤスセイチョウカブファンド","外国投資信託受益証券","4月末日","","E31084","ＦＩＬ・インベストメント・マネジメント（ルクセンブルグ）エス・エイ・アール・エル"
"G15303","","ひふみクロスオーバーｐｒｏ","ヒフミクロスオーバープロ","内国投資信託受益証券","7月25日","","E21671","レオス・キャピタルワークス株式会社"
"G15304","","投資のソムリエ（ターゲット・イヤー２０７０）","トウシノソムリエターゲットイヤーニイゼロナナゼロ","内国投資信託受益証券","1月11日","","E10677","アセットマネジメントＯｎｅ株式会社"
"G15305","","フィデリティ・マゼラン・米国成長株ファンド","フィデリティマゼランベイコクセイチョウカブファンド","内国投資信託受益証券","12月20日","","E12481","フィデリティ投信株式会社"
"G15308","","オール・カントリー好配当リバランスオープン（資産成長型）","オールカントリーコウハイトウリバランスオープンシサンセイチョウガタ","内国投資信託受益証券","7月23日","","E12441","ＳＢＩ岡三アセットマネジメント株式会社"
"G15309","","オール・カントリー好配当リバランスオープン（年４回決算型）","オールカントリーコウハイトウリバランスオープンネンヨンカイケッサンガタ","内国投資信託受益証券","1月23日","7月23日","E12441","ＳＢＩ岡三アセットマネジメント株式会社"
"G15310","","ジュエル・ボックス・ファンド","ジュエルボックスファンド","外国投資信託受益証券","12月末日","","E40001","エマージング・アセット・マネジメント・リミテッド"
"G15311","","グローバル・サプライチェーン・ファンド（為替ヘッジあり）　グローバル・サプライチェーン・ファンド（為替ヘッジなし）","グローバルサプライチェーンファンドカワセヘッジアリ　グローバルサプライチェーンファンドカワセヘッジナシ","内国投資信託受益証券","8月25日","","E27736","ベイビュー・アセット・マネジメント株式会社"
"G15312","","楽天・日本株３．８倍ベアⅢ","ラクテン　ニホンカブサンテンハチバイベアスリー","内国投資信託受益証券","6月15日","","E15787","楽天投信投資顧問株式会社"
"G15313","","ＳＢＩ全世界高配当株式ファンド（年４回決算型）","エスビーアイゼンセカイコウハイトウカブシキファンド　ネンヨンカイケッサンガタ","内国投資信託受益証券","2月20日","8月20日","E13447","ＳＢＩアセットマネジメント株式会社"
"G15314","","岡三・ＵＢＳ・ファンドラップ・シリーズ","オカサン　ユービーエス　ファンドラップ　シリーズ","内国投資信託受益証券","6月10日","","E12473","ＵＢＳアセット・マネジメント株式会社"
"G15315","","米国５０社厳選株式ファンド","ベイコクゴジュウシャゲンセンカブシキファンド","内国投資信託受益証券","9月10日","","E06433","東京海上アセットマネジメント株式会社"
"G15316","257A0","ＳＭＴ　ＥＴＦ日本株厳選投資アクティブ","エスエムティー　イーティーエフニホンカブゲンセントウシアクティブ","内国投資信託受益証券","1月11日","7月11日","E12444","三井住友トラスト・アセットマネジメント株式会社"
"G15317","","楽天・シュワブ・高配当株式・米国ファンド（四半期決算型）","ラクテン　シュワブ　コウハイトウカブシキ　ベイコクファンド　シハンキケッサンガタ","内国投資信託受益証券","2月25日","8月25日","E15787","楽天投信投資顧問株式会社"
"G15318","","グローバル・オポチュニティ・パートナーズ・ファンド","グローバルオポチュニティパートナーズファンド","内国投資信託受益証券","3月6日","9月6日","E10677","アセットマネジメントＯｎｅ株式会社"
"G15319","","野村ブラックロック世界優良企業厳選ファンド　ＡコースＢコース","ノムラブラックロックセカイユウリョウキギョウゲンセンファンド　エーコースビーコース","内国投資信託受益証券","3月10日","","E12460","野村アセットマネジメント株式会社"
"G15320","","Ｏｎｅ円建て債券ファンドⅢ　２０２４－１１","ワンエンダテサイケンファンドスリーニイゼロニイヨンイチイチ","内国投資信託受益証券","3月14日","","E10677","アセットマネジメントＯｎｅ株式会社"
"G15321","","日本株クオンタメンタル投資ファンド","ニホンカブクオンタメンタルトウシファンド","内国投資信託受益証券","7月15日","","E06748","大和アセットマネジメント株式会社"
"G15322","258A0","ＳＭＴ　ＥＴＦ国内リート厳選投資アクティブ","エスエムティー　イーティーエフコクナイリートゲンセントウシアクティブ","内国投資信託受益証券","1月11日","7月11日","E12444","三井住友トラスト・アセットマネジメント株式会社"
"G15323","","アライアンス・バーンスタイン・世界高成長株投信（年２回決算型）／（隔月決算・予想分配金提示型）","アライアンスバーンスタインセカイコウセイチョウカブトウシンネンニカイケッサンガタ　カクゲツケッサンヨソウブンパイキンテイジガタ","内国投資信託受益証券","3月20日","9月20日","E12480","アライアンス・バーンスタイン株式会社"
"G15324","","ｅＭＡＸＩＳ　Ｎｅｏ　ＡＩテクノロジー","イーマクシスネオエイアイテクノロジー","内国投資信託受益証券","8月17日","","E11518","三菱ＵＦＪアセットマネジメント株式会社"
"G15325","","先進国米ドル建て債券ファンド２０２４－１０（限定追加型）","センシンコクベイドルダテサイケンファンドニゼロニヨンイチゼロゲンテイツイカガタ","内国投資信託受益証券","11月10日","","E12434","ＳＯＭＰＯアセットマネジメント株式会社"
"G15326","","ｅＭＡＸＩＳ／ＰａｙＰａｙ証券　全世界バランス","イーマクシスペイペイショウケンゼンセカイバランス","内国投資信託受益証券","4月25日","","E11518","三菱ＵＦＪアセットマネジメント株式会社"
"G15327","","まあるい未来共創ファンド　ｃｏｔｏｃｏｔｏ","マアルイミライキョウソウファンド　コトコト","内国投資信託受益証券","9月18日","","E22096","コモンズ投信株式会社"
"G15328","","あおぞら・新グローバル分散ファンド（限定追加型）２０２４－１０","アオゾラ　シングローバルブンサンファンド　ゲンテイツイカガタ　ニイゼロニイヨン　イチゼロ","内国投資信託受益証券","10月20日","","E30689","あおぞら投信株式会社"
"G15329","","ニッセイＳ＆Ｐ５００リカバリー戦略株式ファンド","ニッセイエスアンドピーゴヒャクリカバリーセンリャクカブシキファンド","内国投資信託受益証券","7月18日","","E12453","ニッセイアセットマネジメント株式会社"
"G15330","","ＳＢＩ全世界高配当株式ファンド（年１回決算型）","エスビーアイ　ゼンセカイコウハイトウカブシキ　ファンド　ネンイッカイケッサンガタ","内国投資信託受益証券","8月20日","","E13447","ＳＢＩアセットマネジメント株式会社"
"G15331","","いちご・レジデンス・トークン－市谷仲之町・文京小日向・駒場東大前・西新宿・清澄白河・浅草橋・三ノ輪－（デジタル名義書換方式）","イチゴ　レジデンス　トークン　イチガヤナカノチョウ　ブンキョウコヒナタ　コマバトウダイマエ　ニシシンジュク　キヨスミシラカワ　アサクサバシ　ミノワ　デジタルメイギカキカエホウシキ","内国信託受益証券・信託受益権","4月末日","10月末日","E30037","株式会社ＳＭＢＣ信託銀行"
"G15332","","インデックスファンドＮｉｆｔｙ５０（インド株式）","インデックスファンドニフティゴジュウ　インドカブシキ","内国投資信託受益証券","9月26日","","E12430","アモーヴァ・アセットマネジメント株式会社"
"G15334","","ＵＢＳ（Ｌｕｘ）ストラテジー・ファンド－フィクスト・インカム（米ドル）","ユービーエスルクスストラテジーファンドフィクストインカムベイドル","外国投資信託受益証券","1月末日","","E14900","ＵＢＳアセット・マネジメント（ヨーロッパ）エス・エイ"
"G15335","","野村インデックスファンド・日経半導体株","ノムラインデックスファンドニッケイハンドウタイカブ","内国投資信託受益証券","9月6日","","E12460","野村アセットマネジメント株式会社"
"G15336","","ＳＢＩ－フランクリン・テンプルトン・インド株式インデックス・ファンド","エスビーアイ　フランクリン　テンプルトン　インド　カブシキ　インデックス　ファンド","内国投資信託受益証券","10月21日","","E13447","ＳＢＩアセットマネジメント株式会社"
"G15337","","アレス・グローバル・ハイイールド債券ファンド（為替ヘッジなし／年１回決算型）","アレスグローバルハイイールドサイケンファンドカワセヘッジナシネンイッカイケッサンガタ","内国投資信託受益証券","10月24日","","E08957","三井住友ＤＳアセットマネジメント株式会社"
"G15338","","アレス・グローバル・ハイイールド債券ファンド（為替ヘッジなし／年４回決算型）","アレスグローバルハイイールドサイケンファンドカワセヘッジナシネンヨンカイケッサンガタ","内国投資信託受益証券","4月24日","10月24日","E08957","三井住友ＤＳアセットマネジメント株式会社"
"G15339","","ニュートン・パワー・イノベーション・ファンド（為替ヘッジあり）　ニュートン・パワー・イノベーション・ファンド（為替ヘッジなし）","ニュートンパワーイノベーションファンドカワセヘッジアリ　ニュートンパワーイノベーションファンドカワセヘッジナシ","内国投資信託受益証券","10月21日","","E08957","三井住友ＤＳアセットマネジメント株式会社"
"G15340","","ダイワ国内株式インデックス（投資一任専用）","ダイワコクナイカブシキインデックストウシイチニンセンヨウ","内国投資信託受益証券","11月20日","","E06748","大和アセットマネジメント株式会社"
"G15341","","ダイワ国内債券インデックス（投資一任専用）","ダイワコクナイサイケンインデックストウシイチニンセンヨウ","内国投資信託受益証券","11月20日","","E06748","大和アセットマネジメント株式会社"
"G15342","","ダイワ先進国債券インデックス（為替ヘッジあり・なし）（投資一任専用）","ダイワセンシンコクサイケンインデックスカワセヘッジアリナシトウシイチニンセンヨウ","内国投資信託受益証券","11月20日","","E06748","大和アセットマネジメント株式会社"
"G15343","","米国ハイイールド社債エンハンスト戦略ファンド（毎月分配型）／（資産成長型）","ベイコクハイイールドシャサイエンハンストセンリャクファンドマイツキブンパイガタシサンセイチョウガタ","内国投資信託受益証券","4月10日","10月10日","E12434","ＳＯＭＰＯアセットマネジメント株式会社"
"G15344","","ダイワ・バリュー株・フォーカス・ファンド","ダイワバリューカブフォーカスファンド","内国投資信託受益証券","10月16日","","E06748","大和アセットマネジメント株式会社"
"G15345","","りそなターゲット・イヤー・ファンド２０３５／２０４０／２０４５／２０５０／２０５５／２０６０／２０６５（運用継続型）","リソナターゲット　イヤー　ファンドニイゼロサンゴー　ニイゼロヨンゼロ　ニイゼロヨンゴー　ニイゼロゴーゼロ　ニイゼロゴーゴー　ニイゼロロクゼロ　ニイゼロロクゴー　ウンヨウケイゾクガタ","内国投資信託受益証券","7月15日","","E32011","りそなアセットマネジメント株式会社"
"G15346","","ニッセイ・インデックス・ＳＯＸ（米国半導体株）","ニッセイインデックスソックス　ベイコクハンドウタイカブ","内国投資信託受益証券","9月20日","","E12453","ニッセイアセットマネジメント株式会社"
"G15347","","ＤＣ日本株人材活躍企業応援ファンド","ディーシーニホンカブジンザイカツヤクキギョウオウエンファンド","内国投資信託受益証券","8月25日","","E12430","アモーヴァ・アセットマネジメント株式会社"
"G15348","","Ｔｒａｃｅｒｓ　Ｓ＆Ｐ１０００インデックス（米国中小型株式）","トレイサーズ　エスアンドピーセンインデックス　ベイコクチュウコガタカブシキ","内国投資信託受益証券","11月16日","","E12430","アモーヴァ・アセットマネジメント株式会社"
"G15349","273A0","ＳＢＩ　サウジアラビア株式上場投信","エスビーアイ　サウジアラビアカブシキ　ジョウジョウトウシン","内国投資信託受益証券","3月24日","9月24日","E13447","ＳＢＩアセットマネジメント株式会社"
"G15350","","ブラックロックＬｉｆｅＰａｔｈファンド２０７０","ブラックロックライフパスファンドニイゼロナナゼロ","内国投資信託受益証券","8月2日","","E09096","ブラックロック・ジャパン株式会社"
"G15351","","三井物産グループのデジタル証券～三重・イオンタウン鈴鹿～（デジタル名義書換方式）","ミツイブッサングループノデジタルショウケンミエイオンタウンスズカデジタルメイギカキカエホウシキ","内国信託受益証券・信託受益権","4月末日","10月末日","E03628","みずほ信託銀行株式会社"
"G15352","","ｅＭＡＸＩＳ　Ｓｌｉｍ　先進国株式（含む日本）＜オール先進国＞","イーマクシススリムセンシンコクカブシキフクムニホンオールセンシンコク","内国投資信託受益証券","4月25日","","E11518","三菱ＵＦＪアセットマネジメント株式会社"
"G15353","","ＪＰＸプライム１５０ファンド","ジェイピーエックスプライムヒャクゴジュウファンド","内国投資信託受益証券","1月30日","","E06748","大和アセットマネジメント株式会社"
"G15354","","Ｏｎｅ円建て債券ファンドⅢ　２０２４－１２","ワンエンダテサイケンファンドスリーニイゼロニイヨンイチニイ","内国投資信託受益証券","4月14日","","E10677","アセットマネジメントＯｎｅ株式会社"
"G15355","","あおぞら・日本株式アラインメント・ファンド","アオゾラ　ニホンカブシキアラインメント　ファンド","内国投資信託受益証券","11月20日","","E30689","あおぞら投信株式会社"
"G15356","","プレミアム・ファンズ　バークレイズ社債　ＵＳキャピタル・プラス２４１１","プレミアムファンズ　バークレイズシャサイ　ユーエスキャピタルプラス","外国投資信託受益証券","7月末日","","E40148","ＳＭＢＣ日興インベストメント・ファンド・マネジメント・カンパニー・エス・エイ"
"G15357","","ウエリントン・トータル・リターン債券ファンド（年１回決算型）（為替ヘッジなし）","ウエリントントータルリターンサイケンファンドネンイッカイケッサンガタカワセヘッジナシ","内国投資信託受益証券","11月14日","","E10677","アセットマネジメントＯｎｅ株式会社"
"G15358","","ウエリントン・トータル・リターン債券ファンド（年４回決算型）（為替ヘッジなし）","ウエリントントータルリターンサイケンファンドネンヨンカイケッサンガタカワセヘッジナシ","内国投資信託受益証券","5月14日","11月14日","E10677","アセットマネジメントＯｎｅ株式会社"
"G15359","","フォントベル・世界割安債券ファンド（為替ヘッジあり／年１回決算型）　フォントベル・世界割安債券ファンド（為替ヘッジなし／年１回決算型）","フォントベルセカイワリヤスサイケンファンドカワセヘッジアリネンイッカイケッサンガタ　フォントベルセカイワリヤスサイケンファンドカワセヘッジナシネンイッカイケッサンガタ","内国投資信託受益証券","11月22日","","E08957","三井住友ＤＳアセットマネジメント株式会社"
"G15360","","フォントベル・世界割安債券ファンド（為替ヘッジあり／年４回決算型）　フォントベル・世界割安債券ファンド（為替ヘッジなし／年４回決算型）","フォントベルセカイワリヤスサイケンファンドカワセヘッジアリネンヨンカイケッサンガタ　フォントベルセカイワリヤスサイケンファンドカワセヘッジナシネンヨンカイケッサンガタ","内国投資信託受益証券","5月22日","11月22日","E08957","三井住友ＤＳアセットマネジメント株式会社"
"G15361","","先進国株式リバウンドキャッチ戦略ファンド","センシンコクカブシキリバウンドキャッチセンリャクファンド","内国投資信託受益証券","8月25日","","E12447","朝日ライフ　アセットマネジメント株式会社"
"G15362","","ケイマン籍パトナム・ディバーシファイド・インカム・トラスト","ケイマンセキパトナムディバーシファイドインカムトラスト","外国投資信託受益証券","4月末日","","E40158","フランクリン・アドバイザーズ・インク"
"G15363","","米国株式・研究開発リバランスファンド","ベイコクカブシキケンキュウカイハツリバランスファンド","内国投資信託受益証券","11月26日","","E11764","Ｔ＆Ｄアセットマネジメント株式会社"
"G15364","","ダルトン・ジャパン・パートナー戦略ファンド","ダルトン　ジャパン　パートナーセンリャクファンド","内国投資信託受益証券","8月20日","","E12448","明治安田アセットマネジメント株式会社"
"G15365","","ＨＳＢＣインド小型株式オープン","エイチエスビーシーインドコガタカブシキオープン","内国投資信託受益証券","4月25日","10月25日","E12492","ＨＳＢＣアセットマネジメント株式会社"
"G15366","","ＳＢＩ岡三・グローバル・ファンド・シリーズ－ＵＳドル・マネー・マーケット・ファンド","エスビーアイオカサングローバルファンドシリーズユーエスドルマネーマーケットファンド","外国投資信託受益証券","9月末日","","E40134","クイーンズゲート"
"G15367","","ノムラ・ファンド・セレクト－ゴールドマン・サックス・プライベート・クレジット・コープ／オルタナティブスＳＩＣＡＶヨーロピアン・クレジット・ファンド","ノムラファンドセレクトゴールドマンサックスプライベートクレジットコープオルタナティブスシキャブヨーロピアンクレジットファンド","外国投資信託受益証券","12月末日","","E26746","グローバル・ファンズ・トラスト・カンパニー"
"G15368","282A0","グローバルＸ　半導体・トップ１０－日本株式　ＥＴＦ","グローバルエックスハンドウタイトップテンニホンカブシキイーティーエフ","内国投資信託受益証券","5月10日","11月10日","E35933","Ｇｌｏｂａｌ　Ｘ　Ｊａｐａｎ株式会社"
"G15369","283A0","グローバルＸ　ＵＳ　テック・配当貴族　ＥＴＦ","グローバルエックスユーエステックハイトウキゾクイーティーエフ","内国投資信託受益証券","5月10日","11月10日","E35933","Ｇｌｏｂａｌ　Ｘ　Ｊａｐａｎ株式会社"
"G15370","","グローバルＣｏＣｏ債ファンド（為替ヘッジなし・１年決算型）、グローバルＣｏＣｏ債ファンド（為替ヘッジあり・１年決算型）","グローバルココサイファンド　カワセヘッジナシ　イチネンケッサンガタ　　グローバルココサイファンド　カワセヘッジアリ　イチネンケッサンガタ","内国投資信託受益証券","8月17日","","E12430","アモーヴァ・アセットマネジメント株式会社"
"G15371","","グローバルＣｏＣｏ債ファンド（為替ヘッジなし・年４回分配型）、グローバルＣｏＣｏ債ファンド（為替ヘッジあり・年４回分配型）","グローバルココサイファンド　カワセヘッジナシ　ネンヨンカイブンパイガタ　　グローバルココサイファンド　カワセヘッジアリ　ネンヨンカイブンパイガタ","内国投資信託受益証券","2月17日","8月17日","E12430","アモーヴァ・アセットマネジメント株式会社"
"G15372","","ニッセイ・インド中小型株式ファンド","ニッセイインドチュウコガタカブシキファンド","内国投資信託受益証券","8月23日","","E12453","ニッセイアセットマネジメント株式会社"
"G15373","","ｉＦｒｅｅＨＯＬＤ　メキシコ国債（ＭＢＯＮＯ２０４７）","アイフリーホールドメキシココクサイエムボノニゼロヨンナナ","内国投資信託受益証券","12月6日","","E06748","大和アセットマネジメント株式会社"
"G15374","","ｉＦｒｅｅＷａｌｌｅｔ　メキシコペソ（ＭＸＮ）","アイフリーウォレットメキシコペソエムエックスエヌ","内国投資信託受益証券","11月19日","","E06748","大和アセットマネジメント株式会社"
"G15375","","明治安田ゴールド／オール・カントリー株式戦略ファンド","メイジヤスダゴールド　オール　カントリーカブシキセンリャクファンド","内国投資信託受益証券","8月20日","","E12448","明治安田アセットマネジメント株式会社"
"G15376","","インド・イノベーション・フォーカスファンド","インドイノベーションフォーカスファンド","内国投資信託受益証券","6月20日","12月20日","E12441","ＳＢＩ岡三アセットマネジメント株式会社"
"G15377","","ＵＢＳユニバーサル・トラスト（ケイマン）Ⅲ－ＬＧＴグローバル・プライベート・クレジット・ファンド","ユービーエスユニバーサルトラストケイマンスリーエルジーティーグローバルプライベートクレジットファンド","外国投資信託受益証券","12月末日","","E15389","ＵＢＳマネジメント（ケイマン）リミテッド"
"G15378","","シティグループ米ドル社債／欧米マルチアセット戦略ファンド２０２４－１２","シティグループベイドルシャサイオウベイマルチアセットセンリャクファンドニイゼロニイヨンイチニイ","内国投資信託受益証券","1月18日","","E08957","三井住友ＤＳアセットマネジメント株式会社"
"G15379","","日本高株主還元ファンド（年１回決算型）","ニホンコウカブヌシカンゲンファンド　ネンイッカイケッサンガタ","内国投資信託受益証券","11月15日","","E32011","りそなアセットマネジメント株式会社"
"G15380","","日本高株主還元ファンド（年４回決算型）","ニホンコウカブヌシカンゲンファンド　ネンヨンカイケッサンガタ","内国投資信託受益証券","5月15日","11月15日","E32011","りそなアセットマネジメント株式会社"
"G15381","","先進国高利益成長ファンド（年１回決算型）","センシンコクコウリエキセイチョウファンド　ネンイッカイケッサンガタ","内国投資信託受益証券","11月15日","","E32011","りそなアセットマネジメント株式会社"
"G15382","","先進国高利益成長ファンド（年４回決算・予想分配金提示型）","センシンコクコウリエキセイチョウファンド　ネンヨンカイケッサン　ヨソウブンパイキンテイジガタ","内国投資信託受益証券","5月15日","11月15日","E32011","りそなアセットマネジメント株式会社"
"G15383","","ｆｕｎｄｎｏｔｅＩＰＯクロスオーバーファンド","ファンドノートアイピーオークロスオーバーファンド","内国投資信託受益証券","12月20日","","E40155","ｆｕｎｄｎｏｔｅ株式会社"
"G15384","","三井物産グループのデジタル証券～ホテル・イビス大阪梅田～（譲渡制限付）","ミツイブッサングループノデジタルショウケンホテルイビスオオサカウメダジョウトセイゲンツキ","内国信託受益証券・信託受益権","4月30日","10月31日","E03626","三菱ＵＦＪ信託銀行株式会社"
"G15385","","ＨＳＢＣインドテック株式インデックスファンド","エイチエスビーシーインドテックカブシキインデックスファンド","内国投資信託受益証券","12月15日","","E12492","ＨＳＢＣアセットマネジメント株式会社"
"G15386","","日経平均高配当利回り株ファンドⅡ","ニッケイヘイキンコウハイトウリマワリカブファンドツー","内国投資信託受益証券","3月5日","9月5日","E11518","三菱ＵＦＪアセットマネジメント株式会社"
"G15387","294A0","ＮＥＸＴ　ＦＵＮＤＳ　ＭＳＣＩジャパン気候変動指数（セレクト）連動型上場投信","ネクストファンズ　エムエスシーアイジャパンキコウヘンドウシスウセレクトレンドウガタジョウジョウトウシン","内国投資信託受益証券","1月8日","7月8日","E12460","野村アセットマネジメント株式会社"
"G15388","","ピムコ・バミューダ・トラストＩＩ－ＰＩＭＣＯ短期インカム・ファンド","ピムコバミューダトラストツーピムコタンキインカムファンド","外国投資信託受益証券","10月末日","","E15034","パシフィック・インベストメント・マネジメント・カンパニー・エルエルシー"
"G15389","295A0","Ｏｎｅ　ＥＴＦ　ＦＴＳＥ・サウジアラビア・インデックス","ワンイーティーエフエフティーエスイーサウジアラビアインデックス","内国投資信託受益証券","4月8日","10月8日","E10677","アセットマネジメントＯｎｅ株式会社"
"G15390","","ＳＢＩ・Ｓ・米国高配当株式ファンド（年４回決算型）","エスビーアイ　エス　ベイコクコウハイトウカブシキファンド　ネンヨンカイケッサンガタ","内国投資信託受益証券","3月19日","9月19日","E13447","ＳＢＩアセットマネジメント株式会社"
"G15391","","インド中小型成長株式ファンド","インドチュウコガタセイチョウカブシキファンド","内国投資信託受益証券","12月10日","","E12444","三井住友トラスト・アセットマネジメント株式会社"
"G15392","","ジャパン・コア・アルファ","ジャパン　コア　アルファ","内国投資信託受益証券","11月20日","","E30689","あおぞら投信株式会社"
"G15393","","たわらノーロード　インド株式Ｎｉｆｔｙ５０","タワラノーロード　インドカブシキニフティゴジュウ","内国投資信託受益証券","10月12日","","E10677","アセットマネジメントＯｎｅ株式会社"
"G15394","","アメリカ国家戦略関連株ファンド","アメリカコッカセンリャクカンレンカブファンド","内国投資信託受益証券","6月6日","12月6日","E12441","ＳＢＩ岡三アセットマネジメント株式会社"
"G15395","","ｉＦｒｅｅＰｌｕｓ　世界トレンド・テクノロジー株（Ｚテック２０）","アイフリープラスセカイトレンドテクノロジーカブゼットテックニジュウ","内国投資信託受益証券","12月10日","","E06748","大和アセットマネジメント株式会社"
"G15396","","楽天・ＭＦＳ外国株低ボラティリティ運用ファンド（為替ヘッジあり）＜ラップ向け＞","ラクテン　エムエフエスガイコクカブテイボラティリティウンヨウファンド　カワセヘッジアリ　　ラップムケ","内国投資信託受益証券","11月20日","","E15787","楽天投信投資顧問株式会社"
"G15397","","楽天・ＭＦＳ外国株低ボラティリティ運用ファンド（為替ヘッジなし）＜ラップ向け＞","ラクテン　エムエフエスガイコクカブテイボラティリティウンヨウファンド　カワセヘッジナシ　　ラップムケ","内国投資信託受益証券","11月20日","","E15787","楽天投信投資顧問株式会社"
"G15398","","楽天・グローバル・インカム・ファンド（為替ヘッジあり）＜ラップ向け＞","ラクテン　グローバル　インカム　ファンド　カワセヘッジアリ　　ラップムケ","内国投資信託受益証券","11月20日","","E15787","楽天投信投資顧問株式会社"
"G15399","","楽天・グローバル株式ファンド（為替ヘッジあり）＜ラップ向け＞","ラクテン　グローバルカブシキファンド　カワセヘッジアリ　　ラップムケ","内国投資信託受益証券","9月10日","","E15787","楽天投信投資顧問株式会社"
"G15400","","一歩先いく　華麗なるインド・トップ１０＋インデックス","イッポサキイクカレイナルインドトップテンプラスインデックス","内国投資信託受益証券","12月16日","","E06748","大和アセットマネジメント株式会社"
"G15401","","ゴールド・インカムプラス","ゴールドインカムプラス","内国投資信託受益証券","6月10日","12月10日","E12434","ＳＯＭＰＯアセットマネジメント株式会社"
"G15402","","東海東京ヌビーン・リタイアメントファンド（年５１０円目標取崩し型）／（年５％目標取崩し型）","トウカイトウキョウヌビーンリタイアメントファンドネンゴヒャクジュウエンモクヒョウトリクズシガタネンゴパーセントモクヒョウトリクズシガタ","内国投資信託受益証券","9月10日","3月10日","E32909","株式会社お金のデザイン"
"G15403","","東海東京ヌビーン・リタイアメントファンド（資産安定型）","トウカイトウキョウヌビーンリタイアメントファンドシサンアンテイガタ","内国投資信託受益証券","9月10日","","E32909","株式会社お金のデザイン"
"G15404","","東京海上・上場オルタナティブ・アセット・マネージャーズ戦略ファンド","トウキョウカイジョウジョウジョウオルタナティブアセットマネージャーズセンリャクファンド","内国投資信託受益証券","12月5日","","E06433","東京海上アセットマネジメント株式会社"
"G15405","314A0","ｉシェアーズ　ゴールド　ＥＴＦ","アイシェアーズ　ゴールド　イーティーエフ","内国投資信託受益証券","2月9日","8月9日","E09096","ブラックロック・ジャパン株式会社"
"G15406","313A0","ｉシェアーズ　Ｓ＆Ｐ　５００　トップ　２０　ＥＴＦ","アイシェアーズ　エスアンドピー　ゴヒャク　トップ　ニジュウ　イーティーエフ","内国投資信託受益証券","2月9日","8月9日","E09096","ブラックロック・ジャパン株式会社"
"G15407","","資本効率向上ファンド","シホンコウリツコウジョウファンド","内国投資信託受益証券","5月10日","11月10日","E27917","ファイブスター投信投資顧問株式会社"
"G15408","315A0","グローバルＸ　銀行　高配当－日本株式　ＥＴＦ","グローバルエックスギンコウコウハイトウニホンカブシキイーティーエフ","内国投資信託受益証券","4月24日","10月24日","E35933","Ｇｌｏｂａｌ　Ｘ　Ｊａｐａｎ株式会社"
"G15409","","ＨＳＢＣグローバル・ターゲット利回り債券ファンド２０２５－０２（限定追加型）","エイチエスビーシーグローバルターゲットリマワリサイケンファンドニゼロニゴゼロニゲンテイツイカガタ","内国投資信託受益証券","4月15日","","E12492","ＨＳＢＣアセットマネジメント株式会社"
"G15410","","ＳＢＩサウジアラビア株式インデックス・ファンド","エスビーアイ　サウジアラビアカブシキインデックス　ファンド","内国投資信託受益証券","1月27日","","E13447","ＳＢＩアセットマネジメント株式会社"
"G15411","","Ｍｙ　ＳＭＴ　ラッセル１０００米国株式インデックス（ノーロード）","マイ　エスエムティー　ラッセルセンベイコクカブシキインデックス　ノーロード","内国投資信託受益証券","10月20日","","E12444","三井住友トラスト・アセットマネジメント株式会社"
"G15412","","あおぞら・新グローバル・プレミアム・ファンド（当初漸増期間付、限定追加型）２０２５－０１","アオゾラ　シングローバル　プレミアム　ファンド　トウショゼンゾウキカンツキ　ゲンテイツイカガタ　ニイゼロニイゴ　ゼロイチ","内国投資信託受益証券","10月20日","","E30689","あおぞら投信株式会社"
"G15413","","あおぞら・新グローバル分散ファンド（限定追加型）２０２５－０１","アオゾラ　シングローバルブンサンファンド　ゲンテイツイカガタ　ニイゼロニイゴ　ゼロイチ","内国投資信託受益証券","10月20日","","E30689","あおぞら投信株式会社"
"G15414","","ＭＦシェア福岡アイランドシティロジ（譲渡制限付）","エムエフシェアフクオカアイランドシティロジジョウトセイゲンツキ","内国信託受益証券・信託受益権","1月31日","7月31日","E03626","三菱ＵＦＪ信託銀行株式会社"
"G15415","","ｆｕｎｄｎｏｔｅ日本株Ｋａｉｈｏｕファンド","ファンドノートニホンカブカイホウファンド","内国投資信託受益証券","1月8日","","E40155","ｆｕｎｄｎｏｔｅ株式会社"
"G15416","316A0","ｉＦｒｅｅＥＴＦ　ＦＡＮＧ＋","アイフリーイーティーエフファングプラス","内国投資信託受益証券","6月10日","12月10日","E06748","大和アセットマネジメント株式会社"
"G15417","","Ｔｒａｃｅｒｓ　ＮＡＳＤＡＱ１００ゴールドプラス","トレイサーズ　ナスダックヒャクゴールドプラス","内国投資信託受益証券","10月10日","","E12430","アモーヴァ・アセットマネジメント株式会社"
"G15418","318A0","ＶＩＸ短期先物指数ＥＴＦ","ブイアイエックスタンキサキモノシスウイーティーエフ","内国投資信託受益証券","1月15日","","E14415","シンプレクス・アセット・マネジメント株式会社"
"G15419","","楽天・ＧＣＩシステマティック・グローバル・アルファ・ファンド","ラクテン　ジーシーアイシステマティック　グローバル　アルファ　ファンド","内国投資信託受益証券","1月25日","","E15787","楽天投信投資顧問株式会社"
"G15420","","ａｕＡＭ米国債スーパーロング・ブル３倍・円コース／ａｕＡＭ米国債スーパーロング・ブル３倍・米ドルプラスコース","エーユーエーエムベイコクサイスーパーロングブルサンバイエンコース　エーユーエーエムベイコクサイスーパーロングブルサンバイベイドルプラスコース","内国投資信託受益証券","1月30日","","E34254","ａｕアセットマネジメント株式会社"
"G15421","","ベトナム成長株ファンド（年１回決算型）","ベトナムセイチョウカブファンド　ネンイッカイケッサンガタ","内国投資信託受益証券","8月20日","","E14714","キャピタル　アセットマネジメント株式会社"
"G15422","","ニッセイ・インド株式ファンド＜購入・換金手数料なし＞","ニッセイインドカブシキファンドコウニュウカンキンテスウリョウナシ","内国投資信託受益証券","8月23日","","E12453","ニッセイアセットマネジメント株式会社"
"G15423","","マルチアセット戦略ファンド・シングル／トリプル（ラップ専用）、マネーファンド（ラップ専用）","マルチアセットセンリャクファンドシングルトリプルラップセンヨウマネーファンドラップセンヨウ","内国投資信託受益証券","11月20日","","E06748","大和アセットマネジメント株式会社"
"G15424","","ダイワ・アンビット・インド小型株ファンド","ダイワアンビットインドコガタカブファンド","内国投資信託受益証券","6月16日","12月16日","E06748","大和アセットマネジメント株式会社"
"G15425","","三井住友ＤＳ・ＤＣターゲットイヤーファンド２０７０","ミツイスミトモディーエスディーシーターゲットイヤーファンドニイゼロナナゼロ","内国投資信託受益証券","4月26日","","E08957","三井住友ＤＳアセットマネジメント株式会社"
"G15426","","Ｏｎｅ円建て債券ファンドⅣ　２０２５－０３","ワンエンダテサイケンファンドフォーニイゼロニイゴウゼロサン","内国投資信託受益証券","6月12日","","E10677","アセットマネジメントＯｎｅ株式会社"
"G15427","","楽天・高配当株式・日本ファンド（四半期決算型）","ラクテン　コウハイトウカブシキ　ニホンファンド　シハンキケッサンガタ","内国投資信託受益証券","6月25日","12月25日","E15787","楽天投信投資顧問株式会社"
"G15428","","ピクテ・ウォーター・ファンド","ピクテウォーターファンド","内国投資信託受益証券","1月20日","","E10439","ピクテ・ジャパン株式会社"
"G15429","","ニッセイ／シュローダー好利回りＣＢファンド２０２５－０３（為替ヘッジあり・限定追加型）","ニッセイシュローダーコウリマワリシービーファンドニゼロニゴゼロサンカワセヘッジアリゲンテイツイカガタ","内国投資信託受益証券","3月10日","","E12453","ニッセイアセットマネジメント株式会社"
"G15430","","ニッセイ・パワーテクノロジー株式ファンド","ニッセイパワーテクノロジーカブシキファンド","内国投資信託受益証券","7月14日","","E12453","ニッセイアセットマネジメント株式会社"
"G15431","","ニッセイ・円建てグローバル社債／バランスファンド２０２５－０３","ニッセイエンダテグローバルシャサイバランスファンドニゼロニゴゼロサン","内国投資信託受益証券","3月21日","","E12453","ニッセイアセットマネジメント株式会社"
"G15432","","ダイワ・ワールド・ファンド・シリーズ－ダイワ・ブラックストーン・インフラストラクチャー・ファンド","ダイワワールドファンドシリーズダイワブラックストーンインフラストラクチャーファンド","外国投資信託受益証券","12月末日","","E38530","ＩＱ　ＥＱファンド・マネジメント（アイルランド）リミテッド"
"G15433","","プロテクト水準毎年設定型・米国株式ファンド２０２５－０３（限定追加型）","プロテクトスイジュンマイトシセッテイガタベイコクカブシキファンドニゼロニゴゼロサンゲンテイツイカガタ","内国投資信託受益証券","3月10日","","E12434","ＳＯＭＰＯアセットマネジメント株式会社"
"G15434","","イーストスプリング・インド国債ファンド（３ヵ月決算型）　イーストスプリング・インド国債ファンド（年２回決算型）","イーストスプリング　インドコクサイファンド　サンカゲツケッサンガタ　イーストスプリング　インドコクサイファンド　ネンニカイケッサンガタ","内国投資信託受益証券","2月24日","8月24日","E12566","イーストスプリング・インベストメンツ株式会社"
"G15435","","みずほサステナブルファンドシリーズ　－　ロベコ・スマート・エネルギー","ミズホサステナブルファンドシリーズ　ロベコスマートエネルギー","内国投資信託受益証券","11月10日","","E10677","アセットマネジメントＯｎｅ株式会社"
"G15436","","野村マッコーリー・プライベート・インフラ・ファンド","ノムラマッコーリープライベートインフラファンド","内国投資信託受益証券","1月30日","7月30日","E12460","野村アセットマネジメント株式会社"
"G15437","","三井物産グループのデジタル証券～学芸大学・中野・浅草橋・大塚～（譲渡制限付）","ミツイブッサングループノデジタルショウケンガクゲイダイガクナカノアサクサバシオオツカジョウトセイゲンツキ","内国信託受益証券・信託受益権","4月末日","10月末日","E39750","ＳＢＩ新生信託銀行株式会社"
"G15438","","ダイワＳ＆Ｐ５００インデックス（為替ヘッジあり／為替ヘッジなし）（ダイワＳＭＡ専用）","ダイワエスアンドピーゴヒャクインデックスカワセヘッジアリナシダイワエスエムエーセンヨウ","内国投資信託受益証券","9月7日","","E06748","大和アセットマネジメント株式会社"
"G15439","","キャピタル・インカム・ビルダー・ファンド／（米ドル売り円買い）","キャピタルインカムビルダーファンドベイドルウリエンガイ","内国投資信託受益証券","6月20日","","E14703","キャピタル・インターナショナル株式会社"
"G15440","","キャピタル・インカム・ビルダー・ファンド年２回決算（分配重視）／（分配重視／米ドル売り円買い）","キャピタルインカムビルダーファンドネンニカイケッサンブンパイジュウシブンパイジュウシベイドルウリエンガイ","内国投資信託受益証券","6月20日","12月20日","E14703","キャピタル・インターナショナル株式会社"
"G15441","","農林中金＜パートナーズ＞日米６資産分散ファンド（安定運用コース）（為替ヘッジなし）　農林中金＜パートナーズ＞日米６資産分散ファンド（資産形成コース）（為替ヘッジなし）","ノウリンチュウキン　パートナーズ　ニチベイロクシサンブンサンファンド　アンテイウンヨウコース　カワセヘッジナシ　ノウリンチュウキン　パートナーズ　ニチベイロクシサンブンサンファンド　シサンケイセイコース　カワセヘッジナシ","内国投資信託受益証券","11月15日","","E12882","農林中金全共連アセットマネジメント株式会社"
"G15442","","ＭＵＦＧリアルティ・トークン自由が丘（デジタル名義書換方式）","エムユーエフジーリアルティトークンジユウガオカデジタルメイギカキカエホウシキ","内国信託受益証券・信託受益権","4月30日","10月31日","E03626","三菱ＵＦＪ信託銀行株式会社"
"G15443","328A0","グローバルＸ　プライシングパワー・リーダーズ－日本株式　ＥＴＦ","グローバルエックスプライシングパワーリーダーズニホンカブシキイーティーエフ","内国投資信託受益証券","2月10日","8月10日","E35933","Ｇｌｏｂａｌ　Ｘ　Ｊａｐａｎ株式会社"
"G15444","","アムンディ・米国コア株式ファンド","アムンディベイコクコアカブシキファンド","内国投資信託受益証券","3月25日","9月25日","E09666","アムンディ・ジャパン株式会社"
"G15445","","ダイワＮＡＳＤＡＱ１００インデックス（為替ヘッジなし）（ダイワＳＭＡ専用）","ダイワナスダックヒャクインデックスカワセヘッジナシダイワエスエムエーセンヨウ","内国投資信託受益証券","8月30日","","E06748","大和アセットマネジメント株式会社"
"G15446","","米国マイクロキャップ株式ファンド","ベイコクマイクロキャップカブシキファンド","内国投資信託受益証券","2月18日","","E12441","ＳＢＩ岡三アセットマネジメント株式会社"
"G15447","","明治安田日本企業好利回り社債ファンド（限定追加型）２０２５－０３","メイジヤスダニホンキギョウコウリマワリシャサイファンドゲンテイツイカガタニセンニジュウゴノゼロサン","内国投資信託受益証券","6月20日","","E12448","明治安田アセットマネジメント株式会社"
"G15448","","サイバーセキュリティ株式オープン＜３ヵ月決算型＞（為替ヘッジなし）","サイバーセキュリティカブシキオープンサンカゲツケッサンガタカワセヘッジナシ","内国投資信託受益証券","6月6日","12月6日","E11518","三菱ＵＦＪアセットマネジメント株式会社"
"G15449","","野村ＪＰＭグローバルセレクト株式　Ａコース／Ｂコース（野村ＳＭＡ・ＥＷ向け）","ノムラジェイピーエムグローバルセレクトカブシキ　エーコースビーコース　ノムラエスエムエーイーダブリュームケ","内国投資信託受益証券","12月6日","","E12460","野村アセットマネジメント株式会社"
"G15450","","楽天・高配当株式・米国ＶＹＭファンド（四半期決算型）","ラクテン　コウハイトウカブシキ　ベイコクブイワイエムファンド　シハンキケッサンガタ","内国投資信託受益証券","1月15日","7月15日","E15787","楽天投信投資顧問株式会社"
"G15451","","三井住友ＤＳ・バランスファンド（保守コース）　三井住友ＤＳ・バランスファンド（安定コース）　三井住友ＤＳ・バランスファンド（標準コース）　三井住友ＤＳ・バランスファンド（成長コース）　三井住友ＤＳ・バランスファンド（積極コース）","ミツイスミトモディーエスバランスファンドホシュコース　ミツイスミトモディーエスバランスファンドアンテイコース　ミツイスミトモディーエスバランスファンドヒョウジュンコース　ミツイスミトモディーエスバランスファンドセイチョウコース　ミツイスミトモディーエスバランスファンドセッキョクコース","内国投資信託受益証券","2月25日","","E08957","三井住友ＤＳアセットマネジメント株式会社"
"G15452","","しんきん日米半導体株ファンド","シンキンニチベイハンドウタイカブファンド","内国投資信託受益証券","12月20日","","E12422","しんきんアセットマネジメント投信株式会社"
"G15453","","ウエリントン・トータル・リターン債券ファンド（年１回決算型）（為替ヘッジあり）","ウエリントントータルリターンサイケンファンドネンイッカイケッサンガタカワセヘッジアリ","内国投資信託受益証券","11月14日","","E10677","アセットマネジメントＯｎｅ株式会社"
"G15454","","ウエリントン・トータル・リターン債券ファンド（年４回決算型）（為替ヘッジあり）","ウエリントントータルリターンサイケンファンドネンヨンカイケッサンガタカワセヘッジアリ","内国投資信託受益証券","5月14日","11月14日","E10677","アセットマネジメントＯｎｅ株式会社"
"G15455","","Ｏｎｅ／フィデリティ・ブルーチップ・グロース株式ファンド（毎月決算・予想分配金提示型）","ワンフィデリティブルーチップグロースカブシキファンドマイツキケッサンヨソウブンパイキンテイジガタ","内国投資信託受益証券","5月20日","11月20日","E10677","アセットマネジメントＯｎｅ株式会社"
"G15456","","三井物産グループのデジタル証券～ザ　ロイヤルパークホテル　東京汐留～（譲渡制限付）","ミツイブッサングループノデジタルショウケンザロイヤルパークホテルトウキョウシオドメジョウトセイゲンツキ","内国信託受益証券・信託受益権","4月30日","10月31日","E03626","三菱ＵＦＪ信託銀行株式会社"
"G15457","","インベスコ　エマージング厳選株式ファンド（年１回決算型）","インベスコエマージングゲンセンカブシキファンドネンイッカイケッサンガタ","内国投資信託受益証券","3月15日","","E06479","インベスコ・アセット・マネジメント株式会社"
"G15458","","インベスコ　エマージング厳選株式ファンド（毎月決算型）","インベスコエマージングゲンセンカブシキファンドマイツキケッサンガタ","内国投資信託受益証券","3月15日","9月15日","E06479","インベスコ・アセット・マネジメント株式会社"
"G15459","","インベスコ　インド株式ファンド（年１回決算型）","インベスコインドカブシキファンドネンイッカイケッサンガタ","内国投資信託受益証券","3月15日","","E06479","インベスコ・アセット・マネジメント株式会社"
"G15460","","インベスコ　インド株式ファンド（毎月決算型）","インベスコインドカブシキファンドマイツキケッサンガタ","内国投資信託受益証券","3月15日","9月15日","E06479","インベスコ・アセット・マネジメント株式会社"
"G15461","","インベスコ　米国株式ファンド（年１回決算型）","インベスコベイコクカブシキファンドネンイッカイケッサンガタ","内国投資信託受益証券","3月15日","","E06479","インベスコ・アセット・マネジメント株式会社"
"G15462","","インベスコ　米国株式ファンド（毎月決算型）","インベスコベイコクカブシキファンドマイツキケッサンガタ","内国投資信託受益証券","3月15日","9月15日","E06479","インベスコ・アセット・マネジメント株式会社"
"G15463","","楽天・日本株トリプル・ベアⅥ","ラクテン　ニホンカブトリプル　ベアシックス","内国投資信託受益証券","6月15日","","E15787","楽天投信投資顧問株式会社"
"G15465","346A0","ＮＥＸＴ　ＦＵＮＤＳ　Ｓ＆Ｐ　５００　半導体・半導体製造装置３５％キャップ指数連動型上場投信","ネクストファンズエスアンドピーゴヒャクハンドウタイハンドウタイセイゾウソウチサンジュウゴパーセントキャップシスウレンドウガタジョウジョウトウシン","内国投資信託受益証券","9月10日","","E12460","野村アセットマネジメント株式会社"
"G15466","","ひとくふうターゲット・デート・ファンド２０７０","ヒトクフウターゲットデートファンドニイゼロナナゼロ","内国投資信託受益証券","12月20日","","E08957","三井住友ＤＳアセットマネジメント株式会社"
"G15467","","Ｏｎｅ／フェルマット・ＣＡＴ債券ファンド（年４回決算型）（為替ヘッジなし）","ワンフェルマットキャットサイケンファンドネンヨンカイケッサンガタカワセヘッジナシ","内国投資信託受益証券","3月25日","9月25日","E10677","アセットマネジメントＯｎｅ株式会社"
"G15468","","ニッセイ日本株バリュー戦略ファンド","ニッセイニホンカブバリューセンリャクファンド","内国投資信託受益証券","7月14日","","E12453","ニッセイアセットマネジメント株式会社"
"G15469","","ｅＭＡＸＩＳ　Ｓｌｉｍ　国内株式（読売３３３）","イーマクシススリムコクナイカブシキヨミウリサンサンサン","内国投資信託受益証券","4月25日","","E11518","三菱ＵＦＪアセットマネジメント株式会社"
"G15470","348A0","ＭＡＸＩＳ読売３３３日本株上場投信","マクシスヨミウリサンサンサンニホンカブジョウジョウトウシン","内国投資信託受益証券","1月26日","7月26日","E11518","三菱ＵＦＪアセットマネジメント株式会社"
"G15471","349A0","ＳＭＤＡＭ　Ａｃｔｉｖｅ　ＥＴＦ　日本グロース株式","エスエムディーエーエムアクティブイーティーエフニホングロースカブシキ","内国投資信託受益証券","2月20日","","E08957","三井住友ＤＳアセットマネジメント株式会社"
"G15472","","あおぞら・新グローバル分散ファンド（限定追加型）２０２５ー０４","アオゾラ　シングローバルブンサンファンド　ゲンテイツイカガタ　ニイゼロニイゴ　ゼロヨン","内国投資信託受益証券","4月20日","","E30689","あおぞら投信株式会社"
"G15473","","未来のわたし（ターゲット・イヤー／～１９７２年生まれ向け、１９７３～１９７７年生まれ向け、１９７８～１９８２年生まれ向け、１９８３～１９８７年生まれ向け、１９８８～１９９２年生まれ向け、１９９３～１９９７年生まれ向け、１９９８～２００２年生まれ向け、２００３～２００７年生まれ向け）","ミライノワタシ　ターゲットイヤー　カラセンキュウヒャクナナジュウニネンウマレムケ　センキュウヒャクナナジュウサンカラセンキュウヒャクナナジュウナナネンウマレムケ　センキュウヒャクナナジュウハチカラセンキュウヒャクハチジュウニネンウマレムケ　センキュウヒャクハチジュウサンカラセンキュウヒャクハチジュウナナネンウマレムケ　センキュウヒャクハチジュウハチカラセンキュウヒャクキュウジュウニネンウマレムケ　センキュウヒャクキュウジュウサンカラセンキュウヒャクキュウジュウナナネンウマレムケ　センキュウヒャクキュウジュウハチカラニセンニネンウマレムケ　ニセンサンカラニセンナナネンウマレムケ","内国投資信託受益証券","12月20日","","E10677","アセットマネジメントＯｎｅ株式会社"
"G15474","","フィデリティ・欧州割安成長株投信　Ａコース（為替ヘッジあり）　フィデリティ・欧州割安成長株投信　Ｂコース（為替ヘッジなし）","フィデリティオウシュウワリヤスセイチョウカブトウシンエーコースカワセヘッジアリ　フィデリティオウシュウワリヤスセイチョウカブトウシンビーコースカワセヘッジナシ","内国投資信託受益証券","2月20日","","E12481","フィデリティ投信株式会社"
"G15475","356A0","グローバルＸ　Ｓ＆Ｐ５００　キャッシュフロー・トップ１００　ＥＴＦ","グローバルエックスエスアンドピーゴヒャクキャッシュフロートップヒャクイーティーエフ","内国投資信託受益証券","4月10日","10月10日","E35933","Ｇｌｏｂａｌ　Ｘ　Ｊａｐａｎ株式会社"
"G15476","","ＪＰＭ日本株式ハイ・インカム・ファンド（毎月決算型）","ジェイピーエムニホンカブシキハイインカムファンドマイツキケッサンガタ","内国投資信託受益証券","3月13日","9月13日","E06264","ＪＰモルガン・アセット・マネジメント株式会社"
"G15477","","ＪＰＭ日本株式ハイ・インカム・ファンド（隔月決算型）","ジェイピーエムニホンカブシキハイインカムファンドカクゲツケッサンガタ","内国投資信託受益証券","3月13日","9月13日","E06264","ＪＰモルガン・アセット・マネジメント株式会社"
"G15478","","ＪＰＭ日本株式ハイ・インカム・ファンド（３ヵ月決算型）","ジェイピーエムニホンカブシキハイインカムファンドサンカゲツケッサンガタ","内国投資信託受益証券","3月13日","9月13日","E06264","ＪＰモルガン・アセット・マネジメント株式会社"
"G15479","","ＪＰＭ日本株式ハイ・インカム・ファンド（年１回決算型）","ジェイピーエムニホンカブシキハイインカムファンドネンイッカイケッサンガタ","内国投資信託受益証券","3月13日","","E06264","ＪＰモルガン・アセット・マネジメント株式会社"
"G15480","","ＵＢＳユニバーサル・トラスト（ケイマン）Ⅲ－ＫＫＲプライベート・マーケッツ・エクイティ・ファンド","ユービーエスユニバーサルトラストケイマンスリーケーケーアールプライベートマーケッツエクイティファンド","外国投資信託受益証券","12月末日","","E15389","ＵＢＳマネジメント（ケイマン）リミテッド"
"G15481","","レッド・アーク・グローバル・インベストメンツ（ケイマン）トラスト－米国マーケット・ストラテジー","レッドアークグローバルインベストメンツケイマントラスト　ベイコクマーケットストラテジー","外国投資信託受益証券","12月末日","","E22200","シティグループ・ファースト・インベストメント・マネジメント・リミテッド"
"G15482","","（アムンディ・インデックスシリーズ）日本・高配当株","アムンディインデックスシリーズニホンコウハイトウカブ","内国投資信託受益証券","5月20日","11月20日","E09666","アムンディ・ジャパン株式会社"
"G15483","354A0","ｉＦｒｅｅＥＴＦ　ブルームバーグ日本株高配当５０指数","アイフリーイーティーエフブルームバーグニホンカブコウハイトウゴジュウシスウ","内国投資信託受益証券","4月7日","10月7日","E06748","大和アセットマネジメント株式会社"
"G15484","","ゴールドマン・サックス社債／ＦＯＬＩＯ・ＡＩマルチアセット戦略ファンド２０２５－０５","ゴールドマンサックスシャサイフォリオエーアイマルチアセットセンリャクファンドニイゼロニイゴゼロゴ","内国投資信託受益証券","5月27日","","E08957","三井住友ＤＳアセットマネジメント株式会社"
"G15485","","東京海上ターゲット・イヤー・ファンド２０４０／２０５０／２０６０／２０７０","トウキョウカイジョウターゲットイヤーファンドニセンヨンジュウニセンゴジュウニセンロクジュウニセンナナジュウ","内国投資信託受益証券","1月25日","","E06433","東京海上アセットマネジメント株式会社"
"G15487","","つみたて日本株式（読売３３３）","ツミタテニホンカブシキヨミウリサンサンサン","内国投資信託受益証券","6月25日","","E11518","三菱ＵＦＪアセットマネジメント株式会社"
"G15488","","グローバル・ロボティクス株式ファンド（予想分配金提示型）、グローバル・ロボティクス株式ファンド（為替ヘッジあり・予想分配金提示型）","グローバル　ロボティクスカブシキファンド　ヨソウブンパイキンテイジガタ　グローバル　ロボティクスカブシキファンド　カワセヘッジアリ　ヨソウブンパイキンテイジガタ","内国投資信託受益証券","1月15日","7月15日","E12430","アモーヴァ・アセットマネジメント株式会社"
"G15489","","ＪＰモルガン・グランド・アセット・アロケーション","ジェイピーモルガングランドアセットアロケーション","内国投資信託受益証券","5月28日","","E06264","ＪＰモルガン・アセット・マネジメント株式会社"
"G15491","","ＪＰモルガン・スマート・インカム（為替ヘッジなし、年１回決算型）","ジェイピーモルガンスマートインカムカワセヘッジナシネンイッカイケッサンガタ","内国投資信託受益証券","3月19日","","E06264","ＪＰモルガン・アセット・マネジメント株式会社"
"G15492","","ＪＰモルガン・スマート・インカム（為替ヘッジなし、隔月決算型）","ジェイピーモルガンスマートインカムカワセヘッジナシカクゲツケッサンガタ","内国投資信託受益証券","3月19日","9月19日","E06264","ＪＰモルガン・アセット・マネジメント株式会社"
"G15493","","ＪＰモルガン・スマート・インカム（為替ヘッジあり、年１回決算型）","ジェイピーモルガンスマートインカムカワセヘッジアリネンイッカイケッサンガタ","内国投資信託受益証券","3月19日","","E06264","ＪＰモルガン・アセット・マネジメント株式会社"
"G15494","","ＪＰモルガン・スマート・インカム（為替ヘッジあり、隔月決算型）","ジェイピーモルガンスマートインカムカワセヘッジアリカクゲツケッサンガタ","内国投資信託受益証券","3月19日","9月19日","E06264","ＪＰモルガン・アセット・マネジメント株式会社"
"G15495","","ＵＳグローシリーズ","ユーエスグローシリーズ","内国投資信託受益証券","2月25日","","E31533","スカイオーシャン・アセットマネジメント株式会社"
"G15496","","オーイー・キャナル・アンブレラ・トラスト－ゴラブ・キャピタル・プライベート・クレジット・ファンド","オーイーキャナルアンブレラトラストゴラブキャピタルプライベートクレジットファンド","外国投資信託受益証券","9月末日","","E40989","エマージング・アセット・マネジメント・リミテッド"
"G15497","","セゾンのスマート不動産投資－神楽坂・早稲田・西早稲田・巣鴨・大森・大森町－（譲渡制限付）","セゾンノスマートフドウサントウシカグラザカワセダニシワセダスガモオオモリオオモリマチジョウトセイゲンツキ","内国信託受益証券・信託受益権","5月末日","","E03041","株式会社クレディセゾン"
"G15498","","ＨＳＢＣグローバル・ターゲット利回り債券ファンド２０２５－０５（限定追加型）","エイチエスビーシーグローバルターゲットリマワリサイケンファンドニゼロニゴゼロゴゲンテイツイカガタ","内国投資信託受益証券","8月15日","","E12492","ＨＳＢＣアセットマネジメント株式会社"
"G15499","","ソフォス・ケイマン・トラストⅡ－グローバル・エクイティ・ストラテジーズ・ファンド（ＳＭＡ）","ソフォスケイマントラストツーグローバルエクイティストラテジーズファンドエスエムエー","外国投資信託受益証券","2月末日","","E34767","ファンドロジック（ジャージー）リミテッド"
"G15500","","ソフォス・ケイマン・トラストⅡ－グローバル・フィクストインカム・ストラテジーズ・ファンド（ＳＭＡ）","ソフォスケイマントラストツーグローバルフィクストインカムストラテジーズファンドエスエムエー","外国投資信託受益証券","2月末日","","E34767","ファンドロジック（ジャージー）リミテッド"
"G15501","","ソフォス・ケイマン・トラストⅡ－グローバル・オルタナティブ・ストラテジーズ・ファンド（ＳＭＡ）","ソフォスケイマントラストツーグローバルオルタナティブストラテジーズファンドエスエムエー","外国投資信託受益証券","2月末日","","E34767","ファンドロジック（ジャージー）リミテッド"
"G15502","","ソフォス・ケイマン・トラストⅡ－グローバル・エクイティ・ストラテジーズ・ファンド・プレミアム（ＳＭＡ）","ソフォスケイマントラストツーグローバルエクイティストラテジーズファンドプレミアムエスエムエー","外国投資信託受益証券","2月末日","","E34767","ファンドロジック（ジャージー）リミテッド"
"G15503","","ソフォス・ケイマン・トラストⅡ－グローバル・フィクストインカム・ストラテジーズ・ファンド・プレミアム（ＳＭＡ）","ソフォスケイマントラストツーグローバルフィクストインカムストラテジーズファンドプレミアムエスエムエー","外国投資信託受益証券","2月末日","","E34767","ファンドロジック（ジャージー）リミテッド"
"G15504","","ソフォス・ケイマン・トラストⅡ－グローバル・オルタナティブ・ストラテジーズ・ファンド・プレミアム（ＳＭＡ）","ソフォスケイマントラストツーグローバルオルタナティブストラテジーズファンドプレミアムエスエムエー","外国投資信託受益証券","2月末日","","E34767","ファンドロジック（ジャージー）リミテッド"
"G15505","","グローバル株式インカム（３ヵ月決算型）予想分配金提示型","グローバルカブシキインカムサンカゲツケッサンガタヨソウブンパイキンテイジガタ","内国投資信託受益証券","5月7日","11月7日","E11518","三菱ＵＦＪアセットマネジメント株式会社"
"G15506","","グローバル株式インカム（年１回決算型）","グローバルカブシキインカムネンイッカイケッサンガタ","内国投資信託受益証券","11月7日","","E11518","三菱ＵＦＪアセットマネジメント株式会社"
"G15507","","グローバル株式・プレミアム・セレクション（ＳＭＡ）","グローバルカブシキプレミアムセレクションエスエムエー","内国投資信託受益証券","9月25日","","E11518","三菱ＵＦＪアセットマネジメント株式会社"
"G15508","","グローバル債券・プレミアム・セレクション（ＳＭＡ）","グローバルサイケンプレミアムセレクションエスエムエー","内国投資信託受益証券","9月25日","","E11518","三菱ＵＦＪアセットマネジメント株式会社"
"G15509","","グローバルオルタナティブ・プレミアム・セレクション（ＳＭＡ）","グローバルオルタナティブプレミアムセレクションエスエムエー","内国投資信託受益証券","9月25日","","E11518","三菱ＵＦＪアセットマネジメント株式会社"
"G15510","","ＮＡＳＤＡＱ１００ゴールドプラス","ナスダックヒャクゴールドプラス","内国投資信託受益証券","10月10日","","E12430","アモーヴァ・アセットマネジメント株式会社"
"G15511","","ＤＣターゲット・イヤー　ファンド２０６５","ディーシーターゲット　イヤー　ファンドニセンロクジュウゴ","内国投資信託受益証券","8月28日","","E12444","三井住友トラスト・アセットマネジメント株式会社"
"G15512","360A0","東証ＲＥＩＴ　Ｃｏｒｅ　ＥＴＦ","トウショウリート　コア　イーティーエフ","内国投資信託受益証券","4月12日","10月12日","E14415","シンプレクス・アセット・マネジメント株式会社"
"G15513","","次世代ＡＩ株式戦略ファンド","ジセダイエーアイカブシキセンリャクファンド","内国投資信託受益証券","5月9日","11月9日","E12441","ＳＢＩ岡三アセットマネジメント株式会社"
"G15514","","九州未来ファンド","キュウシュウミライファンド","内国投資信託受益証券","3月10日","","E12448","明治安田アセットマネジメント株式会社"
"G15515","","明治安田グローバル債券／バイ・ザ・ディップ戦略ファンド２０２５－０６","メイジヤスダグローバルサイケン　バイ　ザ　ディップセンリャクファンドニセンニジュウゴノゼロロク","内国投資信託受益証券","10月21日","","E12448","明治安田アセットマネジメント株式会社"
"G15516","","Ｔｒａｃｅｒｓ　ＤＪ　ＵＳディビデンド１００（米国高配当株式）年４回分配型","トレイサーズ　ディージェー　ユーエスディビデンドヒャク　ベイコクコウハイトウカブシキ　ネンヨンカイブンパイガタ","内国投資信託受益証券","4月4日","10月4日","E12430","アモーヴァ・アセットマネジメント株式会社"
"G15517","","ケネディクス・リアルティ・トークン　物流センター　－厚木・八千代・野田－（譲渡制限付）","ケネディクスリアルティトークンブツリュウセンターアツギヤチヨノダジョウトセイゲンツキ","内国信託受益証券・信託受益権","4月末日","10月末日","E03628","みずほ信託銀行株式会社"
"G15518","","楽天・マネーファンド","ラクテン　マネーファンド","内国投資信託受益証券","4月末日","10月末日","E15787","楽天投信投資顧問株式会社"
"G15519","","たわらノーロード　インド株式ＮｉｆｔｙＭｉｄｃａｐ５０","タワラノーロード　インドカブシキニフティミッドキャップゴジュウ","内国投資信託受益証券","10月12日","","E10677","アセットマネジメントＯｎｅ株式会社"
"G15520","","スターツ・アセット・トークン～両国・千鳥町～（譲渡制限付）","スターツアセットトークン　リョウゴクチドリチョウ　ジョウトセイゲンツキ","内国信託受益証券・信託受益権","1月末日","7月末日","E40638","スターツ信託株式会社"
"G15521","363A0","ｉＦｒｅｅＥＴＦ　英国ＦＴＳＥ１００","アイフリーイーティーエフ　エイコクフッツィーヒャク","内国投資信託受益証券","4月10日","10月10日","E06748","大和アセットマネジメント株式会社"
"G15522","","ｓｕｓｔｅｎ新興国インカム・インデックスファンド（年４回決算型）","サステンシンコウコクインカムインデックスファンド　ネンヨンカイケッサンガタ","内国投資信託受益証券","1月25日","7月25日","E36006","株式会社ｓｕｓｔｅｎキャピタル・マネジメント"
"G15523","","ニッセイ・円建てグローバル社債／バランスファンド２０２５－０６","ニッセイエンダテグローバルシャサイバランスファンドニゼロニゴゼロロク","内国投資信託受益証券","6月20日","","E12453","ニッセイアセットマネジメント株式会社"
"G15524","","全世界株式インデックス・ファンド（オール・カントリー）","ゼンセカイカブシキインデックスファンドオールカントリー","内国投資信託受益証券","6月15日","","E06748","大和アセットマネジメント株式会社"
"G15525","","ＳＭＤ－ＡＭユニバーサル・トラスト－ＥＱＴネクサス・ＥＮＸＦ　ＳＩＣＡＶファンド","エスエムディーエーエムユニバーサルトラストイーキューティーネクサスイーエヌエックスエフシキャブファンド","外国投資信託受益証券","2月末日","","E40672","セレス・ファンド・マネジメント（ケイマン）リミテッド"
"G15526","","Ｆ．ｂｉｔ航空機小口化商品第１号（譲渡制限付・為替ヘッジなし）","エフビットコウクウキコグチカショウヒンダイイチゴウ","内国信託受益証券・信託受益権","5月末日","","E38599","株式会社ＦＰＧ信託"
"G15527","","インデックスコレクション（日経２２５）","インデックスコレクション　ニッケイニーニーゴ","内国投資信託受益証券","7月25日","","E12444","三井住友トラスト・アセットマネジメント株式会社"
"G15528","","ティー・ロウ・プライス　米国株式リサーチファンド","ティーロウプライス　ベイコクカブシキリサーチファンド","内国投資信託受益証券","10月24日","","E33958","ティー・ロウ・プライス・ジャパン株式会社"
"G15529","","ケネディクス・リアルティ・トークン　住宅ポートフォリオ　－　バリューアッド戦略　－（デジタル名義書換方式）","ケネディクスリアルティトークン　ジュウタクポートフォリオ　バリューアッドセンリャク　デジタルメイギカキカエホウシキ","内国信託受益証券・信託受益権","4月末日","10月末日","E30037","株式会社ＳＭＢＣ信託銀行"
"G15530","364A0","ＮＥＸＴ　ＦＵＮＤＳ　Ｓ＆Ｐ　５００　配当貴族指数連動型上場投信","ネクストファンズエスアンドピーゴヒャクハイトウキゾクシスウレンドウガタジョウジョウトウシン","内国投資信託受益証券","3月7日","9月7日","E12460","野村アセットマネジメント株式会社"
"G15531","","ＳＢＩ日本株３．８ベアⅢ","エスビーアイ　ニホンカブサンテンハチ　ベア　スリー","内国投資信託受益証券","5月21日","","E13447","ＳＢＩアセットマネジメント株式会社"
"G15532","","Ｓｍａｒｔ－ｉ　米国株式配当貴族インデックス","スマート　アイ　ベイコクカブシキハイトウキゾクインデックス","内国投資信託受益証券","6月25日","","E32011","りそなアセットマネジメント株式会社"
"G15533","","ＳＢＩ・Ｖ・米国ＲＥＩＴファンド（年４回決算型）","エスビーアイ　ブイ　ベイコクリートファンド　ネンヨンカイケッサンガタ","内国投資信託受益証券","4月20日","10月20日","E13447","ＳＢＩアセットマネジメント株式会社"
"G15534","","ベトナム＆アジア成長国ファンド","ベトナムアンドアジアセイチョウコクファンド","内国投資信託受益証券","5月20日","11月20日","E27917","ファイブスター投信投資顧問株式会社"
"G15535","401A0","霞ヶ関ホテルリート投資法人","カスミガセキホテルリートトウシホウジン","内国投資証券","1月末日","7月末日","E40695","霞ヶ関ホテルリート投資法人"
"G15536","","カレラ日本好配当ファンド（毎月分配型）","カレラニホンコウハイトウファンド　マイツキブンパイガタ","内国投資信託受益証券","6月20日","12月20日","E26704","カレラアセットマネジメント株式会社"
"G15537","","ブラックストーン・プライベート・クレジット・ＪＰＹファンド（毎月分配型）","ブラックストーンプライベートクレジットジェーピーワイファンドマイツキブンパイガタ","内国投資信託受益証券","3月27日","9月27日","E06748","大和アセットマネジメント株式会社"
"G15538","376A0","ＮＥＸＴ　ＦＵＮＤＳ　ブルームバーグ米国国債（７－１０年）インデックス（７５％為替ヘッジあり）連動型上場投信","ネクストファンズブルームバーグベイコクコクサイナナネンジュウネンインデックスナナジュウゴパーセントカワセヘッジアリレンドウガタジョウジョウトウシン","内国投資信託受益証券","5月7日","11月7日","E12460","野村アセットマネジメント株式会社"
"G15539","","ヌビーン・ＣＭＢＳインカムファンド２０２５－０７（為替ヘッジあり）（限定追加型）　ヌビーン・ＣＭＢＳインカムファンド２０２５－０７（為替ヘッジなし）（限定追加型）","ヌビーンシーエムビーエスインカムファンドニイゼロニイゴゼロナナカワセヘッジアリゲンテイツイカガタ　ヌビーンシーエムビーエスインカムファンドニイゼロニイゴゼロナナカワセヘッジナシゲンテイツイカガタ","内国投資信託受益証券","8月19日","","E08957","三井住友ＤＳアセットマネジメント株式会社"
"G15540","","のむラップ・ファンド（保守型）年３％目標分配金受取型、のむラップ・ファンド（積極型）年３％目標分配金受取型、のむラップ・ファンド（積極型）年６％目標分配金受取型","ノムラップファンドホシュガタネンサンパーセントモクヒョウブンパイキンウケトリガタ　ノムラップファンドセッキョクガタネンサンパーセントモクヒョウブンパイキンウケトリガタ　ノムラップファンドセッキョクガタネンロクパーセントモクヒョウブンパイキンウケトリガタ","内国投資信託受益証券","3月18日","9月18日","E12460","野村アセットマネジメント株式会社"
"G15541","380A0","グローバルＸ　チャイナテック　ＥＴＦ","グローバルエックスチャイナテックイーティーエフ","内国投資信託受益証券","1月10日","7月10日","E35933","Ｇｌｏｂａｌ　Ｘ　Ｊａｐａｎ株式会社"
"G15542","","（早期償還条項付）野村ハイベータ日本株２５０６","ソウキショウカンジョウコウツキノムラハイベータニホンカブニイゴゼロロク","内国投資信託受益証券","6月17日","","E12460","野村アセットマネジメント株式会社"
"G15543","379A0","グローバルＸ　Ｓ＆Ｐ５００　ＥＴＦ（ダイナミック・プロテクション）","グローバルエックスエスアンドピーゴヒャクイーティーエフダイナミックプロテクション","内国投資信託受益証券","4月10日","10月10日","E35933","Ｇｌｏｂａｌ　Ｘ　Ｊａｐａｎ株式会社"
"G15544","","ラップ向け２資産アロケーションファンドⅠ（米国株式・世界債券）、ラップ向け２資産アロケーションファンドⅡ（米国株式・世界債券）、ラップ向け２資産アロケーションファンドⅢ（米国株式・世界債券）、ラップ向け２資産アロケーションファンドⅣ（米国株式・世界債券）","ラップムケニシサンアロケーションファンドワンベイコクカブシキセカイサイケンラップムケニシサンアロケーションファンドツーベイコクカブシキセカイサイケンラップムケニシサンアロケーションファンドスリーベイコクカブシキセカイサイケンラップムケニシサンアロケーションファンドフォーベイコクカブシキセカイサイケン","内国投資信託受益証券","4月20日","","E11518","三菱ＵＦＪアセットマネジメント株式会社"
"G15545","","Ｏｎｅ円建て債券ファンドⅤ　２０２５－０７","ワンエンダテサイケンファンドファイブニイゼロニイゴウゼロナナ","内国投資信託受益証券","11月25日","","E10677","アセットマネジメントＯｎｅ株式会社"
"G15546","381A0","ｉＦｒｅｅＥＴＦ　米国国債３－５年（為替ヘッジなし）","アイフリーイーティーエフベイコクコクサイサンゴネンカワセヘッジナシ","内国投資信託受益証券","5月10日","11月10日","E06748","大和アセットマネジメント株式会社"
"G15547","382A0","ｉＦｒｅｅＥＴＦ　米国国債３－５年（為替ヘッジあり）","アイフリーイーティーエフベイコクコクサイサンゴネンカワセヘッジアリ","内国投資信託受益証券","5月10日","11月10日","E06748","大和アセットマネジメント株式会社"
"G15548","","りそなターゲット・イヤー・ファンド２０７０（運用継続型）、りそなターゲット・イヤー・ファンド２０７５（運用継続型）","リソナターゲット　イヤー　ファンドニイゼロナナゼロ　ウンヨウケイゾクガタ　リソナターゲット　イヤー　ファンドニイゼロナナゴー　ウンヨウケイゾクガタ","内国投資信託受益証券","7月15日","","E32011","りそなアセットマネジメント株式会社"
"G15549","","りそなターゲット・イヤー・ファンド２０７０、りそなターゲット・イヤー・ファンド２０７５","リソナターゲット　イヤー　ファンドニイゼロナナゼロ　リソナターゲット　イヤー　ファンドニイゼロナナゴー","内国投資信託受益証券","3月25日","","E32011","りそなアセットマネジメント株式会社"
"G15552","","ＳＢＩネクスト・フロンティア高配当株式ファンド（年４回決算型）","エスビーアイ　ネクスト　フロンティア　コウハイトウカブシキ　ファンド　ネンヨンカイケッサンガタ","内国投資信託受益証券","5月20日","11月20日","E13447","ＳＢＩアセットマネジメント株式会社"
"G15553","","インベスコＱＱＱ　メガ・ファンド","インベスコキューキューキューメガファンド","内国投資信託受益証券","6月10日","","E06479","インベスコ・アセット・マネジメント株式会社"
"G15554","","ｉＦｒｅｅレバレッジ　Ｚテック２０・２倍ブル","アイフリーレバレッジゼットテックニジュウニバイブル","内国投資信託受益証券","12月10日","","E06748","大和アセットマネジメント株式会社"
"G15555","","ニッセイ高株主還元日本株ファンド（毎月決算型）","ニッセイコウカブヌシカンゲンニホンカブファンドマイツキケッサンガタ","内国投資信託受益証券","1月10日","7月10日","E12453","ニッセイアセットマネジメント株式会社"
"G15556","","あおぞら・新グローバル分散ファンド（限定追加型）２０２５－０７","アオゾラ　シングローバルブンサンファンド　ゲンテイツイカガタ　ニイゼロニイゴ　ゼロナナ","内国投資信託受益証券","4月20日","","E30689","あおぞら投信株式会社"
"G15557","","あおぞら・新グローバル・プレミアム・ファンド（当初漸増期間付、限定追加型）２０２５－０７","アオゾラ　シングローバル　プレミアム　ファンド　トウショゼンゾウキカンツキ　ゲンテイツイカガタ　ニイゼロニイゴ　ゼロナナ","内国投資信託受益証券","4月20日","","E30689","あおぞら投信株式会社"
"G15558","","三井物産グループのデジタル証券～銀座～（譲渡制限付）","ミツイブッサングループノデジタルショウケンギンザジョウトセイゲンツキ","内国信託受益証券・信託受益権","1月31日","7月31日","E03626","三菱ＵＦＪ信託銀行株式会社"
"G15559","383A0","ＭＡＸＩＳ　Ｓ＆Ｐ５００均等ウェイト上場投信","マクシスエスアンドピーゴヒャクキントウウェイトジョウジョウトウシン","内国投資信託受益証券","6月8日","12月8日","E11518","三菱ＵＦＪアセットマネジメント株式会社"
"G15560","","ＬＯＳＡ長期保有型国際分散インデックスファンド","ローサチョウキホユウガタコクサイブンサンインデックスファンド","内国投資信託受益証券","12月5日","","E10677","アセットマネジメントＯｎｅ株式会社"
"G15561","","ＡＩプラスファンド","エーアイプラスファンド","内国投資信託受益証券","5月10日","11月10日","E10677","アセットマネジメントＯｎｅ株式会社"
"G15562","","インデックスオープン・日経２２５","インデックスオープンニッケイニニゴ","内国投資信託受益証券","3月5日","","E10677","アセットマネジメントＯｎｅ株式会社"
"G15563","","インデックスオープン・アメリカ株式","インデックスオープンアメリカカブシキ","内国投資信託受益証券","4月15日","","E10677","アセットマネジメントＯｎｅ株式会社"
"G15564","","インデックスオープン・世界株式","インデックスオープンセカイカブシキ","内国投資信託受益証券","7月15日","","E10677","アセットマネジメントＯｎｅ株式会社"
"G15565","","インデックスオープン・先進国株式","インデックスオープンセンシンコクカブシキ","内国投資信託受益証券","7月15日","","E10677","アセットマネジメントＯｎｅ株式会社"
"G15566","","日興ワールド・トラスト－アレス・ストラテジック・インカム・ファンド","ニッコウワールドトラストアレスストラテジックインカムファンド","外国投資信託受益証券","2月末日","","E14853","ＳＭＢＣ日興インベストメント・ファンド・マネジメント・カンパニー・エス・エイ"
"G15567","","三菱ＵＦＪ　資産配分最適化バランス（Ｒ１）／（Ｒ２）／（Ｒ３）／（Ｒ４）／（Ｒ５）","ミツビシユーエフジェイシサンハイブンサイテキカバランスアールイチアールニアールサンアールヨンアールゴ","内国投資信託受益証券","1月26日","","E11518","三菱ＵＦＪアセットマネジメント株式会社"
"G15568","392A0","ｉシェアーズ　ＮＡＳＤＡＱ　トップ　３０　ＥＴＦ","アイシェアーズ　ナスダック　トップ　サンジュウ　イーティーエフ","内国投資信託受益証券","2月9日","8月9日","E09096","ブラックロック・ジャパン株式会社"
"G15570","","ＧＳ　Ｐｌｕｓ全世界株式（オ―ル・カントリー）","ジーエス　プラス　ゼンセカイカブシキ　オールカントリー","内国投資信託受益証券","4月20日","","E12457","ゴールドマン・サックス・アセット・マネジメント株式会社"
"G15571","","楽天・ターゲットイヤー２０５５／楽天・ターゲットイヤー２０６０","ラクテン　ターゲットイヤーニセンゴジュウゴ　ラクテン　ターゲットイヤーニセンロクジュウ","内国投資信託受益証券","9月20日","","E15787","楽天投信投資顧問株式会社"
"G15572","","ニッセイ投資適格社債ファンド２０２５－０８（為替ヘッジあり・４年投資型）","ニッセイトウシテキカクシャサイファンドニゼロニゴゼロハチカワセヘッジアリヨネントウシガタ","内国投資信託受益証券","12月5日","","E12453","ニッセイアセットマネジメント株式会社"
"G15573","","Ｍｙ　ＳＭＴ　ラッセル２０００米国中小型株式インデックス（ノーロード）","マイ　エスエムティー　ラッセルニセンベイコクチュウコガタカブシキインデックス　ノーロード","内国投資信託受益証券","6月20日","","E12444","三井住友トラスト・アセットマネジメント株式会社"
"G15574","","ＦＷニッセイゴールドファンド","エフダブリュニッセイゴールドファンド","内国投資信託受益証券","12月10日","","E12453","ニッセイアセットマネジメント株式会社"
"G15575","","Ｍｙ　ＳＭＴ　ラッセル３０００全米株式インデックス（ノーロード）","マイ　エスエムティー　ラッセルサンゼンゼンベイカブシキインデックス　ノーロード","内国投資信託受益証券","6月20日","","E12444","三井住友トラスト・アセットマネジメント株式会社"
"G15576","","暗号資産関連株式ファンド","アンゴウシサンカンレンカブシキファンド","内国投資信託受益証券","7月10日","","E10677","アセットマネジメントＯｎｅ株式会社"
"G15578","394A0","業界改革厳選ＥＴＦテレビ業界","ギョウカイカイカクゲンセンイーティーエフテレビギョウカイ","内国投資信託受益証券","7月12日","","E14415","シンプレクス・アセット・マネジメント株式会社"
"G15579","395A0","業界改革厳選ＥＴＦ地銀","ギョウカイカイカクゲンセンイーティーエフチギン","内国投資信託受益証券","7月12日","","E14415","シンプレクス・アセット・マネジメント株式会社"
"G15580","396A0","業界改革厳選ＥＴＦ　ＲＥＩＴイベント・ドリブン","ギョウカイカイカクゲンセンイーティーエフ　リートイベント　ドリブン","内国投資信託受益証券","1月12日","7月12日","E14415","シンプレクス・アセット・マネジメント株式会社"
"G15581","","楽天・高配当株式・日本ファンド（資産成長型）","ラクテン　コウハイトウカブシキ　ニホンファンド　シサンセイチョウガタ","内国投資信託受益証券","6月25日","","E15787","楽天投信投資顧問株式会社"
"G15582","","楽天・オールカントリー株式（除く日本）インデックス・ファンド","ラクテン　オールカントリーカブシキ　ノゾクニホン　インデックス　ファンド","内国投資信託受益証券","7月15日","","E15787","楽天投信投資顧問株式会社"
"G15583","","楽天・エマージング株式インデックス・ファンド","ラクテン　エマージングカブシキインデックス　ファンド","内国投資信託受益証券","7月15日","","E15787","楽天投信投資顧問株式会社"
"G15584","","楽天・シュワブ・高配当株式・米国ファンド（資産成長型）","ラクテン　シュワブ　コウハイトウカブシキ　ベイコクファンド　シサンセイチョウガタ","内国投資信託受益証券","8月25日","","E15787","楽天投信投資顧問株式会社"
"G15585","","Ｏｎｅ／ウエリントン・コントラリアン・バリュー・ファンド","ワンウエリントンコントラリアンバリューファンド","内国投資信託受益証券","8月1日","","E10677","アセットマネジメントＯｎｅ株式会社"
"G15586","","ＳＢＩ・Ｖ・全世界株式（除く米国）ファンド","エスビーアイ　ヴィ　ゼンセカイカブシキ　ノゾクベイコク　ファンド","内国投資信託受益証券","7月20日","","E13447","ＳＢＩアセットマネジメント株式会社"
"G15587","","ＪＡバンクよりそいノーロード日本株式　日経２２５","ジェイエイバンクヨリソイノーロードニホンカブシキ　ニッケイニイニイゴ","内国投資信託受益証券","11月15日","","E12882","農林中金全共連アセットマネジメント株式会社"
"G15588","","ＪＡバンクよりそいノーロード米国株式　Ｓ＆Ｐ５００","ジェイエイバンクヨリソイノーロードベイコクカブシキ　エスアンドピーゴヒャク","内国投資信託受益証券","11月15日","","E12882","農林中金全共連アセットマネジメント株式会社"
"G15589","","ＪＡバンクよりそいノーロード全世界株式","ジェイエイバンクヨリソイノーロードゼンセカイカブシキ","内国投資信託受益証券","4月25日","","E12882","農林中金全共連アセットマネジメント株式会社"
"G15590","","ＪＡバンクよりそいノーロード先進国株式（除く日本）","ジェイエイバンクヨリソイノーロードセンシンコクカブシキ　ノゾクニホン","内国投資信託受益証券","4月25日","","E12882","農林中金全共連アセットマネジメント株式会社"
"G15591","","ＪＡバンクよりそいノーロード新興国株式","ジェイエイバンクヨリソイノーロードシンコウコクカブシキ","内国投資信託受益証券","4月25日","","E12882","農林中金全共連アセットマネジメント株式会社"
"G15592","399A0","上場インデックスファンド日経平均高配当株５０","ジョウジョウインデックスファンドニッケイヘイキンコウハイトウカブゴジュウ","内国投資信託受益証券","4月4日","10月4日","E12430","アモーヴァ・アセットマネジメント株式会社"
"G15593","","にいがた未来応援アジア・パシフィック株式ファンド","ニイガタミライオウエンアジアパシフィックカブシキファンド","内国投資信託受益証券","6月15日","","E12448","明治安田アセットマネジメント株式会社"
"G15594","","ＧＳグローバル（除く米国）割安高配当株式ファンド　年４回決算コース","ジーエスグローバルノゾクベイコクワリヤスコウハイトウカブシキファンドネンヨンカイケッサンコース","内国投資信託受益証券","1月20日","7月20日","E12457","ゴールドマン・サックス・アセット・マネジメント株式会社"
"G15595","","ＧＳグローバル（除く米国）割安高配当株式ファンド　年１回決算コース","ジーエスグローバルノゾクベイコクワリヤスコウハイトウカブシキファンドネンイッカイケッサンコース","内国投資信託受益証券","1月20日","","E12457","ゴールドマン・サックス・アセット・マネジメント株式会社"
"G15596","","ａｕＡＭレバレッジ・ハンセン・中国ファンド（円コース）／ａｕＡＭレバレッジ・ハンセン・中国ファンド（香港ドルコース）","エーユーエーエムレバレッジハンセンチュウゴクファンドエンコース　エーユーエーエムレバレッジハンセンチュウゴクファンドホンコンドルコース","内国投資信託受益証券","8月21日","","E34254","ａｕアセットマネジメント株式会社"
"G15597","","米ドル建ＨＳＢＣ社債／欧州株式戦略ファンド（早期償還条項付）２０２５－０８","ベイドルダテエイチエスビーシーシャサイオウシュウカブシキセンリャクファンドソウキショウカンジョウコウツキニゼロニゴゼロハチ","内国投資信託受益証券","10月20日","","E12434","ＳＯＭＰＯアセットマネジメント株式会社"
"G15598","","ｉＦｒｅｅＮＥＸＴ　全世界半導体株インデックス","アイフリーネクストゼンセカイハンドウタイカブインデックス","内国投資信託受益証券","7月28日","","E06748","大和アセットマネジメント株式会社"
"G15599","","ステート・ストリート・ゴールド・オープン（為替ヘッジなし）／ステート・ストリート・ゴールド・オープン（為替ヘッジあり）","ステートストリートゴールドオープンカワセヘッジナシ　ステートストリートゴールドオープンカワセヘッジアリ","内国投資信託受益証券","6月20日","","E12963","ステート・ストリート・グローバル・アドバイザーズ株式会社"
"G15600","","ＤＣターゲット・イヤーファンド（ライフステージ対応型）２０７０　ＤＣターゲット・イヤーファンド（ライフステージ対応型）２０７５","ディーシーターゲット　イヤーファンド　ライフステージタイオウガタ　ニセンナナジュウ　ディーシーターゲット　イヤーファンド　ライフステージタイオウガタ　ニセンナナジュウゴ","内国投資信託受益証券","6月10日","","E12444","三井住友トラスト・アセットマネジメント株式会社"
"G15601","","モルガン・スタンレー　米国株式インサイト戦略ファンド（為替ヘッジあり）／（為替ヘッジなし）","モルガンスタンレーベイコクカブシキインサイトセンリャクファンドカワセヘッジアリカワセヘッジナシ","内国投資信託受益証券","5月25日","","E11518","三菱ＵＦＪアセットマネジメント株式会社"
"G15602","","三井物産グループのデジタル証券～川崎・商業～（譲渡制限付）","ミツイブッサングループノデジタルショウケンカワサキショウギョウジョウトセイゲンツキ","内国信託受益証券・信託受益権","4月末日","10月末日","E40784","オルタナ信託株式会社"
"G15603","","楽天・欧州株式インデックス・ファンド","ラクテン　オウシュウカブシキインデックス　ファンド","内国投資信託受益証券","4月22日","","E15787","楽天投信投資顧問株式会社"
"G15604","","楽天・米国成長株式・プレミアム・インカム・ファンド（毎月決算型）","ラクテン　ベイコクセイチョウカブシキ　プレミアム　インカム　ファンド　マイツキケッサンガタ","内国投資信託受益証券","6月15日","12月15日","E15787","楽天投信投資顧問株式会社"
"G15605","","ケネディクス・リアルティ・トークン　Ｗ　ＯＳＡＫＡ（デジタル名義書換方式）","ケネディクスリアルティトークンダブリューオオサカデジタルメイギカキカエホウシキ","内国信託受益証券・信託受益権","1月31日","7月31日","E03626","三菱ＵＦＪ信託銀行株式会社"
"G15606","","ニューバーガー・インド成長株ファンド（資産成長型）","ニューバーガーインドセイチョウカブファンドシサンセイチョウガタ","内国投資信託受益証券","1月9日","","E12447","朝日ライフ　アセットマネジメント株式会社"
"G15607","","ニューバーガー・インド成長株ファンド（年４回決算型）","ニューバーガーインドセイチョウカブファンドネンヨンカイケッサンガタ","内国投資信託受益証券","1月9日","7月9日","E12447","朝日ライフ　アセットマネジメント株式会社"
"G15608","","日本株式・ゴールドアロケーションファンド","ニホンカブシキ　ゴールドアロケーションファンド","内国投資信託受益証券","7月25日","","E32011","りそなアセットマネジメント株式会社"
"G15609","","全世界株式・ゴールドアロケーションファンド","ゼンセカイカブシキ　ゴールドアロケーションファンド","内国投資信託受益証券","7月25日","","E32011","りそなアセットマネジメント株式会社"
"G15610","","ニッセイ・インド株式オープン（資産成長型）","ニッセイインドカブシキオープンシサンセイチョウガタ","内国投資信託受益証券","8月23日","","E12453","ニッセイアセットマネジメント株式会社"
"G15611","","ニッセイ・インド株式オープン（３ヵ月決算型）","ニッセイインドカブシキオープンサンカゲツケッサンガタ","内国投資信託受益証券","2月23日","8月23日","E12453","ニッセイアセットマネジメント株式会社"
"G15612","","ニッセイ／シュローダー好利回りＣＢファンド２０２５－０９（為替ヘッジあり・限定追加型）","ニッセイシュローダーコウリマワリシービーファンドニゼロニゴゼロキュウカワセヘッジアリゲンテイツイカガタ","内国投資信託受益証券","9月15日","","E12453","ニッセイアセットマネジメント株式会社"
"G15613","","ニッセイ／シュローダー好利回りＣＢファンド２０２５－０９（為替ヘッジなし・限定追加型）","ニッセイシュローダーコウリマワリシービーファンドニゼロニゴゼロキュウカワセヘッジナシゲンテイツイカガタ","内国投資信託受益証券","9月15日","","E12453","ニッセイアセットマネジメント株式会社"
"G15614","","プロテクト水準毎年設定型・米国株式ファンド２０２５－０９（限定追加型）","プロテクトスイジュンマイトシセッテイガタベイコクカブシキファンドニゼロニゴゼロキュウゲンテイツイカガタ","内国投資信託受益証券","9月10日","","E12434","ＳＯＭＰＯアセットマネジメント株式会社"
"G15615","","ティー・ロウ・プライス　米国成長株式ファンド（毎月決算・予想分配金提示型）","ティーロウプライス　ベイコクセイチョウカブシキファンド　マイツキケッサン　ヨソウブンパイキンテイジガタ","内国投資信託受益証券","11月15日","5月15日","E33958","ティー・ロウ・プライス・ジャパン株式会社"
"G15616","","ティー・ロウ・プライス　米国オールキャップ株式ファンド（毎月決算・予想分配金提示型）","ティーロウプライス　ベイコクオールキャップカブシキファンド　マイツキケッサン　ヨソウブンパイキンテイジガタ","内国投資信託受益証券","11月15日","5月15日","E33958","ティー・ロウ・プライス・ジャパン株式会社"
"G15617","","野村グローバル高配当株プレミアム（米ドルコース）毎月分配型、野村グローバル高配当株プレミアム（米ドルコース）年２回決算型","ノムラグローバルコウハイトウカブプレミアムベイドルコースマイツキブンパイガタ　ノムラグローバルコウハイトウカブプレミアムネンニカイケッサンガタ","内国投資信託受益証券","5月17日","11月17日","E12460","野村アセットマネジメント株式会社"
"G15618","","ＳＢＩオルタナティブ・ハイインカム・セレクト・ファンド（年４回決算型）","エスビーアイ　オルタナティブ　ハイインカム　セレクト　ファンド　ネンヨンカイケッサンガタ","内国投資信託受益証券","1月20日","7月20日","E13447","ＳＢＩアセットマネジメント株式会社"
"G15619","404A0","グローバルＸ　チャイナテック・トップ１０　ＥＴＦ","グローバルエックスチャイナテックトップテンイーティーエフ","内国投資信託受益証券","2月10日","8月10日","E35933","Ｇｌｏｂａｌ　Ｘ　Ｊａｐａｎ株式会社"
"G15620","","カレラ英連邦３国ファンド","カレラエイレンポウサンゴクファンド","内国投資信託受益証券","3月20日","9月20日","E26704","カレラアセットマネジメント株式会社"
"G15621","","ｉＦｒｅｅＨＯＬＤ　日本国債（ＪＧＢ２０５６）","アイフリーホールドニホンコクサイジェージービーニゼロゴロク","内国投資信託受益証券","9月20日","","E06748","大和アセットマネジメント株式会社"
"G15622","408A0","ｉシェアーズ　ＡＩ　グローバル・イノベーション　アクティブ　ＥＴＦ","アイシェアーズ　エーアイ　グローバルイノベーション　アクティブ　イーティーエフ","内国投資信託受益証券","2月9日","8月9日","E09096","ブラックロック・ジャパン株式会社"
"G15623","","ドナルド・スミス　グローバル・ディープバリュー戦略株式ファンド","ドナルドスミスグローバルディープバリューセンリャクカブシキファンド","内国投資信託受益証券","8月28日","","E08957","三井住友ＤＳアセットマネジメント株式会社"
"G15624","","Ｏｎｅグローバル債券ファンド２０２５－１０（限定追加型）（為替ヘッジあり／為替ヘッジなし）","ワングローバルサイケンファンドニイゼロニイゴウイチゼロゲンテイツイカガタカワセヘッジアリカワセヘッジナシ","内国投資信託受益証券","10月18日","","E10677","アセットマネジメントＯｎｅ株式会社"
"G15625","","ジャパン・クリエイティブコンテンツ関連株ファンド","ジャパンクリエイティブコンテンツカンレンカブファンド","内国投資信託受益証券","2月12日","8月12日","E12441","ＳＢＩ岡三アセットマネジメント株式会社"
"G15626","","ＳＢＩ・Ｓ・米国高配当株式ファンド（年１回決算型）","エスビーアイ　エス　ベイコクコウハイトウカブシキファンド　ネンイッカイケッサンガタ","内国投資信託受益証券","9月28日","","E13447","ＳＢＩアセットマネジメント株式会社"
"G15627","","ＳＢＩ日本高配当株式ファンド（年１回決算型）","エスビーアイ　ニホンコウハイトウカブシキファンド　ネンイッカイケッサンガタ","内国投資信託受益証券","10月10日","","E13447","ＳＢＩアセットマネジメント株式会社"
"G15628","","ゴールデントリオ（米国株・インド株・ゴールド）（資産成長型／予想分配金提示型）","ゴールデントリオベイコクカブインドカブゴールドシサンセイチョウガタヨソウブンパイキンテイジガタ","内国投資信託受益証券","6月12日","12月12日","E06748","大和アセットマネジメント株式会社"
"G15629","","ニッセイ・Ｓ欧州株式５００インデックスファンド＜購入・換金手数料なし＞","ニッセイエスオウシュウカブシキゴヒャクインデックスファンドコウニュウカンキンテスウリョウナシ","内国投資信託受益証券","7月10日","","E12453","ニッセイアセットマネジメント株式会社"
"G15631","","アライアンス・バーンスタインＳＩＣＡＶ－セレクトＵＳエクイティ・ポートフォリオ","アライアンスバーンスタインシキャブセレクトユーエスエクイティポートフォリオ","外国投資証券","5月末日","","E14837","アライアンス・バーンスタインＳＩＣＡＶ"
"G15632","","全共連第４回劣後ローン流動化株式会社","ゼンキョウレンダイヨンカイレツゴローンリュウドウカカブシキガイシャ","内国資産流動化証券","6月末日","","E40947","全共連第４回劣後ローン流動化株式会社"
"G15633","426A0","ニッセイＥＴＦ　Ｓ＆Ｐ５００イコール・ウェイト（為替ヘッジなし）","ニッセイイーティーエフエスアンドピーゴヒャクイコールウェイトカワセヘッジナシ","内国投資信託受益証券","1月27日","7月27日","E12453","ニッセイアセットマネジメント株式会社"
"G15634","","ＳＢＩ　次世代テクノロジー戦略ファンド","エスビーアイ　ジセダイ　テクノロジー　センリャク　ファンド","内国投資信託受益証券","9月16日","","E13447","ＳＢＩアセットマネジメント株式会社"
"G15637","","フィデリティ・アクティブ・ラップファンド（スタンダード）　フィデリティ・アクティブ・ラップファンド（グロース）　フィデリティ・アクティブ・ラップファンド（アグレッシブ）","フィデリティアクティブラップファンドスタンダード　フィデリティアクティブラップファンドグロース　フィデリティアクティブラップファンドアグレッシブ","内国投資信託受益証券","8月20日","","E12481","フィデリティ投信株式会社"
"G15638","","ＨＳＢＣインド・インフラ株式オープン（毎月決算・予想分配金提示型）","エイチエスビーシーインドインフラカブシキオープンマイツキケッサンヨソウブンパイキンテイジガタ","内国投資信託受益証券","6月17日","12月17日","E12492","ＨＳＢＣアセットマネジメント株式会社"
"G15639","412A0","ＮＥＸＴ　ＦＵＮＤＳ　ＴＩＰ　ＦａｃｔＳｅｔ　台湾イノベイティブ・テクノロジー５０指数連動型上場投信","ネクストファンズティーアイピーファクトセットタイワンイノベイティブテクノロジーゴジュウシスウレンドウガタジョウジョウトウシン","内国投資信託受益証券","4月7日","10月7日","E12460","野村アセットマネジメント株式会社"
"G15640","","野村ＤＣ日本好配当株投信","ノムラディーシーニホンコウハイトウカブトウシン","内国投資信託受益証券","10月10日","","E12460","野村アセットマネジメント株式会社"
"G15641","","野村ＤＣグローバルＡＩ関連株式ファンド","ノムラディーシーグローバルエイアイカンレンカブシキファンド","内国投資信託受益証券","11月14日","","E12460","野村アセットマネジメント株式会社"
"G15642","","野村ＤＣグローバル・プライベート・エクイティ関連株式ファンド","ノムラディーシーグローバルプライベートエクイティカンレンカブシキファンド","内国投資信託受益証券","6月4日","","E12460","野村アセットマネジメント株式会社"
"G15643","","好利回り円債・短期戦略ファンド（年４回決算型）","コウキンリエンサイタンキセンリャクファンドネンヨンカイケッサンガタ","内国投資信託受益証券","5月15日","11月15日","E30703","マニュライフ・インベストメント・マネジメント株式会社"
"G15644","","好利回り円債・短期戦略ファンド（年１回決算型）","コウキンリエンサイタンキセンリャクファンドネンイッカイケッサンガタ","内国投資信託受益証券","11月15日","","E30703","マニュライフ・インベストメント・マネジメント株式会社"
"G15645","413A0","ｉＦｒｅｅＥＴＦ　キャセイ台湾テックリーダー指数","アイフリーイーティーエフキャセイタイワンテックリーダーシスウ","内国投資信託受益証券","4月7日","10月7日","E06748","大和アセットマネジメント株式会社"
"G15646","","ＫＪＲＭ・リアルティ・トークン汐留シティセンター（デジタル名義書換方式）","ケージェーアールエムリアルティトークンシオドメシティセンターデジタルメイギカキカエホウシキ","内国信託受益証券・信託受益権","5月1日","11月1日","E03626","三菱ＵＦＪ信託銀行株式会社"
"G15647","","ＭＵＦＧリアルティ・トークン渋谷神泉・両国森下（デジタル名義書換方式）","エムユーエフジーリアルティトークンシブヤシンセンリョウゴクモリシタデジタルメイギカキカエホウシキ","内国信託受益証券・信託受益権","5月1日","11月1日","E03626","三菱ＵＦＪ信託銀行株式会社"
"G15648","424A0","グローバルＸ　ゴールド　ＥＴＦ（為替ヘッジあり）","グローバルエックスゴールドイーティーエフカワセヘッジアリ","内国投資信託受益証券","3月10日","9月10日","E35933","Ｇｌｏｂａｌ　Ｘ　Ｊａｐａｎ株式会社"
"G15649","425A0","グローバルＸ　ゴールド　ＥＴＦ","グローバルエックスゴールドイーティーエフ","内国投資信託受益証券","3月10日","9月10日","E35933","Ｇｌｏｂａｌ　Ｘ　Ｊａｐａｎ株式会社"
"G15650","","たわらノーロード　ゴールド","タワラノーロード　ゴールド","内国投資信託受益証券","10月12日","","E10677","アセットマネジメントＯｎｅ株式会社"
"G15651","","Ｕ．Ｓ．ランド・ファンド（ケイマン）－ＧＲＴランド・インカム・アンド・グロース・ファンド","ユーエスランドファンドケイマンジーアールティーランドインカムアンドグロースファンド","外国投資信託受益証券","12月末日","","E40908","ＧＲＴキャピタル・マネジメント・リミテッド"
"G15652","","明治安田日本企業好利回り社債ファンド（限定追加型）２０２５－１１","メイジヤスダニホンキギョウコウリマワリシャサイファンドゲンテイツイカガタニセンニジュウゴノジュウイチ","内国投資信託受益証券","6月20日","","E12448","明治安田アセットマネジメント株式会社"
"G15653","","あおぞら・新グローバル分散ファンド（限定追加型）２０２５ー１０","アオゾラ　シングローバルブンサンファンド　ゲンテイツイカガタ　ニイゼロニイゴ　ジュウ","内国投資信託受益証券","10月20日","","E30689","あおぞら投信株式会社"
"G15654","435A0","ｉＦｒｅｅＥＴＦ　日本株配当ローテーション戦略","アイフリーイーティーエフニホンカブハイトウローテーションセンリャク","内国投資信託受益証券","1月7日","7月7日","E06748","大和アセットマネジメント株式会社"
"G15655","","デジタル証券「ｒｅｎｇａ」第１号～レジデンス（北品川）～","デジタルショウケンレンガダイイチゴウレジデンスキタシナガワ","内国有価証券投資事業権利等","4月末日","10月末日","E41002","ｒｅｎｇａ第１号合同会社"
"G15656","","パリミキ・ファミリーオフィス・ファンド","パリミキファミリーオフィスファンド","内国投資信託受益証券","2月25日","","E15786","株式会社パリミキアセットマネジメント"
"G15658","","野村日本バリュー厳選投資","ノムラニホンバリューゲンセントウシ","内国投資信託受益証券","9月18日","","E12460","野村アセットマネジメント株式会社"
"G15659","","東京海上・日本プライベートエクイティ戦略ファンドＳＴ２０２６ー１号（デジタル名義書換方式）","トウキョウカイジョウ　ニッポンプライベートエクイティセンリャクファンドエスティーニセンニジュウロク　イチゴウ　デジタルメイギカキカエホウシキ","内国信託受益証券・信託受益権","5月1日","","E39750","ＳＢＩ新生信託銀行株式会社"
"G15660","","ＳＭＴ　米国高配当＆自社株買いファンド（年４回決算型）","エスエムティー　ベイコクコウハイトウアンドジシャカブガイファンド　ネンヨンカイケッサンガタ","内国投資信託受益証券","3月15日","9月15日","E12444","三井住友トラスト・アセットマネジメント株式会社"
"G15661","","米国上場プライベートアセット（ＢＤＣ）ファンド（年４回分配型）","ベイコクジョウジョウプライベートアセット　ビーディーシー　ファンド　ネンヨンカイブンパイガタ","内国投資信託受益証券","5月20日","11月20日","E12430","アモーヴァ・アセットマネジメント株式会社"
"G15662","443A0","ｉＦｒｅｅＥＴＦ　東証ＲＥＩＴ指数（２・５・８・１１月決算型）","アイフリーイーティーエフトウショウリートシスウニゴハチジュウイチガツケッサンガタ","内国投資信託受益証券","2月4日","8月4日","E06748","大和アセットマネジメント株式会社"
"G15663","","ティー・ロウ・プライス　キャピタル・アプリシエーション・ファンド　Ａコース（為替ヘッジあり）／Ｂコース（為替ヘッジなし）","ティーロウプライス　キャピタルアプリシエーションファンド　エイコース　カワセヘッジアリ　ビーコース　カワセヘッジナシ","内国投資信託受益証券","3月24日","","E33958","ティー・ロウ・プライス・ジャパン株式会社"
"G15664","","ＳＢＩネクスト・フロンティア高配当株式ファンド（年１回決算型）","エスビーアイ　ネクスト　フロンティア　コウハイトウカブシキ　ファンド　ネンイッカイケッサンガタ","内国投資信託受益証券","11月20日","","E13447","ＳＢＩアセットマネジメント株式会社"
"G15665","","コモンズ・グローバル３０ファンド","コモンズグローバルサーティファンド","内国投資信託受益証券","9月18日","","E22096","コモンズ投信株式会社"
"G15666","","円建グローバル公社債ファンド（限定追加型）２０２５－１１","エンダテグローバルコウシャサイファンド　ゲンテイツイカガタ　ニイゼロニイゴー　イチイチ","内国投資信託受益証券","3月18日","","E32011","りそなアセットマネジメント株式会社"
"G15667","","ｆｕｎｄｎｏｔｅＴＯＢ企業価値ジャッジファンド","ファンドノートティーオービーキギョウカチジャッジファンド","内国投資信託受益証券","12月16日","","E40155","ｆｕｎｄｎｏｔｅ株式会社"
"G15668","","世界株式・クオンツ・ロングショートファンド（為替ヘッジなし／年４回決算型）　世界株式・クオンツ・ロングショートファンド（為替ヘッジあり／年４回決算型）","セカイカブシキクオンツロングショートファンドカワセヘッジナシネンヨンカイケッサンガタ　セカイカブシキクオンツロングショートファンドカワセヘッジアリネンヨンカイケッサンガタ","内国投資信託受益証券","5月16日","11月16日","E08957","三井住友ＤＳアセットマネジメント株式会社"
"G15669","","世界株式・クオンツ・ロングショートファンド（為替ヘッジなし／年１回決算型）　世界株式・クオンツ・ロングショートファンド（為替ヘッジあり／年１回決算型）","セカイカブシキクオンツロングショートファンドカワセヘッジナシネンイッカイケッサンガタ　セカイカブシキクオンツロングショートファンドカワセヘッジアリネンイッカイケッサンガタ","内国投資信託受益証券","11月16日","","E08957","三井住友ＤＳアセットマネジメント株式会社"
"G15670","447A0","ステート・ストリート・スパイダー　ゴールド　ＥＴＦ（為替ヘッジなし）","ステート　ストリート　スパイダー　ゴールド　イーティーエフ　カワセヘッジナシ","内国投資信託受益証券","10月20日","","E12963","ステート・ストリート・グローバル・アドバイザーズ株式会社"
"G15671","448A0","ステート・ストリート・スパイダー　ゴールド　ＥＴＦ（為替ヘッジあり）","ステート　ストリート　スパイダー　ゴールド　イーティーエフ　カワセヘッジアリ","内国投資信託受益証券","10月20日","","E12963","ステート・ストリート・グローバル・アドバイザーズ株式会社"
"G15672","449A0","ステート・ストリート・スパイダー　Ｓ＆Ｐ５００　ＥＴＦ（為替ヘッジなし）","ステート　ストリート　スパイダー　エスアンドピーゴヒャク　イーティーエフ　カワセヘッジナシ","内国投資信託受益証券","4月20日","10月20日","E12963","ステート・ストリート・グローバル・アドバイザーズ株式会社"
"G15673","450A0","ステート・ストリート・スパイダー　Ｓ＆Ｐ５００　ＥＴＦ（為替ヘッジあり）","ステート　ストリート　スパイダー　エスアンドピーゴヒャク　イーティーエフ　カワセヘッジアリ","内国投資信託受益証券","4月20日","10月20日","E12963","ステート・ストリート・グローバル・アドバイザーズ株式会社"
"G15674","451A0","ステート・ストリート・スパイダー　Ｓ＆Ｐ５００高配当株　ＥＴＦ","ステート　ストリート　スパイダー　エスアンドピーゴヒャク　コウハイトウカブ　イーティーエフ","内国投資信託受益証券","4月20日","10月20日","E12963","ステート・ストリート・グローバル・アドバイザーズ株式会社"
"G15675","452A0","ｉシェアーズ　Ｓ＆Ｐ　５００　プレミアムインカム　ＥＴＦ","アイシェアーズ　エスアンドピー　ゴヒャク　プレミアムインカム　イーティーエフ","内国投資信託受益証券","4月18日","10月18日","E09096","ブラックロック・ジャパン株式会社"
"G15676","453A0","ｉシェアーズ　米国債２０年超　プレミアムインカム　ＥＴＦ","アイシェアーズ　ベイコクサイニジュウネンチョウ　プレミアムインカム　イーティーエフ","内国投資信託受益証券","4月18日","10月18日","E09096","ブラックロック・ジャパン株式会社"
"G15677","","ブランデス欧州株ファンド","ブランデスオウシュウカブファンド","内国投資信託受益証券","12月7日","","E12444","三井住友トラスト・アセットマネジメント株式会社"
"G15678","","明治安田グローバル債券／バイ・ザ・ディップ戦略ファンド２０２５－１２","メイジヤスダグローバルサイケン　バイ　ザ　ディップセンリャクファンドニセンニジュウゴノジュウニ","内国投資信託受益証券","12月11日","","E12448","明治安田アセットマネジメント株式会社"
"G15679","","ｉＦｒｅｅ　全世界株式インデックス（オール・カントリー）","アイフリーゼンセカイカブシキインデックスオールカントリー","内国投資信託受益証券","11月30日","","E06748","大和アセットマネジメント株式会社"
"G15680","","ゴールドマン・サックス社債／Ｏｎｅ米国株式戦略ファンド２０２５－１２","ゴールドマンサックスシャサイワンベイコクカブシキセンリャクファンドニイゼロニイゴウイチニイ","内国投資信託受益証券","12月10日","","E10677","アセットマネジメントＯｎｅ株式会社"
"G15681","","ニッセイ・Ｓ米国グロース株式メガ１０インデックスファンド＜購入・換金手数料なし＞","ニッセイエスベイコクグロースカブシキメガテンインデックスファンドコウニュウカンキンテスウリョウナシ","内国投資信託受益証券","9月20日","","E12453","ニッセイアセットマネジメント株式会社"
"G15683","459A0","野村高利回りＪリート指数ＥＴＦ","ノムラコウリマワリジェイリートシスウイーティーエフ","内国投資信託受益証券","3月12日","9月12日","E14415","シンプレクス・アセット・マネジメント株式会社"
"G15684","","りそなゴールドファンド（為替ヘッジなし）、りそなゴールドファンド（為替ヘッジあり）","リソナゴールドファンド　カワセヘッジナシ　リソナゴールドファンド　カワセヘッジアリ","内国投資信託受益証券","7月25日","","E32011","りそなアセットマネジメント株式会社"
"G15685","","たわらノーロード　米国物価連動国債（為替ヘッジあり）＜ラップ専用＞","タワラノーロード　ベイコクブッカレンドウコクサイカワセヘッジアリラップセンヨウ","内国投資信託受益証券","5月8日","","E10677","アセットマネジメントＯｎｅ株式会社"
"G15686","","たわらノーロード　米国物価連動国債（為替ヘッジなし）＜ラップ専用＞","タワラノーロード　ベイコクブッカレンドウコクサイカワセヘッジナシラップセンヨウ","内国投資信託受益証券","5月8日","","E10677","アセットマネジメントＯｎｅ株式会社"
"G15687","","たわらノーロード　フォーカス　防衛・航空宇宙","タワラノーロード　フォーカス　ボウエイコウクウウチュウ","内国投資信託受益証券","2月9日","","E10677","アセットマネジメントＯｎｅ株式会社"
"G15688","","京都二条城ホテルマザーファンド匿名組合","キョウトニジョウジョウホテルマザーファンドトクメイクミアイ","内国有価証券投資事業権利等","8月末日","","E41101","合同会社オーナーズブック・スリー"
"G15689","","ＧＳ　Ｐｌｕｓゴールド（為替ヘッジあり）／（為替ヘッジなし）","ジーエス　プラス　ゴールド　カワセヘッジアリ　カワセヘッジナシ","内国投資信託受益証券","10月20日","","E12457","ゴールドマン・サックス・アセット・マネジメント株式会社"
"G15691","461A0","ＭＡＸＩＳ日本株高配当ＳＭＡＲＴ５０上場投信","マクシスニホンカブコウハイトウスマートゴジュウジョウジョウトウシン","内国投資信託受益証券","2月10日","8月10日","E11518","三菱ＵＦＪアセットマネジメント株式会社"
"G15692","","たわらノーロード　米ドル建て社債（為替ヘッジあり）＜ラップ専用＞","タワラノーロード　ベイドルダテシャサイカワセヘッジアリラップセンヨウ","内国投資信託受益証券","5月8日","","E10677","アセットマネジメントＯｎｅ株式会社"
"G15693","","たわらノーロード　米ドル建て社債（為替ヘッジなし）＜ラップ専用＞","タワラノーロード　ベイドルダテシャサイカワセヘッジナシラップセンヨウ","内国投資信託受益証券","5月8日","","E10677","アセットマネジメントＯｎｅ株式会社"
"G15694","","たわらノーロード　米ドル建てハイイールド債券（為替ヘッジあり）＜ラップ専用＞","タワラノーロード　ベイドルダテハイイールドサイケンカワセヘッジアリラップセンヨウ","内国投資信託受益証券","5月8日","","E10677","アセットマネジメントＯｎｅ株式会社"
"G15695","","たわらノーロード　米ドル建てハイイールド債券（為替ヘッジなし）＜ラップ専用＞","タワラノーロード　ベイドルダテハイイールドサイケンカワセヘッジナシラップセンヨウ","内国投資信託受益証券","5月8日","","E10677","アセットマネジメントＯｎｅ株式会社"
"G15696","","ＤＣターゲット・イヤーファンド（６資産・運用継続型）２０７０","ディーシーターゲット　イヤーファンド　ロクシサン　ウンヨウケイゾクガタ　ニセンナナジュウ","内国投資信託受益証券","8月28日","","E12444","三井住友トラスト・アセットマネジメント株式会社"
"G15697","","ＨＳＢＣグローバル・ターゲット利回り債券ファンド２０２５－１２（限定追加型）","エイチエスビーシーグローバルターゲットリマワリサイケンファンドニゼロニゴイチニゲンテイツイカガタ","内国投資信託受益証券","2月15日","","E12492","ＨＳＢＣアセットマネジメント株式会社"
"G15698","","アモーヴァ／ＢＳマネージャーセレクトファンド（為替ヘッジあり）","アモーヴァ　ビーエスマネージャーセレクトファンド　カワセヘッジアリ","内国投資信託受益証券","9月10日","","E12430","アモーヴァ・アセットマネジメント株式会社"
"G15699","","アモーヴァ／ＢＳマネージャーセレクトファンド（為替ヘッジなし）","アモーヴァ　ビーエスマネージャーセレクトファンド　カワセヘッジナシ","内国投資信託受益証券","9月10日","","E12430","アモーヴァ・アセットマネジメント株式会社"
"G15700","","しんきん円建て債券ファンド２０２５－１２（限定追加型）","シンキンエンダテサイケンファンドニーゼロニーゴーイチニーゲンテイツイカガタ","内国投資信託受益証券","4月25日","","E12422","しんきんアセットマネジメント投信株式会社"
"G15701","","三井物産グループのデジタル証券～名古屋・プライムオフィス～（譲渡制限付）","ミツイブッサングループノデジタルショウケンナゴヤプライムオフィスジョウトセイゲンツキ","内国信託受益証券・信託受益権","2月1日","8月1日","E40784","オルタナ信託株式会社"
"G15702","","マネックス・ゴールド・ファンド","マネックスゴールドファンド","内国投資信託受益証券","11月30日","","E32444","マネックス・アセットマネジメント株式会社"
"G15703","","ＳＢＩ　欧州高配当株式ファンド（年１回決算型）","エスビーアイ　オウシュウ　コウハイトウカブシキファンド　ネンイッカイケッサンガタ","内国投資信託受益証券","12月20日","","E13447","ＳＢＩアセットマネジメント株式会社"
"G15704","","欧州防衛・航空宇宙株式インデックスファンド","オウシュウボウエイコウクウウチュウカブシキインデックスファンド","内国投資信託受益証券","11月17日","","E11518","三菱ＵＦＪアセットマネジメント株式会社"
"G15705","","スマート・ファイブ（年３．６％目標分配プラス・奇数月決算型）","スマート　ファイブ　ネンサンテンロクパーモクヒョウブンパイプラス　キスウヅキケッサンガタ","内国投資信託受益証券","3月8日","9月8日","E12430","アモーヴァ・アセットマネジメント株式会社"
"G15706","","Ｔｒａｃｅｒｓ　日本国債ウルトラロング（３０年平均）年４回分配型","トレイサーズ　ニホンコクサイウルトラロング　サンジュウネンヘイキン　ネンヨンカイブンパイガタ","内国投資信託受益証券","3月25日","9月25日","E12430","アモーヴァ・アセットマネジメント株式会社"
"G15707","465A0","グローバルＸ　日経平均株主還元４０－日本株式　ＥＴＦ","グローバルエックスニッケイヘイキンカブヌシカンゲンヨンジュウニホンカブシキイーティーエフ","内国投資信託受益証券","4月4日","10月4日","E35933","Ｇｌｏｂａｌ　Ｘ　Ｊａｐａｎ株式会社"
"G15708","466A0","グローバルＸ　防衛テック　ＥＴＦ","グローバルエックスボウエイテックイーティーエフ","内国投資信託受益証券","6月10日","12月10日","E35933","Ｇｌｏｂａｌ　Ｘ　Ｊａｐａｎ株式会社"
"G15709","467A0","グローバルＸ　米ドル建て投資適格社債　ＥＴＦ（為替ヘッジあり）","グローバルエックスベイドルダテトウシテキカクシャサイイーティーエフカワセヘッジアリ","内国投資信託受益証券","5月10日","11月10日","E35933","Ｇｌｏｂａｌ　Ｘ　Ｊａｐａｎ株式会社"
"G15710","468A0","グローバルＸ　米ドル建て投資適格社債　ＥＴＦ","グローバルエックスベイドルダテトウシテキカクシャサイイーティーエフ","内国投資信託受益証券","5月10日","11月10日","E35933","Ｇｌｏｂａｌ　Ｘ　Ｊａｐａｎ株式会社"
"G15711","473A0","ニッセイＥＴＦ　日経２２５インデックス","ニッセイイーティーエフニッケイニニゴインデックス","内国投資信託受益証券","4月20日","10月20日","E12453","ニッセイアセットマネジメント株式会社"
"G15712","","パインブリッジ全世界厳選プレミア株式ファンド（資産成長型）","パインブリッジゼンセカイゲンセンプレミアカブシキファンドシサンセイチョウガタ","内国投資信託受益証券","3月15日","9月15日","E12437","パインブリッジ・インベストメンツ株式会社"
"G15713","","パインブリッジ全世界厳選プレミア株式ファンド（四半期決算型）","パインブリッジゼンセカイゲンセンプレミアカブシキファンドシハンキケッサンガタ","内国投資信託受益証券","3月15日","9月15日","E12437","パインブリッジ・インベストメンツ株式会社"
"G15714","","パインブリッジ全世界厳選プレミア株式ファンド（毎月決算・予想分配金提示型）","パインブリッジゼンセカイゲンセンプレミアカブシキファンドマイツキケッサンヨソウブンパイキンテイジガタ","内国投資信託受益証券","3月15日","9月15日","E12437","パインブリッジ・インベストメンツ株式会社"
"G15715","","ＭＳジャパンファンズ","エムエスジャパンファンズ","外国投資信託受益証券","3月末日","","E37044","三田キャピタル・プライベート・リミテッド"
"G15716","","資本効率化フォーカス・ジャパン","シホンコウリツカフォーカスジャパン","内国投資信託受益証券","12月10日","","E08957","三井住友ＤＳアセットマネジメント株式会社"
"G15717","","ゴールドマン・サックス社債／ＲＯＢＯＰＲＯ戦略ファンド２０２５－１２","ゴールドマンサックスシャサイロボプロセンリャクファンドニセンニジュウゴジュウニ","内国投資信託受益証券","2月25日","","E12441","ＳＢＩ岡三アセットマネジメント株式会社"
"G15718","","ＤＷＳ　ＡＩニューリーダーズ株式ファンド","ディーダブリューエス　エーアイニューリーダーズカブシキファンド","内国投資信託受益証券","9月10日","","E06458","ドイチェ・アセット・マネジメント株式会社"
"G15719","","ちゅうぎん４資産バランスファンド＜債券重視型＞／ちゅうぎん４資産バランスファンド＜株式重視型＞","チュウギンヨンシサンバランスファンドサイケンジュウシガタ　チュウギンヨンシサンバランスファンドカブシキジュウシガタ","内国投資信託受益証券","9月17日","","E26491","中銀アセットマネジメント株式会社"
"G15720","","Ｏｎｅグローバル株式　セレクト・スタイルローテーションファンド＜ＤＣ年金＞","ワングローバルカブシキ　セレクトスタイルローテーションファンドディーシーネンキン","内国投資信託受益証券","10月25日","","E10677","アセットマネジメントＯｎｅ株式会社"
"G15721","","ＳＭＴ　日本株式モメンタムファンド","エスエムティー　ニホンカブシキモメンタムファンド","内国投資信託受益証券","9月17日","","E12444","三井住友トラスト・アセットマネジメント株式会社"
"G15722","","ケネディクス・リアルティ・トークン　大阪レジデンス　－東西都市開発エリア－（デジタル名義書換方式）","ケネディクスリアルティトークンオオサカレジデンストウザイトシカイハツエリアデジタルメイギカキカエホウシキ","内国信託受益証券・信託受益権","2月末日","8月末日","E03628","みずほ信託銀行株式会社"
"G15723","","ＳＭＴ　米国株式モメンタムファンド","エスエムティー　ベイコクカブシキモメンタムファンド","内国投資信託受益証券","9月17日","","E12444","三井住友トラスト・アセットマネジメント株式会社"
"G15724","488A0","ｉシェアーズ　円高フォーカス　ＥＴＦ","アイシェアーズ　エンダカフォーカス　イーティーエフ","内国投資信託受益証券","4月11日","10月11日","E09096","ブラックロック・ジャパン株式会社"
"G15725","","ａｕＡＭレバレッジ・オールカントリー","エーユーエーエムレバレッジオールカントリー","内国投資信託受益証券","12月18日","","E34254","ａｕアセットマネジメント株式会社"
"G15726","","ＳＢＩ　ダルトン日本アジア・アクティビストファンド","エスビーアイ　ダルトン　ニホンアジア　アクティビスト　ファンド","内国投資信託受益証券","12月16日","","E13447","ＳＢＩアセットマネジメント株式会社"
"G15727","","グローバル・Ｍ＆Ａオポチュニティ・ファンド","グローバルエムアンドエーオポチュニティファンド","外国投資信託受益証券","12月末日","","E41178","カーン・グローバル・ファンド・マネージャーズ（アイルランド）リミテッド"
"G15728","","ＳＭＴ　欧州株式モメンタムファンド","エスエムティー　オウシュウカブシキモメンタムファンド","内国投資信託受益証券","9月17日","","E12444","三井住友トラスト・アセットマネジメント株式会社"
"G15729","","ＳＭＴ　中国株式モメンタムファンド","エスエムティー　チュウゴクカブシキモメンタムファンド","内国投資信託受益証券","9月17日","","E12444","三井住友トラスト・アセットマネジメント株式会社"
"G15730","","外貨建マネー・マーケット・ファンド","ガイカダテマネーマーケットファンド","外国投資信託受益証券","10月末日","","E41205","カーン・グローバル・ファンド・マネージャーズ（ルクセンブルグ）エス・エイ"
"G15731","487A0","ＮＥＸＴ　ＦＵＮＤＳ　ドイツ株式・ＤＡＸ（為替ヘッジなし）連動型上場投信","ネクストファンズドイツカブシキダックスカワセヘッジナシレンドウガタジョウジョウトウシン","内国投資信託受益証券","6月8日","","E12460","野村アセットマネジメント株式会社"
"G15732","486A0","ＮＥＸＴ　ＦＵＮＤＳ　ユーロ・ストックス５０指数（為替ヘッジなし）連動型上場投信","ネクストファンズユーロストックスゴジュウシスウカワセヘッジナシレンドウガタジョウジョウトウシン","内国投資信託受益証券","6月8日","12月8日","E12460","野村アセットマネジメント株式会社"
"G15733","","ｉＦｒｅｅＮＥＸＴ　ＦＡＮＧ＋インデックス（毎月決算／予想分配金提示型）","アイフリーネクストファングプラスインデックスマイツキケッサンヨソウブンパイキンテイジガタ","内国投資信託受益証券","2月20日","8月20日","E06748","大和アセットマネジメント株式会社"
"G15734","","ノムラ・ファンド・セレクト－アポロ・プライベート・マーケッツＳＩＣＡＶアポロ・アラインド・オルタナティブス・ファンド","ノムラファンドセレクトアポロプライベートマーケッツシキャブアポロアイランドオルタナティブスファンド","外国投資信託受益証券","3月末日","","E26746","グローバル・ファンズ・トラスト・カンパニー"
"G15735","","ニューバーガー・プライベート・エクイティ・ファンド","ニューバーガー　プライベート　エクイティ　ファンド","内国投資信託受益証券","9月1日","","E35209","ニューバーガー・バーマン株式会社"
"G15736","","ラップ専用・三井住友ＤＳ・米国株式セクター戦略ファンド","ラップセンヨウミツイスミトモディーエスベイコクカブシキセクターセンリャクファンド","内国投資信託受益証券","12月10日","","E08957","三井住友ＤＳアセットマネジメント株式会社"
"G15737","","ラップ専用・三井住友ＤＳ・米国株式ファクター戦略ファンド","ラップセンヨウミツイスミトモディーエスベイコクカブシキファクターセンリャクファンド","内国投資信託受益証券","12月10日","","E08957","三井住友ＤＳアセットマネジメント株式会社"
"G15738","","ラップ専用・三井住友ＤＳ・グローバル株式（除く米国）戦略ファンド","ラップセンヨウミツイスミトモディーエスグローバルカブシキノゾクベイコクセンリャクファンド","内国投資信託受益証券","12月10日","","E08957","三井住友ＤＳアセットマネジメント株式会社"
"G15739","","野村マッコーリー・プライベート・インフラ・ファンド（野村ＳＭＡ・ＥＷ向け）","ノムラマッコーリープライベートインフラファンドノムラエスエムエーイーダブリュウムケ","内国投資信託受益証券","1月30日","","E12460","野村アセットマネジメント株式会社"
"G15740","489A0","東証ＲＥＩＴ物流フォーカスＥＴＦ","トウショウリートブツリュウフォーカスイーティーエフ","内国投資信託受益証券","5月15日","11月15日","E14415","シンプレクス・アセット・マネジメント株式会社"
"G15741","","インベスコ　世界厳選株式オープン（予想分配金提示型）","インベスコセカイゲンセンカブシキオープンヨソウブンパイキンテイジガタ","内国投資信託受益証券","6月23日","12月23日","E06479","インベスコ・アセット・マネジメント株式会社"
"G15742","","ＨＳＢＣユーロランド・バリュー株式ファンド（１年決算型）","エイチエスビーシーユーロランドバリューカブシキファンドイチネンケッサンガタ","内国投資信託受益証券","1月20日","","E12492","ＨＳＢＣアセットマネジメント株式会社"
"G15743","","Ｏｎｅ円建て債券ファンドⅤ　２０２６－０２","ワンエンダテサイケンファンドファイブニイゼロニイロクゼロニイ","内国投資信託受益証券","7月24日","","E10677","アセットマネジメントＯｎｅ株式会社"
"G15744","","ダイワ金融新時代ファンド（資産成長型）","ダイワキンユウシンジダイファンドシサンセイチョウガタ","内国投資信託受益証券","5月16日","","E06748","大和アセットマネジメント株式会社"
"G15745","","ニッセイ米国株式ブースト戦略ファンド（毎月決算・予想分配金提示型）","ニッセイベイコクカブシキブーストセンリャクファンドマイツキケッサンヨソウブンパイキンテイジガタ","内国投資信託受益証券","1月10日","7月10日","E12453","ニッセイアセットマネジメント株式会社"
"G15746","","ニッセイ米国株式ブースト戦略ファンド＜為替リスク限定型＞（毎月決算・予想分配金提示型）","ニッセイベイコクカブシキブーストセンリャクファンドカワセリスクゲンテイガタマイツキケッサンヨソウブンパイキンテイジガタ","内国投資信託受益証券","1月10日","7月10日","E12453","ニッセイアセットマネジメント株式会社"
"G15747","","ダイワ・ダイナミック・インド株ファンド（資産成長型）","ダイワダイナミックインドカブファンドシサンセイチョウガタ","内国投資信託受益証券","12月16日","","E06748","大和アセットマネジメント株式会社"
"G15748","","インターナショナル・オポチュニティ・ファンド（為替ヘッジなし）","インターナショナルオポチュニティファンドカワセヘッジナシ","内国投資信託受益証券","12月9日","","E10677","アセットマネジメントＯｎｅ株式会社"
"G15749","491A0","ｉシェアーズ　Ｓ＆Ｐ　５００　除く金融　ＥＴＦ（為替ヘッジあり）","アイシェアーズ　エスアンドピー　ゴヒャク　ノゾクキンユウ　イーティーエフ　カワセヘッジアリ","内国投資信託受益証券","2月9日","8月9日","E09096","ブラックロック・ジャパン株式会社"
"G15750","","ゴール・サポート・ファンド","ゴール　サポート　ファンド","内国投資信託受益証券","9月25日","","E12882","農林中金全共連アセットマネジメント株式会社"
"G15751","","ゴールドマン・サックス社債／ゴールド・エクイティ・バランス戦略ファンド２０２６－０２","ゴールドマンサックスシャサイゴールドエクイティバランスセンリャクファンドニセンニジュウロクゼロニ","内国投資信託受益証券","2月24日","","E11518","三菱ＵＦＪアセットマネジメント株式会社"
"G15752","","あおぞら・新グローバル分散ファンド（限定追加型）２０２６－０１","アオゾラ　シングローバルブンサンファンド　ゲンテイツイカガタ　ニイゼロニイロク　ゼロイチ","内国投資信託受益証券","10月20日","","E30689","あおぞら投信株式会社"
"G15753","","あおぞら・新グローバル・プレミアム・ファンド（当初漸増期間付、限定追加型）２０２６－０１","アオゾラ　シングローバル　プレミアム　ファンド　トウショゼンゾウキカンツキ　ゲンテイツイカガタ　ニイゼロニイロク　ゼロイチ","内国投資信託受益証券","10月20日","","E30689","あおぞら投信株式会社"
"G15754","","ニッセイ投資適格社債ファンド２０２６－０２（為替ヘッジあり・４年投資型）","ニッセイトウシテキカクシャサイファンドニゼロニロクゼロニカワセヘッジアリヨネントウシガタ","内国投資信託受益証券","12月5日","","E12453","ニッセイアセットマネジメント株式会社"
"G15755","","三井物産グループのデジタル証券～千代田区・レジデンス～（譲渡制限付）","ミツイブッサングループノデジタルショウケンチヨダクレジデンスジョウトセイゲンツキ","内国信託受益証券・信託受益権","4月1日","10月1日","E40784","オルタナ信託株式会社"
"G15756","","アライアンス・バーンスタイン・世界（除く米国）優良株投信（年２回決算型）／（毎月決算・予想分配金提示型）","アライアンスバーンスタインセカイノゾクベイコクユウリョウカブトウシンネンニカイケッサンガタ　マイツキケッサンヨソウブンパイキンテイジガタ","内国投資信託受益証券","6月20日","12月20日","E12480","アライアンス・バーンスタイン株式会社"
"G15757","","ＤＣ米国株式（高配当）インデックスファンド","ディーシーベイコクカブシキ　コウハイトウ　インデックスファンド","内国投資信託受益証券","10月4日","","E12430","アモーヴァ・アセットマネジメント株式会社"
"G15758","","楽天・ゴールド・ファンド（為替ヘッジあり）／楽天・ゴールド・ファンド（為替ヘッジなし）","ラクテン　ゴールド　ファンド　カワセヘッジアリ　　ラクテン　ゴールド　ファンド　カワセヘッジナシ","内国投資信託受益証券","8月15日","","E15787","楽天投信投資顧問株式会社"
"G15759","","楽天・プラチナ・ファンド（為替ヘッジなし）","ラクテン　プラチナ　ファンド　カワセヘッジナシ","内国投資信託受益証券","8月15日","","E15787","楽天投信投資顧問株式会社"
"G15760","","ＨＳＢＣグローバル・ターゲット利回り債券ファンド２０２６－０３（限定追加型）","エイチエスビーシーグローバルターゲットリマワリサイケンファンドニゼロニロクゼロサンゲンテイツイカガタ","内国投資信託受益証券","4月15日","","E12492","ＨＳＢＣアセットマネジメント株式会社"
"G15761","","ｉＦｒｅｅＨＯＬＤ　日本国債２０４５（３・９月定期分配型）","アイフリーホールドニホンコクサイニゼロヨンゴサンクガツテイキブンパイガタ","内国投資信託受益証券","3月25日","9月25日","E06748","大和アセットマネジメント株式会社"
"G15762","","ニッセイ／ＦＯＬＩＯねらってそなえる日経２２５","ニッセイフォリオネラッテソナエルニッケイニニゴ","内国投資信託受益証券","2月15日","","E12453","ニッセイアセットマネジメント株式会社"
"G15763","","モルガン・スタンレー　新興国債券オポチュニティ・ファンド＜３ヵ月決算型＞（為替リスク軽減型）予想分配金提示型／＜３ヵ月決算型＞（為替ヘッジなし）予想分配金提示型","モルガンスタンレーシンコウコクサイケンオポチュニティファンドサンカゲツケッサンガタカワセリスクケイゲンガタヨソウブンパイキンテイジガタサンカゲツケッサンガタカワセヘッジナシヨソウブンパイキンテイジガタ","内国投資信託受益証券","2月7日","8月7日","E11518","三菱ＵＦＪアセットマネジメント株式会社"
"G15764","","モルガン・スタンレー　新興国債券オポチュニティ・ファンド＜年１回決算型＞（為替リスク軽減型）／＜年１回決算型＞（為替ヘッジなし）","モルガンスタンレーシンコウコクサイケンオポチュニティファンドネンイッカイケッサンガタカワセリスクケイゲンガタネンイッカイケッサンガタカワセヘッジナシ","内国投資信託受益証券","8月7日","","E11518","三菱ＵＦＪアセットマネジメント株式会社"
"G15765","","ＪＰモルガン・米国ハイ・イールド債券ファンド（年１回決算・為替ヘッジなし）","ジェイピーモルガンベイコクハイイールドサイケンファンドネンイッカイケッサンカワセヘッジナシ","内国投資信託受益証券","12月18日","","E06264","ＪＰモルガン・アセット・マネジメント株式会社"
"G15766","","ＪＰモルガン・米国ハイ・イールド債券ファンド（年４回決算・為替ヘッジなし）","ジェイピーモルガンベイコクハイイールドサイケンファンドネンヨンカイケッサンカワセヘッジナシ","内国投資信託受益証券","6月18日","12月18日","E06264","ＪＰモルガン・アセット・マネジメント株式会社"
"G15767","","ＪＰモルガン・米国ハイ・イールド債券ファンド（年１回決算・為替ヘッジあり）","ジェイピーモルガンベイコクハイイールドサイケンファンドネンイッカイケッサンカワセヘッジアリ","内国投資信託受益証券","12月18日","","E06264","ＪＰモルガン・アセット・マネジメント株式会社"
"G15768","","ＪＰモルガン・米国ハイ・イールド債券ファンド（年４回決算・為替ヘッジあり）","ジェイピーモルガンベイコクハイイールドサイケンファンドネンヨンカイケッサンカワセヘッジアリ","内国投資信託受益証券","6月18日","12月18日","E06264","ＪＰモルガン・アセット・マネジメント株式会社"
"G15769","493A0","Ｏｎｅ　ＥＴＦ　日本国債　１－３年","ワンイーティーエフニホンコクサイイチカラサンネン","内国投資信託受益証券","3月20日","9月20日","E10677","アセットマネジメントＯｎｅ株式会社"
"G15770","494A0","Ｏｎｅ　ＥＴＦ　日本国債　３－７年","ワンイーティーエフニホンコクサイサンカラナナネン","内国投資信託受益証券","3月20日","9月20日","E10677","アセットマネジメントＯｎｅ株式会社"
"G15771","495A0","Ｏｎｅ　ＥＴＦ　日本国債　７－１０年","ワンイーティーエフニホンコクサイナナカラジュウネン","内国投資信託受益証券","3月20日","9月20日","E10677","アセットマネジメントＯｎｅ株式会社"
"G15772","496A0","Ｏｎｅ　ＥＴＦ　日本国債　１７－２０年","ワンイーティーエフニホンコクサイジュウナナカラニジュウネン","内国投資信託受益証券","3月20日","9月20日","E10677","アセットマネジメントＯｎｅ株式会社"
"G15773","","ＨＳＢＣグローバル・インベストメント・ファンド－グローバル・インベストメント・グレード・セキュリタイズド・クレジット・ボンド","エイチエスビーシーグローバルインベストメントファンドグローバルインベストメントグレードセキュリタイズドクレジットボンド","外国投資証券","3月末日","","E40920","ＨＳＢＣグローバル・インベストメント・ファンド"
"G15774","502A0","グローバルＸ　超短期円建て債券　ＥＴＦ","グローバルエックスチョウタンキエンダテサイケンイーティーエフ","内国投資信託受益証券","1月10日","7月10日","E35933","Ｇｌｏｂａｌ　Ｘ　Ｊａｐａｎ株式会社"
"G15775","492A0","Ｏｎｅ　ＥＴＦ　日本国債　高クーポン（平均残存１０年未満）","ワンイーティーエフニホンコクサイコウクーポンヘイキンザンゾンジュウネンミマン","内国投資信託受益証券","6月20日","12月20日","E10677","アセットマネジメントＯｎｅ株式会社"
"G15776","","ハイベータ日本株フォーカス・ファンド","ハイベータニホンカブフォーカスファンド","内国投資信託受益証券","8月20日","","E06748","大和アセットマネジメント株式会社"
"G15777","","中央日本土地建物グループのデジタル証券～バウスクロス東海大学前・仙台川内～（譲渡制限付）","チュウオウニホントチタテモノグループノデジタルショウケンバウスクロストウカイダイガクマエセンダイカワウチジョウトセイゲンツキ","内国信託受益証券・信託受益権","5月1日","11月1日","E03628","みずほ信託銀行株式会社"
"G15779","","（アムンディ・インデックスシリーズ）欧州株","アムンディインデックスシリーズオウシュウカブ","内国投資信託受益証券","2月25日","","E09666","アムンディ・ジャパン株式会社"
"G15780","","（アムンディ・インデックスシリーズ）欧州・戦略的自律株","アムンディインデックスシリーズオウシュウセンリャクテキジリツカブ","内国投資信託受益証券","2月25日","","E09666","アムンディ・ジャパン株式会社"
"G15781","","ＵＢＳユニバーサル・トラスト（ケイマン）ＩＩＩ－Ｍａｎダイナミック・インカム・ファンド","ユービーエスユニバーサルトラストケイマンスリーマンダイナミックインカムファンド","外国投資信託受益証券","4月末日","","E41334","ＵＢＳマネジメント（ケイマン）リミテッド"
"G15782","","ＭＵＦＧリアルティ・トークン大阪堂島浜タワー（譲渡制限付）","エムユーエフジーリアルティトークンオオサカドウジマハマタワージョウトセイゲンツキ","内国信託受益証券・信託受益権","5月1日","11月1日","E03626","三菱ＵＦＪ信託銀行株式会社"
"G15784","","ニッセイ／シュローダー好利回りＣＢファンド２０２６－０３（為替ヘッジなし・限定追加型）","ニッセイシュローダーコウリマワリシービーファンドニゼロニロクゼロサンカワセヘッジナシゲンテイツイカガタ","内国投資信託受益証券","3月10日","","E12453","ニッセイアセットマネジメント株式会社"
"G15785","","ニッセイ・円建てグローバル社債／バランスファンド２０２６－０３","ニッセイエンダテグローバルシャサイバランスファンドニゼロニロクゼロサン","内国投資信託受益証券","3月21日","","E12453","ニッセイアセットマネジメント株式会社"
"G15786","","ノムラ・ファンド・セレクト－カーライル・プライベート・エクイティ・パートナーズ・ファンド","ノムラファンドセレクトカーライルプライベートエクイティパートナーズファンド","外国投資信託受益証券","3月末日","","E26746","グローバル・ファンズ・トラスト・カンパニー"
"G15787","","ニュートン・量子技術関連株式ファンド","ニュートンリョウシギジュツカンレンカブシキファンド","内国投資信託受益証券","2月26日","8月26日","E12441","ＳＢＩ岡三アセットマネジメント株式会社"
"G15788","","ＳＯＭＰＯ円建て債券ファンド（限定追加型）２０２６－０３","ソンポエンダテサイケンファンドゲンテイツイカガタニゼロニロクゼロサン","内国投資信託受益証券","3月25日","","E12434","ＳＯＭＰＯアセットマネジメント株式会社"
"G15789","","Ｔ＆Ｄインド中小型株ファンド（毎月決算型・予想分配金提示型）","ティアンドディインドチュウコガタカブファンド　マイツキケッサンガタヨソウブンパイキンテイジガタ","内国投資信託受益証券","2月10日","8月10日","E11764","Ｔ＆Ｄアセットマネジメント株式会社"
"G15790","","米国製造業株式ファンド（毎月決算・予想分配金提示型）","ベイコクセイゾウギョウカブシキファンド　マイツキケッサン　ヨソウブンパイキンテイジガタ","内国投資信託受益証券","5月17日","11月17日","E13343","ＢＮＹメロン・インベストメント・マネジメント・ジャパン株式会社"
"G15791","509A0","グリーンライト・再エネインフラ投資法人","グリーンライトサイエネインフラトウシホウジン","内国投資証券","5月末日","11月末日","E41225","グリーンライト・再エネインフラ投資法人"
"G15792","","三菱ＵＦＪ　日本短期債券オープン","ミツビシユーエフジェイニホンタンキサイケンオープン","内国投資信託受益証券","7月22日","","E11518","三菱ＵＦＪアセットマネジメント株式会社"
"G15793","","プロテクト水準毎年設定型・米国テクノロジー株式ファンド２０２６－０３（限定追加型）","プロテクトスイジュンマイトシセッテイガタベイコクテクノロジーカブシキファンドニゼロニロクゼロサンゲンテイツイカガタ","内国投資信託受益証券","3月10日","","E12434","ＳＯＭＰＯアセットマネジメント株式会社"
"G15794","","イオンモール新利府・デジタル証券～仙台近郊～（譲渡制限付）","イオンモールシンリフデジタルショウケンセンダイキンコウジョウトセイゲンツキ","内国信託受益証券・信託受益権","3月1日","9月1日","E40784","オルタナ信託株式会社"
"G15795","515A0","ｉシェアーズ　高格付け日本円社債　ＥＴＦ","アイシェアーズ　コウカクヅケニホンエンシャサイ　イーティーエフ","内国投資信託受益証券","4月11日","10月11日","E09096","ブラックロック・ジャパン株式会社"
"G15796","","モルガン・スタンレー　米国株式インサイト戦略ファンド＜毎月決算型＞（為替ヘッジあり／為替ヘッジなし）予想分配金提示型","モルガンスタンレーベイコクカブシキインサイトセンリャクファンドマイツキケッサンガタカワセヘッジアリカワセヘッジナシヨソウブンパイキンテイジガタ","内国投資信託受益証券","5月25日","11月25日","E11518","三菱ＵＦＪアセットマネジメント株式会社"
"G15797","","ＵＢＳ（Ｌｕｘ）マネー・マーケット・ファンド","ユービーエスエルユーエックスマネーマーケットファンド","外国投資信託受益証券","10月末日","","E14900","ＵＢＳアセット・マネジメント（ヨーロッパ）エス・エイ"
"G15798","","ジャパン・コンテンツＩＰ戦略株式ファンド","ジャパンコンテンツアイピーセンリャクカブシキファンド","内国投資信託受益証券","2月19日","","E08957","三井住友ＤＳアセットマネジメント株式会社"
"G15799","512A0","グローバルＸ　ステーブルコイン＆トークンビジネス　ＥＴＦ（除く日本）","グローバルエックスステーブルコインアンドトークンビジネスイーティーエフノゾクニホン","内国投資信託受益証券","2月24日","8月24日","E35933","Ｇｌｏｂａｌ　Ｘ　Ｊａｐａｎ株式会社"
"G15800","513A0","グローバルＸ　防衛テック－日本株式　ＥＴＦ","グローバルエックスボウエイテックニホンカブシキイーティーエフ","内国投資信託受益証券","2月24日","8月24日","E35933","Ｇｌｏｂａｌ　Ｘ　Ｊａｐａｎ株式会社"
"G15801","","ＵＢＳユニバーサル・トラスト（ケイマン）Ⅲ－ＫＫＲインフラストラクチャー・ファンド","ユービーエスユニバーサルトラストケイマンスリーケーケーアールインフラストラクチャーファンド","外国投資信託受益証券","12月末日","","E15389","ＵＢＳマネジメント（ケイマン）リミテッド"
"G15802","","Ｔｒａｃｅｒｓ　ＭＳＣＩオール・カントリー・ゴールドプラス","トレイサーズ　エムエスシーアイオール　カントリー　ゴールドプラス","内国投資信託受益証券","2月7日","","E12430","アモーヴァ・アセットマネジメント株式会社"
"G15803","516A0","ｉＦｒｅｅＥＴＦ　米ドル・ブル（１倍）","アイフリーイーティーエフベイドルブルイチバイ","内国投資信託受益証券","2月4日","8月4日","E06748","大和アセットマネジメント株式会社"
"G15804","517A0","ｉＦｒｅｅＥＴＦ　米ドル・ベア（１倍）","アイフリーイーティーエフベイドルベアイチバイ","内国投資信託受益証券","2月4日","8月4日","E06748","大和アセットマネジメント株式会社"
"G15805","","りそな　つみたてインカムバランスファンド","リソナ　ツミタテインカムバランスファンド","内国投資信託受益証券","12月20日","","E32011","りそなアセットマネジメント株式会社"
"G15806","","ゴールドマン・サックス社債／ＲＯＢＯＰＲＯ戦略ファンド２０２６－０３","ゴールドマンサックスシャサイロボプロセンリャクファンドニセンニジュウロクゼロサン","内国投資信託受益証券","4月19日","","E12441","ＳＢＩ岡三アセットマネジメント株式会社"
"G15807","","ＪＰモルガン・グローバル・セレクト株式ファンド（為替ヘッジなし、年１回決算型）","ジェイピーモルガングローバルセレクトカブシキファンド　カワセヘッジナシ　ネンイッカイケッサンガタ","内国投資信託受益証券","3月26日","","E06264","ＪＰモルガン・アセット・マネジメント株式会社"
"G15808","","ＪＰモルガン・グローバル・セレクト株式ファンド（為替ヘッジあり、年１回決算型）","ジェイピーモルガングローバルセレクトカブシキファンド　カワセヘッジアリ　ネンイッカイケッサンガタ","内国投資信託受益証券","3月26日","","E06264","ＪＰモルガン・アセット・マネジメント株式会社"
"G15809","","ＪＰモルガン・グローバル・セレクト株式ファンド（為替ヘッジなし、年４回決算型）","ジェイピーモルガングローバルセレクトカブシキファンド　カワセヘッジナシ　ネンヨンカイケッサンガタ","内国投資信託受益証券","3月26日","9月26日","E06264","ＪＰモルガン・アセット・マネジメント株式会社"
"G15810","","ＪＰモルガン・グローバル・セレクト株式ファンド（為替ヘッジあり、年４回決算型）","ジェイピーモルガングローバルセレクトカブシキファンド　カワセヘッジアリ　ネンヨンカイケッサンガタ","内国投資信託受益証券","3月26日","9月26日","E06264","ＪＰモルガン・アセット・マネジメント株式会社"
"G15811","","マテリアル・イノベーション戦略株式ファンド（為替ヘッジあり）　マテリアル・イノベーション戦略株式ファンド（為替ヘッジなし）","マテリアルイノベーションセンリャクカブシキファンドカワセヘッジアリ　マテリアルイノベーションセンリャクカブシキファンドカワセヘッジナシ","内国投資信託受益証券","3月1日","","E08957","三井住友ＤＳアセットマネジメント株式会社"
"G15812","518A0","ＮＥＸＴ　ＦＵＮＤＳ　ＦＴＳＥ日本株高配当キャッシュフロー５０指数連動型上場投信","ネクストファンズエフティエスイーニホンカブコウハイトウキャッシュフローゴジュウシスウレンドウガタジョウジョウトウシン","内国投資信託受益証券","2月15日","8月15日","E12460","野村アセットマネジメント株式会社"
"G15813","","アムンディ・インド・オールキャップ割安成長株ファンド","アムンディインドオールキャップワリヤスセイチョウカブファンド","内国投資信託受益証券","5月15日","","E09666","アムンディ・ジャパン株式会社"
"G15814","","ＳＢＩエネルギー・電力株式ファンド（年４回決算型）","エスビーアイエネルギーデンリョクカブシキファンドネンヨンカイケッサンガタ","内国投資信託受益証券","1月10日","7月10日","E13447","ＳＢＩアセットマネジメント株式会社"
"G15815","","未来の光　米国小型株式ファンド","ミライノヒカリ　ベイコクコガタカブシキファンド","内国投資信託受益証券","1月15日","7月15日","E26704","カレラアセットマネジメント株式会社"
"G15819","","三井住友ＤＳ・ＦＯＬＩＯ・ＡＩマルチアセットファンド","ミツイスミトモディーエスフォリオエーアイマルチアセットファンド","内国投資信託受益証券","3月15日","","E08957","三井住友ＤＳアセットマネジメント株式会社"
"G15820","","アムンディ・ターゲット・ジャパンＤＣ","アムンディターゲットジャパンディーシー","内国投資信託受益証券","2月20日","","E09666","アムンディ・ジャパン株式会社"
"G15821","","ＵＢＳユニバーサル・トラスト（ケイマン）ＩＩＩ－東海東京　ハミルトン・レーン・グローバル・プライベート・アセット・ファンド","ユービーエスユニバーサルトラストケイマンスリートウカイトウキョウハミルトンレーングローバルプライベートアセットファンド","外国投資信託受益証券","12月末日","","E41334","ＵＢＳマネジメント（ケイマン）リミテッド"
"G15822","","三井物産グループのデジタル証券～東横ＩＮＮ・優待あり～（譲渡制限付）","ミツイブッサングループノデジタルショウケントウヨコインユウタイアリジョウトセイゲンツキ","内国信託受益証券・信託受益権","5月1日","11月1日","E03626","三菱ＵＦＪ信託銀行株式会社"
"G15823","","ＧＱＧダイナミック・ハイクオリティ株式ファンド（資産成長型）／（予想分配金提示型）","ジーキュージーダイナミックハイクオリティカブシキファンドシサンセイチョウガタヨソウブンパイキンテイジガタ","内国投資信託受益証券","3月22日","9月22日","E12434","ＳＯＭＰＯアセットマネジメント株式会社"
"G15824","530A0","ＮＺＡＭ　上場投信　東証ＲＥＩＴ指数（２・５・８・１１月決算型）","エヌザム　ジョウジョウトウシン　トウショウリートシスウ　ニゴハチジュウイチガツケッサンガタ","内国投資信託受益証券","2月15日","8月15日","E12882","農林中金全共連アセットマネジメント株式会社"
"G15825","531A0","ＮＺＡＭ　上場投信　日経平均高配当株５０","エヌザム　ジョウジョウトウシン　ニッケイヘイキンコウハイトウカブゴジュウ","内国投資信託受益証券","5月15日","11月15日","E12882","農林中金全共連アセットマネジメント株式会社"
"G15826","532A0","ＮＺＡＭ　上場投信　ＴＯＰＩＸ高配当４０","エヌザム　ジョウジョウトウシン　トピックスコウハイトウヨンジュウ","内国投資信託受益証券","4月15日","10月15日","E12882","農林中金全共連アセットマネジメント株式会社"
"G15827","533A0","ＮＺＡＭ　上場投信　Ｓ＆Ｐ５００（為替ヘッジなし）","エヌザム　ジョウジョウトウシン　エスアンドピーゴヒャク　カワセヘッジナシ","内国投資信託受益証券","4月15日","10月15日","E12882","農林中金全共連アセットマネジメント株式会社"
"G15828","534A0","ＮＺＡＭ　上場投信　ＮＡＳＤＡＱ１００（為替ヘッジなし）","エヌザム　ジョウジョウトウシン　ナスダックヒャク　カワセヘッジナシ","内国投資信託受益証券","4月15日","10月15日","E12882","農林中金全共連アセットマネジメント株式会社"
"G15829","535A0","ＮＺＡＭ　上場投信　ＤＡＸ（為替ヘッジなし）","エヌザム　ジョウジョウトウシン　ダックス　カワセヘッジナシ","内国投資信託受益証券","11月15日","","E12882","農林中金全共連アセットマネジメント株式会社"
"G15830","536A0","ＮＺＡＭ　上場投信　先進国株式（ＭＳＣＩ－ＫＯＫＵＳＡＩ）（為替ヘッジなし）","エヌザム　ジョウジョウトウシン　センシンコクカブシキ　エムエスシーアイ　コクサイ　カワセヘッジナシ","内国投資信託受益証券","4月15日","10月15日","E12882","農林中金全共連アセットマネジメント株式会社"
"G15831","537A0","ＮＺＡＭ　上場投信　全世界株式（ＭＳＣＩ　ＡＣＷＩ）（為替ヘッジなし）","エヌザム　ジョウジョウトウシン　ゼンセカイカブシキ　エムエスシーアイ　アクウィ　カワセヘッジナシ","内国投資信託受益証券","4月15日","10月15日","E12882","農林中金全共連アセットマネジメント株式会社"
"G15832","538A0","ＮＺＡＭ　上場投信　米国国債７－１０年（為替ヘッジなし）","エヌザム　ジョウジョウトウシン　ベイコクコクサイナナカラジュウネン　カワセヘッジナシ","内国投資信託受益証券","5月15日","11月15日","E12882","農林中金全共連アセットマネジメント株式会社"
"G15833","539A0","ＮＺＡＭ　上場投信　海外債券（ＦＴＳＥ　ＷＧＢＩ除く日本）（為替ヘッジなし）","エヌザム　ジョウジョウトウシン　カイガイサイケン　エフティーエスイー　ウィグビーノゾクニホン　カワセヘッジナシ","内国投資信託受益証券","1月15日","7月15日","E12882","農林中金全共連アセットマネジメント株式会社"
"G15834","","たわらノーロード　フォーカス　米国超大型テクノロジー７","タワラノーロードフォーカスベイコクチョウオオガタテクノロジーセブン","内国投資信託受益証券","2月9日","","E10677","アセットマネジメントＯｎｅ株式会社"
"G15835","","デジタル証券「ｒｅｎｇａ」第２号～レジデンス（南青山）～","デジタルショウケンレンガダイニゴウレジデンスミナミアオヤマ","内国有価証券投資事業権利等","1月末日","7月末日","E41283","ｒｅｎｇａ第２号合同会社"
"G15836","","楽天・日本株３．８倍ベアⅣ","ラクテン　ニホンカブサンテンハチバイベアフォー","内国投資信託受益証券","6月15日","","E15787","楽天投信投資顧問株式会社"
"G15837","521A0","ｉＦｒｅｅＥＴＦ　ＦＡＮＧ＋ゴールド","アイフリーイーティーエフファングプラスゴールド","内国投資信託受益証券","6月10日","12月10日","E06748","大和アセットマネジメント株式会社"
"G15838","526A0","ＪＰＸスタートアップ急成長１００ＥＴＦ","ジェイピーエックススタートアップキュウセイチョウヒャクイーティーエフ","内国投資信託受益証券","7月8日","","E14415","シンプレクス・アセット・マネジメント株式会社"
"G15839","","ゴールドマン・サックス社債／Ｏｎｅ米国株式戦略ファンド２０２６－０３","ゴールドマンサックスシャサイワンベイコクカブシキセンリャクファンドニイゼロニイロクゼロサン","内国投資信託受益証券","3月25日","9月25日","E10677","アセットマネジメントＯｎｅ株式会社"
"G15841","","イーストスプリング・グローバル・ダイナミック株式ファンド（毎月決算・予想分配金提示型）　イーストスプリング・グローバル・ダイナミック株式ファンド（年２回決算型）","イーストスプリング　グローバル　ダイナミックカブシキファンド　マイツキケッサン　ヨソウブンパイキンテイジガタ　イーストスプリング　グローバル　ダイナミックカブシキファンド　ネンニカイケッサンガタ","内国投資信託受益証券","3月15日","9月15日","E12566","イーストスプリング・インベストメンツ株式会社"
"G15842","540A0","上場インデックスファンド日経銀行株トップ１０","ジョウジョウインデックスファンドニッケイギンコウカブトップテン","内国投資信託受益証券","4月8日","10月8日","E12430","アモーヴァ・アセットマネジメント株式会社"
"G15843","","エキサイティング・コンテンツ関連　世界株式戦略ファンド","エキサイティング　コンテンツカンレン　セカイカブシキセンリャクファンド","内国投資信託受益証券","3月26日","","E12444","三井住友トラスト・アセットマネジメント株式会社"
"G15844","","ひふみクロスオーバー年金","ヒフミクロスオーバーネンキン","内国投資信託受益証券","7月25日","","E21671","レオス・キャピタルワークス株式会社"
"G15845","541A0","Ｏｎｅ　ＥＴＦ　ＴＯＰＩＸ高配当株グロース指数","ワンイーティーエフトピックスコウハイトウカブグロースシスウ","内国投資信託受益証券","1月8日","7月8日","E10677","アセットマネジメントＯｎｅ株式会社"
"G15846","","ダイワ／キャンベル・システマティックマルチ戦略（投資一任専用）","ダイワキャンベルシステマティックマルチセンリャクトウシイチニンセンヨウ","内国投資信託受益証券","3月26日","","E06748","大和アセットマネジメント株式会社"
"G15847","","ＢＮＰパリバ・ブラジル・ファンド（株式型）","ビーエヌピーパリバ　ブラジル　ファンド　カブシキガタ","内国投資信託受益証券","5月10日","11月10日","E10535","ＢＮＰパリバ・アセットマネジメント株式会社"
"G15848","","ＢＮＰパリバ欧州高配当・成長株式ファンド（毎月分配型）","ビーエヌピーパリバ　オウシュウコウハイトウ　セイチョウカブシキファンド　マイツキブンパイガタ","内国投資信託受益証券","6月10日","12月10日","E10535","ＢＮＰパリバ・アセットマネジメント株式会社"
"G15849","","ＢＮＰパリバ・ブラジル・ファンド（バランス型）","ビーエヌピーパリバ　ブラジル　ファンド　バランスガタ","内国投資信託受益証券","5月10日","11月10日","E10535","ＢＮＰパリバ・アセットマネジメント株式会社"
"G15850","","先進国アセットアロケーションファンド","センシンコクアセットアロケーションファンド","内国投資信託受益証券","3月10日","9月10日","E08957","三井住友ＤＳアセットマネジメント株式会社"
"G15851","","あおぞら・新グローバル分散ファンド（限定追加型）２０２６ー０４","アオゾラ　シングローバルブンサンファンド　ゲンテイツイカガタ　ニイゼロニイロク　ゼロヨン","内国投資信託受益証券","4月20日","","E30689","あおぞら投信株式会社"
"G15852","","円建てニッポン社債ファンド２０２６－０５（限定追加型）","エンダテニッポンシャサイファンドニセンニジュウロクゼロゴゲンテイツイカガタ","内国投資信託受益証券","6月30日","","E06748","大和アセットマネジメント株式会社"
"G15853","","ｆｕｎｄｎｏｔｅダルトンＮＡＶＦセレクトファンド","ファンドノートダルトンナブフセレクトファンド","内国投資信託受益証券","6月25日","","E40155","ｆｕｎｄｎｏｔｅ株式会社"
"G15854","","グローバル金融株ファンド（予想分配金提示型）","グローバルキンユウカブファンド　ヨソウブンパイキンテイジガタ","内国投資信託受益証券","4月15日","10月15日","E12430","アモーヴァ・アセットマネジメント株式会社"
"G15855","","グローバル金融株ファンド（１年決算型）","グローバルキンユウカブファンド　イチネンケッサンガタ","内国投資信託受益証券","4月15日","","E12430","アモーヴァ・アセットマネジメント株式会社"
"G15856","","ブラックロック・グローバル・インベストメント・シリーズ－ｉシェアーズ・エンハンスト・キャッシュ・ファンド／ＩＳＥＣポートフォリオ","ブラックロックグローバルインベストメントシリーズアイシェアーズエンハンストキャッシュファンドアイセックポートフォリオ","外国投資信託受益証券","1月末日","","E31087","ブラックロック・ファンド・マネジメント・カンパニー・エス・エー"
"G15857","","ＧＳ　Ｐｌｕｓプライベート・エクイティ・リターン・トラッカー・インデックス","ジーエス　プラス　プライベート　エクイティ　リターン　トラッカー　インデックス","内国投資信託受益証券","1月15日","","E12457","ゴールドマン・サックス・アセット・マネジメント株式会社"
"G15858","","ＨＳＢＣ中東株式厳選ファンド","エイチエスビーシーチュウトウカブシキゲンセンファンド","内国投資信託受益証券","4月27日","","E12434","ＳＯＭＰＯアセットマネジメント株式会社"
"G15859","552A0","ＭＡＸＩＳ米国ＡＩインフラ株上場投信","マクシスベイコクエイアイインフラカブジョウジョウトウシン","内国投資信託受益証券","1月26日","7月26日","E11518","三菱ＵＦＪアセットマネジメント株式会社"
"G15860","","高利回り円建社債／成長戦略プラス２０２６－０５","コウリマワリエンダテシャサイ　セイチョウセンリャクプラスニイゼロニイロク　ゼロゴー","内国投資信託受益証券","7月25日","","E32011","りそなアセットマネジメント株式会社"
"G15861","","たわらノーロード　読売３３３","タワラノーロード　ヨミウリサンサンサン","内国投資信託受益証券","10月12日","","E10677","アセットマネジメントＯｎｅ株式会社"
"G15862","","グローバルＡＺボンドファンド","グローバルエーゼットボンドファンド","内国投資信託受益証券","9月20日","","E15787","楽天投信投資顧問株式会社"
"G15863","","ニッセイ・パワーテクノロジー株式ファンド（３ヵ月決算・予想分配金提示型）","ニッセイパワーテクノロジーカブシキファンドサンカゲツケッサンヨソウブンパイキンテイジガタ","内国投資信託受益証券","1月14日","7月14日","E12453","ニッセイアセットマネジメント株式会社"
"G15864","","ＤＣ　ＲＯＢＯＰＲＯファンド","ディーシーロボプロファンド","内国投資信託受益証券","12月19日","","E12441","ＳＢＩ岡三アセットマネジメント株式会社"
"G15865","","グローバル・コモディティ・ファンド","グローバルコモディティファンド","内国投資信託受益証券","4月10日","10月10日","E12434","ＳＯＭＰＯアセットマネジメント株式会社"
"G15866","","ＪＩＡ日本株バリューファンド","ジェイアイエーニホンカブバリューファンド","内国投資信託受益証券","2月25日","8月25日","E41473","ＪＡＭＰファンド・マネジメント株式会社"
"G15867","","三井物産グループのデジタル証券～文京区・世田谷区レジデンス～（譲渡制限付）","ミツイブッサングループノデジタルショウケンブンキョウクセタガヤクレジデンスジョウトセイゲンツキ","内国信託受益証券・信託受益権","5月1日","11月1日","E40784","オルタナ信託株式会社"
"G15868","","ノムラ・エマージング・オープン","ノムラエマージングオープン","内国投資信託受益証券","4月16日","10月16日","E12460","野村アセットマネジメント株式会社"
"G15869","","モルガン・スタンレー　フィジカルＡＩ株式ファンド","モルガンスタンレーフィジカルエーアイカブシキファンド","内国投資信託受益証券","10月20日","","E06748","大和アセットマネジメント株式会社"
"G15870","","ＳＭＴ　インド株式モメンタムファンド","エスエムティー　インドカブシキモメンタムファンド","内国投資信託受益証券","3月19日","","E12444","三井住友トラスト・アセットマネジメント株式会社"
"G15871","","お金のデザイン・デジタル・レンディング・ファンド","オカネノデザインデジタルレンディングファンド","内国投資信託受益証券","12月末日","","E32909","株式会社お金のデザイン"
"G15872","563A0","グローバルＸ　ＮＡＳＤＡＱ１００・デイリー・カバード・コール　ＥＴＦ","グローバルエックスナスダックヒャクデイリーカバードコールイーティーエフ","内国投資信託受益証券","4月10日","10月10日","E35933","Ｇｌｏｂａｌ　Ｘ　Ｊａｐａｎ株式会社"
"G15873","564A0","グローバルＸ　Ｓ＆Ｐ先進国キャッシュフロー・トップ１００　ＥＴＦ","グローバルエックスエスアンドピーセンシンコクキャッシュフロートップヒャクイーティーエフ","内国投資信託受益証券","4月10日","10月10日","E35933","Ｇｌｏｂａｌ　Ｘ　Ｊａｐａｎ株式会社"
"G15874","","三菱ＵＦＪ　マネー・ファンド（毎月決算型）","ミツビシユーエフジェイマネーファンドマイツキケッサンガタ","内国投資信託受益証券","3月24日","9月24日","E11518","三菱ＵＦＪアセットマネジメント株式会社"
"G15875","","ＪＰモルガン・フレキシブル・インカム・ファンド（毎月決算型）／ＪＦＬＩ","ジェイピーモルガンフレキシブルインカムファンドマイツキケッサンガタジェイエフエルアイ","内国投資信託受益証券","2月15日","8月15日","E06264","ＪＰモルガン・アセット・マネジメント株式会社"
"G15876","","Ｏｎｅ／ティー・ロウ・プライス　インフレガード＆オポチュニティ・ファンド（ガードコース（安定））、（モデレートコース（標準））、（オポチュニティコース（積極））","ワンティーロウプライスインフレガードアンドオポチュニティファンドガードコースアンテイ　ワンティーロウプライスインフレガードアンドオポチュニティファンドモデレートコースヒョウジュン　ワンティーロウプライスインフレガードアンドオポチュニティファンドオポチュニティコースセッキョク","内国投資信託受益証券","2月28日","","E10677","アセットマネジメントＯｎｅ株式会社"
"G15877","","日本コンテンツＩＰ関連成長株ファンド","ニホンコンテンツアイピーカンレンセイチョウカブファンド","内国投資信託受益証券","4月22日","","E11518","三菱ＵＦＪアセットマネジメント株式会社"
"G15878","","楽天・米国大型株式・プレミアム・インカム・ファンド（毎月決算型）","ラクテン　ベイコクオオガタカブシキ　プレミアム　インカム　ファンド　マイツキケッサンガタ","内国投資信託受益証券","1月15日","7月15日","E15787","楽天投信投資顧問株式会社"
"G15879","566A0","ｉＦｒｅｅＥＴＦ　ブルームバーグ日本株（除く金融）高配当５０指数","アイフリーイーティーエフブルームバーグニホンカブノゾクキンユウコウハイトウゴジュウシスウ","内国投資信託受益証券","4月7日","10月7日","E06748","大和アセットマネジメント株式会社"
"G15880","","ＳＢＩ　読売３３３インデックス・ファンド","エスビーアイ　ヨミウリサンサンサン　インデックス　ファンド","内国投資信託受益証券","4月16日","","E13447","ＳＢＩアセットマネジメント株式会社"
"G15881","","Ｏｎｅ　ＮＡＳＤＡＱ１００＆ゴールド","ワンナスダックヒャクアンドゴールド","内国投資信託受益証券","2月9日","","E10677","アセットマネジメントＯｎｅ株式会社"
"G15884","","ＳＭＴ　先進国株式モメンタムファンド","エスエムティー　センシンコクカブシキモメンタムファンド","内国投資信託受益証券","3月19日","","E12444","三井住友トラスト・アセットマネジメント株式会社"
"G15885","","オーイー・キャナル・アンブレラ・トラスト－Ｏｎｅ／ブルックフィールド・インフラストラクチャー・インカム・ファンド","オーイーキャナルアンブレラトラストワンブルックフィールドインフラストラクチャーインカムファンド","外国投資信託受益証券","12月末日","","E40989","エマージング・アセット・マネジメント・リミテッド"
"G15886","","フィデリティ・世界テクノロジー・厳選株式ファンド（資産成長型）","フィデリティセカイテクノロジーゲンセンカブシキファンドシサンセイチョウガタ","内国投資信託受益証券","5月20日","","E12481","フィデリティ投信株式会社"
"G15887","","フィデリティ・世界テクノロジー・厳選株式ファンド（毎月決算・予想分配金提示型）","フィデリティセカイテクノロジーゲンセンカブシキファンドマイツキケッサンヨソウブンパイキンテイジガタ","内国投資信託受益証券","5月20日","11月20日","E12481","フィデリティ投信株式会社"
"G15888","","ＢＥＳＴ　ＧＯＡＬＳ専用ポートフォリオ","ベストゴールズセンヨウポートフォリオ","内国投資信託受益証券","11月30日","","E06748","大和アセットマネジメント株式会社"
"G15889","","アライアンス・バーンスタイン・日本株エンゲージメント投信","アライアンスバーンスタインニホンカブエンゲージメントトウシン","内国投資信託受益証券","3月10日","","E12480","アライアンス・バーンスタイン株式会社"
"G15890","568A0","ｉシェアーズ　シルバー　ＥＴＦ","アイシェアーズ　シルバー　イーティーエフ","内国投資信託受益証券","2月9日","8月9日","E09096","ブラックロック・ジャパン株式会社"
"G15891","569A0","ｉシェアーズ　プラチナ　ＥＴＦ","アイシェアーズ　プラチナ　イーティーエフ","内国投資信託受益証券","2月9日","8月9日","E09096","ブラックロック・ジャパン株式会社"
"G15892","570A0","ｉシェアーズ　日本国債０―１年　ＥＴＦ","アイシェアーズ　ニホンコクサイゼロイチネン　イーティーエフ","内国投資信託受益証券","1月11日","7月11日","E09096","ブラックロック・ジャパン株式会社"
"G15893","571A0","ｉシェアーズ　日本国債１―３年　ＥＴＦ","アイシェアーズ　ニホンコクサイイチサンネン　イーティーエフ","内国投資信託受益証券","1月11日","7月11日","E09096","ブラックロック・ジャパン株式会社"
"G15894","572A0","ｉシェアーズ　日本国債３―７年　ＥＴＦ","アイシェアーズ　ニホンコクサイサンナナネン　イーティーエフ","内国投資信託受益証券","1月11日","7月11日","E09096","ブラックロック・ジャパン株式会社"
"G15895","573A0","ｉシェアーズ　日本国債２０年超　ＥＴＦ","アイシェアーズ　ニホンコクサイニジュウネンチョウ　イーティーエフ","内国投資信託受益証券","1月11日","7月11日","E09096","ブラックロック・ジャパン株式会社"
"G15896","","Ｏｎｅ成長企業ジャパンエールファンド","ワンセイチョウキギョウジャパンエールファンド","内国投資信託受益証券","3月10日","","E10677","アセットマネジメントＯｎｅ株式会社"
"G15897","","アテネ債券／ＳＭＴＡＭグローバル経済コア戦略ファンド２０２６－０６","アテネサイケン　エスエムティーエーエムグローバルケイザイコアセンリャクファンドニセンニジュウロクノゼロロク","内国投資信託受益証券","7月13日","","E12444","三井住友トラスト・アセットマネジメント株式会社"
"G15898","","ＳＢＩ　ＮＡＳＤＡＱ１００インデックス・ファンド","エスビーアイ　ナスダックヒャク　インデックス　ファンド","内国投資信託受益証券","5月11日","","E13447","ＳＢＩアセットマネジメント株式会社"
"G15899","","ＳＭＴ　全世界株式モメンタムファンド","エスエムティー　ゼンセカイカブシキモメンタムファンド","内国投資信託受益証券","3月19日","","E12444","三井住友トラスト・アセットマネジメント株式会社"
"G15900","","フィデリティ・クリプト・デジタル決済関連株ファンド（資産成長型）","フィデリティクリプトデジタルケッサイカンレンカブファンドシサンセイチョウガタ","内国投資信託受益証券","10月20日","","E12481","フィデリティ投信株式会社"
"G15901","","フィデリティ・クリプト・デジタル決済関連株ファンド（毎月決算・予想分配金提示型）","フィデリティクリプトデジタルケッサイカンレンカブファンドマイツキケッサンヨソウブンパイキンテイジガタ","内国投資信託受益証券","4月20日","10月20日","E12481","フィデリティ投信株式会社"
"G15902","","ＵＢＳユニバーサル・トラスト（ケイマン）ＩＩＩ－ブラックロック・プライベート・インベストメント・アイキャピタル・オフショア・アクセス・ファンド","ユービーエスユニバーサルトラストケイマンスリーブラックロックプライベートインベストメントアイキャピタルオフショアアクセスファンド","外国投資信託受益証券","4月末日","","E41334","ＵＢＳマネジメント（ケイマン）リミテッド"
"G15903","","キャピタル・マルチセクター・インカム債券ファンドＡコース（成長型／米ドル売り円買い）／Ｂコース（成長型／為替ヘッジなし）／Ｃコース（分配型年６回決算／米ドル売り円買い）／Ｄコース（分配型年６回決算／為替ヘッジなし）","キャピタルマルチセクターインカムサイケンファンドエイコースセイチョウガタベイドルウリエンガイビーコースセイチョウガタカワセヘッジナシシーコースブンパイガタネンロッカイケッサンベイドルウリエンガイディーコースブンパイガタネンロッカイケッサンカワセヘッジナシ","内国投資信託受益証券","2月20日","8月20日","E14703","キャピタル・インターナショナル株式会社"
"G15904","","ラップ型ファンドプレミアム（安定型プラス）　ラップ型ファンドプレミアム（安定成長型プラス）","ラップガタファンドプレミアム　アンテイガタプラス　ラップガタファンドプレミアム　アンテイセイチョウガタプラス","内国投資信託受益証券","5月20日","","E32011","りそなアセットマネジメント株式会社"
"G15905","","しんきん円建て債券ファンド２０２６－０７（限定追加型）","シンキンエンダテサイケンファンドニーゼロニーロクゼロナナゲンテイツイカガタ","内国投資信託受益証券","11月25日","","E12422","しんきんアセットマネジメント投信株式会社"
"G15906","","ＡＬＡＭＣＯ　日本株配当好循環ファンド（資産成長型）","アラムコニホンカブハイトウコウジュンカンファンドシサンセイチョウガタ","内国投資信託受益証券","10月9日","","E12447","朝日ライフ　アセットマネジメント株式会社"
"G15907","","ＡＬＡＭＣＯ　日本株配当好循環ファンド（年４回決算・予想分配金提示型）","アラムコニホンカブハイトウコウジュンカンファンドネンヨンカイケッサンヨソウブンパイキンテイジガタ","内国投資信託受益証券","4月9日","10月9日","E12447","朝日ライフ　アセットマネジメント株式会社"
"G15908","","ゴールドマン・サックス社債／ＲＯＢＯＰＲＯ戦略ファンド２０２６－０６","ゴールドマンサックスシャサイロボプロセンリャクファンドニセンニジュウロクゼロロク","内国投資信託受益証券","7月20日","","E12441","ＳＢＩ岡三アセットマネジメント株式会社"
"G15909","","ＣＳＯＰ米ドル・セレクト・マネー・マーケット・ファンド","シーエスオーピーベイドルセレクトマネーマーケットファンド","外国投資信託受益証券","12月末日","","E41725","ＣＳＯＰアセット・マネジメント・プライベート・リミテッド"
"G15910","","成長戦略フォーカス・ジャパン","セイチョウセンリャクフォーカスジャパン","内国投資信託受益証券","5月29日","","E08957","三井住友ＤＳアセットマネジメント株式会社"
"G15911","","三菱ＵＦＪ　ゴールドファンド＜年１回決算型＞","ミツビシユーエフジェイゴールドファンドネンイッカイケッサンガタ","内国投資信託受益証券","8月20日","","E11518","三菱ＵＦＪアセットマネジメント株式会社"
"G15912","","三菱ＵＦＪ　ゴールドファンド＜毎月決算型＞予想分配金提示型","ミツビシユーエフジェイゴールドファンドマイツキケッサンガタヨソウブンパイキンテイジガタ","内国投資信託受益証券","2月20日","8月20日","E11518","三菱ＵＦＪアセットマネジメント株式会社"
"G15913","","アライアンス・バーンスタイン・世界高成長株投信（毎月決算・予想分配金提示型）","アライアンスバーンスタインセカイコウセイチョウカブトウシンマイツキケッサンヨソウブンパイキンテイジガタ","内国投資信託受益証券","3月20日","9月20日","E12480","アライアンス・バーンスタイン株式会社"
"G15914","576A0","グローバルＸ　チャイナテック・カバード・コール　ＥＴＦ","グローバルエックスチャイナテックカバードコールイーティーエフ","内国投資信託受益証券","4月10日","10月10日","E35933","Ｇｌｏｂａｌ　Ｘ　Ｊａｐａｎ株式会社"
"G15915","577A0","グローバルＸ　シルバー　ＥＴＦ","グローバルエックスシルバーイーティーエフ","内国投資信託受益証券","5月10日","11月10日","E35933","Ｇｌｏｂａｌ　Ｘ　Ｊａｐａｎ株式会社"
"G15916","578A0","グローバルＸ　シルバー　ＥＴＦ（為替ヘッジあり）","グローバルエックスシルバーイーティーエフカワセヘッジアリ","内国投資信託受益証券","5月10日","11月10日","E35933","Ｇｌｏｂａｌ　Ｘ　Ｊａｐａｎ株式会社"
"G15917","579A0","グローバルＸ　銀ビジネス　ＥＴＦ","グローバルエックスギンビジネスイーティーエフ","内国投資信託受益証券","5月10日","11月10日","E35933","Ｇｌｏｂａｌ　Ｘ　Ｊａｐａｎ株式会社"
"G15918","580A0","グローバルＸ　銅ビジネス　ＥＴＦ","グローバルエックスドウビジネスイーティーエフ","内国投資信託受益証券","5月10日","11月10日","E35933","Ｇｌｏｂａｌ　Ｘ　Ｊａｐａｎ株式会社"
"G15919","","ＳＢＩ地方創生・日本高配当株式ファンド　（成長型）／（年４回決算型）","エスビーアイ　チホウソウセイニホンコウハイトウカブシキファンド　セイチョウガタ　ネンヨンカイカイケッサンガタ","内国投資信託受益証券","4月20日","10月20日","E13447","ＳＢＩアセットマネジメント株式会社"
"G15920","","グローバル高配当株式ファンド（１年決算型）","グローバルコウハイトウカブシキファンド　イチネンケッサンガタ","内国投資信託受益証券","5月21日","","E12430","アモーヴァ・アセットマネジメント株式会社"
"G15921","","野村シュローダー欧州ハイ・イールド債券ファンド（為替ヘッジあり）年１回決算型、野村シュローダー欧州ハイ・イールド債券ファンド（為替ヘッジなし）年１回決算型","ノムラシュローダーオウシュウハイイールドサイケンファンドカワセヘッジアリネンイッカイケッサンガタ　ノムラシュローダーオウシュウハイイールドサイケンファンドカワセヘッジナシネンイッカイケッサンガタ","内国投資信託受益証券","10月19日","","E12460","野村アセットマネジメント株式会社"
"G15922","","野村シュローダー欧州ハイ・イールド債券ファンド（為替ヘッジあり）年４回決算型、野村シュローダー欧州ハイ・イールド債券ファンド（為替ヘッジなし）年４回決算型","ノムラシュローダーオウシュウハイイールドサイケンファンドカワセヘッジアリネンヨンカイケッサンガタ　ノムラシュローダーオウシュウハイイールドサイケンファンドカワセヘッジナシネンヨンカイケッサンガタ","内国投資信託受益証券","10月19日","4月19日","E12460","野村アセットマネジメント株式会社"
"G15923","","三井物産グループのデジタル証券～イオン大宮～（譲渡制限付）","ミツイブッサングループノデジタルショウケンイオンオオミヤジョウトセイゲンツキ","内国信託受益証券・信託受益権","1月末日","7月末日","E40784","オルタナ信託株式会社"
"G15924","","日経平均インデックスファンド","ニッケイヘイキンインデックスファンド","内国投資信託受益証券","4月15日","","E31678","ちばぎんアセットマネジメント株式会社"
"G15925","","シティグループ社債／Ｏｎｅ米国株式・金戦略ファンド２０２６－０６","シティグループシャサイワンベイコクカブシキキンセンリャクファンドニイゼロニイロクゼロロク","内国投資信託受益証券","6月25日","12月25日","E10677","アセットマネジメントＯｎｅ株式会社"
"G15926","585A0","日本バリュー・ボトムアップ株式投資戦略アクティブＥＴＦ","ニッポンバリューボトムアップカブシキトウシセンリャクアクティブイーティーエフ","内国投資信託受益証券","7月7日","","E41473","ＪＡＭＰファンド・マネジメント株式会社"
"G15927","","明治安田フィデリティ・セミコンダクター・ファンド（年２回決算・資産成長型）／（毎月決算・予想分配金提示型）","メイジヤスダフィデリティ　セミコンダクター　ファンドネンニカイケッサン　シサンセイチョウガタ　マイツキケッサン　ヨソウブンパイキンテイジガタ","内国投資信託受益証券","3月16日","9月16日","E12448","明治安田アセットマネジメント株式会社"
"G15928","","ｉＦｒｅｅＨＯＬＤ　日本国債２年サイクル（偶数年６月）","アイフリーホールドニホンコクサイニネンサイクルグウスウネンロクガツ","内国投資信託受益証券","6月20日","","E06748","大和アセットマネジメント株式会社"
"G15929","","ゴールドマン・サックス社債／ゴールド・エクイティ・バランス戦略ファンド２０２６－０７（分配抑制コース）","ゴールドマンサックスシャサイゴールドエクイティバランスセンリャクファンドニセンニジュウロクゼロナナブンパイヨクセイコース","内国投資信託受益証券","7月10日","","E11518","三菱ＵＦＪアセットマネジメント株式会社"
"G15930","","ゴールドマン・サックス社債／ゴールド・エクイティ・バランス戦略ファンド２０２６－０７（分配コース）","ゴールドマンサックスシャサイゴールドエクイティバランスセンリャクファンドニセンニジュウロクゼロナナブンパイコース","内国投資信託受益証券","7月10日","","E11518","三菱ＵＦＪアセットマネジメント株式会社"
"G15931","","インデックスファンドＳＴＯＸＸヨーロッパ６００（欧州株式）","インデックスファンドストックスヨーロッパロッピャク　オウシュウカブシキ","内国投資信託受益証券","6月25日","","E12430","アモーヴァ・アセットマネジメント株式会社"
"G15932","","ＤＣ米国高配当＆自社株買いファンド","ディーシーベイコクコウハイトウアンドジシャカブガイファンド","内国投資信託受益証券","3月15日","","E12444","三井住友トラスト・アセットマネジメント株式会社"
"G15933","","ＨＳＢＣグローバル・ターゲット利回り債券ファンド２０２６－０６（限定追加型）","エイチエスビーシーグローバルターゲットリマワリサイケンファンドニゼロニロクゼロロクゲンテイツイカガタ","内国投資信託受益証券","8月15日","","E12492","ＨＳＢＣアセットマネジメント株式会社"
"G15934","","日欧防衛ファンド","ニチオウボウエイファンド","内国投資信託受益証券","7月20日","","E26704","カレラアセットマネジメント株式会社"
"G15935","586A0","ＮＥＸＴ　ＦＵＮＤＳ　日経エンタメ・コンテンツ株指数連動型上場投信","ネクストファンズニッケイエンタメコンテンツカブシスウレンドウガタジョウジョウトウシン","内国投資信託受益証券","4月7日","10月7日","E12460","野村アセットマネジメント株式会社"
"G15936","","ＧＳ　Ｐｌｕｓ日本株式（ＴＯＰＩＸアルファ）毎月決算コース／年２回決算コース","ジーエス　プラスニホンカブシキ　トピックスアルファ　マイツキケッサンコース　ネンニカイケッサンコース","内国投資信託受益証券","3月15日","9月15日","E12457","ゴールドマン・サックス・アセット・マネジメント株式会社"
"G15937","","フィデリティ・日本バリューアップ・ファンド（毎月決算・予想分配金提示型）","フィデリティニホンバリューアップファンドマイツキケッサンヨソウブンパイキンテイジガタ","内国投資信託受益証券","6月15日","12月15日","E12481","フィデリティ投信株式会社"
"G15938","","伊達の国未来ファンド","ダテノクニミライファンド","内国投資信託受益証券","7月25日","","E12448","明治安田アセットマネジメント株式会社"
"G15939","","楽天・日本株式インデックス・ファンド","ラクテン　ニホンカブシキインデックス　ファンド","内国投資信託受益証券","7月15日","","E15787","楽天投信投資顧問株式会社"
"G15940","","ＳＢＩ・光　ハイクオリティ・バリュー株ファンド","エスビーアイ　ヒカリ　ハイクオリティ　バリューカブ　ファンド","内国投資信託受益証券","6月25日","12月25日","E13447","ＳＢＩアセットマネジメント株式会社"
"G15941","","ニッセイＮＹダウ高配当株式トップ１０インデックスファンド（年４回決算型）＜購入・換金手数料なし＞","ニッセイエヌワイダウコウハイトウカブシキトップテンインデックスファンドネンヨンカイケッサンガタコウニュウカンキンテスウリョウナシ","内国投資信託受益証券","3月20日","9月20日","E12453","ニッセイアセットマネジメント株式会社"
"G15942","","ひふみポリシードライブｐｒｏ","ヒフミポリシードライブプロ","内国投資信託受益証券","6月20日","","E21671","レオス・キャピタルワークス株式会社"
"G15943","587A0","インベスコＱＱＱトラスト　シリーズ１","インベスコキューキューキュートラスト　シリーズワン","外国投資信託受益証券","9月末日","","E41901","インベスコＱＱＱトラスト　シリーズ１"
"G15944","","ＪＰモルガン・米国テクノロジー株式ファンド","ジェイピーモルガンベイコクテクノロジーカブシキファンド","内国投資信託受益証券","4月20日","","E06264","ＪＰモルガン・アセット・マネジメント株式会社"
"G15945","","ジャパン半導体株式ファンド（予想分配金提示型）","ジャパンハンドウタイカブシキファンド　ヨソウブンパイキンテイジガタ","内国投資信託受益証券","6月20日","12月20日","E12430","アモーヴァ・アセットマネジメント株式会社"
"G15946","","デジタル証券「ｒｅｎｇａ」第３号～静鉄ホテルプレジオ京都烏丸御池～","デジタルショウケンレンガダイサンゴウシズテツホテルプレジオキョウトカラスマオイケ","内国有価証券投資事業権利等","5月末日","11月末日","E41922","ｒｅｎｇａ第３号合同会社"
"G15947","","大和ハウスＬｏｇｉトークンー門真・富里ー（デジタル名義書換方式）","ダイワハウスロジトークンカドマトミサトデジタルメイギカキカエホウシキ","内国信託受益証券・信託受益権","2月末日","8月末日","E30037","株式会社ＳＭＢＣ信託銀行"
"G15948","","ニッセイＥＴＦ　ラッセル２０００","ニッセイイーティーエフラッセルニセン","内国投資信託受益証券","7月27日","","E12453","ニッセイアセットマネジメント株式会社"
"G15949","","あおぞら・新グローバル分散ファンド（限定追加型）２０２６－０７","アオゾラ　シングローバルブンサンファンド　ゲンテイツイカガタ　ニイゼロニイロク　ゼロナナ","内国投資信託受益証券","4月20日","","E30689","あおぞら投信株式会社"
"G15950","","あおぞら・新グローバル・トリオ・ファンド（限定追加型）２０２６－０７","アオゾラ　シングローバル　トリオ　ファンド　ゲンテイツイカガタ　ニイゼロニイロク　ゼロナナ","内国投資信託受益証券","7月20日","","E30689","あおぞら投信株式会社"
"G15951","","三井住友ＤＳ・ＤＣ国内株式グロースセレクト","ミツイスミトモディーエスディーシーコクナイカブシキグロースセレクト","内国投資信託受益証券","12月10日","","E08957","三井住友ＤＳアセットマネジメント株式会社"
"G15952","","高利回り円建社債／成長戦略プラス２０２６－０８（資産成長型）","コウリマワリエンダテシャサイ　セイチョウセンリャクプラスニイゼロニイロク　ゼロハチ　シサンセイチョウガタ","内国投資信託受益証券","7月25日","","E32011","りそなアセットマネジメント株式会社"
"G15953","","ＧＳ　Ｐｌｕｓ全世界株式（オ―ル・カントリー）毎月決算コース","ジーエス　プラス　ゼンセカイカブシキ　オールカントリー　マイツキケッサンコース","内国投資信託受益証券","4月20日","10月20日","E12457","ゴールドマン・サックス・アセット・マネジメント株式会社"
"G15954","","ＤＣグローバル経済コア","ディーシーグローバルケイザイコア","内国投資信託受益証券","8月20日","","E12444","三井住友トラスト・アセットマネジメント株式会社"
"G15955","","Ｓ＆Ｐ５００／ゴールド・プラス・Ｍａｎトレンドフォロー戦略","エスアンドピーゴヒャク　ゴールド　プラス　マントレンドフォローセンリャク","内国投資信託受益証券","7月22日","","E12448","明治安田アセットマネジメント株式会社"
"G15956","","グローバルリーダーズ日本株トップ１０インデックスファンド","グローバルリーダーズニホンカブトップテンインデックスファンド","内国投資信託受益証券","5月12日","","E11518","三菱ＵＦＪアセットマネジメント株式会社"
"G15957","","Ｆ．ｂｉｔ航空機小口化商品第２号（譲渡制限付・為替ヘッジなし）","エフビットコウクウキコグチカショウヒンダイニゴウ","内国信託受益証券・信託受益権","2月末日","","E38599","株式会社ＦＰＧ信託"
"G15958","","明治安田グローバル次世代防衛株式ファンド（年２回決算・資産成長型）／（毎月決算・予想分配金提示型）","メイジヤスダグローバルジセダイボウエイカブシキファンドネンニカイケッサン　シサンセイチョウガタ　マイツキケッサン　ヨソウブンパイキンテイジガタ","内国投資信託受益証券","3月16日","9月16日","E12448","明治安田アセットマネジメント株式会社"
"G15959","","フィデリティ・日本配当成長株・ファンド（成長重視型）","フィデリティニホンハイトウセイチョウカブファンドセイチョウジュウシガタ","内国投資信託受益証券","7月10日","","E12481","フィデリティ投信株式会社"
"G15960","605A0","ＮＥＸＴ　ＦＵＮＤＳ　日本株政策フォーカス上場投信","ネクストファンズニホンカブセイサクフォーカスジョウジョウトウシン","内国投資信託受益証券","1月7日","7月7日","E12460","野村アセットマネジメント株式会社"
"G15961","","ｉＦｒｅｅＮＥＸＴ　スペース・テック株インデックス","アイフリーネクストスペーステックカブインデックス","内国投資信託受益証券","7月13日","","E06748","大和アセットマネジメント株式会社"
"G15962","","Ｔｒａｃｅｒｓ　ＴＯＰＩＸゴールドプラス","トレイサーズ　トピックスゴールドプラス","内国投資信託受益証券","7月25日","","E12430","アモーヴァ・アセットマネジメント株式会社"
"G15963","606A0","金２倍ブルＥＴＦ","キンニバイブルイーティーエフ","内国投資信託受益証券","8月20日","","E14415","シンプレクス・アセット・マネジメント株式会社"
"G15964","","Ｏｎｅマネーファンド","ワンマネーファンド","内国投資信託受益証券","1月10日","7月10日","E10677","アセットマネジメントＯｎｅ株式会社"
"G15965","608A0","上場インデックスファンド東証ＲＥＩＴ高利回り３０","ジョウジョウインデックスファンドトウショウリートコウリマワリサンジュウ","内国投資信託受益証券","5月8日","11月8日","E12430","アモーヴァ・アセットマネジメント株式会社"
"G15966","","三井物産グループのデジタル証券～名古屋・大規模レジデンス～（譲渡制限付）","ミツイブッサングループノデジタルショウケンナゴヤダイキボレジデンスジョウトセイゲンツキ","内国信託受益証券・信託受益権","2月末日","8月末日","E40784","オルタナ信託株式会社"
"G15967","","たわらノーロード　フォーカス　アドバンスト・レバレッジＸ（ＮＡＳＤＡＱ１００＆ゴールド）","タワラノーロードフォーカスアドバンストレバレッジエックスナスダックヒャクアンドゴールド","内国投資信託受益証券","2月9日","","E10677","アセットマネジメントＯｎｅ株式会社"
"G15968","","たわらノーロード　フォーカス　アドバンスト・レバレッジＸ（ＮＡＳＤＡＱ１００）","タワラノーロードフォーカスアドバンストレバレッジエックスナスダックヒャク","内国投資信託受益証券","2月9日","","E10677","アセットマネジメントＯｎｅ株式会社"
"G15969","","ＳＭＴ　グローバル高配当株５０インデックス・オープン（年４回決算型）","エスエムティー　グローバルコウハイトウカブゴジュウインデックス　オープン　ネンヨンカイケッサンガタ","内国投資信託受益証券","1月26日","7月26日","E12444","三井住友トラスト・アセットマネジメント株式会社"
"G15970","","ロベコ・キャピタル・グロース・ファンズ－ロベコ・グローバル・エンゲージメント・エクイティーズ","ロベコキャピタルグロースファンズロベコグローバルエンゲージメントエクイティーズ","外国投資証券","12月末日","","E33591","ロベコ・キャピタル・グロース・ファンズ"
"G15971","","超長期日本国債ファンド（２０４６年満期・限定追加型）","チョウチョウキニホンコクサイファンドニセンヨンジュウロクネンマンキゲンテイツイカガタ","内国投資信託受益証券","3月20日","","E11518","三菱ＵＦＪアセットマネジメント株式会社"
"G15972","","しんきん日本アニメ＆ゲーム関連株式ファンド","シンキンニホンアニメアンドゲームカンレンカブシキファンド","内国投資信託受益証券","5月20日","","E12422","しんきんアセットマネジメント投信株式会社"
"G15973","","ニッセイ投資適格社債ファンド２０２６－０９（為替ヘッジあり・４年投資型）","ニッセイトウシテキカクシャサイファンドニゼロニロクゼロキュウカワセヘッジアリヨネントウシガタ","内国投資信託受益証券","12月5日","","E12453","ニッセイアセットマネジメント株式会社"
"G15974","","アテネ債券／ＳＭＴＡＭグローバル経済コア戦略ファンド２０２６－０９","アテネサイケン　エスエムティーエーエムグローバルケイザイコアセンリャクファンドニセンニジュウロクノゼロキュウ","内国投資信託受益証券","9月21日","","E12444","三井住友トラスト・アセットマネジメント株式会社"
"G15975","","野村構造変化日本株ファンド","ノムラコウゾウヘンカニホンカブファンド","内国投資信託受益証券","8月6日","","E12460","野村アセットマネジメント株式会社"
"G15976","","グローバルＸ　総合商社＆資源ビジネス－日本株式　ＥＴＦ","グローバルエックスソウゴウショウシャアンドシゲンビジネスイーティーエフ","内国投資信託受益証券","1月10日","7月10日","E35933","Ｇｌｏｂａｌ　Ｘ　Ｊａｐａｎ株式会社"
"G15977","","グローバルＸ　宇宙テック・トップ１０　ＥＴＦ（除く日本）","グローバルエックスウチュウテックトップテンイーティーエフノゾクニホン","内国投資信託受益証券","1月10日","7月10日","E35933","Ｇｌｏｂａｌ　Ｘ　Ｊａｐａｎ株式会社"
"G15978","","ＳＢＩ・ピクテ資源国通貨プレミアムファンド（年４回決算型）","エスビーアイ　ピクテシゲンコクツウカ　プレミアムファンド　ネンヨンカイケッサンガタ","内国投資信託受益証券","5月15日","11月15日","E13447","ＳＢＩアセットマネジメント株式会社"
"G15979","","米ドル建投資パートナーシップファイナンスデジタル証券（２０２６年第１号）","ベイドルダテトウシパートナーシップファイナンスデジタルショウケンニセンニジュウロクネンダイイチゴウ","内国信託受益証券・信託受益権","10月18日","","E03627","三井住友信託銀行株式会社"
"G15980","","ｉＦｒｅｅＥＴＦ　ドイツ０－３カ月短期国債","アイフリーイーティーエフドイツゼロカラサンカゲツタンキコクサイ","内国投資信託受益証券","2月10日","8月10日","E06748","大和アセットマネジメント株式会社"
"G15981","","ｉＦｒｅｅＰｌｕｓ　増配・高配当日本株（年４回決算型）","アイフリープラスゾウハイコウハイトウニホンカブネンヨンカイケッサンガタ","内国投資信託受益証券","1月23日","7月23日","E06748","大和アセットマネジメント株式会社"
"G15982","","ＴＯＰＩＸゴールドプラス","トピックスゴールドプラス","内国投資信託受益証券","7月25日","","E12430","アモーヴァ・アセットマネジメント株式会社"
"G15983","","イノベーション・インデックス・宇宙＆防衛","イノベーションインデックスウチュウアンドボウエイ","内国投資信託受益証券","6月20日","","E08957","三井住友ＤＳアセットマネジメント株式会社"
"G15984","","ティー・ロウ・プライス　新興国ディスカバリー株式ファンド　Ａコース（米ドル売り円買い）／Ｂコース（為替ヘッジなし）","ティーロウプライス　シンコウコクディスカバリーカブシキファンド　エイコース　ベイドルウリエンガイ　ビーコース　カワセヘッジナシ","内国投資信託受益証券","2月20日","","E33958","ティー・ロウ・プライス・ジャパン株式会社"
"G15985","","ロードスターグループのデジタル証券　横浜伊勢佐木町ホテル","ロードスターグループノデジタルショウケン　ヨコハマイセザキチョウホテル","内国有価証券投資事業権利等","3月末日","","E42022","合同会社ＬＳＴ１号"
"G15986","611A0","Ｏｎｅ　ＥＴＦ　日本国債　２７－３０年","ワンイーティーエフニホンコクサイニジュウナナカラサンジュウネン","内国投資信託受益証券","3月20日","9月20日","E10677","アセットマネジメントＯｎｅ株式会社"
"G15987","612A0","Ｏｎｅ　ＥＴＦ　日本国債先物逆連動指数","ワンイーティーエフニホンコクサイサキモノギャクレンドウシスウ","内国投資信託受益証券","6月20日","","E10677","アセットマネジメントＯｎｅ株式会社"
"G15988","","ウェルス・リアルティ・トークン　シックスセンシズ　京都（譲渡制限付）","ウェルス　リアルティ　トークン　シックスセンシズ　キョウト　ジョウトセイゲンツキ","内国信託受益証券・信託受益権","1月末日","7月末日","E30037","株式会社ＳＭＢＣ信託銀行"
"G15989","","三井住友ＤＳ・円短期マネーファンド","ミツイスミトモディーエスエンタンキマネーファンド","内国投資信託受益証券","10月12日","","E08957","三井住友ＤＳアセットマネジメント株式会社"
"G15990","","オーイー・キャナル・アンブレラ・トラスト－Ｏｎｅ／アレス・スポーツ・メディア・アンド・エンターテインメント・オポチュニティーズ・ファンド","オーイーキャナルアンブレラトラストワンアレススポーツメディアアンドエンターテインメントオポチュニティーズファンド","外国投資信託受益証券","12月末日","","E40989","エマージング・アセット・マネジメント・リミテッド"
"G15991","","ステート・ストリートＤＣゴールド・オープン（為替ヘッジあり）","ステートストリートディーシーゴールドオープン　カワセヘッジアリ","内国投資信託受益証券","6月20日","","E12963","ステート・ストリート・グローバル・アドバイザーズ株式会社"
"G15992","","ステート・ストリートＤＣゴールド・オープン（為替ヘッジなし）","ステートストリートディーシーゴールドオープン　カワセヘッジナシ","内国投資信託受益証券","6月20日","","E12963","ステート・ストリート・グローバル・アドバイザーズ株式会社"
"G15993","","三井物産グループのデジタル証券～品川・オフィス＆ホテル～（譲渡制限付）","ミツイブッサングループノデジタルショウケンシナガワオフィスアンドホテルジョウトセイゲンツキ","内国信託受益証券・信託受益権","2月末日","8月末日","E40784","オルタナ信託株式会社"
"G15994","","ｉＦｒｅｅＰｌｕｓ　日経平均トレンドピック","アイフリープラスニッケイヘイキントレンドピック","内国投資信託受益証券","8月12日","","E06748","大和アセットマネジメント株式会社"
"G15995","","ニッポン国家成長戦略ファンド","ニッポンコッカセイチョウセンリャクファンド","内国投資信託受益証券","8月25日","","E12441","ＳＢＩ岡三アセットマネジメント株式会社"
"G15996","","日本成長戦略株式ファンド","ニホンセイチョウセンリャクカブシキファンド","内国投資信託受益証券","8月10日","","E12430","アモーヴァ・アセットマネジメント株式会社"
"G15997","","ＵＢＳユニバーサル・トラスト（ケイマン）Ⅲ－ＰＩМＣＯユーロ・インカム・ボンド・ファンド","ユービーエスユニバーサルトラストケイマンスリーピムコユーロインカムボンドファンド","外国投資信託受益証券","1月末日","","E41334","ＵＢＳマネジメント（ケイマン）リミテッド"
"G15999","","イーストスプリング・インド・インフラ株式ファンド（毎月決算・予想分配金提示型）","イーストスプリング　インド　インフラカブシキファンド　マイツキケッサン　ヨソウブンパイキンテイジガタ","内国投資信託受益証券","5月20日","11月20日","E12566","イーストスプリング・インベストメンツ株式会社"
"G16000","","イーストスプリング・インド消費関連ファンド（毎月決算・予想分配金提示型）","イーストスプリング　インドショウヒカンレンファンド　マイツキケッサン　ヨソウブンパイキンテイジガタ","内国投資信託受益証券","2月20日","8月20日","E12566","イーストスプリング・インベストメンツ株式会社"
"G16001","","ＳＢＩ‐Ｍａｎ　ＡＩインサイト日本株式ファンド","エスビーアイ　マン　エーアイ　インサイト　ニホンカブシキ　ファンド","内国投資信託受益証券","8月27日","","E13447","ＳＢＩアセットマネジメント株式会社"
"G16002","","グローバル・プロスペクティブ・ファンド（予想分配金提示型）","グローバル　プロスペクティブ　ファンド　ヨソウブンパイキンテイジガタ","内国投資信託受益証券","5月20日","11月20日","E12430","アモーヴァ・アセットマネジメント株式会社"
"G16003","","全共連第５回劣後ローン流動化株式会社","ゼンキョウレンダイゴカイレツゴローンリュウドウカカブシキガイシャ","内国資産流動化証券","6月末日","","E42077","全共連第５回劣後ローン流動化株式会社"
"G16004","","ニッセイ・円建てグローバル社債／バランスファンド２０２６－０９","ニッセイエンダテグローバルシャサイバランスファンドニゼロニロクゼロキュウ","内国投資信託受益証券","9月25日","","E12453","ニッセイアセットマネジメント株式会社"
"G16006","","フランクリン・テンプルトン・韓国株式インデックス・ファンド","フランクリン　テンプルトン　カンコクカブシキインデックス　ファンド","内国投資信託受益証券","9月15日","","E12425","フランクリン・テンプルトン・ジャパン株式会社"
"G16011","","ノムラ・エマージング・オープン　Ａコース（野村ＳＭＡ・ＥＷ向け）、ノムラ・エマージング・オープン　Ｂコース（野村ＳＭＡ・ＥＷ向け）","ノムラエマージングオープンエーコースノムラエスエムエーイーダブリュームケ　ノムラエマージングオープンビーコースノムラエスエムエーイーダブリュームケ","内国投資信託受益証券","12月6日","","E12460","野村アセットマネジメント株式会社"
"G16012","","野村ＣＩＯ日本株セレクト（野村ＳＭＡ・ＥＷ向け）","ノムラシーアイオーニホンカブセレクトノムラエスエムエーイーダブリュームケ","内国投資信託受益証券","12月6日","","E12460","野村アセットマネジメント株式会社"
